 
===== INICIO 30/06/2026 15:39:28,42 ===== 
(node:8868) Warning: SECURITY WARNING: The SSL modes 'prefer', 'require', and 'verify-ca' are treated as aliases for 'verify-full'.
In the next major version (pg-connection-string v3.0.0 and pg v9.0.0), these modes will adopt standard libpq semantics, which have weaker security guarantees.

To prepare for this change:
- If you want the current behavior, explicitly use 'sslmode=verify-full'
- If you want libpq compatibility now, use 'uselibpqcompat=true&sslmode=require'

See https://www.postgresql.org/docs/current/libpq-ssl.html for libpq SSL mode definitions.
(Use `node --trace-warnings ...` to show where the warning was created)
[ORQ 18:39:41] MODO=plan | ano fechado=2025 | corrente=2026
[ORQ 18:39:42]   ok       financas       max_ano=2025
[ORQ 18:39:43]   ok       metas          max_ano=2025
[ORQ 18:39:43]   ok       desp_subfuncao max_ano=2025
[ORQ 18:39:44]   ok       receitas_det   max_ano=2025
[ORQ 18:39:45]   ok       rreo_const     max_ano=2025
[ORQ 18:39:46]   ok       rgf            max_ano=2025
[ORQ 18:39:47]   ok       rpps           max_ano=2025
[ORQ 18:39:48]   ok       rpps_atuarial  max_ano=0
[ORQ 18:39:50]   ok       rpps_crp       max_ano=0
[ORQ 18:39:51]   ok       cadprev_full   max_ano=0
[ORQ 18:39:53]   ok       crp_alertas    max_ano=0
[ORQ 18:39:53]   ok       siops          max_ano=2025
[ORQ 18:39:54]   ok       compras        max_ano=2026
[ORQ 18:39:55]   ok       contratos      max_ano=2026
[ORQ 18:39:57]   ok       pca            max_ano=0
[ORQ 18:39:57]   ok       processos      max_ano=2025
[ORQ 18:39:58]   ok       itens          max_ano=2025
[ORQ 18:39:59]   ok       catalogo_govbr max_ano=0
[ORQ 18:40:01]   ok       classificacao_itens max_ano=0
[ORQ 18:40:01]   ok       indicadores    max_ano=2024
[ORQ 18:40:02]   ok       geo_entes      max_ano=2025
[ORQ 18:40:04]   ok       transferencias max_ano=0
[ORQ 18:40:04]   ok       cnes           max_ano=2026
[ORQ 18:40:05]   ok       sih            max_ano=2025
[ORQ 18:40:05]   ok       sia            max_ano=2025
[ORQ 18:40:07]   ok       previne        max_ano=0
[ORQ 18:40:08]   ok       indigena       max_ano=0
[ORQ 18:40:09]   ok       fns            max_ano=2026
[ORQ 18:40:10]   ok       cnpj_loc       max_ano=0
[ORQ 18:40:12]   ok       empenhos       max_ano=0
[ORQ 18:40:13]   ok       atas           max_ano=0
[ORQ 18:40:15]   ok       nf             max_ano=0
[ORQ 18:40:15]   ok       iegm           max_ano=2025
[ORQ 18:40:17]   ok       cauc           max_ano=0
[ORQ 18:40:17]   ok       ideb           max_ano=2025
[ORQ 18:40:18]   ok       censo          max_ano=2025
[ORQ 18:40:18]   ok       programas_transferegov max_ano=2025
[ORQ 18:40:19]   RODA     programas_agil max_ano=2025
[ORQ 18:40:19]   ok       fnde_simad     max_ano=2025
[ORQ 18:40:20]   ok       escolas        max_ano=2025
[ORQ 18:40:20]   ok       cnes_estab     max_ano=2025
[ORQ 18:40:21]   ok       precos_referencia max_ano=2025
[ORQ 18:40:22]   ok       sazonalidade_preco max_ano=2025
[ORQ 18:40:22]   ok       emendas        max_ano=2025
[ORQ 18:40:23]   ok       emendas_exec   max_ano=2026
[ORQ 18:40:23]   ok       programa_beneficiario max_ano=2025
[ORQ 18:40:24]   ok       programas_federais max_ano=2025
[ORQ 18:40:24]   ok       suas           max_ano=2025
[ORQ 18:40:25]   ok       assistencia_social max_ano=2025
[ORQ 18:40:27]   ok       equipamentos_suas max_ano=0
[ORQ 18:40:28]   ok       equipamentos_endereco max_ano=0
[ORQ 18:40:30]   ok       equipamentos_geo max_ano=0
[ORQ 18:40:32]   RODA     equipamentos_cep max_ano=0
[ORQ 18:40:33]   ok       equipamentos_justica max_ano=0
[ORQ 18:40:34]   ok       precatorios    max_ano=2025
[ORQ 18:40:35]   ok       saneamento     max_ano=2025
[ORQ 18:40:35]   ok       snis           max_ano=2025
[ORQ 18:40:36]   ok       transferencias_stn max_ano=2025
[ORQ 18:40:37]   ok       sancoes        max_ano=2025
[ORQ 18:40:38]   ok       munic          max_ano=2025
[ORQ 18:40:39]   ok       acompanhamento max_ano=2025
[ORQ 18:40:39]   ok       acompanhamento_funcao max_ano=2025
[ORQ 18:40:40]   ok       msc_despesa    max_ano=2025
[ORQ 18:40:41]   ok       precos_compras max_ano=2025
[ORQ 18:40:41]   ok       variacao_interna max_ano=2025
[ORQ 18:40:42]   ok       red_flags      max_ano=2025
[ORQ 18:40:43]   ok       mcmv           max_ano=2025
[ORQ 18:40:43]   RODA     cmed           max_ano=2025
[ORQ 18:40:44]   RODA     sobrepreco_med max_ano=2025
[ORQ 18:40:45]   ok       convenios      max_ano=2025
[ORQ 18:40:45] → 4 fonte(s) a coletar: programas_agil, equipamentos_cep, cmed, sobrepreco_med
[ORQ 18:40:45] MODO=plan — nada executado. Use MODO=run (ou =solicitados) para coletar.
===== FIM 30/06/2026 15:40:45,18 ===== 
 
===== INICIO 30/06/2026 15:43:40,55 (MODO=run) ===== 
(node:12072) Warning: SECURITY WARNING: The SSL modes 'prefer', 'require', and 'verify-ca' are treated as aliases for 'verify-full'.
In the next major version (pg-connection-string v3.0.0 and pg v9.0.0), these modes will adopt standard libpq semantics, which have weaker security guarantees.

To prepare for this change:
- If you want the current behavior, explicitly use 'sslmode=verify-full'
- If you want libpq compatibility now, use 'uselibpqcompat=true&sslmode=require'

See https://www.postgresql.org/docs/current/libpq-ssl.html for libpq SSL mode definitions.
(Use `node --trace-warnings ...` to show where the warning was created)
[ORQ 18:43:54] MODO=run | ano fechado=2025 | corrente=2026
[ORQ 18:43:54]   ok       financas       max_ano=2025
[ORQ 18:43:55]   ok       metas          max_ano=2025
[ORQ 18:43:56]   ok       desp_subfuncao max_ano=2025
[ORQ 18:43:56]   ok       receitas_det   max_ano=2025
[ORQ 18:43:57]   ok       rreo_const     max_ano=2025
[ORQ 18:43:58]   ok       rgf            max_ano=2025
[ORQ 18:43:58]   ok       rpps           max_ano=2025
[ORQ 18:44:00]   ok       rpps_atuarial  max_ano=0
[ORQ 18:44:01]   ok       rpps_crp       max_ano=0
[ORQ 18:44:03]   ok       cadprev_full   max_ano=0
[ORQ 18:44:04]   ok       crp_alertas    max_ano=0
[ORQ 18:44:05]   ok       siops          max_ano=2025
[ORQ 18:44:06]   ok       compras        max_ano=2026
[ORQ 18:44:06]   ok       contratos      max_ano=2026
[ORQ 18:44:08]   ok       pca            max_ano=0
[ORQ 18:44:08]   ok       processos      max_ano=2025
[ORQ 18:44:09]   ok       itens          max_ano=2025
[ORQ 18:44:10]   ok       catalogo_govbr max_ano=0
[ORQ 18:44:12]   ok       classificacao_itens max_ano=0
[ORQ 18:44:12]   ok       indicadores    max_ano=2024
[ORQ 18:44:13]   ok       geo_entes      max_ano=2025
[ORQ 18:44:14]   ok       transferencias max_ano=0
[ORQ 18:44:15]   ok       cnes           max_ano=2026
[ORQ 18:44:15]   ok       sih            max_ano=2025
[ORQ 18:44:16]   ok       sia            max_ano=2025
[ORQ 18:44:17]   ok       previne        max_ano=0
[ORQ 18:44:19]   ok       indigena       max_ano=0
[ORQ 18:44:19]   ok       fns            max_ano=2026
[ORQ 18:44:21]   ok       cnpj_loc       max_ano=0
[ORQ 18:44:23]   ok       empenhos       max_ano=0
[ORQ 18:44:25]   ok       atas           max_ano=0
[ORQ 18:44:26]   ok       nf             max_ano=0
[ORQ 18:44:27]   ok       iegm           max_ano=2025
[ORQ 18:44:28]   ok       cauc           max_ano=0
[ORQ 18:44:29]   ok       ideb           max_ano=2025
[ORQ 18:44:29]   ok       censo          max_ano=2025
[ORQ 18:44:30]   ok       programas_transferegov max_ano=2025
[ORQ 18:44:31]   RODA     programas_agil max_ano=2025
[ORQ 18:44:31]   ok       fnde_simad     max_ano=2025
[ORQ 18:44:32]   ok       escolas        max_ano=2025
[ORQ 18:44:32]   ok       cnes_estab     max_ano=2025
[ORQ 18:44:33]   ok       precos_referencia max_ano=2025
[ORQ 18:44:33]   ok       sazonalidade_preco max_ano=2025
[ORQ 18:44:34]   ok       emendas        max_ano=2025
[ORQ 18:44:34]   ok       emendas_exec   max_ano=2026
[ORQ 18:44:35]   ok       programa_beneficiario max_ano=2025
[ORQ 18:44:35]   ok       programas_federais max_ano=2025
[ORQ 18:44:36]   ok       suas           max_ano=2025
[ORQ 18:44:36]   ok       assistencia_social max_ano=2025
[ORQ 18:44:38]   ok       equipamentos_suas max_ano=0
[ORQ 18:44:39]   ok       equipamentos_endereco max_ano=0
[ORQ 18:44:41]   ok       equipamentos_geo max_ano=0
[ORQ 18:44:43]   RODA     equipamentos_cep max_ano=0
[ORQ 18:44:44]   ok       equipamentos_justica max_ano=0
[ORQ 18:44:45]   ok       precatorios    max_ano=2025
[ORQ 18:44:46]   ok       saneamento     max_ano=2025
[ORQ 18:44:46]   ok       snis           max_ano=2025
[ORQ 18:44:47]   ok       transferencias_stn max_ano=2025
[ORQ 18:44:48]   ok       sancoes        max_ano=2025
[ORQ 18:44:49]   ok       munic          max_ano=2025
[ORQ 18:44:49]   ok       acompanhamento max_ano=2025
[ORQ 18:44:50]   ok       acompanhamento_funcao max_ano=2025
[ORQ 18:44:50]   ok       msc_despesa    max_ano=2025
[ORQ 18:44:51]   ok       precos_compras max_ano=2025
[ORQ 18:44:52]   ok       variacao_interna max_ano=2025
[ORQ 18:44:52]   ok       red_flags      max_ano=2025
[ORQ 18:44:53]   ok       mcmv           max_ano=2025
[ORQ 18:44:54]   RODA     cmed           max_ano=2025
[ORQ 18:44:55]   RODA     sobrepreco_med max_ano=2025
[ORQ 18:44:55]   ok       convenios      max_ano=2025
[ORQ 18:44:55] → 4 fonte(s) a coletar: programas_agil, equipamentos_cep, cmed, sobrepreco_med
[ORQ 18:44:55] ▶ programas_agil (tentativa 1/5)
[ORQ 18:44:55] ▶ equipamentos_cep (tentativa 1/5)
[ORQ 18:44:55] ▶ cmed (tentativa 1/5)
[ORQ 18:44:55] ▶ sobrepreco_med (tentativa 1/5)
[ORQ 18:44:59] ✔ equipamentos_cep: ok
[ORQ 18:45:30] ✔ programas_agil: ok
[ORQ 18:46:07] ✔ cmed: ok
[ORQ 18:48:03] ✔ sobrepreco_med: ok
[ORQ 18:48:03] validando integridade…
[ORQ 18:48:08] regenerando documentação…
[ORQ 18:49:06] ciclo concluído.
===== FIM 30/06/2026 15:49:06,24 ===== 
 
===== INICIO 01/07/2026  2:00:01,63 (MODO=run) ===== 
(node:16244) Warning: SECURITY WARNING: The SSL modes 'prefer', 'require', and 'verify-ca' are treated as aliases for 'verify-full'.
In the next major version (pg-connection-string v3.0.0 and pg v9.0.0), these modes will adopt standard libpq semantics, which have weaker security guarantees.

To prepare for this change:
- If you want the current behavior, explicitly use 'sslmode=verify-full'
- If you want libpq compatibility now, use 'uselibpqcompat=true&sslmode=require'

See https://www.postgresql.org/docs/current/libpq-ssl.html for libpq SSL mode definitions.
(Use `node --trace-warnings ...` to show where the warning was created)
[ORQ 05:00:15] MODO=run | ano fechado=2025 | corrente=2026
[ORQ 05:00:16]   ok       financas       max_ano=2025
[ORQ 05:00:16]   ok       metas          max_ano=2025
[ORQ 05:00:17]   ok       desp_subfuncao max_ano=2025
[ORQ 05:00:18]   ok       receitas_det   max_ano=2025
[ORQ 05:00:18]   ok       rreo_const     max_ano=2025
[ORQ 05:00:19]   ok       rgf            max_ano=2025
[ORQ 05:00:20]   ok       rpps           max_ano=2025
[ORQ 05:00:21]   ok       rpps_atuarial  max_ano=0
[ORQ 05:00:22]   ok       rpps_crp       max_ano=0
[ORQ 05:00:24]   ok       cadprev_full   max_ano=0
[ORQ 05:00:25]   ok       crp_alertas    max_ano=0
[ORQ 05:00:26]   ok       siops          max_ano=2025
[ORQ 05:00:27]   ok       compras        max_ano=2026
[ORQ 05:00:27]   ok       contratos      max_ano=2026
[ORQ 05:00:28]   ok       pca            max_ano=0
[ORQ 05:00:29]   ok       processos      max_ano=2025
[ORQ 05:00:29]   ok       itens          max_ano=2025
[ORQ 05:00:31]   ok       catalogo_govbr max_ano=0
[ORQ 05:00:32]   ok       classificacao_itens max_ano=0
[ORQ 05:00:33]   ok       indicadores    max_ano=2024
[ORQ 05:00:34]   ok       geo_entes      max_ano=2025
[ORQ 05:00:35]   ok       transferencias max_ano=0
[ORQ 05:00:36]   ok       cnes           max_ano=2026
[ORQ 05:00:36]   ok       sih            max_ano=2025
[ORQ 05:00:37]   ok       sia            max_ano=2025
[ORQ 05:00:38]   ok       previne        max_ano=0
[ORQ 05:00:40]   ok       indigena       max_ano=0
[ORQ 05:00:40]   ok       fns            max_ano=2026
[ORQ 05:00:42]   ok       cnpj_loc       max_ano=0
[ORQ 05:00:43]   ok       empenhos       max_ano=0
[ORQ 05:00:44]   ok       atas           max_ano=0
[ORQ 05:00:46]   ok       nf             max_ano=0
[ORQ 05:00:47]   ok       iegm           max_ano=2025
[ORQ 05:00:48]   ok       cauc           max_ano=0
[ORQ 05:00:48]   ok       ideb           max_ano=2025
[ORQ 05:00:49]   ok       censo          max_ano=2025
[ORQ 05:00:49]   ok       programas_transferegov max_ano=2025
[ORQ 05:00:50]   ok       programas_agil max_ano=2025
[ORQ 05:00:51]   ok       fnde_simad     max_ano=2025
[ORQ 05:00:51]   ok       escolas        max_ano=2025
[ORQ 05:00:52]   ok       cnes_estab     max_ano=2025
[ORQ 05:00:52]   ok       precos_referencia max_ano=2025
[ORQ 05:00:53]   ok       sazonalidade_preco max_ano=2025
[ORQ 05:00:53]   ok       emendas        max_ano=2025
[ORQ 05:00:54]   ok       emendas_exec   max_ano=2026
[ORQ 05:00:55]   ok       programa_beneficiario max_ano=2025
[ORQ 05:00:55]   ok       programas_federais max_ano=2025
[ORQ 05:00:56]   ok       suas           max_ano=2025
[ORQ 05:00:56]   ok       assistencia_social max_ano=2025
[ORQ 05:00:58]   ok       equipamentos_suas max_ano=0
[ORQ 05:00:59]   ok       equipamentos_endereco max_ano=0
[ORQ 05:01:01]   ok       equipamentos_geo max_ano=0
[ORQ 05:01:03]   RODA     equipamentos_cep max_ano=0
[ORQ 05:01:04]   ok       equipamentos_justica max_ano=0
[ORQ 05:01:05]   ok       precatorios    max_ano=2025
[ORQ 05:01:05]   ok       saneamento     max_ano=2025
[ORQ 05:01:06]   RODA     agropecuaria   max_ano=2025
[ORQ 05:01:07]   RODA     caf            max_ano=2025
[ORQ 05:01:07]   RODA     car            max_ano=2025
[ORQ 05:01:08]   RODA     pronaf         max_ano=2025
[ORQ 05:01:09]   ok       snis           max_ano=2025
[ORQ 05:01:09]   ok       transferencias_stn max_ano=2025
[ORQ 05:01:10]   ok       sancoes        max_ano=2025
[ORQ 05:01:11]   ok       munic          max_ano=2025
[ORQ 05:01:11]   ok       acompanhamento max_ano=2025
[ORQ 05:01:12]   ok       acompanhamento_funcao max_ano=2025
[ORQ 05:01:12]   ok       msc_despesa    max_ano=2025
[ORQ 05:01:13]   ok       precos_compras max_ano=2025
[ORQ 05:01:14]   ok       variacao_interna max_ano=2025
[ORQ 05:01:14]   ok       red_flags      max_ano=2025
[ORQ 05:01:15]   ok       mcmv           max_ano=2025
[ORQ 05:01:16]   ok       cmed           max_ano=2025
[ORQ 05:01:16]   ok       sobrepreco_med max_ano=2025
[ORQ 05:01:17]   ok       convenios      max_ano=2025
[ORQ 05:01:17] → 5 fonte(s) a coletar: equipamentos_cep, agropecuaria, caf, car, pronaf
[ORQ 05:01:17] ▶ equipamentos_cep (tentativa 1/5)
[ORQ 05:01:17] ▶ agropecuaria (tentativa 1/5)
[ORQ 05:01:17] ▶ caf (tentativa 1/5)
[ORQ 05:01:17] ▶ car (tentativa 1/5)
[ORQ 05:01:17] ▶ pronaf (tentativa 1/5)
[ORQ 05:01:20] ✔ equipamentos_cep: ok
[ORQ 05:02:13] ✔ caf: ok
[ORQ 05:02:18] ✔ agropecuaria: ok
[ORQ 05:03:18] ✔ car: ok
[ORQ 05:19:42] ✔ pronaf: ok
[ORQ 05:19:42] validando integridade…
[ORQ 05:19:47] validando separação Estado×município…
[ORQ 05:19:51] regenerando documentação…
[ORQ 05:20:48] ciclo concluído.
===== FIM 01/07/2026  2:20:48,81 ===== 
 
===== INICIO 02/07/2026  2:00:01,69 (MODO=run) ===== 
(node:21228) Warning: SECURITY WARNING: The SSL modes 'prefer', 'require', and 'verify-ca' are treated as aliases for 'verify-full'.
In the next major version (pg-connection-string v3.0.0 and pg v9.0.0), these modes will adopt standard libpq semantics, which have weaker security guarantees.

To prepare for this change:
- If you want the current behavior, explicitly use 'sslmode=verify-full'
- If you want libpq compatibility now, use 'uselibpqcompat=true&sslmode=require'

See https://www.postgresql.org/docs/current/libpq-ssl.html for libpq SSL mode definitions.
(Use `node --trace-warnings ...` to show where the warning was created)
[ORQ 05:00:16] MODO=run | ano fechado=2025 | corrente=2026
[ORQ 05:00:16]   ok       financas       max_ano=2025
[ORQ 05:00:17]   ok       metas          max_ano=2025
[ORQ 05:00:18]   ok       desp_subfuncao max_ano=2025
[ORQ 05:00:19]   ok       receitas_det   max_ano=2025
[ORQ 05:00:19]   ok       rreo_const     max_ano=2025
[ORQ 05:00:20]   ok       rgf            max_ano=2025
[ORQ 05:00:21]   ok       rpps           max_ano=2025
[ORQ 05:00:22]   ok       rpps_atuarial  max_ano=0
[ORQ 05:00:24]   ok       rpps_crp       max_ano=0
[ORQ 05:00:25]   ok       cadprev_full   max_ano=0
[ORQ 05:00:27]   ok       crp_alertas    max_ano=0
[ORQ 05:00:28]   ok       siops          max_ano=2025
[ORQ 05:00:28]   ok       compras        max_ano=2026
[ORQ 05:00:29]   ok       contratos      max_ano=2026
[ORQ 05:00:30]   ok       pca            max_ano=0
[ORQ 05:00:31]   ok       processos      max_ano=2025
[ORQ 05:00:32]   ok       itens          max_ano=2025
[ORQ 05:00:33]   ok       catalogo_govbr max_ano=0
[ORQ 05:00:35]   ok       classificacao_itens max_ano=0
[ORQ 05:00:35]   ok       indicadores    max_ano=2024
[ORQ 05:00:36]   ok       geo_entes      max_ano=2025
[ORQ 05:00:38]   ok       transferencias max_ano=0
[ORQ 05:00:38]   ok       cnes           max_ano=2026
[ORQ 05:00:39]   ok       sih            max_ano=2025
[ORQ 05:00:39]   ok       sia            max_ano=2025
[ORQ 05:00:41]   ok       previne        max_ano=0
[ORQ 05:00:42]   ok       indigena       max_ano=0
[ORQ 05:00:43]   ok       fns            max_ano=2026
[ORQ 05:00:45]   ok       cnpj_loc       max_ano=0
[ORQ 05:00:46]   ok       empenhos       max_ano=0
[ORQ 05:00:48]   ok       atas           max_ano=0
[ORQ 05:00:49]   ok       nf             max_ano=0
[ORQ 05:00:50]   ok       iegm           max_ano=2025
[ORQ 05:00:51]   ok       cauc           max_ano=0
[ORQ 05:00:52]   ok       ideb           max_ano=2025
[ORQ 05:00:52]   ok       censo          max_ano=2025
[ORQ 05:00:53]   ok       programas_transferegov max_ano=2025
[ORQ 05:00:54]   ok       programas_agil max_ano=2025
[ORQ 05:00:54]   ok       fnde_simad     max_ano=2025
[ORQ 05:00:55]   ok       escolas        max_ano=2025
[ORQ 05:00:55]   ok       cnes_estab     max_ano=2025
[ORQ 05:00:56]   ok       precos_referencia max_ano=2025
[ORQ 05:00:56]   ok       sazonalidade_preco max_ano=2025
[ORQ 05:00:57]   ok       emendas        max_ano=2025
[ORQ 05:00:57]   ok       emendas_exec   max_ano=2026
[ORQ 05:00:58]   ok       programa_beneficiario max_ano=2025
[ORQ 05:00:58]   ok       programas_federais max_ano=2025
[ORQ 05:00:59]   ok       suas           max_ano=2025
[ORQ 05:00:59]   ok       assistencia_social max_ano=2025
[ORQ 05:01:01]   ok       equipamentos_suas max_ano=0
[ORQ 05:01:03]   ok       equipamentos_endereco max_ano=0
[ORQ 05:01:04]   ok       equipamentos_geo max_ano=0
[ORQ 05:01:06]   RODA     equipamentos_cep max_ano=0
[ORQ 05:01:08]   ok       equipamentos_justica max_ano=0
[ORQ 05:01:09]   ok       precatorios    max_ano=2025
[ORQ 05:01:09]   ok       saneamento     max_ano=2025
[ORQ 05:01:10]   ok       agropecuaria   max_ano=2025
[ORQ 05:01:11]   ok       caf            max_ano=2025
[ORQ 05:01:11]   ok       car            max_ano=2025
[ORQ 05:01:12]   RODA     pronaf         max_ano=2025
[ORQ 05:01:13]   RODA     bancada        max_ano=2025
[ORQ 05:01:14]   ok       snis           max_ano=2025
[ORQ 05:01:14]   ok       transferencias_stn max_ano=2025
[ORQ 05:01:15]   ok       sancoes        max_ano=2025
[ORQ 05:01:16]   ok       munic          max_ano=2025
[ORQ 05:01:16]   ok       acompanhamento max_ano=2025
[ORQ 05:01:17]   ok       acompanhamento_funcao max_ano=2025
[ORQ 05:01:18]   ok       msc_despesa    max_ano=2025
[ORQ 05:01:18]   ok       precos_compras max_ano=2025
[ORQ 05:01:19]   ok       variacao_interna max_ano=2025
[ORQ 05:01:20]   ok       red_flags      max_ano=2025
[ORQ 05:01:21]   ok       mcmv           max_ano=2025
[ORQ 05:01:21]   ok       cmed           max_ano=2025
[ORQ 05:01:22]   ok       sobrepreco_med max_ano=2025
[ORQ 05:01:22]   ok       convenios      max_ano=2025
[ORQ 05:01:22] → 3 fonte(s) a coletar: equipamentos_cep, pronaf, bancada
[ORQ 05:01:22] ▶ equipamentos_cep (tentativa 1/5)
[ORQ 05:01:22] ▶ pronaf (tentativa 1/5)
[ORQ 05:01:22] ▶ bancada (tentativa 1/5)
[ORQ 05:01:25] ✔ equipamentos_cep: ok
[ORQ 05:01:46] ✔ bancada: ok
[ORQ 05:19:53] ✔ pronaf: ok
[ORQ 05:19:53] validando integridade…
[ORQ 05:19:58] validando separação Estado×município…
[ORQ 05:20:03] regenerando documentação…
[ORQ 05:21:07] ciclo concluído.
===== FIM 02/07/2026  2:21:07,27 ===== 
 
===== INICIO 02/07/2026 22:30:00,48 (MODO=run) ===== 
(node:22076) Warning: SECURITY WARNING: The SSL modes 'prefer', 'require', and 'verify-ca' are treated as aliases for 'verify-full'.
In the next major version (pg-connection-string v3.0.0 and pg v9.0.0), these modes will adopt standard libpq semantics, which have weaker security guarantees.

To prepare for this change:
- If you want the current behavior, explicitly use 'sslmode=verify-full'
- If you want libpq compatibility now, use 'uselibpqcompat=true&sslmode=require'

See https://www.postgresql.org/docs/current/libpq-ssl.html for libpq SSL mode definitions.
(Use `node --trace-warnings ...` to show where the warning was created)
[ORQ 01:30:15] MODO=run | ano fechado=2025 | corrente=2026
[ORQ 01:30:15]   ok       financas       max_ano=2025
[ORQ 01:30:16]   ok       metas          max_ano=2025
[ORQ 01:30:17]   ok       desp_subfuncao max_ano=2025
[ORQ 01:30:17]   ok       receitas_det   max_ano=2025
[ORQ 01:30:18]   ok       rreo_const     max_ano=2025
[ORQ 01:30:19]   ok       rgf            max_ano=2025
[ORQ 01:30:19]   ok       rpps           max_ano=2025
[ORQ 01:30:21]   ok       rpps_atuarial  max_ano=0
[ORQ 01:30:22]   RODA     pdde           max_ano=2024
[ORQ 01:30:23]   ok       rpps_crp       max_ano=0
[ORQ 01:30:25]   ok       cadprev_full   max_ano=0
[ORQ 01:30:26]   ok       crp_alertas    max_ano=0
[ORQ 01:30:27]   ok       siops          max_ano=2025
[ORQ 01:30:27]   ok       compras        max_ano=2026
[ORQ 01:30:28]   ok       contratos      max_ano=2026
[ORQ 01:30:30]   ok       pca            max_ano=0
[ORQ 01:30:30]   ok       processos      max_ano=2025
[ORQ 01:30:31]   ok       itens          max_ano=2025
[ORQ 01:30:32]   ok       catalogo_govbr max_ano=0
[ORQ 01:30:34]   ok       classificacao_itens max_ano=0
[ORQ 01:30:34]   ok       indicadores    max_ano=2024
[ORQ 01:30:35]   ok       geo_entes      max_ano=2025
[ORQ 01:30:37]   ok       transferencias max_ano=0
[ORQ 01:30:37]   ok       cnes           max_ano=2026
[ORQ 01:30:38]   ok       sih            max_ano=2025
[ORQ 01:30:38]   ok       sia            max_ano=2025
[ORQ 01:30:40]   ok       previne        max_ano=0
[ORQ 01:30:41]   ok       indigena       max_ano=0
[ORQ 01:30:42]   ok       fns            max_ano=2026
[ORQ 01:30:43]   ok       cnpj_loc       max_ano=0
[ORQ 01:30:45]   ok       empenhos       max_ano=0
[ORQ 01:30:46]   ok       atas           max_ano=0
[ORQ 01:30:48]   ok       nf             max_ano=0
[ORQ 01:30:49]   ok       iegm           max_ano=2025
[ORQ 01:30:50]   ok       cauc           max_ano=0
[ORQ 01:30:51]   ok       ideb           max_ano=2025
[ORQ 01:30:51]   ok       censo          max_ano=2025
[ORQ 01:30:52]   ok       programas_transferegov max_ano=2025
[ORQ 01:30:53]   ok       programas_agil max_ano=2025
[ORQ 01:30:53]   ok       fnde_simad     max_ano=2025
[ORQ 01:30:54]   ok       escolas        max_ano=2025
[ORQ 01:30:54]   ok       cnes_estab     max_ano=2025
[ORQ 01:30:55]   ok       precos_referencia max_ano=2025
[ORQ 01:30:55]   ok       sazonalidade_preco max_ano=2025
[ORQ 01:30:56]   ok       emendas        max_ano=2025
[ORQ 01:30:56]   ok       emendas_exec   max_ano=2026
[ORQ 01:30:57]   ok       siop_acoes     max_ano=2025
[ORQ 01:30:57]   ok       programa_beneficiario max_ano=2025
[ORQ 01:30:58]   ok       programas_federais max_ano=2025
[ORQ 01:30:58]   ok       suas           max_ano=2025
[ORQ 01:30:59]   ok       assistencia_social max_ano=2025
[ORQ 01:31:01]   ok       equipamentos_suas max_ano=0
[ORQ 01:31:02]   ok       equipamentos_endereco max_ano=0
[ORQ 01:31:04]   ok       equipamentos_geo max_ano=0
[ORQ 01:31:06]   RODA     equipamentos_cep max_ano=0
[ORQ 01:31:08]   ok       equipamentos_justica max_ano=0
[ORQ 01:31:08]   ok       precatorios    max_ano=2025
[ORQ 01:31:09]   ok       saneamento     max_ano=2025
[ORQ 01:31:10]   ok       agropecuaria   max_ano=2025
[ORQ 01:31:10]   ok       caf            max_ano=2025
[ORQ 01:31:11]   ok       car            max_ano=2025
[ORQ 01:31:12]   RODA     pronaf         max_ano=2025
[ORQ 01:31:13]   ok       bancada        max_ano=2025
[ORQ 01:31:13]   ok       snis           max_ano=2025
[ORQ 01:31:14]   ok       transferencias_stn max_ano=2025
[ORQ 01:31:15]   ok       sancoes        max_ano=2025
[ORQ 01:31:15]   ok       munic          max_ano=2025
[ORQ 01:31:16]   ok       acompanhamento max_ano=2025
[ORQ 01:31:17]   ok       acompanhamento_funcao max_ano=2025
[ORQ 01:31:17]   ok       msc_despesa    max_ano=2025
[ORQ 01:31:18]   ok       precos_compras max_ano=2025
[ORQ 01:31:19]   ok       variacao_interna max_ano=2025
[ORQ 01:31:19]   ok       red_flags      max_ano=2025
[ORQ 01:31:20]   ok       mcmv           max_ano=2025
[ORQ 01:31:21]   ok       cmed           max_ano=2025
[ORQ 01:31:22]   ok       sobrepreco_med max_ano=2025
[ORQ 01:31:22]   ok       convenios      max_ano=2025
[ORQ 01:31:22] → 3 fonte(s) a coletar: pdde, equipamentos_cep, pronaf
[ORQ 01:31:22] ▶ pdde (tentativa 1/5)
[ORQ 01:31:22] ▶ equipamentos_cep (tentativa 1/5)
[ORQ 01:31:22] ▶ pronaf (tentativa 1/5)
[ORQ 01:31:25] ✔ equipamentos_cep: ok
[ORQ 01:35:23] ✔ pdde: ok
[ORQ 01:49:46] ✔ pronaf: ok
[ORQ 01:49:46] validando integridade…
[ORQ 01:49:52] validando separação Estado×município…
[ORQ 01:49:56] varredura de frescor (série histórica + última competência)…
[ORQ 01:50:09] motor de notificações (delta — avisa o que mudou)…
[ORQ 01:50:12] carteiro de notificações (envia se houver SMTP; simula caso contrário)…
[ORQ 01:50:14] carteiro WhatsApp (envia se houver Cloud API; simula caso contrário)…
[ORQ 01:50:16] regenerando documentação…
[ORQ 01:51:26] ciclo concluído.
===== FIM 02/07/2026 22:51:26,28 ===== 
 
===== INICIO 03/07/2026 22:30:01,57 (MODO=run) ===== 
(node:19520) Warning: SECURITY WARNING: The SSL modes 'prefer', 'require', and 'verify-ca' are treated as aliases for 'verify-full'.
In the next major version (pg-connection-string v3.0.0 and pg v9.0.0), these modes will adopt standard libpq semantics, which have weaker security guarantees.

To prepare for this change:
- If you want the current behavior, explicitly use 'sslmode=verify-full'
- If you want libpq compatibility now, use 'uselibpqcompat=true&sslmode=require'

See https://www.postgresql.org/docs/current/libpq-ssl.html for libpq SSL mode definitions.
(Use `node --trace-warnings ...` to show where the warning was created)
[ORQ 01:30:18] MODO=run | ano fechado=2025 | corrente=2026
[ORQ 01:30:19]   ok       financas       max_ano=2025
[ORQ 01:30:19]   ok       metas          max_ano=2025
[ORQ 01:30:20]   ok       desp_subfuncao max_ano=2025
[ORQ 01:30:21]   ok       receitas_det   max_ano=2025
[ORQ 01:30:21]   ok       rreo_const     max_ano=2025
[ORQ 01:30:22]   ok       rgf            max_ano=2025
[ORQ 01:30:23]   ok       rpps           max_ano=2025
[ORQ 01:30:24]   ok       rpps_atuarial  max_ano=0
[ORQ 01:30:25]   ok       pdde           max_ano=2024
[ORQ 01:30:25]   RODA     pnld           max_ano=2025
[ORQ 01:30:27]   RODA     acesso_financeiro max_ano=0
[ORQ 01:30:28]   RODA     estban         max_ano=0
[ORQ 01:30:29]   RODA     bndes          max_ano=2026
[ORQ 01:30:30]   RODA     cfem           max_ano=2020
[ORQ 01:30:30]   RODA     queimadas      max_ano=2026
[ORQ 01:30:31]   RODA     anp            max_ano=2021
[ORQ 01:30:31]   RODA     bolsa_atleta   max_ano=2025
[ORQ 01:30:32]   RODA     estatisticas_vitais max_ano=2023
[ORQ 01:30:33]   RODA     censo_especial max_ano=2025
[ORQ 01:30:33]   RODA     fundeb_oficial max_ano=2026
[ORQ 01:30:34]   RODA     fundeb_parametros max_ano=2026
[ORQ 01:30:34]   RODA     indicadores_inep max_ano=2025
[ORQ 01:30:35]   RODA     indicadores_inep_escola max_ano=2025
[ORQ 01:30:36]   ok       rpps_crp       max_ano=0
[ORQ 01:30:38]   ok       cadprev_full   max_ano=0
[ORQ 01:30:39]   ok       crp_alertas    max_ano=0
[ORQ 01:30:40]   ok       siops          max_ano=2025
[ORQ 01:30:41]   ok       compras        max_ano=2026
[ORQ 01:30:41]   ok       contratos      max_ano=2026
[ORQ 01:30:43]   ok       pca            max_ano=0
[ORQ 01:30:43]   ok       processos      max_ano=2025
[ORQ 01:30:44]   ok       itens          max_ano=2025
[ORQ 01:30:45]   ok       catalogo_govbr max_ano=0
[ORQ 01:30:47]   ok       classificacao_itens max_ano=0
[ORQ 01:30:48]   ok       indicadores    max_ano=2024
[ORQ 01:30:48]   ok       geo_entes      max_ano=2025
[ORQ 01:30:50]   ok       transferencias max_ano=0
[ORQ 01:30:50]   ok       cnes           max_ano=2026
[ORQ 01:30:51]   ok       sih            max_ano=2025
[ORQ 01:30:51]   ok       sia            max_ano=2025
[ORQ 01:30:53]   ok       previne        max_ano=0
[ORQ 01:30:54]   ok       indigena       max_ano=0
[ORQ 01:30:55]   ok       fns            max_ano=2026
[ORQ 01:30:56]   ok       cnpj_loc       max_ano=0
[ORQ 01:30:58]   ok       empenhos       max_ano=0
[ORQ 01:30:59]   ok       atas           max_ano=0
[ORQ 01:31:01]   ok       nf             max_ano=0
[ORQ 01:31:02]   ok       iegm           max_ano=2025
[ORQ 01:31:03]   ok       cauc           max_ano=0
[ORQ 01:31:04]   ok       ideb           max_ano=2025
[ORQ 01:31:04]   ok       censo          max_ano=2025
[ORQ 01:31:05]   RODA     programas_transferegov max_ano=2025
[ORQ 01:31:05]   RODA     programas_agil max_ano=2025
[ORQ 01:31:06]   ok       fnde_simad     max_ano=2025
[ORQ 01:31:06]   ok       escolas        max_ano=2025
[ORQ 01:31:07]   ok       cnes_estab     max_ano=2025
[ORQ 01:31:07]   ok       precos_referencia max_ano=2025
[ORQ 01:31:08]   ok       sazonalidade_preco max_ano=2025
[ORQ 01:31:09]   ok       emendas        max_ano=2025
[ORQ 01:31:09]   ok       emendas_exec   max_ano=2026
[ORQ 01:31:10]   ok       siop_acoes     max_ano=2025
[ORQ 01:31:10]   ok       programa_beneficiario max_ano=2025
[ORQ 01:31:11]   ok       programas_federais max_ano=2025
[ORQ 01:31:11]   ok       suas           max_ano=2025
[ORQ 01:31:12]   ok       assistencia_social max_ano=2025
[ORQ 01:31:13]   ok       equipamentos_suas max_ano=0
[ORQ 01:31:15]   ok       equipamentos_endereco max_ano=0
[ORQ 01:31:17]   ok       equipamentos_geo max_ano=0
[ORQ 01:31:19]   RODA     equipamentos_cep max_ano=0
[ORQ 01:31:20]   ok       equipamentos_justica max_ano=0
[ORQ 01:31:21]   ok       precatorios    max_ano=2025
[ORQ 01:31:22]   ok       saneamento     max_ano=2025
[ORQ 01:31:22]   ok       agropecuaria   max_ano=2025
[ORQ 01:31:23]   ok       caf            max_ano=2025
[ORQ 01:31:24]   ok       car            max_ano=2025
[ORQ 01:31:24]   RODA     pronaf         max_ano=2025
[ORQ 01:31:25]   ok       bancada        max_ano=2025
[ORQ 01:31:26]   ok       snis           max_ano=2025
[ORQ 01:31:26]   ok       transferencias_stn max_ano=2025
[ORQ 01:31:27]   ok       sancoes        max_ano=2025
[ORQ 01:31:28]   ok       munic          max_ano=2025
[ORQ 01:31:29]   ok       acompanhamento max_ano=2025
[ORQ 01:31:29]   ok       acompanhamento_funcao max_ano=2025
[ORQ 01:31:30]   ok       msc_despesa    max_ano=2025
[ORQ 01:31:31]   ok       precos_compras max_ano=2025
[ORQ 01:31:31]   ok       variacao_interna max_ano=2025
[ORQ 01:31:32]   ok       red_flags      max_ano=2025
[ORQ 01:31:33]   ok       mcmv           max_ano=2025
[ORQ 01:31:33]   ok       cmed           max_ano=2025
[ORQ 01:31:34]   ok       sobrepreco_med max_ano=2025
[ORQ 01:31:35]   ok       convenios      max_ano=2025
[ORQ 01:31:35] → 18 fonte(s) a coletar: pnld, acesso_financeiro, estban, bndes, cfem, queimadas, anp, bolsa_atleta, estatisticas_vitais, censo_especial, fundeb_oficial, fundeb_parametros, indicadores_inep, indicadores_inep_escola, programas_transferegov, programas_agil, equipamentos_cep, pronaf
[ORQ 01:31:35] ▶ pnld (tentativa 1/5)
[ORQ 01:31:35] ▶ acesso_financeiro (tentativa 1/5)
[ORQ 01:31:35] ▶ bndes (tentativa 1/5)
[ORQ 01:31:35] ▶ cfem (tentativa 1/5)
[ORQ 01:31:35] ▶ queimadas (tentativa 1/5)
[ORQ 01:31:35] ▶ anp (tentativa 1/5)
[ORQ 01:31:35] ▶ bolsa_atleta (tentativa 1/5)
[ORQ 01:31:35] ▶ estatisticas_vitais (tentativa 1/5)
[ORQ 01:31:35] ▶ censo_especial (tentativa 1/5)
[ORQ 01:31:35] ▶ programas_transferegov (tentativa 1/5)
[ORQ 01:31:35] ▶ equipamentos_cep (tentativa 1/5)
[ORQ 01:31:37]   censo_especial: erro(1) — religando em 5s
[ORQ 01:31:38] ✔ equipamentos_cep: ok
[ORQ 01:31:42] ▶ censo_especial (tentativa 2/5)
[ORQ 01:31:46]   censo_especial: erro(1) — religando em 5s
[ORQ 01:31:51] ▶ censo_especial (tentativa 3/5)
[ORQ 01:31:55]   censo_especial: erro(1) — religando em 5s
[ORQ 01:32:00] ▶ censo_especial (tentativa 4/5)
[ORQ 01:32:03]   censo_especial: erro(1) — religando em 5s
[ORQ 01:32:04] ✔ bolsa_atleta: ok
[ORQ 01:32:08] ▶ censo_especial (tentativa 5/5)
[ORQ 01:32:08] ✔ pnld: ok
[ORQ 01:32:08] ▶ fundeb_oficial (tentativa 1/5)
[ORQ 01:32:11]   censo_especial: erro(1) — religando em 5s
[ORQ 01:32:17] ✔ censo_especial: erro(1)
[ORQ 01:32:17] ▶ indicadores_inep (tentativa 1/5)
[ORQ 01:34:45] ✔ fundeb_oficial: ok
[ORQ 01:34:45] ▶ fundeb_parametros (tentativa 1/5)
[ORQ 01:34:46] ✔ acesso_financeiro: ok
[ORQ 01:34:46] ▶ estban (tentativa 1/5)
[ORQ 01:35:21] ✔ estban: ok
[ORQ 01:35:21] ▶ pronaf (tentativa 1/5)
[ORQ 01:36:47] ✔ programas_transferegov: ok
[ORQ 01:36:47] ▶ programas_agil (tentativa 1/5)
[ORQ 01:37:22] ✔ programas_agil: ok
[ORQ 01:37:37] ✔ fundeb_parametros: ok
[ORQ 01:42:09] ✔ cfem: ok
[ORQ 01:43:28] ✔ indicadores_inep: ok
[ORQ 01:43:28] ▶ indicadores_inep_escola (tentativa 1/5)
[ORQ 01:44:44] ✔ anp: ok
[ORQ 01:45:23]   indicadores_inep_escola: erro(1) — religando em 5s
[ORQ 01:45:28] ▶ indicadores_inep_escola (tentativa 2/5)
[ORQ 01:47:19]   indicadores_inep_escola: erro(1) — religando em 5s
[ORQ 01:47:24] ▶ indicadores_inep_escola (tentativa 3/5)
[ORQ 01:49:23]   indicadores_inep_escola: erro(1) — religando em 5s
[ORQ 01:49:28] ▶ indicadores_inep_escola (tentativa 4/5)
[ORQ 01:50:57] ✔ estatisticas_vitais: ok
[ORQ 01:51:26]   indicadores_inep_escola: erro(1) — religando em 5s
[ORQ 01:51:31] ▶ indicadores_inep_escola (tentativa 5/5)
[ORQ 01:53:21]   indicadores_inep_escola: erro(1) — religando em 5s
[ORQ 01:53:26] ✔ indicadores_inep_escola: erro(1)
[ORQ 01:53:52] ✔ pronaf: ok
[ORQ 01:57:32] ✔ queimadas: ok
[ORQ 01:59:21] ✔ bndes: ok
[ORQ 01:59:21] validando integridade…
[ORQ 01:59:27] validando separação Estado×município…
[ORQ 01:59:31] varredura de frescor (série histórica + última competência)…
[ORQ 01:59:47] motor de notificações (delta — avisa o que mudou)…
[ORQ 01:59:51] carteiro de notificações (envia se houver SMTP; simula caso contrário)…
[ORQ 01:59:54] carteiro WhatsApp (envia se houver Cloud API; simula caso contrário)…
[ORQ 01:59:55] regenerando documentação…
[ORQ 02:01:11] ciclo concluído.
===== FIM 03/07/2026 23:01:11,91 ===== 
 
===== INICIO 04/07/2026 22:30:02,02 (MODO=run) ===== 
(node:24268) Warning: SECURITY WARNING: The SSL modes 'prefer', 'require', and 'verify-ca' are treated as aliases for 'verify-full'.
In the next major version (pg-connection-string v3.0.0 and pg v9.0.0), these modes will adopt standard libpq semantics, which have weaker security guarantees.

To prepare for this change:
- If you want the current behavior, explicitly use 'sslmode=verify-full'
- If you want libpq compatibility now, use 'uselibpqcompat=true&sslmode=require'

See https://www.postgresql.org/docs/current/libpq-ssl.html for libpq SSL mode definitions.
(Use `node --trace-warnings ...` to show where the warning was created)
[ORQ 01:30:23] MODO=run | ano fechado=2025 | corrente=2026
[ORQ 01:30:24]   ok       financas       max_ano=2025
[ORQ 01:30:24]   ok       metas          max_ano=2025
[ORQ 01:30:25]   ok       desp_subfuncao max_ano=2025
[ORQ 01:30:26]   ok       receitas_det   max_ano=2025
[ORQ 01:30:27]   ok       rreo_const     max_ano=2025
[ORQ 01:30:28]   ok       rgf            max_ano=2025
[ORQ 01:30:28]   ok       rpps           max_ano=2025
[ORQ 01:30:30]   ok       rpps_atuarial  max_ano=0
[ORQ 01:30:30]   ok       pdde           max_ano=2024
[ORQ 01:30:31]   ok       pnld           max_ano=2025
[ORQ 01:30:32]   ok       acesso_financeiro max_ano=0
[ORQ 01:30:34]   ok       estban         max_ano=0
[ORQ 01:30:35]   ok       bndes          max_ano=2026
[ORQ 01:30:35]   ok       cfem           max_ano=2022
[ORQ 01:30:36]   ok       queimadas      max_ano=2026
[ORQ 01:30:36]   ok       anp            max_ano=2021
[ORQ 01:30:37]   RODA     bolsa_atleta   max_ano=2025
[ORQ 01:30:38]   RODA     estatisticas_vitais max_ano=2023
[ORQ 01:30:38]   RODA     ans_cobertura  max_ano=2026
[ORQ 01:30:39]   RODA     caged          max_ano=2026
[ORQ 01:30:39]   RODA     rais           max_ano=2024
[ORQ 01:30:40]   RODA     prodes         max_ano=2024
[ORQ 01:30:41]   RODA     desastres      max_ano=0
[ORQ 01:30:42]   RODA     sinisa         max_ano=2024
[ORQ 01:30:42]   RODA     sinan_dengue   max_ano=2025
[ORQ 01:30:44]   RODA     aneel_gd       max_ano=0
[ORQ 01:30:45]   RODA     anatel_bl      max_ano=0
[ORQ 01:30:46]   RODA     senatran_frota max_ano=2025
[ORQ 01:30:46]   ok       pronaf         max_ano=2025
[ORQ 01:30:48]   RODA     ibama_autos    max_ano=0
[ORQ 01:30:49]   RODA     sinesp         max_ano=0
[ORQ 01:30:51]   RODA     incra_assentamentos max_ano=0
[ORQ 01:30:52]   RODA     icmbio_uc      max_ano=0
[ORQ 01:30:54]   RODA     ana_outorgas   max_ano=0
[ORQ 01:30:56]   RODA     ibge_producao  max_ano=0
[ORQ 01:30:56]   RODA     arboviroses    max_ano=2025
[ORQ 01:30:57]   RODA     datatran       max_ano=2025
[ORQ 01:30:57]   RODA     anp_vendas     max_ano=2024
[ORQ 01:30:59]   RODA     capag          max_ano=0
[ORQ 01:30:59]   RODA     rfb_arrecadacao max_ano=2025
[ORQ 01:31:00]   RODA     sim            max_ano=2024
[ORQ 01:31:01]   RODA     equipamentos_esporte max_ano=0
[ORQ 01:31:02]   ok       censo_especial max_ano=2025
[ORQ 01:31:02]   ok       fundeb_oficial max_ano=2026
[ORQ 01:31:03]   ok       fundeb_parametros max_ano=2026
[ORQ 01:31:03]   ok       indicadores_inep max_ano=2025
[ORQ 01:31:04]   ok       indicadores_inep_escola max_ano=2025
[ORQ 01:31:05]   ok       rpps_crp       max_ano=0
[ORQ 01:31:07]   ok       cadprev_full   max_ano=0
[ORQ 01:31:09]   RODA     crp_alertas    max_ano=0
[ORQ 01:31:09]   ok       siops          max_ano=2025
[ORQ 01:31:10]   ok       compras        max_ano=2026
[ORQ 01:31:10]   ok       contratos      max_ano=2027
[ORQ 01:31:12]   ok       pca            max_ano=0
[ORQ 01:31:12]   ok       processos      max_ano=2025
[ORQ 01:31:13]   ok       itens          max_ano=2025
[ORQ 01:31:14]   ok       catalogo_govbr max_ano=0
[ORQ 01:31:16]   ok       classificacao_itens max_ano=0
[ORQ 01:31:17]   ok       indicadores    max_ano=2024
[ORQ 01:31:17]   ok       geo_entes      max_ano=2025
[ORQ 01:31:19]   ok       transferencias max_ano=0
[ORQ 01:31:19]   ok       cnes           max_ano=2026
[ORQ 01:31:20]   ok       sih            max_ano=2025
[ORQ 01:31:20]   ok       sia            max_ano=2025
[ORQ 01:31:22]   ok       previne        max_ano=0
[ORQ 01:31:24]   ok       indigena       max_ano=0
[ORQ 01:31:24]   ok       fns            max_ano=2026
[ORQ 01:31:26]   ok       cnpj_loc       max_ano=0
[ORQ 01:31:27]   ok       empenhos       max_ano=0
[ORQ 01:31:29]   ok       atas           max_ano=0
[ORQ 01:31:30]   ok       nf             max_ano=0
[ORQ 01:31:31]   ok       iegm           max_ano=2025
[ORQ 01:31:32]   RODA     cauc           max_ano=0
[ORQ 01:31:33]   ok       ideb           max_ano=2025
[ORQ 01:31:33]   ok       censo          max_ano=2025
[ORQ 01:31:34]   RODA     programas_transferegov max_ano=2025
[ORQ 01:31:35]   RODA     programas_agil max_ano=2025
[ORQ 01:31:35]   ok       fnde_simad     max_ano=2025
[ORQ 01:31:36]   ok       escolas        max_ano=2025
[ORQ 01:31:36]   ok       cnes_estab     max_ano=2025
[ORQ 01:31:37]   ok       precos_referencia max_ano=2025
[ORQ 01:31:37]   ok       sazonalidade_preco max_ano=2025
[ORQ 01:31:38]   ok       emendas        max_ano=2025
[ORQ 01:31:38]   ok       emendas_exec   max_ano=2026
[ORQ 01:31:39]   ok       siop_acoes     max_ano=2025
[ORQ 01:31:39]   ok       programa_beneficiario max_ano=2025
[ORQ 01:31:40]   ok       programas_federais max_ano=2025
[ORQ 01:31:40]   ok       suas           max_ano=2025
[ORQ 01:31:41]   ok       assistencia_social max_ano=2025
[ORQ 01:31:43]   ok       equipamentos_suas max_ano=0
[ORQ 01:31:44]   ok       equipamentos_endereco max_ano=0
[ORQ 01:31:46]   ok       equipamentos_geo max_ano=0
[ORQ 01:31:48]   RODA     equipamentos_cep max_ano=0
[ORQ 01:31:49]   ok       equipamentos_justica max_ano=0
[ORQ 01:31:50]   ok       precatorios    max_ano=2025
[ORQ 01:31:51]   ok       saneamento     max_ano=2025
[ORQ 01:31:52]   ok       agropecuaria   max_ano=2025
[ORQ 01:31:52]   ok       caf            max_ano=2025
[ORQ 01:31:53]   ok       car            max_ano=2025
[ORQ 01:31:54]   ok       pronaf         max_ano=2025
[ORQ 01:31:54]   ok       bancada        max_ano=2025
[ORQ 01:31:55]   ok       snis           max_ano=2025
[ORQ 01:31:56]   ok       transferencias_stn max_ano=2025
[ORQ 01:31:56]   ok       sancoes        max_ano=2025
[ORQ 01:31:57]   ok       munic          max_ano=2025
[ORQ 01:31:58]   ok       acompanhamento max_ano=2025
[ORQ 01:31:59]   ok       acompanhamento_funcao max_ano=2025
[ORQ 01:31:59]   ok       msc_despesa    max_ano=2025
[ORQ 01:32:00]   ok       precos_compras max_ano=2025
[ORQ 01:32:01]   ok       variacao_interna max_ano=2025
[ORQ 01:32:01]   ok       red_flags      max_ano=2025
[ORQ 01:32:02]   ok       mcmv           max_ano=2025
[ORQ 01:32:03]   ok       cmed           max_ano=2025
[ORQ 01:32:03]   ok       sobrepreco_med max_ano=2025
[ORQ 01:32:04]   ok       convenios      max_ano=2025
[ORQ 01:32:04] → 30 fonte(s) a coletar: bolsa_atleta, estatisticas_vitais, ans_cobertura, caged, rais, prodes, desastres, sinisa, sinan_dengue, aneel_gd, anatel_bl, senatran_frota, ibama_autos, sinesp, incra_assentamentos, icmbio_uc, ana_outorgas, ibge_producao, arboviroses, datatran, anp_vendas, capag, rfb_arrecadacao, sim, equipamentos_esporte, crp_alertas, cauc, programas_transferegov, programas_agil, equipamentos_cep
[ORQ 01:32:04] ▶ bolsa_atleta (tentativa 1/5)
[ORQ 01:32:04] ▶ estatisticas_vitais (tentativa 1/5)
[ORQ 01:32:04] ▶ ans_cobertura (tentativa 1/5)
[ORQ 01:32:04] ▶ caged (tentativa 1/5)
[ORQ 01:32:04] ▶ prodes (tentativa 1/5)
[ORQ 01:32:04] ▶ desastres (tentativa 1/5)
[ORQ 01:32:04] ▶ sinisa (tentativa 1/5)
[ORQ 01:32:04] ▶ sinan_dengue (tentativa 1/5)
[ORQ 01:32:04] ▶ aneel_gd (tentativa 1/5)
[ORQ 01:32:04] ▶ anatel_bl (tentativa 1/5)
[ORQ 01:32:04] ▶ senatran_frota (tentativa 1/5)
[ORQ 01:32:04] ▶ ibama_autos (tentativa 1/5)
[ORQ 01:32:04] ▶ sinesp (tentativa 1/5)
[ORQ 01:32:04] ▶ incra_assentamentos (tentativa 1/5)
[ORQ 01:32:04] ▶ icmbio_uc (tentativa 1/5)
[ORQ 01:32:04] ▶ ana_outorgas (tentativa 1/5)
[ORQ 01:32:04] ▶ datatran (tentativa 1/5)
[ORQ 01:32:04] ▶ anp_vendas (tentativa 1/5)
[ORQ 01:32:04] ▶ capag (tentativa 1/5)
[ORQ 01:32:04] ▶ rfb_arrecadacao (tentativa 1/5)
[ORQ 01:32:04] ▶ sim (tentativa 1/5)
[ORQ 01:32:04] ▶ equipamentos_esporte (tentativa 1/5)
[ORQ 01:32:04] ▶ crp_alertas (tentativa 1/5)
[ORQ 01:32:04] ▶ programas_transferegov (tentativa 1/5)
[ORQ 01:32:04] ▶ equipamentos_cep (tentativa 1/5)
[ORQ 01:32:08] ✔ equipamentos_cep: ok
[ORQ 01:32:41] ✔ incra_assentamentos: ok
[ORQ 01:32:46] ✔ bolsa_atleta: ok
[ORQ 01:33:33]   sinisa: erro(1) — religando em 5s
[ORQ 01:33:38] ▶ sinisa (tentativa 2/5)
[ORQ 01:33:43] ✔ senatran_frota: ok
[ORQ 01:33:43]   sinisa: erro(1) — religando em 5s
[ORQ 01:33:48] ▶ sinisa (tentativa 3/5)
[ORQ 01:33:50] ✔ icmbio_uc: ok
[ORQ 01:33:52]   sinisa: erro(1) — religando em 5s
[ORQ 01:33:55] ✔ crp_alertas: ok
[ORQ 01:33:57] ▶ sinisa (tentativa 4/5)
[ORQ 01:34:01]   sinisa: erro(1) — religando em 5s
[ORQ 01:34:06] ▶ sinisa (tentativa 5/5)
[ORQ 01:34:09] ✔ sinesp: ok
[ORQ 01:34:09] ✔ anp_vendas: ok
[ORQ 01:34:11]   sinisa: erro(1) — religando em 5s
[ORQ 01:34:12] ✔ ans_cobertura: ok
[ORQ 01:34:16] ✔ ibama_autos: ok
[ORQ 01:34:16] ✔ sinisa: erro(1)
[ORQ 01:34:31] ✔ aneel_gd: ok
[ORQ 01:34:53] ✔ capag: ok
[ORQ 01:34:53] ▶ cauc (tentativa 1/5)
[ORQ 01:35:06]   desastres: erro(1) — religando em 5s
[ORQ 01:35:11] ▶ desastres (tentativa 2/5)
[ORQ 01:35:24] ✔ ana_outorgas: ok
[ORQ 01:36:02] ✔ desastres: ok
[ORQ 01:36:32] ✔ prodes: ok
[ORQ 01:36:41] ✔ cauc: ok
[ORQ 01:37:15] ✔ programas_transferegov: ok
[ORQ 01:37:15] ▶ programas_agil (tentativa 1/5)
[ORQ 01:37:24] ✔ anatel_bl: ok
[ORQ 01:37:49] ✔ programas_agil: ok
[ORQ 01:38:13] ✔ datatran: ok
[ORQ 01:38:50] ✔ sim: ok
[ORQ 01:39:08] ✔ rfb_arrecadacao: ok
[ORQ 01:45:45] ✔ caged: ok
[ORQ 01:45:45] ▶ rais (tentativa 1/5)
[ORQ 01:45:47]   rais: erro(1) — religando em 5s
[ORQ 01:45:52] ▶ rais (tentativa 2/5)
[ORQ 01:45:53]   rais: erro(1) — religando em 5s
[ORQ 01:45:58] ▶ rais (tentativa 3/5)
[ORQ 01:46:00]   rais: erro(1) — religando em 5s
[ORQ 01:46:05] ▶ rais (tentativa 4/5)
[ORQ 01:46:06]   rais: erro(1) — religando em 5s
[ORQ 01:46:07] ✔ sinan_dengue: ok
[ORQ 01:46:07] ▶ arboviroses (tentativa 1/5)
[ORQ 01:46:11] ▶ rais (tentativa 5/5)
[ORQ 01:46:13]   rais: erro(1) — religando em 5s
[ORQ 01:46:18] ✔ rais: erro(1)
[ORQ 01:50:48] ✔ estatisticas_vitais: ok
[ORQ 01:50:48] ▶ ibge_producao (tentativa 1/5)
[ORQ 01:51:47] ✔ ibge_producao: ok
[ORQ 01:53:40] ✔ equipamentos_esporte: ok
[ORQ 02:07:08] !! arboviroses ESTAGNADO (1201s) — matando e religando
[ORQ 02:07:09]   arboviroses: retry — religando em 5s
[ORQ 02:07:14] ▶ arboviroses (tentativa 2/5)
[ORQ 02:28:15] !! arboviroses ESTAGNADO (1200s) — matando e religando
[ORQ 02:28:16]   arboviroses: retry — religando em 5s
[ORQ 02:28:21] ▶ arboviroses (tentativa 3/5)
[ORQ 02:49:22] !! arboviroses ESTAGNADO (1200s) — matando e religando
[ORQ 02:49:23]   arboviroses: retry — religando em 5s
[ORQ 02:49:28] ▶ arboviroses (tentativa 4/5)
[ORQ 03:10:29] !! arboviroses ESTAGNADO (1200s) — matando e religando
[ORQ 03:10:30]   arboviroses: retry — religando em 5s
[ORQ 03:10:35] ▶ arboviroses (tentativa 5/5)
[ORQ 03:31:36] !! arboviroses ESTAGNADO (1200s) — matando e religando
[ORQ 03:31:37]   arboviroses: retry — religando em 5s
[ORQ 03:31:42] ✔ arboviroses: retry
[ORQ 03:31:42] validando integridade…
[ORQ 03:31:48] validando separação Estado×município…
[ORQ 03:31:53] varredura de frescor (série histórica + última competência)…
[ORQ 03:32:10] motor de notificações (delta — avisa o que mudou)…
[ORQ 03:32:14] carteiro de notificações (envia se houver SMTP; simula caso contrário)…
[ORQ 03:32:18] carteiro WhatsApp (envia se houver Cloud API; simula caso contrário)…
[ORQ 03:32:19] regenerando documentação…
[ORQ 03:33:41] ciclo concluído.
===== FIM 05/07/2026  0:33:41,76 ===== 
 
===== INICIO 05/07/2026 22:30:02,07 (MODO=run) ===== 
(node:22040) Warning: SECURITY WARNING: The SSL modes 'prefer', 'require', and 'verify-ca' are treated as aliases for 'verify-full'.
In the next major version (pg-connection-string v3.0.0 and pg v9.0.0), these modes will adopt standard libpq semantics, which have weaker security guarantees.

To prepare for this change:
- If you want the current behavior, explicitly use 'sslmode=verify-full'
- If you want libpq compatibility now, use 'uselibpqcompat=true&sslmode=require'

See https://www.postgresql.org/docs/current/libpq-ssl.html for libpq SSL mode definitions.
(Use `node --trace-warnings ...` to show where the warning was created)
[ORQ 01:30:25] MODO=run | ano fechado=2025 | corrente=2026
[ORQ 01:30:26]   ok       financas       max_ano=2025
[ORQ 01:30:27]   ok       metas          max_ano=2025
[ORQ 01:30:28]   ok       desp_subfuncao max_ano=2025
[ORQ 01:30:28]   ok       receitas_det   max_ano=2025
[ORQ 01:30:29]   ok       rreo_const     max_ano=2025
[ORQ 01:30:30]   ok       rgf            max_ano=2025
[ORQ 01:30:30]   ok       rpps           max_ano=2025
[ORQ 01:30:32]   ok       rpps_atuarial  max_ano=0
[ORQ 01:30:32]   ok       pdde           max_ano=2024
[ORQ 01:30:33]   ok       pnld           max_ano=2025
[ORQ 01:30:34]   ok       acesso_financeiro max_ano=0
[ORQ 01:30:36]   ok       estban         max_ano=0
[ORQ 01:30:37]   ok       bndes          max_ano=2026
[ORQ 01:30:37]   ok       cfem           max_ano=2022
[ORQ 01:30:38]   ok       queimadas      max_ano=2026
[ORQ 01:30:38]   ok       anp            max_ano=2021
[ORQ 01:30:39]   RODA     bolsa_atleta   max_ano=2025
[ORQ 01:30:40]   RODA     estatisticas_vitais max_ano=2023
[ORQ 01:30:40]   ok       ans_cobertura  max_ano=2026
[ORQ 01:30:41]   ok       caged          max_ano=2026
[ORQ 01:30:41]   ok       rais           max_ano=2024
[ORQ 01:30:42]   ok       prodes         max_ano=2024
[ORQ 01:30:43]   ok       desastres      max_ano=0
[ORQ 01:30:44]   ok       sinisa         max_ano=2024
[ORQ 01:30:44]   ok       sinan_dengue   max_ano=2025
[ORQ 01:30:46]   ok       aneel_gd       max_ano=0
[ORQ 01:30:47]   ok       anatel_bl      max_ano=0
[ORQ 01:30:48]   ok       senatran_frota max_ano=2025
[ORQ 01:30:48]   ok       pronaf         max_ano=2025
[ORQ 01:30:50]   ok       ibama_autos    max_ano=0
[ORQ 01:30:52]   ok       sinesp         max_ano=0
[ORQ 01:30:53]   ok       incra_assentamentos max_ano=0
[ORQ 01:30:55]   ok       icmbio_uc      max_ano=0
[ORQ 01:30:56]   ok       ana_outorgas   max_ano=0
[ORQ 01:30:58]   ok       ibge_producao  max_ano=0
[ORQ 01:30:58]   ok       arboviroses    max_ano=2025
[ORQ 01:30:59]   ok       datatran       max_ano=2025
[ORQ 01:30:59]   ok       anp_vendas     max_ano=2024
[ORQ 01:31:01]   ok       capag          max_ano=0
[ORQ 01:31:01]   ok       rfb_arrecadacao max_ano=2025
[ORQ 01:31:02]   ok       sim            max_ano=2024
[ORQ 01:31:03]   RODA     sia_producao   max_ano=0
[ORQ 01:31:05]   RODA     medicamentos_alto_custo max_ano=0
[ORQ 01:31:05]   RODA     cnes_equipes   max_ano=2024
[ORQ 01:31:06]   RODA     cnes_equipamentos max_ano=2024
[ORQ 01:31:06]   RODA     cnes_leitos    max_ano=2024
[ORQ 01:31:07]   RODA     cnes_profissionais max_ano=2024
[ORQ 01:31:08]   RODA     apac           max_ano=0
[ORQ 01:31:10]   RODA     raas_saude_mental max_ano=0
[ORQ 01:31:11]   RODA     cobertura_vacinal max_ano=2026
[ORQ 01:31:11]   RODA     sinan_agravos  max_ano=2024
[ORQ 01:31:12]   RODA     sinasc         max_ano=2022
[ORQ 01:31:12]   ok       sih            max_ano=2025
[ORQ 01:31:14]   RODA     igdm           max_ano=0
[ORQ 01:31:15]   RODA     ibama_embargos max_ano=0
[ORQ 01:31:17]   RODA     quilombos      max_ano=0
[ORQ 01:31:19]   ok       equipamentos_esporte max_ano=0
[ORQ 01:31:19]   ok       censo_especial max_ano=2025
[ORQ 01:31:20]   ok       fundeb_oficial max_ano=2026
[ORQ 01:31:20]   ok       fundeb_parametros max_ano=2026
[ORQ 01:31:21]   ok       indicadores_inep max_ano=2025
[ORQ 01:31:21]   ok       indicadores_inep_escola max_ano=2025
[ORQ 01:31:23]   ok       rpps_crp       max_ano=0
[ORQ 01:31:25]   ok       cadprev_full   max_ano=0
[ORQ 01:31:27]   ok       crp_alertas    max_ano=0
[ORQ 01:31:27]   ok       siops          max_ano=2025
[ORQ 01:31:28]   ok       compras        max_ano=2026
[ORQ 01:31:29]   ok       contratos      max_ano=2027
[ORQ 01:31:30]   ok       pca            max_ano=0
[ORQ 01:31:31]   ok       processos      max_ano=2025
[ORQ 01:31:31]   ok       itens          max_ano=2025
[ORQ 01:31:33]   ok       catalogo_govbr max_ano=0
[ORQ 01:31:35]   ok       classificacao_itens max_ano=0
[ORQ 01:31:35]   ok       indicadores    max_ano=2024
[ORQ 01:31:36]   ok       geo_entes      max_ano=2025
[ORQ 01:31:37]   ok       transferencias max_ano=0
[ORQ 01:31:38]   ok       cnes           max_ano=2026
[ORQ 01:31:38]   ok       sih            max_ano=2025
[ORQ 01:31:39]   ok       sia            max_ano=2025
[ORQ 01:31:40]   ok       previne        max_ano=0
[ORQ 01:31:42]   ok       indigena       max_ano=0
[ORQ 01:31:42]   ok       fns            max_ano=2026
[ORQ 01:31:44]   ok       cnpj_loc       max_ano=0
[ORQ 01:31:46]   RODA     empenhos       max_ano=0
[ORQ 01:31:47]   ok       atas           max_ano=0
[ORQ 01:31:49]   RODA     nf             max_ano=0
[ORQ 01:31:49]   ok       iegm           max_ano=2025
[ORQ 01:31:51]   ok       cauc           max_ano=0
[ORQ 01:31:51]   ok       ideb           max_ano=2025
[ORQ 01:31:52]   ok       censo          max_ano=2025
[ORQ 01:31:52]   RODA     programas_transferegov max_ano=2025
[ORQ 01:31:53]   RODA     programas_agil max_ano=2025
[ORQ 01:31:54]   ok       fnde_simad     max_ano=2025
[ORQ 01:31:54]   ok       escolas        max_ano=2025
[ORQ 01:31:55]   ok       cnes_estab     max_ano=2025
[ORQ 01:31:55]   ok       precos_referencia max_ano=2025
[ORQ 01:31:56]   ok       sazonalidade_preco max_ano=2025
[ORQ 01:31:56]   ok       emendas        max_ano=2025
[ORQ 01:31:57]   ok       emendas_exec   max_ano=2026
[ORQ 01:31:57]   ok       siop_acoes     max_ano=2025
[ORQ 01:31:58]   ok       programa_beneficiario max_ano=2025
[ORQ 01:31:58]   ok       programas_federais max_ano=2025
[ORQ 01:31:59]   ok       suas           max_ano=2025
[ORQ 01:31:59]   ok       assistencia_social max_ano=2025
[ORQ 01:32:02]   ok       equipamentos_suas max_ano=0
[ORQ 01:32:03]   ok       equipamentos_endereco max_ano=0
[ORQ 01:32:05]   ok       equipamentos_geo max_ano=0
[ORQ 01:32:07]   RODA     equipamentos_cep max_ano=0
[ORQ 01:32:08]   ok       equipamentos_justica max_ano=0
[ORQ 01:32:09]   ok       precatorios    max_ano=2025
[ORQ 01:32:10]   ok       saneamento     max_ano=2025
[ORQ 01:32:10]   ok       agropecuaria   max_ano=2025
[ORQ 01:32:11]   ok       caf            max_ano=2025
[ORQ 01:32:12]   ok       car            max_ano=2025
[ORQ 01:32:13]   ok       pronaf         max_ano=2025
[ORQ 01:32:14]   ok       bancada        max_ano=2025
[ORQ 01:32:15]   ok       snis           max_ano=2025
[ORQ 01:32:16]   ok       transferencias_stn max_ano=2025
[ORQ 01:32:16]   ok       sancoes        max_ano=2025
[ORQ 01:32:17]   ok       munic          max_ano=2025
[ORQ 01:32:18]   ok       acompanhamento max_ano=2025
[ORQ 01:32:18]   ok       acompanhamento_funcao max_ano=2025
[ORQ 01:32:19]   ok       msc_despesa    max_ano=2025
[ORQ 01:32:20]   ok       precos_compras max_ano=2025
[ORQ 01:32:20]   ok       variacao_interna max_ano=2025
[ORQ 01:32:21]   ok       red_flags      max_ano=2025
[ORQ 01:32:22]   ok       mcmv           max_ano=2025
[ORQ 01:32:23]   ok       cmed           max_ano=2025
[ORQ 01:32:23]   ok       sobrepreco_med max_ano=2025
[ORQ 01:32:24]   ok       convenios      max_ano=2025
[ORQ 01:32:24] → 21 fonte(s) a coletar: bolsa_atleta, estatisticas_vitais, sia_producao, medicamentos_alto_custo, cnes_equipes, cnes_equipamentos, cnes_leitos, cnes_profissionais, apac, raas_saude_mental, cobertura_vacinal, sinan_agravos, sinasc, igdm, ibama_embargos, quilombos, empenhos, nf, programas_transferegov, programas_agil, equipamentos_cep
[ORQ 01:32:24] ▶ bolsa_atleta (tentativa 1/5)
[ORQ 01:32:24] ▶ estatisticas_vitais (tentativa 1/5)
[ORQ 01:32:24] ▶ sia_producao (tentativa 1/5)
[ORQ 01:32:24] ▶ cobertura_vacinal (tentativa 1/5)
[ORQ 01:32:24] ▶ igdm (tentativa 1/5)
[ORQ 01:32:24] ▶ ibama_embargos (tentativa 1/5)
[ORQ 01:32:24] ▶ quilombos (tentativa 1/5)
[ORQ 01:32:24] ▶ empenhos (tentativa 1/5)
[ORQ 01:32:24] ▶ programas_transferegov (tentativa 1/5)
[ORQ 01:32:24] ▶ equipamentos_cep (tentativa 1/5)
[ORQ 01:32:27] ✔ equipamentos_cep: ok
[ORQ 01:32:33] ✔ quilombos: ok
[ORQ 01:32:40] ✔ cobertura_vacinal: ok
[ORQ 01:32:44] ✔ bolsa_atleta: ok
[ORQ 01:33:30] ✔ igdm: ok
[ORQ 01:34:25] ✔ ibama_embargos: ok
[ORQ 01:36:39] ✔ programas_transferegov: ok
[ORQ 01:36:39] ▶ programas_agil (tentativa 1/5)
[ORQ 01:37:14] ✔ programas_agil: ok
[ORQ 01:38:53] ✔ sia_producao: ok
[ORQ 01:38:53] ▶ medicamentos_alto_custo (tentativa 1/5)
[ORQ 01:40:51] ✔ medicamentos_alto_custo: ok
[ORQ 01:40:51] ▶ cnes_equipes (tentativa 1/5)
[ORQ 01:51:04] ✔ cnes_equipes: ok
[ORQ 01:51:04] ▶ cnes_equipamentos (tentativa 1/5)
[ORQ 01:53:25] !! estatisticas_vitais ESTAGNADO (1200s) — matando e religando
[ORQ 01:53:26]   estatisticas_vitais: retry — religando em 5s
[ORQ 01:53:31] ▶ estatisticas_vitais (tentativa 2/5)
[ORQ 02:12:30] ✔ estatisticas_vitais: ok
[ORQ 02:15:05] !! cnes_equipamentos ESTAGNADO (1258s) — matando e religando
[ORQ 02:15:06]   cnes_equipamentos: retry — religando em 5s
[ORQ 02:15:11] ▶ cnes_equipamentos (tentativa 2/5)
[ORQ 02:38:12] !! cnes_equipamentos ESTAGNADO (1200s) — matando e religando
[ORQ 02:38:13]   cnes_equipamentos: retry — religando em 5s
[ORQ 02:38:18] ▶ cnes_equipamentos (tentativa 3/5)
[ORQ 03:01:19] !! cnes_equipamentos ESTAGNADO (1200s) — matando e religando
[ORQ 03:01:20]   cnes_equipamentos: retry — religando em 5s
[ORQ 03:01:25] ▶ cnes_equipamentos (tentativa 4/5)
[ORQ 03:24:26] !! cnes_equipamentos ESTAGNADO (1200s) — matando e religando
[ORQ 03:24:27]   cnes_equipamentos: retry — religando em 5s
[ORQ 03:24:32] ▶ cnes_equipamentos (tentativa 5/5)
[ORQ 03:47:32] !! cnes_equipamentos ESTAGNADO (1200s) — matando e religando
[ORQ 03:47:33]   cnes_equipamentos: retry — religando em 5s
[ORQ 03:47:38] ✔ cnes_equipamentos: retry
[ORQ 03:47:38] ▶ cnes_leitos (tentativa 1/5)
[ORQ 03:50:01] ✔ cnes_leitos: ok
[ORQ 03:50:01] ▶ cnes_profissionais (tentativa 1/5)
[ORQ 04:14:02] !! cnes_profissionais ESTAGNADO (1200s) — matando e religando
[ORQ 04:14:03]   cnes_profissionais: retry — religando em 5s
[ORQ 04:14:08] ▶ cnes_profissionais (tentativa 2/5)
[ORQ 04:37:09] !! cnes_profissionais ESTAGNADO (1200s) — matando e religando
[ORQ 04:37:10]   cnes_profissionais: retry — religando em 5s
[ORQ 04:37:15] ▶ cnes_profissionais (tentativa 3/5)
[ORQ 05:00:16] !! cnes_profissionais ESTAGNADO (1200s) — matando e religando
[ORQ 05:00:17]   cnes_profissionais: retry — religando em 5s
[ORQ 05:00:22] ▶ cnes_profissionais (tentativa 4/5)
[ORQ 05:23:23] !! cnes_profissionais ESTAGNADO (1200s) — matando e religando
[ORQ 05:23:24]   cnes_profissionais: retry — religando em 5s
[ORQ 05:23:29] ▶ cnes_profissionais (tentativa 5/5)
[ORQ 05:46:29] !! cnes_profissionais ESTAGNADO (1200s) — matando e religando
[ORQ 05:46:30]   cnes_profissionais: retry — religando em 5s
[ORQ 05:46:35] ✔ cnes_profissionais: retry
[ORQ 05:46:35] ▶ apac (tentativa 1/5)
[ORQ 05:47:38] ✔ apac: ok
[ORQ 05:47:38] ▶ raas_saude_mental (tentativa 1/5)
[ORQ 05:48:04] ✔ raas_saude_mental: ok
[ORQ 05:48:04] ▶ sinan_agravos (tentativa 1/5)
[ORQ 05:54:55] ✔ sinan_agravos: ok
[ORQ 05:54:55] ▶ sinasc (tentativa 1/5)
[ORQ 05:58:41] ✔ sinasc: ok
[ORQ 06:01:10] ✔ empenhos: ok
[ORQ 06:01:10] ▶ nf (tentativa 1/5)
[ORQ 06:22:12] !! nf ESTAGNADO (1200s) — matando e religando
[ORQ 06:22:12]   nf: retry — religando em 5s
[ORQ 06:22:17] ▶ nf (tentativa 2/5)
[ORQ 06:43:19] !! nf ESTAGNADO (1200s) — matando e religando
[ORQ 06:43:19]   nf: retry — religando em 5s
[ORQ 06:43:24] ▶ nf (tentativa 3/5)
[ORQ 07:04:26] !! nf ESTAGNADO (1200s) — matando e religando
[ORQ 07:04:26]   nf: retry — religando em 5s
[ORQ 07:04:31] ▶ nf (tentativa 4/5)
[ORQ 07:25:33] !! nf ESTAGNADO (1200s) — matando e religando
[ORQ 07:25:33]   nf: retry — religando em 5s
[ORQ 07:25:38] ▶ nf (tentativa 5/5)
[ORQ 07:46:40] !! nf ESTAGNADO (1200s) — matando e religando
[ORQ 07:46:40]   nf: retry — religando em 5s
[ORQ 07:46:45] ✔ nf: retry
[ORQ 07:46:45] validando integridade…
[ORQ 07:46:52] validando separação Estado×município…
[ORQ 07:46:56] varredura de frescor (série histórica + última competência)…
[ORQ 07:47:15] motor de notificações (delta — avisa o que mudou)…
[ORQ 07:47:19] carteiro de notificações (envia se houver SMTP; simula caso contrário)…
[ORQ 07:47:23] carteiro WhatsApp (envia se houver Cloud API; simula caso contrário)…
[ORQ 07:47:24] regenerando documentação…
[ORQ 07:48:58] ciclo concluído.
 
===== INICIO 06/07/2026 22:30:02,14 (MODO=run) ===== 
(node:18356) Warning: SECURITY WARNING: The SSL modes 'prefer', 'require', and 'verify-ca' are treated as aliases for 'verify-full'.
In the next major version (pg-connection-string v3.0.0 and pg v9.0.0), these modes will adopt standard libpq semantics, which have weaker security guarantees.

To prepare for this change:
- If you want the current behavior, explicitly use 'sslmode=verify-full'
- If you want libpq compatibility now, use 'uselibpqcompat=true&sslmode=require'

See https://www.postgresql.org/docs/current/libpq-ssl.html for libpq SSL mode definitions.
(Use `node --trace-warnings ...` to show where the warning was created)
[ORQ 01:30:26] MODO=run | ano fechado=2025 | corrente=2026
[ORQ 01:30:27]   ok       financas       max_ano=2025
[ORQ 01:30:27]   ok       metas          max_ano=2025
[ORQ 01:30:28]   ok       desp_subfuncao max_ano=2025
[ORQ 01:30:29]   ok       receitas_det   max_ano=2025
[ORQ 01:30:29]   ok       rreo_const     max_ano=2025
[ORQ 01:30:30]   ok       rgf            max_ano=2025
[ORQ 01:30:31]   ok       rpps           max_ano=2025
[ORQ 01:30:34]   ok       rpps_atuarial  max_ano=0
[ORQ 01:30:34]   ok       pdde           max_ano=2024
[ORQ 01:30:35]   ok       pnld           max_ano=2025
[ORQ 01:30:39]   ok       acesso_financeiro max_ano=0
[ORQ 01:30:40]   ok       estban         max_ano=0
[ORQ 01:30:41]   ok       bndes          max_ano=2026
[ORQ 01:30:41]   ok       cfem           max_ano=2022
[ORQ 01:30:42]   ok       queimadas      max_ano=2026
[ORQ 01:30:42]   ok       anp            max_ano=2021
[ORQ 01:30:43]   RODA     bolsa_atleta   max_ano=2025
[ORQ 01:30:43]   RODA     estatisticas_vitais max_ano=2023
[ORQ 01:30:44]   ok       ans_cobertura  max_ano=2026
[ORQ 01:30:44]   ok       caged          max_ano=2026
[ORQ 01:30:45]   ok       rais           max_ano=2024
[ORQ 01:30:45]   ok       prodes         max_ano=2024
[ORQ 01:30:47]   ok       desastres      max_ano=0
[ORQ 01:30:47]   ok       sinisa         max_ano=2024
[ORQ 01:30:48]   ok       sinan_dengue   max_ano=2025
[ORQ 01:30:50]   ok       aneel_gd       max_ano=0
[ORQ 01:30:53]   ok       anatel_bl      max_ano=0
[ORQ 01:30:54]   ok       senatran_frota max_ano=2025
[ORQ 01:30:57]   ok       pronaf         max_ano=2025
[ORQ 01:30:59]   ok       ibama_autos    max_ano=0
[ORQ 01:31:02]   ok       sinesp         max_ano=0
[ORQ 01:31:03]   ok       incra_assentamentos max_ano=0
[ORQ 01:31:05]   ok       icmbio_uc      max_ano=0
[ORQ 01:31:06]   ok       ana_outorgas   max_ano=0
[ORQ 01:31:08]   ok       ibge_producao  max_ano=0
[ORQ 01:31:08]   ok       arboviroses    max_ano=2025
[ORQ 01:31:09]   ok       datatran       max_ano=2025
[ORQ 01:31:09]   ok       anp_vendas     max_ano=2024
[ORQ 01:31:11]   ok       capag          max_ano=0
[ORQ 01:31:11]   ok       rfb_arrecadacao max_ano=2025
[ORQ 01:31:12]   ok       sim            max_ano=2024
[ORQ 01:31:15]   ok       sia_producao   max_ano=0
[ORQ 01:31:18]   ok       medicamentos_alto_custo max_ano=0
[ORQ 01:31:18]   ok       cnes_equipes   max_ano=2024
[ORQ 01:31:19]   ok       cnes_equipamentos max_ano=2024
[ORQ 01:31:20]   ok       cnes_leitos    max_ano=2024
[ORQ 01:31:20]   ok       cnes_profissionais max_ano=2024
[ORQ 01:31:23]   ok       apac           max_ano=0
[ORQ 01:31:25]   ok       raas_saude_mental max_ano=0
[ORQ 01:31:25]   ok       cobertura_vacinal max_ano=2026
[ORQ 01:31:26]   ok       sinan_agravos  max_ano=2024
[ORQ 01:31:26]   ok       sinasc         max_ano=2022
[ORQ 01:31:27]   ok       sih            max_ano=2025
[ORQ 01:31:27]   RODA     producao_aps   max_ano=2025
[ORQ 01:31:28]   RODA     indicadores_previne max_ano=2025
[ORQ 01:31:28]   RODA     qualidade_siaps max_ano=2025
[ORQ 01:31:30]   ok       igdm           max_ano=0
[ORQ 01:31:30]   RODA     suas_saldo     max_ano=2025
[ORQ 01:31:31]   RODA     pdde_saldo     max_ano=2025
[ORQ 01:31:31]   RODA     pnae_agri      max_ano=2025
[ORQ 01:31:32]   RODA     barragens      max_ano=2025
[ORQ 01:31:32]   RODA     paa            max_ano=2025
[ORQ 01:31:33]   RODA     lpg            max_ano=2025
[ORQ 01:31:34]   RODA     salic          max_ano=2025
[ORQ 01:31:34]   RODA     novopac        max_ano=2025
[ORQ 01:31:35]   RODA     censo_corraca  max_ano=2025
[ORQ 01:31:36]   RODA     populacao_faixa max_ano=2025
[ORQ 01:31:36]   RODA     pib_municipal  max_ano=2025
[ORQ 01:31:37]   RODA     idhm           max_ano=2025
[ORQ 01:31:39]   ok       ibama_embargos max_ano=0
[ORQ 01:31:40]   ok       quilombos      max_ano=0
[ORQ 01:31:43]   ok       equipamentos_esporte max_ano=0
[ORQ 01:31:45]   ok       censo_especial max_ano=2025
[ORQ 01:31:45]   ok       fundeb_oficial max_ano=2026
[ORQ 01:31:46]   ok       fundeb_parametros max_ano=2026
[ORQ 01:31:47]   ok       indicadores_inep max_ano=2025
[ORQ 01:31:47]   ok       indicadores_inep_escola max_ano=2025
[ORQ 01:31:49]   ok       rpps_crp       max_ano=0
[ORQ 01:31:51]   ok       cadprev_full   max_ano=0
[ORQ 01:31:52]   ok       crp_alertas    max_ano=0
[ORQ 01:31:53]   ok       siops          max_ano=2025
[ORQ 01:31:54]   ok       compras        max_ano=2026
[ORQ 01:31:54]   ok       contratos      max_ano=2027
[ORQ 01:31:57]   ok       pca            max_ano=0
[ORQ 01:31:57]   ok       processos      max_ano=2025
[ORQ 01:31:58]   ok       itens          max_ano=2025
[ORQ 01:31:59]   ok       catalogo_govbr max_ano=0
[ORQ 01:32:02]   ok       classificacao_itens max_ano=0
[ORQ 01:32:02]   ok       indicadores    max_ano=2024
[ORQ 01:32:03]   ok       geo_entes      max_ano=2025
[ORQ 01:32:04]   ok       transferencias max_ano=0
[ORQ 01:32:05]   ok       cnes           max_ano=2026
[ORQ 01:32:05]   ok       sih            max_ano=2025
[ORQ 01:32:06]   ok       sia            max_ano=2025
[ORQ 01:32:09]   ok       previne        max_ano=0
[ORQ 01:32:11]   ok       indigena       max_ano=0
[ORQ 01:32:11]   ok       fns            max_ano=2026
[ORQ 01:32:13]   ok       cnpj_loc       max_ano=0
[ORQ 01:32:14]   ok       empenhos       max_ano=0
[ORQ 01:32:18]   ok       atas           max_ano=0
[ORQ 01:32:20]   ok       nf             max_ano=0
[ORQ 01:32:22]   ok       iegm           max_ano=2025
[ORQ 01:32:24]   ok       cauc           max_ano=0
[ORQ 01:32:25]   ok       ideb           max_ano=2025
[ORQ 01:32:25]   ok       censo          max_ano=2025
[ORQ 01:32:25]   RODA     programas_transferegov max_ano=2025
[ORQ 01:32:26]   RODA     programas_agil max_ano=2025
[ORQ 01:32:27]   ok       fnde_simad     max_ano=2025
[ORQ 01:32:27]   ok       escolas        max_ano=2025
[ORQ 01:32:28]   ok       cnes_estab     max_ano=2025
[ORQ 01:32:28]   ok       precos_referencia max_ano=2025
[ORQ 01:32:29]   ok       sazonalidade_preco max_ano=2025
[ORQ 01:32:29]   ok       emendas        max_ano=2025
[ORQ 01:32:30]   ok       emendas_exec   max_ano=2026
[ORQ 01:32:30]   ok       siop_acoes     max_ano=2025
[ORQ 01:32:31]   ok       programa_beneficiario max_ano=2025
[ORQ 01:32:31]   ok       programas_federais max_ano=2025
[ORQ 01:32:32]   ok       suas           max_ano=2025
[ORQ 01:32:32]   ok       assistencia_social max_ano=2025
[ORQ 01:32:34]   ok       equipamentos_suas max_ano=0
[ORQ 01:32:36]   ok       equipamentos_endereco max_ano=0
[ORQ 01:32:38]   ok       equipamentos_geo max_ano=0
[ORQ 01:32:39]   RODA     equipamentos_cep max_ano=0
[ORQ 01:32:41]   ok       equipamentos_justica max_ano=0
[ORQ 01:32:42]   ok       precatorios    max_ano=2025
[ORQ 01:32:44]   ok       saneamento     max_ano=2025
[ORQ 01:32:45]   ok       agropecuaria   max_ano=2025
[ORQ 01:32:46]   ok       caf            max_ano=2025
[ORQ 01:32:47]   ok       car            max_ano=2025
[ORQ 01:32:49]   ok       pronaf         max_ano=2025
[ORQ 01:32:50]   ok       bancada        max_ano=2025
[ORQ 01:32:51]   ok       snis           max_ano=2025
[ORQ 01:32:51]   ok       transferencias_stn max_ano=2025
[ORQ 01:32:53]   ok       sancoes        max_ano=2025
[ORQ 01:32:54]   ok       munic          max_ano=2025
[ORQ 01:32:54]   ok       acompanhamento max_ano=2025
[ORQ 01:32:55]   ok       acompanhamento_funcao max_ano=2025
[ORQ 01:32:57]   ok       msc_despesa    max_ano=2025
[ORQ 01:32:58]   ok       precos_compras max_ano=2025
[ORQ 01:32:59]   ok       variacao_interna max_ano=2025
[ORQ 01:32:59]   ok       red_flags      max_ano=2025
[ORQ 01:33:01]   ok       mcmv           max_ano=2025
[ORQ 01:33:01]   ok       cmed           max_ano=2025
[ORQ 01:33:02]   ok       sobrepreco_med max_ano=2025
[ORQ 01:33:02]   ok       convenios      max_ano=2025
[ORQ 01:33:02] → 20 fonte(s) a coletar: bolsa_atleta, estatisticas_vitais, producao_aps, indicadores_previne, qualidade_siaps, suas_saldo, pdde_saldo, pnae_agri, barragens, paa, lpg, salic, novopac, censo_corraca, populacao_faixa, pib_municipal, idhm, programas_transferegov, programas_agil, equipamentos_cep
[ORQ 01:33:02] ▶ bolsa_atleta (tentativa 1/5)
[ORQ 01:33:02] ▶ estatisticas_vitais (tentativa 1/5)
[ORQ 01:33:02] ▶ producao_aps (tentativa 1/5)
[ORQ 01:33:02] ▶ qualidade_siaps (tentativa 1/5)
[ORQ 01:33:02] ▶ suas_saldo (tentativa 1/5)
[ORQ 01:33:02] ▶ pdde_saldo (tentativa 1/5)
[ORQ 01:33:02] ▶ barragens (tentativa 1/5)
[ORQ 01:33:02] ▶ paa (tentativa 1/5)
[ORQ 01:33:02] ▶ lpg (tentativa 1/5)
[ORQ 01:33:02] ▶ novopac (tentativa 1/5)
[ORQ 01:33:02] ▶ censo_corraca (tentativa 1/5)
[ORQ 01:33:02] ▶ idhm (tentativa 1/5)
[ORQ 01:33:02] ▶ programas_transferegov (tentativa 1/5)
[ORQ 01:33:02] ▶ equipamentos_cep (tentativa 1/5)
[ORQ 01:33:06] ✔ equipamentos_cep: ok
[ORQ 01:33:25] ✔ bolsa_atleta: ok
[ORQ 01:33:26] ✔ paa: ok
[ORQ 01:33:40] ✔ qualidade_siaps: ok
[ORQ 01:33:53] ✔ lpg: ok
[ORQ 01:33:53] ▶ salic (tentativa 1/5)
[ORQ 01:33:54] ✔ suas_saldo: ok
[ORQ 01:33:55] ✔ barragens: ok
[ORQ 01:34:01] ✔ censo_corraca: ok
[ORQ 01:34:01] ▶ populacao_faixa (tentativa 1/5)
[ORQ 01:34:51] ✔ idhm: ok
[ORQ 01:34:52] ✔ populacao_faixa: ok
[ORQ 01:34:52] ▶ pib_municipal (tentativa 1/5)
[ORQ 01:34:53] ✔ salic: ok
[ORQ 01:36:12] ✔ pib_municipal: ok
[ORQ 01:37:01] ✔ programas_transferegov: ok
[ORQ 01:37:01] ▶ programas_agil (tentativa 1/5)
[ORQ 01:37:51] ✔ programas_agil: ok
[ORQ 01:38:07]   pdde_saldo: erro(1) — religando em 5s
[ORQ 01:38:12] ▶ pdde_saldo (tentativa 2/5)
[ORQ 01:38:52] ✔ producao_aps: ok
[ORQ 01:38:52] ▶ indicadores_previne (tentativa 1/5)
[ORQ 01:43:16]   pdde_saldo: erro(1) — religando em 5s
[ORQ 01:43:21] ▶ pdde_saldo (tentativa 3/5)
[ORQ 01:45:13] ✔ indicadores_previne: ok
[ORQ 01:48:25]   pdde_saldo: erro(1) — religando em 5s
[ORQ 01:48:30] ▶ pdde_saldo (tentativa 4/5)
[ORQ 01:49:32] ✔ pdde_saldo: ok
[ORQ 01:49:32] ▶ pnae_agri (tentativa 1/5)
[ORQ 01:50:18] ✔ estatisticas_vitais: ok
[ORQ 01:50:22] ✔ pnae_agri: ok
[ORQ 01:54:04] !! novopac ESTAGNADO (1201s) — matando e religando
[ORQ 01:54:04]   novopac: retry — religando em 5s
[ORQ 01:54:09] ▶ novopac (tentativa 2/5)
[ORQ 02:15:07] ✔ novopac: ok
[ORQ 02:15:07] validando integridade…
[ORQ 02:15:13] validando separação Estado×município…
[ORQ 02:15:18] varredura de frescor (série histórica + última competência)…
[ORQ 02:15:37] motor de notificações (delta — avisa o que mudou)…
[ORQ 02:15:41] carteiro de notificações (envia se houver SMTP; simula caso contrário)…
[ORQ 02:15:45] carteiro WhatsApp (envia se houver Cloud API; simula caso contrário)…
[ORQ 02:15:46] regenerando documentação…
[ORQ 02:17:20] ciclo concluído.
===== FIM 06/07/2026 23:17:20,93 ===== 
 
===== INICIO 07/07/2026 22:30:02,29 (MODO=run) ===== 
(node:15424) Warning: SECURITY WARNING: The SSL modes 'prefer', 'require', and 'verify-ca' are treated as aliases for 'verify-full'.
In the next major version (pg-connection-string v3.0.0 and pg v9.0.0), these modes will adopt standard libpq semantics, which have weaker security guarantees.

To prepare for this change:
- If you want the current behavior, explicitly use 'sslmode=verify-full'
- If you want libpq compatibility now, use 'uselibpqcompat=true&sslmode=require'

See https://www.postgresql.org/docs/current/libpq-ssl.html for libpq SSL mode definitions.
(Use `node --trace-warnings ...` to show where the warning was created)
[ORQ 01:30:29] MODO=run | ano fechado=2025 | corrente=2026
[ORQ 01:30:30]   ok       financas       max_ano=2025
[ORQ 01:30:30]   ok       metas          max_ano=2025
[ORQ 01:30:31]   ok       desp_subfuncao max_ano=2025
[ORQ 01:30:31]   ok       receitas_det   max_ano=2025
[ORQ 01:30:32]   ok       rreo_const     max_ano=2025
[ORQ 01:30:33]   ok       rgf            max_ano=2025
[ORQ 01:30:33]   ok       rpps           max_ano=2025
[ORQ 01:30:35]   ok       rpps_atuarial  max_ano=0
[ORQ 01:30:35]   ok       pdde           max_ano=2024
[ORQ 01:30:36]   ok       pnld           max_ano=2025
[ORQ 01:30:37]   ok       acesso_financeiro max_ano=0
[ORQ 01:30:39]   ok       estban         max_ano=0
[ORQ 01:30:39]   ok       bndes          max_ano=2026
[ORQ 01:30:40]   ok       cfem           max_ano=2022
[ORQ 01:30:40]   ok       queimadas      max_ano=2026
[ORQ 01:30:41]   ok       anp            max_ano=2021
[ORQ 01:30:42]   RODA     bolsa_atleta   max_ano=2025
[ORQ 01:30:42]   RODA     estatisticas_vitais max_ano=2023
[ORQ 01:30:43]   ok       ans_cobertura  max_ano=2026
[ORQ 01:30:43]   ok       caged          max_ano=2026
[ORQ 01:30:44]   ok       rais           max_ano=2024
[ORQ 01:30:44]   ok       prodes         max_ano=2024
[ORQ 01:30:46]   ok       desastres      max_ano=0
[ORQ 01:30:46]   ok       sinisa         max_ano=2024
[ORQ 01:30:47]   ok       sinan_dengue   max_ano=2025
[ORQ 01:30:48]   ok       aneel_gd       max_ano=0
[ORQ 01:30:50]   ok       anatel_bl      max_ano=0
[ORQ 01:30:50]   ok       senatran_frota max_ano=2025
[ORQ 01:30:51]   RODA     pronaf         max_ano=2025
[ORQ 01:30:52]   ok       ibama_autos    max_ano=0
[ORQ 01:30:54]   ok       sinesp         max_ano=0
[ORQ 01:30:55]   ok       incra_assentamentos max_ano=0
[ORQ 01:30:56]   ok       icmbio_uc      max_ano=0
[ORQ 01:30:58]   ok       ana_outorgas   max_ano=0
[ORQ 01:30:59]   ok       ibge_producao  max_ano=0
[ORQ 01:31:00]   ok       arboviroses    max_ano=2025
[ORQ 01:31:00]   ok       datatran       max_ano=2025
[ORQ 01:31:01]   ok       anp_vendas     max_ano=2024
[ORQ 01:31:02]   ok       capag          max_ano=0
[ORQ 01:31:03]   ok       rfb_arrecadacao max_ano=2025
[ORQ 01:31:03]   ok       sim            max_ano=2024
[ORQ 01:31:05]   ok       sia_producao   max_ano=0
[ORQ 01:31:06]   ok       medicamentos_alto_custo max_ano=0
[ORQ 01:31:07]   ok       cnes_equipes   max_ano=2024
[ORQ 01:31:07]   ok       cnes_equipamentos max_ano=2024
[ORQ 01:31:08]   ok       cnes_leitos    max_ano=2024
[ORQ 01:31:08]   ok       cnes_profissionais max_ano=2024
[ORQ 01:31:10]   ok       apac           max_ano=0
[ORQ 01:31:11]   ok       raas_saude_mental max_ano=0
[ORQ 01:31:12]   ok       cobertura_vacinal max_ano=2026
[ORQ 01:31:12]   ok       sinan_agravos  max_ano=2024
[ORQ 01:31:13]   ok       sinasc         max_ano=2022
[ORQ 01:31:13]   ok       sih            max_ano=2025
[ORQ 01:31:14]   ok       producao_aps   max_ano=2025
[ORQ 01:31:14]   ok       indicadores_previne max_ano=2025
[ORQ 01:31:14]   ok       qualidade_siaps max_ano=2025
[ORQ 01:31:16]   ok       igdm           max_ano=0
[ORQ 01:31:16]   ok       suas_saldo     max_ano=2025
[ORQ 01:31:17]   ok       pdde_saldo     max_ano=2025
[ORQ 01:31:17]   ok       pnae_agri      max_ano=2025
[ORQ 01:31:18]   ok       barragens      max_ano=2025
[ORQ 01:31:18]   ok       paa            max_ano=2025
[ORQ 01:31:19]   ok       lpg            max_ano=2025
[ORQ 01:31:19]   ok       salic          max_ano=2025
[ORQ 01:31:20]   ok       novopac        max_ano=2025
[ORQ 01:31:20]   ok       censo_corraca  max_ano=2025
[ORQ 01:31:21]   ok       populacao_faixa max_ano=2025
[ORQ 01:31:21]   ok       pib_municipal  max_ano=2025
[ORQ 01:31:22]   ok       idhm           max_ano=2025
[ORQ 01:31:22]   RODA     cemaden        max_ano=2025
[ORQ 01:31:23]   RODA     domicilios     max_ano=2025
[ORQ 01:31:23]   RODA     ranking_tesouro max_ano=2025
[ORQ 01:31:24]   RODA     escola_turmas  max_ano=2025
[ORQ 01:31:24]   RODA     evasao_escolar max_ano=2025
[ORQ 01:31:25]   RODA     cnpj_municipal max_ano=2025
[ORQ 01:31:25]   RODA     alfabetizacao  max_ano=2025
[ORQ 01:31:26]   ok       setores        max_ano=2025
[ORQ 01:31:26]   ok       setores_geo    max_ano=2025
[ORQ 01:31:27]   ok       setores_idade  max_ano=2025
[ORQ 01:31:27]   ok       setores_criancas max_ano=2025
[ORQ 01:31:28]   RODA     museus         max_ano=2025
[ORQ 01:31:29]   ok       ibama_embargos max_ano=0
[ORQ 01:31:31]   ok       quilombos      max_ano=0
[ORQ 01:31:32]   ok       equipamentos_esporte max_ano=0
[ORQ 01:31:32]   ok       censo_especial max_ano=2025
[ORQ 01:31:33]   ok       fundeb_oficial max_ano=2026
[ORQ 01:31:33]   ok       fundeb_parametros max_ano=2026
[ORQ 01:31:34]   ok       indicadores_inep max_ano=2025
[ORQ 01:31:34]   ok       indicadores_inep_escola max_ano=2025
[ORQ 01:31:36]   RODA     rpps_crp       max_ano=0
[ORQ 01:31:37]   ok       cadprev_full   max_ano=0
[ORQ 01:31:39]   ok       crp_alertas    max_ano=0
[ORQ 01:31:40]   ok       siops          max_ano=2025
[ORQ 01:31:40]   ok       compras        max_ano=2026
[ORQ 01:31:41]   ok       contratos      max_ano=2027
[ORQ 01:31:43]   ok       pca            max_ano=0
[ORQ 01:31:43]   ok       processos      max_ano=2025
[ORQ 01:31:43]   ok       itens          max_ano=2025
[ORQ 01:31:45]   ok       catalogo_govbr max_ano=0
[ORQ 01:31:47]   ok       classificacao_itens max_ano=0
[ORQ 01:31:47]   ok       indicadores    max_ano=2024
[ORQ 01:31:48]   ok       geo_entes      max_ano=2025
[ORQ 01:31:49]   ok       transferencias max_ano=0
[ORQ 01:31:50]   ok       cnes           max_ano=2026
[ORQ 01:31:50]   ok       sih            max_ano=2025
[ORQ 01:31:51]   ok       sia            max_ano=2025
[ORQ 01:31:52]   ok       previne        max_ano=0
[ORQ 01:31:54]   ok       indigena       max_ano=0
[ORQ 01:31:54]   ok       fns            max_ano=2026
[ORQ 01:31:55]   ok       cnpj_loc       max_ano=0
[ORQ 01:31:57]   ok       empenhos       max_ano=0
[ORQ 01:31:58]   ok       atas           max_ano=0
[ORQ 01:31:59]   ok       nf             max_ano=0
[ORQ 01:32:00]   ok       iegm           max_ano=2025
[ORQ 01:32:01]   ok       cauc           max_ano=0
[ORQ 01:32:01]   ok       ideb           max_ano=2025
[ORQ 01:32:02]   ok       censo          max_ano=2025
[ORQ 01:32:02]   RODA     programas_transferegov max_ano=2025
[ORQ 01:32:03]   RODA     programas_agil max_ano=2025
[ORQ 01:32:04]   ok       fnde_simad     max_ano=2025
[ORQ 01:32:04]   ok       escolas        max_ano=2025
[ORQ 01:32:05]   ok       cnes_estab     max_ano=2025
[ORQ 01:32:05]   ok       precos_referencia max_ano=2025
[ORQ 01:32:05]   ok       sazonalidade_preco max_ano=2025
[ORQ 01:32:06]   ok       emendas        max_ano=2025
[ORQ 01:32:06]   ok       emendas_exec   max_ano=2026
[ORQ 01:32:07]   ok       siop_acoes     max_ano=2025
[ORQ 01:32:08]   ok       programa_beneficiario max_ano=2025
[ORQ 01:32:08]   ok       programas_federais max_ano=2025
[ORQ 01:32:09]   ok       suas           max_ano=2025
[ORQ 01:32:09]   ok       assistencia_social max_ano=2025
[ORQ 01:32:11]   ok       equipamentos_suas max_ano=0
[ORQ 01:32:12]   ok       equipamentos_endereco max_ano=0
[ORQ 01:32:14]   ok       equipamentos_geo max_ano=0
[ORQ 01:32:15]   RODA     equipamentos_cep max_ano=0
[ORQ 01:32:17]   ok       equipamentos_justica max_ano=0
[ORQ 01:32:18]   ok       precatorios    max_ano=2025
[ORQ 01:32:18]   ok       saneamento     max_ano=2025
[ORQ 01:32:19]   ok       agropecuaria   max_ano=2025
[ORQ 01:32:20]   ok       caf            max_ano=2025
[ORQ 01:32:20]   ok       car            max_ano=2025
[ORQ 01:32:21]   ok       pronaf         max_ano=2025
[ORQ 01:32:22]   ok       bancada        max_ano=2025
[ORQ 01:32:22]   ok       snis           max_ano=2025
[ORQ 01:32:23]   ok       transferencias_stn max_ano=2025
[ORQ 01:32:24]   ok       sancoes        max_ano=2025
[ORQ 01:32:24]   ok       munic          max_ano=2025
[ORQ 01:32:25]   ok       acompanhamento max_ano=2025
[ORQ 01:32:25]   ok       acompanhamento_funcao max_ano=2025
[ORQ 01:32:26]   ok       msc_despesa    max_ano=2025
[ORQ 01:32:27]   ok       precos_compras max_ano=2025
[ORQ 01:32:27]   ok       variacao_interna max_ano=2025
[ORQ 01:32:28]   ok       red_flags      max_ano=2025
[ORQ 01:32:29]   ok       mcmv           max_ano=2025
[ORQ 01:32:29]   ok       cmed           max_ano=2025
[ORQ 01:32:30]   ok       sobrepreco_med max_ano=2025
[ORQ 01:32:30]   ok       convenios      max_ano=2025
[ORQ 01:32:30] → 15 fonte(s) a coletar: bolsa_atleta, estatisticas_vitais, pronaf, cemaden, domicilios, ranking_tesouro, escola_turmas, evasao_escolar, cnpj_municipal, alfabetizacao, museus, rpps_crp, programas_transferegov, programas_agil, equipamentos_cep
[ORQ 01:32:30] ▶ bolsa_atleta (tentativa 1/5)
[ORQ 01:32:31] ▶ estatisticas_vitais (tentativa 1/5)
[ORQ 01:32:31] ▶ pronaf (tentativa 1/5)
[ORQ 01:32:31] ▶ cemaden (tentativa 1/5)
[ORQ 01:32:31] ▶ domicilios (tentativa 1/5)
[ORQ 01:32:31] ▶ ranking_tesouro (tentativa 1/5)
[ORQ 01:32:31] ▶ escola_turmas (tentativa 1/5)
[ORQ 01:32:31] ▶ cnpj_municipal (tentativa 1/5)
[ORQ 01:32:31] ▶ museus (tentativa 1/5)
[ORQ 01:32:31] ▶ rpps_crp (tentativa 1/5)
[ORQ 01:32:31] ▶ programas_transferegov (tentativa 1/5)
[ORQ 01:32:31] ▶ equipamentos_cep (tentativa 1/5)
[ORQ 01:32:33]   escola_turmas: erro(1) — religando em 5s
[ORQ 01:32:33] ✔ equipamentos_cep: ok
[ORQ 01:32:38] ▶ escola_turmas (tentativa 2/5)
[ORQ 01:32:40]   escola_turmas: erro(1) — religando em 5s
[ORQ 01:32:42] ✔ rpps_crp: ok
[ORQ 01:32:45] ▶ escola_turmas (tentativa 3/5)
[ORQ 01:32:47]   escola_turmas: erro(1) — religando em 5s
[ORQ 01:32:52] ▶ escola_turmas (tentativa 4/5)
[ORQ 01:32:53] ✔ bolsa_atleta: ok
[ORQ 01:32:53]   escola_turmas: erro(1) — religando em 5s
[ORQ 01:32:58] ▶ escola_turmas (tentativa 5/5)
[ORQ 01:33:00]   escola_turmas: erro(1) — religando em 5s
[ORQ 01:33:02] ✔ cemaden: ok
[ORQ 01:33:06] ✔ escola_turmas: erro(1)
[ORQ 01:33:06] ▶ evasao_escolar (tentativa 1/5)
[ORQ 01:33:06]   evasao_escolar: erro(1) — religando em 5s
[ORQ 01:33:11] ▶ evasao_escolar (tentativa 2/5)
[ORQ 01:33:11]   evasao_escolar: erro(1) — religando em 5s
[ORQ 01:33:16] ▶ evasao_escolar (tentativa 3/5)
[ORQ 01:33:17]   evasao_escolar: erro(1) — religando em 5s
[ORQ 01:33:20] ✔ domicilios: ok
[ORQ 01:33:20] ▶ alfabetizacao (tentativa 1/5)
[ORQ 01:33:22] ▶ evasao_escolar (tentativa 4/5)
[ORQ 01:33:22]   evasao_escolar: erro(1) — religando em 5s
[ORQ 01:33:27] ▶ evasao_escolar (tentativa 5/5)
[ORQ 01:33:27]   evasao_escolar: erro(1) — religando em 5s
[ORQ 01:33:32] ✔ evasao_escolar: erro(1)
[ORQ 01:34:14] ✔ alfabetizacao: ok
[ORQ 01:35:05] ✔ cnpj_municipal: ok
[ORQ 01:36:28] ✔ programas_transferegov: ok
[ORQ 01:36:28] ▶ programas_agil (tentativa 1/5)
[ORQ 01:36:50] ✔ pronaf: ok
[ORQ 01:37:02] ✔ programas_agil: ok
[ORQ 01:38:15] ✔ ranking_tesouro: ok
[ORQ 01:43:00] ✔ museus: ok
[ORQ 01:50:32] ✔ estatisticas_vitais: ok
[ORQ 01:50:32] validando integridade…
[ORQ 01:50:38] validando separação Estado×município…
[ORQ 01:50:42] varredura de frescor (série histórica + última competência)…
[ORQ 01:51:02] motor de notificações (delta — avisa o que mudou)…
[ORQ 01:51:06] carteiro de notificações (envia se houver SMTP; simula caso contrário)…
[ORQ 01:51:10] carteiro WhatsApp (envia se houver Cloud API; simula caso contrário)…
[ORQ 01:51:11] regenerando documentação…
[ORQ 01:52:54] ciclo concluído.
===== FIM 07/07/2026 22:52:54,91 ===== 
 
===== INICIO 09/07/2026  2:32:19,95 (MODO=run) ===== 
(node:32008) Warning: SECURITY WARNING: The SSL modes 'prefer', 'require', and 'verify-ca' are treated as aliases for 'verify-full'.
In the next major version (pg-connection-string v3.0.0 and pg v9.0.0), these modes will adopt standard libpq semantics, which have weaker security guarantees.

To prepare for this change:
- If you want the current behavior, explicitly use 'sslmode=verify-full'
- If you want libpq compatibility now, use 'uselibpqcompat=true&sslmode=require'

See https://www.postgresql.org/docs/current/libpq-ssl.html for libpq SSL mode definitions.
(Use `node --trace-warnings ...` to show where the warning was created)
[ORQ 05:32:48] MODO=run | ano fechado=2025 | corrente=2026
[ORQ 05:32:49]   ok       financas       max_ano=2025
[ORQ 05:32:49]   ok       metas          max_ano=2025
[ORQ 05:32:50]   ok       desp_subfuncao max_ano=2025
[ORQ 05:32:51]   ok       receitas_det   max_ano=2025
[ORQ 05:32:51]   ok       rreo_const     max_ano=2025
[ORQ 05:32:52]   ok       rgf            max_ano=2025
[ORQ 05:32:53]   ok       rpps           max_ano=2025
[ORQ 05:32:55]   ok       rpps_atuarial  max_ano=0
[ORQ 05:32:55]   ok       pdde           max_ano=2024
[ORQ 05:32:56]   ok       pnld           max_ano=2025
[ORQ 05:32:57]   ok       acesso_financeiro max_ano=0
[ORQ 05:32:59]   ok       estban         max_ano=0
[ORQ 05:32:59]   ok       bndes          max_ano=2026
[ORQ 05:33:00]   ok       cfem           max_ano=2022
[ORQ 05:33:00]   ok       queimadas      max_ano=2026
[ORQ 05:33:01]   ok       anp            max_ano=2021
[ORQ 05:33:01]   RODA     bolsa_atleta   max_ano=2025
[ORQ 05:33:02]   RODA     estatisticas_vitais max_ano=2023
[ORQ 05:33:03]   ok       ans_cobertura  max_ano=2026
[ORQ 05:33:03]   ok       caged          max_ano=2026
[ORQ 05:33:03]   ok       rais           max_ano=2024
[ORQ 05:33:04]   ok       prodes         max_ano=2024
[ORQ 05:33:05]   ok       desastres      max_ano=0
[ORQ 05:33:06]   ok       sinisa         max_ano=2024
[ORQ 05:33:06]   ok       sinan_dengue   max_ano=2025
[ORQ 05:33:08]   ok       aneel_gd       max_ano=0
[ORQ 05:33:09]   ok       anatel_bl      max_ano=0
[ORQ 05:33:10]   ok       senatran_frota max_ano=2025
[ORQ 05:33:10]   ok       pronaf         max_ano=2025
[ORQ 05:33:12]   ok       ibama_autos    max_ano=0
[ORQ 05:33:13]   ok       sinesp         max_ano=0
[ORQ 05:33:15]   ok       incra_assentamentos max_ano=0
[ORQ 05:33:16]   ok       icmbio_uc      max_ano=0
[ORQ 05:33:18]   ok       ana_outorgas   max_ano=0
[ORQ 05:33:19]   ok       ibge_producao  max_ano=0
[ORQ 05:33:20]   ok       arboviroses    max_ano=2025
[ORQ 05:33:20]   ok       datatran       max_ano=2025
[ORQ 05:33:21]   ok       anp_vendas     max_ano=2024
[ORQ 05:33:22]   ok       capag          max_ano=0
[ORQ 05:33:23]   ok       rfb_arrecadacao max_ano=2025
[ORQ 05:33:23]   ok       sim            max_ano=2024
[ORQ 05:33:25]   ok       sia_producao   max_ano=0
[ORQ 05:33:26]   ok       medicamentos_alto_custo max_ano=0
[ORQ 05:33:27]   ok       cnes_equipes   max_ano=2024
[ORQ 05:33:27]   ok       cnes_equipamentos max_ano=2024
[ORQ 05:33:28]   ok       cnes_leitos    max_ano=2024
[ORQ 05:33:28]   ok       cnes_profissionais max_ano=2024
[ORQ 05:33:30]   ok       apac           max_ano=0
[ORQ 05:33:31]   ok       raas_saude_mental max_ano=0
[ORQ 05:33:32]   ok       cobertura_vacinal max_ano=2026
[ORQ 05:33:32]   ok       sinan_agravos  max_ano=2024
[ORQ 05:33:33]   ok       sinasc         max_ano=2022
[ORQ 05:33:33]   ok       sih            max_ano=2025
[ORQ 05:33:34]   ok       producao_aps   max_ano=2025
[ORQ 05:33:34]   ok       indicadores_previne max_ano=2025
[ORQ 05:33:35]   ok       qualidade_siaps max_ano=2025
[ORQ 05:33:36]   ok       igdm           max_ano=0
[ORQ 05:33:37]   ok       suas_saldo     max_ano=2025
[ORQ 05:33:38]   ok       pdde_saldo     max_ano=2025
[ORQ 05:33:39]   ok       pnae_agri      max_ano=2025
[ORQ 05:33:39]   ok       barragens      max_ano=2025
[ORQ 05:33:40]   ok       paa            max_ano=2025
[ORQ 05:33:40]   ok       lpg            max_ano=2025
[ORQ 05:33:41]   ok       salic          max_ano=2025
[ORQ 05:33:41]   ok       novopac        max_ano=2025
[ORQ 05:33:41]   ok       censo_corraca  max_ano=2025
[ORQ 05:33:42]   ok       populacao_faixa max_ano=2025
[ORQ 05:33:42]   ok       pib_municipal  max_ano=2025
[ORQ 05:33:43]   ok       idhm           max_ano=2025
[ORQ 05:33:43]   ok       cemaden        max_ano=2025
[ORQ 05:33:44]   ok       domicilios     max_ano=2025
[ORQ 05:33:44]   ok       ranking_tesouro max_ano=2025
[ORQ 05:33:45]   ok       escola_turmas  max_ano=2025
[ORQ 05:33:45]   ok       evasao_escolar max_ano=2025
[ORQ 05:33:46]   ok       cnpj_municipal max_ano=2025
[ORQ 05:33:46]   RODA     transferencias_cgu max_ano=2025
[ORQ 05:33:47]   ok       alfabetizacao  max_ano=2025
[ORQ 05:33:47]   ok       setores        max_ano=2025
[ORQ 05:33:48]   ok       setores_geo    max_ano=2025
[ORQ 05:33:48]   ok       setores_idade  max_ano=2025
[ORQ 05:33:49]   ok       setores_criancas max_ano=2025
[ORQ 05:33:49]   ok       museus         max_ano=2025
[ORQ 05:33:51]   ok       ibama_embargos max_ano=0
[ORQ 05:33:52]   ok       quilombos      max_ano=0
[ORQ 05:33:54]   ok       equipamentos_esporte max_ano=0
[ORQ 05:33:54]   ok       censo_especial max_ano=2025
[ORQ 05:33:55]   ok       fundeb_oficial max_ano=2026
[ORQ 05:33:55]   ok       fundeb_parametros max_ano=2026
[ORQ 05:33:56]   ok       indicadores_inep max_ano=2025
[ORQ 05:33:56]   ok       indicadores_inep_escola max_ano=2025
[ORQ 05:33:58]   ok       rpps_crp       max_ano=0
[ORQ 05:33:59]   ok       cadprev_full   max_ano=0
[ORQ 05:34:01]   RODA     crp_alertas    max_ano=0
[ORQ 05:34:01]   ok       siops          max_ano=2025
[ORQ 05:34:02]   ok       compras        max_ano=2026
[ORQ 05:34:05]   ok       contratos      max_ano=2027
[ORQ 05:34:07]   ok       pca            max_ano=0
[ORQ 05:34:07]   ok       processos      max_ano=2025
[ORQ 05:34:08]   ok       itens          max_ano=2025
[ORQ 05:34:09]   ok       catalogo_govbr max_ano=0
[ORQ 05:34:11]   ok       classificacao_itens max_ano=0
[ORQ 05:34:11]   ok       indicadores    max_ano=2024
[ORQ 05:34:12]   ok       geo_entes      max_ano=2025
[ORQ 05:34:14]   ok       transferencias max_ano=0
[ORQ 05:34:14]   ok       cnes           max_ano=2026
[ORQ 05:34:15]   ok       sih            max_ano=2025
[ORQ 05:34:15]   ok       sia            max_ano=2025
[ORQ 05:34:16]   ok       previne        max_ano=0
[ORQ 05:34:18]   ok       indigena       max_ano=0
[ORQ 05:34:18]   ok       fns            max_ano=2026
[ORQ 05:34:20]   ok       cnpj_loc       max_ano=0
[ORQ 05:34:21]   ok       empenhos       max_ano=0
[ORQ 05:34:23]   ok       atas           max_ano=0
[ORQ 05:34:23]   ok       nf             max_ano=0
[ORQ 05:34:24]   ok       iegm           max_ano=2025
[ORQ 05:34:25]   ok       cauc           max_ano=0
[ORQ 05:34:26]   ok       ideb           max_ano=2025
[ORQ 05:34:26]   ok       censo          max_ano=2025
[ORQ 05:34:27]   RODA     programas_transferegov max_ano=2025
[ORQ 05:34:28]   RODA     programas_agil max_ano=2025
[ORQ 05:34:28]   ok       fnde_simad     max_ano=2025
[ORQ 05:34:29]   ok       escolas        max_ano=2025
[ORQ 05:34:29]   ok       cnes_estab     max_ano=2025
[ORQ 05:34:30]   ok       precos_referencia max_ano=2025
[ORQ 05:34:30]   ok       sazonalidade_preco max_ano=2025
[ORQ 05:34:31]   ok       emendas        max_ano=2025
[ORQ 05:34:31]   ok       emendas_exec   max_ano=2026
[ORQ 05:34:32]   ok       siop_acoes     max_ano=2025
[ORQ 05:34:32]   ok       programa_beneficiario max_ano=2025
[ORQ 05:34:33]   ok       programas_federais max_ano=2025
[ORQ 05:34:33]   ok       suas           max_ano=2025
[ORQ 05:34:34]   ok       assistencia_social max_ano=2025
[ORQ 05:34:35]   ok       equipamentos_suas max_ano=0
[ORQ 05:34:37]   ok       equipamentos_endereco max_ano=0
[ORQ 05:34:39]   ok       equipamentos_geo max_ano=0
[ORQ 05:34:40]   RODA     equipamentos_cep max_ano=0
[ORQ 05:34:42]   ok       equipamentos_justica max_ano=0
[ORQ 05:34:43]   ok       precatorios    max_ano=2025
[ORQ 05:34:43]   ok       saneamento     max_ano=2025
[ORQ 05:34:44]   ok       agropecuaria   max_ano=2025
[ORQ 05:34:45]   ok       caf            max_ano=2025
[ORQ 05:34:45]   ok       car            max_ano=2025
[ORQ 05:34:46]   ok       pronaf         max_ano=2025
[ORQ 05:34:47]   ok       bancada        max_ano=2025
[ORQ 05:34:48]   ok       snis           max_ano=2025
[ORQ 05:34:49]   ok       transferencias_stn max_ano=2025
[ORQ 05:34:50]   ok       sancoes        max_ano=2025
[ORQ 05:34:50]   ok       munic          max_ano=2025
[ORQ 05:34:51]   ok       acompanhamento max_ano=2025
[ORQ 05:34:52]   ok       acompanhamento_funcao max_ano=2025
[ORQ 05:34:52]   ok       msc_despesa    max_ano=2025
[ORQ 05:34:53]   ok       precos_compras max_ano=2025
[ORQ 05:34:54]   ok       variacao_interna max_ano=2025
[ORQ 05:34:54]   ok       red_flags      max_ano=2025
[ORQ 05:34:55]   ok       mcmv           max_ano=2025
[ORQ 05:34:56]   ok       cmed           max_ano=2025
[ORQ 05:34:56]   ok       sobrepreco_med max_ano=2025
[ORQ 05:34:57]   ok       convenios      max_ano=2025
[ORQ 05:34:57] → 7 fonte(s) a coletar: bolsa_atleta, estatisticas_vitais, transferencias_cgu, crp_alertas, programas_transferegov, programas_agil, equipamentos_cep
[ORQ 05:34:57] ▶ bolsa_atleta (tentativa 1/5)
[ORQ 05:34:57] ▶ estatisticas_vitais (tentativa 1/5)
[ORQ 05:34:57] ▶ transferencias_cgu (tentativa 1/5)
[ORQ 05:34:57] ▶ crp_alertas (tentativa 1/5)
[ORQ 05:34:57] ▶ programas_transferegov (tentativa 1/5)
[ORQ 05:34:57] ▶ equipamentos_cep (tentativa 1/5)
[ORQ 05:35:00] ✔ equipamentos_cep: ok
[ORQ 05:35:00]   transferencias_cgu: erro(1) — religando em 5s
[ORQ 05:35:05] ▶ transferencias_cgu (tentativa 2/5)
[ORQ 05:35:07]   transferencias_cgu: erro(1) — religando em 5s
[ORQ 06:05:07] ▶ transferencias_cgu (tentativa 3/5)
[ORQ 12:18:26]   bolsa_atleta: erro(1) — religando em 5s
[ORQ 12:18:27]   transferencias_cgu: erro(1) — religando em 5s
[ORQ 13:44:49] ▶ bolsa_atleta (tentativa 2/5)
[ORQ 13:44:49] ▶ transferencias_cgu (tentativa 4/5)
[ORQ 13:44:49] !! programas_transferegov ESTAGNADO (5183s) — matando e religando
[ORQ 13:44:50] !! estatisticas_vitais ESTAGNADO (5183s) — matando e religando
[ORQ 13:44:50] !! crp_alertas ESTAGNADO (5184s) — matando e religando
[ORQ 13:44:50]   programas_transferegov: retry — religando em 5s
[ORQ 13:44:50]   estatisticas_vitais: retry — religando em 5s
[ORQ 13:44:50]   crp_alertas: retry — religando em 5s
[ORQ 13:44:50]   transferencias_cgu: erro(1) — religando em 5s
[ORQ 13:44:50]   bolsa_atleta: erro(1) — religando em 5s
[ORQ 13:44:55] ▶ programas_transferegov (tentativa 2/5)
[ORQ 13:44:55] ▶ estatisticas_vitais (tentativa 2/5)
[ORQ 13:44:55] ▶ crp_alertas (tentativa 2/5)
[ORQ 13:44:55] ▶ transferencias_cgu (tentativa 5/5)
[ORQ 13:44:55] ▶ bolsa_atleta (tentativa 3/5)
[ORQ 13:44:55]   programas_transferegov: erro(1) — religando em 5s
[ORQ 13:44:55]   transferencias_cgu: erro(1) — religando em 5s
[ORQ 13:44:55]   bolsa_atleta: erro(1) — religando em 5s
[ORQ 13:45:00] ▶ programas_transferegov (tentativa 3/5)
[ORQ 13:45:00] ✔ transferencias_cgu: erro(1)
[ORQ 13:45:00]   programas_transferegov: erro(1) — religando em 5s
[ORQ 13:45:00] ▶ bolsa_atleta (tentativa 4/5)
[ORQ 13:45:01]   bolsa_atleta: erro(1) — religando em 5s
[ORQ 13:45:05] ▶ programas_transferegov (tentativa 4/5)
[ORQ 13:45:06] ▶ bolsa_atleta (tentativa 5/5)
[ORQ 13:45:06]   programas_transferegov: erro(1) — religando em 5s
[ORQ 13:45:06]   bolsa_atleta: erro(1) — religando em 5s
[ORQ 13:45:11] ▶ programas_transferegov (tentativa 5/5)
[ORQ 13:45:11]   programas_transferegov: erro(1) — religando em 5s
[ORQ 13:45:11] ✔ bolsa_atleta: erro(1)
[ORQ 13:45:16] ✔ programas_transferegov: erro(1)
[ORQ 13:45:16] ▶ programas_agil (tentativa 1/5)
[ORQ 13:45:16]   crp_alertas: erro(1) — religando em 5s
[ORQ 13:45:16]   programas_agil: erro(1) — religando em 5s
[ORQ 13:45:21] ▶ crp_alertas (tentativa 3/5)
[ORQ 13:45:21] ▶ programas_agil (tentativa 2/5)
[ORQ 13:45:22]   programas_agil: erro(1) — religando em 5s
[ORQ 13:45:27] ▶ programas_agil (tentativa 3/5)
[ORQ 13:45:27]   programas_agil: erro(1) — religando em 5s
[ORQ 13:45:32] ▶ programas_agil (tentativa 4/5)
[ORQ 13:45:32]   programas_agil: erro(1) — religando em 5s
[ORQ 13:45:37] ▶ programas_agil (tentativa 5/5)
[ORQ 13:45:37]   programas_agil: erro(1) — religando em 5s
[ORQ 13:45:42] ✔ programas_agil: erro(1)
[ORQ 13:45:43]   crp_alertas: erro(1) — religando em 5s
[ORQ 13:45:48] ▶ crp_alertas (tentativa 4/5)
[ORQ 13:46:09]   crp_alertas: erro(1) — religando em 5s
[ORQ 13:46:14] ▶ crp_alertas (tentativa 5/5)
[ORQ 13:46:35]   crp_alertas: erro(1) — religando em 5s
[ORQ 13:46:40] ✔ crp_alertas: erro(1)
[ORQ 13:47:02]   estatisticas_vitais: erro(1) — religando em 5s
[ORQ 13:47:07] ▶ estatisticas_vitais (tentativa 3/5)
[ORQ 13:55:41] ✔ estatisticas_vitais: ok
[ORQ 13:55:41] validando integridade…
[ORQ 13:55:47] validando separação Estado×município…
[ORQ 13:55:52] varredura de frescor (série histórica + última competência)…
[ORQ 13:56:14] motor de notificações (delta — avisa o que mudou)…
[ORQ 13:56:18] carteiro de notificações (envia se houver SMTP; simula caso contrário)…
[ORQ 13:56:21] carteiro WhatsApp (envia se houver Cloud API; simula caso contrário)…
[ORQ 13:56:22] regenerando documentação…
[ORQ 13:58:02] ciclo concluído.
 
===== INICIO 09/07/2026 22:31:39,05 (MODO=run) ===== 
(node:26408) Warning: SECURITY WARNING: The SSL modes 'prefer', 'require', and 'verify-ca' are treated as aliases for 'verify-full'.
In the next major version (pg-connection-string v3.0.0 and pg v9.0.0), these modes will adopt standard libpq semantics, which have weaker security guarantees.

To prepare for this change:
- If you want the current behavior, explicitly use 'sslmode=verify-full'
- If you want libpq compatibility now, use 'uselibpqcompat=true&sslmode=require'

See https://www.postgresql.org/docs/current/libpq-ssl.html for libpq SSL mode definitions.
(Use `node --trace-warnings ...` to show where the warning was created)
[ORQ 01:37:12] MODO=run | ano fechado=2025 | corrente=2026
[ORQ 01:37:13]   ok       financas       max_ano=2025
[ORQ 01:37:14]   ok       metas          max_ano=2025
[ORQ 01:37:15]   ok       desp_subfuncao max_ano=2025
[ORQ 01:37:18]   ok       receitas_det   max_ano=2025
[ORQ 01:37:18]   ok       rreo_const     max_ano=2025
[ORQ 01:37:19]   ok       rgf            max_ano=2025
[ORQ 01:37:21]   ok       rpps           max_ano=2025
[ORQ 01:37:28]   ok       rpps_atuarial  max_ano=0
[ORQ 01:37:28]   ok       pdde           max_ano=2024
[ORQ 01:37:29]   ok       pnld           max_ano=2025
[ORQ 01:37:40]   ok       acesso_financeiro max_ano=0
[ORQ 01:37:44]   ok       estban         max_ano=0
[ORQ 01:37:45]   ok       bndes          max_ano=2026
[ORQ 01:37:45]   ok       cfem           max_ano=2022
[ORQ 01:37:46]   ok       queimadas      max_ano=2026
[ORQ 01:37:46]   ok       anp            max_ano=2021
[ORQ 01:37:47]   RODA     bolsa_atleta   max_ano=2025
[ORQ 01:37:48]   RODA     estatisticas_vitais max_ano=2023
[ORQ 01:37:48]   ok       ans_cobertura  max_ano=2026
[ORQ 01:37:49]   ok       caged          max_ano=2026
[ORQ 01:37:49]   ok       rais           max_ano=2024
[ORQ 01:37:49]   ok       prodes         max_ano=2024
[ORQ 01:38:15]   ok       desastres      max_ano=0
[ORQ 01:38:20]   ok       sinisa         max_ano=2024
[ORQ 01:38:21]   ok       sinan_dengue   max_ano=2025
[ORQ 01:38:39] ERRO FATAL: Error: Connection terminated unexpectedly
===== FIM 09/07/2026 22:38:48,02 ===== 
 
===== INICIO 12/07/2026 15:13:40,25 (MODO=run) ===== 
(node:8820) Warning: SECURITY WARNING: The SSL modes 'prefer', 'require', and 'verify-ca' are treated as aliases for 'verify-full'.
In the next major version (pg-connection-string v3.0.0 and pg v9.0.0), these modes will adopt standard libpq semantics, which have weaker security guarantees.

To prepare for this change:
- If you want the current behavior, explicitly use 'sslmode=verify-full'
- If you want libpq compatibility now, use 'uselibpqcompat=true&sslmode=require'

See https://www.postgresql.org/docs/current/libpq-ssl.html for libpq SSL mode definitions.
(Use `node --trace-warnings ...` to show where the warning was created)
^C 
===== INICIO 12/07/2026 22:30:02,00 (MODO=run) ===== 
(node:33888) Warning: SECURITY WARNING: The SSL modes 'prefer', 'require', and 'verify-ca' are treated as aliases for 'verify-full'.
In the next major version (pg-connection-string v3.0.0 and pg v9.0.0), these modes will adopt standard libpq semantics, which have weaker security guarantees.

To prepare for this change:
- If you want the current behavior, explicitly use 'sslmode=verify-full'
- If you want libpq compatibility now, use 'uselibpqcompat=true&sslmode=require'

See https://www.postgresql.org/docs/current/libpq-ssl.html for libpq SSL mode definitions.
(Use `node --trace-warnings ...` to show where the warning was created)
[ORQ 01:30:33] MODO=run | ano fechado=2025 | corrente=2026
[ORQ 01:30:34]   ok       financas       max_ano=2025
[ORQ 01:30:35]   ok       metas          max_ano=2025
[ORQ 01:30:35]   ok       desp_subfuncao max_ano=2025
[ORQ 01:30:36]   ok       receitas_det   max_ano=2025
[ORQ 01:30:37]   ok       rreo_const     max_ano=2025
[ORQ 01:30:37]   ok       rgf            max_ano=2025
[ORQ 01:30:38]   ok       rpps           max_ano=2025
[ORQ 01:30:40]   ok       rpps_atuarial  max_ano=0
[ORQ 01:30:40]   ok       pdde           max_ano=2024
[ORQ 01:30:41]   ok       pnld           max_ano=2025
[ORQ 01:30:42]   ok       acesso_financeiro max_ano=0
[ORQ 01:30:44]   ok       estban         max_ano=0
[ORQ 01:30:44]   ok       bndes          max_ano=2026
[ORQ 01:30:45]   ok       cfem           max_ano=2022
[ORQ 01:30:45]   ok       queimadas      max_ano=2026
[ORQ 01:30:46]   ok       anp            max_ano=2021
[ORQ 01:30:47]   RODA     bolsa_atleta   max_ano=2025
[ORQ 01:30:47]   RODA     estatisticas_vitais max_ano=2023
[ORQ 01:30:48]   ok       ans_cobertura  max_ano=2026
[ORQ 01:30:48]   ok       caged          max_ano=2026
[ORQ 01:30:49]   ok       rais           max_ano=2024
[ORQ 01:30:49]   ok       prodes         max_ano=2024
[ORQ 01:30:51]   ok       desastres      max_ano=0
[ORQ 01:30:52]   ok       sinisa         max_ano=2024
[ORQ 01:30:52]   ok       sinan_dengue   max_ano=2025
[ORQ 01:30:54]   ok       aneel_gd       max_ano=0
[ORQ 01:30:56]   ok       anatel_bl      max_ano=0
[ORQ 01:30:57]   ok       senatran_frota max_ano=2025
[ORQ 01:30:57]   RODA     pronaf         max_ano=2025
[ORQ 01:30:59]   ok       ibama_autos    max_ano=0
[ORQ 01:31:01]   ok       sinesp         max_ano=0
[ORQ 01:31:03]   ok       incra_assentamentos max_ano=0
[ORQ 01:31:04]   ok       icmbio_uc      max_ano=0
[ORQ 01:31:06]   ok       ana_outorgas   max_ano=0
[ORQ 01:31:07]   ok       ibge_producao  max_ano=0
[ORQ 01:31:08]   ok       arboviroses    max_ano=2025
[ORQ 01:31:09]   ok       datatran       max_ano=2025
[ORQ 01:31:09]   ok       anp_vendas     max_ano=2024
[ORQ 01:31:11]   ok       capag          max_ano=0
[ORQ 01:31:11]   ok       rfb_arrecadacao max_ano=2025
[ORQ 01:31:12]   ok       sim            max_ano=2024
[ORQ 01:31:13]   ok       sia_producao   max_ano=0
[ORQ 01:31:15]   ok       medicamentos_alto_custo max_ano=0
[ORQ 01:31:16]   ok       cnes_equipes   max_ano=2024
[ORQ 01:31:16]   ok       cnes_equipamentos max_ano=2024
[ORQ 01:31:17]   ok       cnes_leitos    max_ano=2024
[ORQ 01:31:17]   ok       cnes_profissionais max_ano=2024
[ORQ 01:31:19]   ok       apac           max_ano=0
[ORQ 01:31:21]   ok       raas_saude_mental max_ano=0
[ORQ 01:31:22]   ok       cobertura_vacinal max_ano=2026
[ORQ 01:31:23]   ok       sinan_agravos  max_ano=2024
[ORQ 01:31:23]   ok       sinasc         max_ano=2022
[ORQ 01:31:24]   ok       sih            max_ano=2025
[ORQ 01:31:25]   ok       producao_aps   max_ano=2025
[ORQ 01:31:25]   ok       indicadores_previne max_ano=2025
[ORQ 01:31:26]   ok       qualidade_siaps max_ano=2025
[ORQ 01:31:28]   ok       igdm           max_ano=0
[ORQ 01:31:29]   ok       suas_saldo     max_ano=2025
[ORQ 01:31:29]   ok       pdde_saldo     max_ano=2025
[ORQ 01:31:30]   ok       pnae_agri      max_ano=2025
[ORQ 01:31:30]   ok       barragens      max_ano=2025
[ORQ 01:31:31]   ok       paa            max_ano=2025
[ORQ 01:31:31]   ok       lpg            max_ano=2025
[ORQ 01:31:32]   ok       salic          max_ano=2025
[ORQ 01:31:32]   RODA     obras          max_ano=2025
[ORQ 01:31:33]   ok       novopac        max_ano=2025
[ORQ 01:31:33]   ok       censo_corraca  max_ano=2025
[ORQ 01:31:34]   ok       populacao_faixa max_ano=2025
[ORQ 01:31:35]   ok       pib_municipal  max_ano=2025
[ORQ 01:31:35]   ok       idhm           max_ano=2025
[ORQ 01:31:36]   ok       cemaden        max_ano=2025
[ORQ 01:31:36]   ok       domicilios     max_ano=2025
[ORQ 01:31:37]   ok       ranking_tesouro max_ano=2025
[ORQ 01:31:37]   ok       escola_turmas  max_ano=2025
[ORQ 01:31:38]   ok       evasao_escolar max_ano=2025
[ORQ 01:31:38]   RODA     salario_educacao max_ano=2025
[ORQ 01:31:39]   RODA     saeb           max_ano=2025
[ORQ 01:31:39]   ok       cnpj_municipal max_ano=2025
[ORQ 01:31:40]   ok       transferencias_cgu max_ano=2025
[ORQ 01:31:40]   ok       alfabetizacao  max_ano=2025
[ORQ 01:31:41]   ok       setores        max_ano=2025
[ORQ 01:31:41]   ok       setores_geo    max_ano=2025
[ORQ 01:31:42]   ok       setores_idade  max_ano=2025
[ORQ 01:31:42]   ok       setores_criancas max_ano=2025
[ORQ 01:31:43]   ok       museus         max_ano=2025
[ORQ 01:31:44]   ok       ibama_embargos max_ano=0
[ORQ 01:31:46]   ok       quilombos      max_ano=0
[ORQ 01:31:47]   ok       equipamentos_esporte max_ano=0
[ORQ 01:31:48]   ok       censo_especial max_ano=2025
[ORQ 01:31:48]   ok       fundeb_oficial max_ano=2026
[ORQ 01:31:49]   ok       fundeb_parametros max_ano=2026
[ORQ 01:31:50]   ok       indicadores_inep max_ano=2025
[ORQ 01:31:50]   ok       indicadores_inep_escola max_ano=2025
[ORQ 01:31:52]   ok       rpps_crp       max_ano=0
[ORQ 01:31:53]   ok       cadprev_full   max_ano=0
[ORQ 01:31:55]   RODA     crp_alertas    max_ano=0
[ORQ 01:31:56]   ok       siops          max_ano=2025
[ORQ 01:31:57]   ok       compras        max_ano=2026
[ORQ 01:31:58]   ok       contratos      max_ano=2027
[ORQ 01:32:00]   ok       pca            max_ano=0
[ORQ 01:32:00]   RODA     processos      max_ano=2025
[ORQ 01:32:01]   RODA     itens          max_ano=2025
[ORQ 01:32:02]   ok       catalogo_govbr max_ano=0
[ORQ 01:32:04]   ok       classificacao_itens max_ano=0
[ORQ 01:32:05]   ok       indicadores    max_ano=2024
[ORQ 01:32:05]   ok       geo_entes      max_ano=2025
[ORQ 01:32:07]   ok       transferencias max_ano=0
[ORQ 01:32:07]   ok       cnes           max_ano=2026
[ORQ 01:32:08]   ok       sih            max_ano=2025
[ORQ 01:32:08]   ok       sia            max_ano=2025
[ORQ 01:32:10]   ok       previne        max_ano=0
[ORQ 01:32:12]   ok       indigena       max_ano=0
[ORQ 01:32:12]   ok       fns            max_ano=2026
[ORQ 01:32:14]   RODA     cnpj_loc       max_ano=0
[ORQ 01:32:15]   ok       empenhos       max_ano=0
[ORQ 01:32:17]   RODA     atas           max_ano=0
[ORQ 01:32:17]   ok       nf             max_ano=0
[ORQ 01:32:18]   ok       iegm           max_ano=2025
[ORQ 01:32:20]   RODA     cauc           max_ano=0
[ORQ 01:32:20]   ok       ideb           max_ano=2025
[ORQ 01:32:21]   ok       censo          max_ano=2025
[ORQ 01:32:21]   RODA     programas_transferegov max_ano=2025
[ORQ 01:32:22]   RODA     programas_agil max_ano=2025
[ORQ 01:32:22]   ok       fnde_simad     max_ano=2025
[ORQ 01:32:23]   ok       escolas        max_ano=2025
[ORQ 01:32:24]   ok       cnes_estab     max_ano=2025
[ORQ 01:32:24]   ok       precos_referencia max_ano=2025
[ORQ 01:32:25]   ok       sazonalidade_preco max_ano=2025
[ORQ 01:32:25]   ok       emendas        max_ano=2025
[ORQ 01:32:26]   RODA     emendas_exec   max_ano=2026
[ORQ 01:32:27]   ok       siop_acoes     max_ano=2025
[ORQ 01:32:28]   RODA     programa_beneficiario max_ano=2025
[ORQ 01:32:28]   ok       programas_federais max_ano=2025
[ORQ 01:32:29]   ok       suas           max_ano=2025
[ORQ 01:32:29]   ok       assistencia_social max_ano=2025
[ORQ 01:32:31]   ok       equipamentos_suas max_ano=0
[ORQ 01:32:33]   ok       equipamentos_endereco max_ano=0
[ORQ 01:32:34]   ok       equipamentos_geo max_ano=0
[ORQ 01:32:36]   RODA     equipamentos_cep max_ano=0
[ORQ 01:32:38]   ok       equipamentos_justica max_ano=0
[ORQ 01:32:38]   ok       precatorios    max_ano=2025
[ORQ 01:32:39]   ok       saneamento     max_ano=2025
[ORQ 01:32:40]   ok       agropecuaria   max_ano=2025
[ORQ 01:32:40]   ok       caf            max_ano=2025
[ORQ 01:32:41]   ok       car            max_ano=2025
[ORQ 01:32:42]   ok       pronaf         max_ano=2025
[ORQ 01:32:42]   ok       bancada        max_ano=2025
[ORQ 01:32:43]   ok       snis           max_ano=2025
[ORQ 01:32:44]   ok       transferencias_stn max_ano=2025
[ORQ 01:32:45]   RODA     sancoes        max_ano=2025
[ORQ 01:32:45]   ok       munic          max_ano=2025
[ORQ 01:32:46]   ok       acompanhamento max_ano=2025
[ORQ 01:32:47]   ok       acompanhamento_funcao max_ano=2025
[ORQ 01:32:47]   ok       msc_despesa    max_ano=2025
[ORQ 01:32:48]   ok       precos_compras max_ano=2025
[ORQ 01:32:49]   ok       apresentacao_rotulo max_ano=2025
[ORQ 01:32:49]   ok       apresentacao_desc max_ano=2025
[ORQ 01:32:50]   ok       apresentacao_llm max_ano=2025
[ORQ 01:32:51]   ok       precos_basica  max_ano=2025
[ORQ 01:32:51]   ok       mislabel_unidade max_ano=2025
[ORQ 01:32:52]   RODA     precos_nacional max_ano=2025
[ORQ 01:32:53]   RODA     sobrepreco_nacional max_ano=2025
[ORQ 01:32:54]   ok       variacao_interna max_ano=2025
[ORQ 01:32:54]   ok       red_flags      max_ano=2025
[ORQ 01:32:56]   ok       mcmv           max_ano=2025
[ORQ 01:32:56]   ok       cmed           max_ano=2025
[ORQ 01:32:57]   ok       sobrepreco_med max_ano=2025
[ORQ 01:32:58]   ok       convenios      max_ano=2025
[ORQ 01:32:58] → 20 fonte(s) a coletar: bolsa_atleta, estatisticas_vitais, pronaf, obras, salario_educacao, saeb, crp_alertas, processos, itens, cnpj_loc, atas, cauc, programas_transferegov, programas_agil, emendas_exec, programa_beneficiario, equipamentos_cep, sancoes, precos_nacional, sobrepreco_nacional
[ORQ 01:32:58] ▶ bolsa_atleta (tentativa 1/5)
[ORQ 01:32:58] ▶ estatisticas_vitais (tentativa 1/5)
[ORQ 01:32:58] ▶ pronaf (tentativa 1/5)
[ORQ 01:32:58] ▶ obras (tentativa 1/5)
[ORQ 01:32:58] ▶ salario_educacao (tentativa 1/5)
[ORQ 01:32:58] ▶ saeb (tentativa 1/5)
[ORQ 01:32:58] ▶ crp_alertas (tentativa 1/5)
[ORQ 01:32:58] ▶ processos (tentativa 1/5)
[ORQ 01:32:58] ▶ cnpj_loc (tentativa 1/5)
[ORQ 01:32:58] ▶ cauc (tentativa 1/5)
[ORQ 01:32:58] ▶ programas_transferegov (tentativa 1/5)
[ORQ 01:32:58] ▶ equipamentos_cep (tentativa 1/5)
[ORQ 01:32:58] ▶ sancoes (tentativa 1/5)
[ORQ 01:32:58] ▶ precos_nacional (tentativa 1/5)
[ORQ 01:32:58] ▶ sobrepreco_nacional (tentativa 1/5)
[ORQ 01:33:02] ✔ equipamentos_cep: ok
[ORQ 01:33:26] ✔ bolsa_atleta: ok
[ORQ 01:33:29]   sobrepreco_nacional: erro(1) — religando em 5s
[ORQ 01:33:34] ▶ sobrepreco_nacional (tentativa 2/5)
[ORQ 01:33:57]   sobrepreco_nacional: erro(1) — religando em 5s
[ORQ 01:34:00] ✔ crp_alertas: ok
[ORQ 01:34:02] ▶ sobrepreco_nacional (tentativa 3/5)
[ORQ 01:34:26]   sobrepreco_nacional: erro(1) — religando em 5s
[ORQ 01:34:31] ▶ sobrepreco_nacional (tentativa 4/5)
[ORQ 01:34:33]   sobrepreco_nacional: erro(1) — religando em 5s
[ORQ 01:34:38] ▶ sobrepreco_nacional (tentativa 5/5)
[ORQ 01:34:52] ✔ cauc: ok
[ORQ 01:35:00]   sobrepreco_nacional: erro(1) — religando em 5s
[ORQ 01:35:05] ✔ sobrepreco_nacional: erro(1)
[ORQ 01:36:25] ✔ pronaf: ok
[ORQ 01:36:38] ✔ cnpj_loc: ok
[ORQ 01:37:27] ✔ programas_transferegov: ok
[ORQ 01:37:27] ▶ programas_agil (tentativa 1/5)
[ORQ 01:38:02] ✔ programas_agil: ok
[ORQ 01:38:02] ▶ emendas_exec (tentativa 1/5)
[ORQ 01:38:05] ✔ emendas_exec: ok
[ORQ 01:38:05] ▶ programa_beneficiario (tentativa 1/5)
[ORQ 01:42:55] ✔ programa_beneficiario: ok
[ORQ 01:50:41] ✔ salario_educacao: ok
[ORQ 01:52:10] ✔ estatisticas_vitais: ok
[ORQ 01:54:00] !! obras ESTAGNADO (1200s) — matando e religando
[ORQ 01:54:00] !! saeb ESTAGNADO (1201s) — matando e religando
[ORQ 01:54:01]   obras: retry — religando em 5s
[ORQ 01:54:01] !! processos ESTAGNADO (1202s) — matando e religando
[ORQ 01:54:02]   saeb: retry — religando em 5s
[ORQ 01:54:02]   processos: retry — religando em 5s
[ORQ 01:54:06] ▶ obras (tentativa 2/5)
[ORQ 01:54:07] ▶ saeb (tentativa 2/5)
[ORQ 01:54:07] ▶ processos (tentativa 2/5)
[ORQ 02:00:49] ✔ precos_nacional: ok
[ORQ 02:15:07] !! obras ESTAGNADO (1200s) — matando e religando
[ORQ 02:15:07]   obras: retry — religando em 5s
[ORQ 02:15:08] !! saeb ESTAGNADO (1202s) — matando e religando
[ORQ 02:15:09] !! processos ESTAGNADO (1201s) — matando e religando
[ORQ 02:15:10]   saeb: retry — religando em 5s
[ORQ 02:15:10]   processos: retry — religando em 5s
[ORQ 02:15:12] ▶ obras (tentativa 3/5)
[ORQ 02:15:15] ▶ saeb (tentativa 3/5)
[ORQ 02:15:15] ▶ processos (tentativa 3/5)
[ORQ 02:36:14] !! obras ESTAGNADO (1200s) — matando e religando
[ORQ 02:36:15]   obras: retry — religando em 5s
[ORQ 02:36:15] !! saeb ESTAGNADO (1200s) — matando e religando
[ORQ 02:36:16]   saeb: retry — religando em 5s
[ORQ 02:36:17] !! processos ESTAGNADO (1201s) — matando e religando
[ORQ 02:36:17]   processos: retry — religando em 5s
[ORQ 02:36:20] ▶ obras (tentativa 4/5)
[ORQ 02:36:21] ▶ saeb (tentativa 4/5)
[ORQ 02:36:22] ▶ processos (tentativa 4/5)
[ORQ 02:57:21] !! obras ESTAGNADO (1200s) — matando e religando
[ORQ 02:57:22]   obras: retry — religando em 5s
[ORQ 02:57:23] !! processos ESTAGNADO (1200s) — matando e religando
[ORQ 02:57:24]   processos: retry — religando em 5s
[ORQ 02:57:24] !! saeb ESTAGNADO (1202s) — matando e religando
[ORQ 02:57:25]   saeb: retry — religando em 5s
[ORQ 02:57:27] ▶ obras (tentativa 5/5)
[ORQ 02:57:29] ▶ processos (tentativa 5/5)
[ORQ 02:57:30] ▶ saeb (tentativa 5/5)
^C 
===== INICIO 13/07/2026 22:30:02,25 (MODO=run) ===== 
(node:29412) Warning: SECURITY WARNING: The SSL modes 'prefer', 'require', and 'verify-ca' are treated as aliases for 'verify-full'.
In the next major version (pg-connection-string v3.0.0 and pg v9.0.0), these modes will adopt standard libpq semantics, which have weaker security guarantees.

To prepare for this change:
- If you want the current behavior, explicitly use 'sslmode=verify-full'
- If you want libpq compatibility now, use 'uselibpqcompat=true&sslmode=require'

See https://www.postgresql.org/docs/current/libpq-ssl.html for libpq SSL mode definitions.
(Use `node --trace-warnings ...` to show where the warning was created)
[ORQ 01:30:32] MODO=run | ano fechado=2025 | corrente=2026
[ORQ 01:30:33]   ok       financas       max_ano=2025
[ORQ 01:30:33]   ok       metas          max_ano=2025
[ORQ 01:30:34]   ok       desp_subfuncao max_ano=2025
[ORQ 01:30:35]   ok       receitas_det   max_ano=2025
[ORQ 01:30:35]   ok       rreo_const     max_ano=2025
[ORQ 01:30:36]   ok       rgf            max_ano=2025
[ORQ 01:30:37]   ok       rpps           max_ano=2025
[ORQ 01:30:38]   ok       rpps_atuarial  max_ano=0
[ORQ 01:30:39]   ok       pdde           max_ano=2024
[ORQ 01:30:39]   ok       pnld           max_ano=2025
[ORQ 01:30:41]   ok       acesso_financeiro max_ano=0
[ORQ 01:30:42]   ok       estban         max_ano=0
[ORQ 01:30:43]   ok       bndes          max_ano=2026
[ORQ 01:30:44]   ok       cfem           max_ano=2022
[ORQ 01:30:44]   ok       queimadas      max_ano=2026
[ORQ 01:30:45]   ok       anp            max_ano=2021
[ORQ 01:30:45]   RODA     bolsa_atleta   max_ano=2025
[ORQ 01:30:46]   RODA     estatisticas_vitais max_ano=2023
[ORQ 01:30:46]   ok       ans_cobertura  max_ano=2026
[ORQ 01:30:47]   ok       caged          max_ano=2026
[ORQ 01:30:47]   ok       rais           max_ano=2024
[ORQ 01:30:48]   ok       prodes         max_ano=2024
[ORQ 01:30:50]   ok       desastres      max_ano=0
[ORQ 01:30:50]   ok       sinisa         max_ano=2024
[ORQ 01:30:51]   ok       sinan_dengue   max_ano=2025
[ORQ 01:30:52]   ok       aneel_gd       max_ano=0
[ORQ 01:30:54]   ok       anatel_bl      max_ano=0
[ORQ 01:30:54]   ok       senatran_frota max_ano=2025
[ORQ 01:30:55]   ok       pronaf         max_ano=2025
[ORQ 01:30:56]   ok       ibama_autos    max_ano=0
[ORQ 01:30:58]   ok       sinesp         max_ano=0
[ORQ 01:30:59]   ok       incra_assentamentos max_ano=0
[ORQ 01:31:01]   ok       icmbio_uc      max_ano=0
[ORQ 01:31:02]   ok       ana_outorgas   max_ano=0
[ORQ 01:31:04]   ok       ibge_producao  max_ano=0
[ORQ 01:31:04]   ok       arboviroses    max_ano=2025
[ORQ 01:31:05]   ok       datatran       max_ano=2025
[ORQ 01:31:05]   ok       anp_vendas     max_ano=2024
[ORQ 01:31:07]   ok       capag          max_ano=0
[ORQ 01:31:08]   ok       rfb_arrecadacao max_ano=2025
[ORQ 01:31:08]   ok       sim            max_ano=2024
[ORQ 01:31:10]   ok       sia_producao   max_ano=0
[ORQ 01:31:12]   ok       medicamentos_alto_custo max_ano=0
[ORQ 01:31:12]   ok       cnes_equipes   max_ano=2024
[ORQ 01:31:13]   ok       cnes_equipamentos max_ano=2024
[ORQ 01:31:13]   ok       cnes_leitos    max_ano=2024
[ORQ 01:31:14]   ok       cnes_profissionais max_ano=2024
[ORQ 01:31:15]   ok       apac           max_ano=0
[ORQ 01:31:17]   ok       raas_saude_mental max_ano=0
[ORQ 01:31:17]   ok       cobertura_vacinal max_ano=2026
[ORQ 01:31:18]   ok       sinan_agravos  max_ano=2024
[ORQ 01:31:18]   ok       sinasc         max_ano=2022
[ORQ 01:31:19]   ok       sih            max_ano=2025
[ORQ 01:31:19]   ok       producao_aps   max_ano=2025
[ORQ 01:31:20]   ok       indicadores_previne max_ano=2025
[ORQ 01:31:20]   ok       qualidade_siaps max_ano=2025
[ORQ 01:31:22]   ok       igdm           max_ano=0
[ORQ 01:31:22]   ok       suas_saldo     max_ano=2025
[ORQ 01:31:23]   ok       pdde_saldo     max_ano=2025
[ORQ 01:31:23]   ok       pnae_agri      max_ano=2025
[ORQ 01:31:24]   ok       barragens      max_ano=2025
[ORQ 01:31:24]   ok       paa            max_ano=2025
[ORQ 01:31:25]   ok       lpg            max_ano=2025
[ORQ 01:31:25]   ok       salic          max_ano=2025
[ORQ 01:31:26]   ok       obras          max_ano=2025
[ORQ 01:31:26]   ok       novopac        max_ano=2025
[ORQ 01:31:27]   ok       censo_corraca  max_ano=2025
[ORQ 01:31:27]   ok       populacao_faixa max_ano=2025
[ORQ 01:31:28]   ok       pib_municipal  max_ano=2025
[ORQ 01:31:28]   ok       idhm           max_ano=2025
[ORQ 01:31:29]   ok       cemaden        max_ano=2025
[ORQ 01:31:29]   ok       domicilios     max_ano=2025
[ORQ 01:31:30]   ok       ranking_tesouro max_ano=2025
[ORQ 01:31:30]   ok       escola_turmas  max_ano=2025
[ORQ 01:31:31]   ok       evasao_escolar max_ano=2025
[ORQ 01:31:31]   ok       salario_educacao max_ano=2025
[ORQ 01:31:32]   ok       saeb           max_ano=2025
[ORQ 01:31:32]   ok       cnpj_municipal max_ano=2025
[ORQ 01:31:33]   ok       transferencias_cgu max_ano=2025
[ORQ 01:31:33]   ok       alfabetizacao  max_ano=2025
[ORQ 01:31:34]   ok       setores        max_ano=2025
[ORQ 01:31:35]   ok       setores_geo    max_ano=2025
[ORQ 01:31:35]   ok       setores_idade  max_ano=2025
[ORQ 01:31:36]   ok       setores_criancas max_ano=2025
[ORQ 01:31:36]   ok       museus         max_ano=2025
[ORQ 01:31:38]   ok       ibama_embargos max_ano=0
[ORQ 01:31:39]   ok       quilombos      max_ano=0
[ORQ 01:31:41]   ok       equipamentos_esporte max_ano=0
[ORQ 01:31:41]   ok       censo_especial max_ano=2025
[ORQ 01:31:42]   ok       fundeb_oficial max_ano=2026
[ORQ 01:31:42]   ok       fundeb_parametros max_ano=2026
[ORQ 01:31:43]   ok       indicadores_inep max_ano=2025
[ORQ 01:31:43]   ok       indicadores_inep_escola max_ano=2025
[ORQ 01:31:45]   ok       rpps_crp       max_ano=0
[ORQ 01:31:46]   ok       cadprev_full   max_ano=0
[ORQ 01:31:48]   ok       crp_alertas    max_ano=0
[ORQ 01:31:49]   ok       siops          max_ano=2025
[ORQ 01:31:49]   ok       compras        max_ano=2026
[ORQ 01:31:50]   ok       contratos      max_ano=2027
[ORQ 01:31:52]   ok       pca            max_ano=0
[ORQ 01:31:52]   ok       processos      max_ano=2025
[ORQ 01:31:53]   RODA     itens          max_ano=2025
[ORQ 01:31:54]   ok       catalogo_govbr max_ano=0
[ORQ 01:31:56]   ok       classificacao_itens max_ano=0
[ORQ 01:31:56]   ok       indicadores    max_ano=2024
[ORQ 01:31:57]   ok       geo_entes      max_ano=2025
[ORQ 01:31:59]   ok       transferencias max_ano=0
[ORQ 01:31:59]   ok       cnes           max_ano=2026
[ORQ 01:32:00]   ok       sih            max_ano=2025
[ORQ 01:32:00]   ok       sia            max_ano=2025
[ORQ 01:32:02]   ok       previne        max_ano=0
[ORQ 01:32:03]   ok       indigena       max_ano=0
[ORQ 01:32:04]   ok       fns            max_ano=2026
[ORQ 01:32:05]   ok       cnpj_loc       max_ano=0
[ORQ 01:32:07]   ok       empenhos       max_ano=0
[ORQ 01:32:08]   RODA     atas           max_ano=0
[ORQ 01:32:09]   ok       nf             max_ano=0
[ORQ 01:32:10]   ok       iegm           max_ano=2025
[ORQ 01:32:11]   ok       cauc           max_ano=0
[ORQ 01:32:12]   ok       ideb           max_ano=2025
[ORQ 01:32:12]   ok       censo          max_ano=2025
[ORQ 01:32:13]   RODA     programas_transferegov max_ano=2025
[ORQ 01:32:13]   RODA     programas_agil max_ano=2025
[ORQ 01:32:14]   ok       fnde_simad     max_ano=2025
[ORQ 01:32:14]   ok       escolas        max_ano=2025
[ORQ 01:32:15]   ok       cnes_estab     max_ano=2025
[ORQ 01:32:15]   ok       precos_referencia max_ano=2025
[ORQ 01:32:16]   ok       sazonalidade_preco max_ano=2025
[ORQ 01:32:16]   ok       emendas        max_ano=2025
[ORQ 01:32:17]   ok       emendas_exec   max_ano=2026
[ORQ 01:32:17]   ok       siop_acoes     max_ano=2025
[ORQ 01:32:18]   ok       programa_beneficiario max_ano=2025
[ORQ 01:32:18]   ok       programas_federais max_ano=2025
[ORQ 01:32:19]   ok       suas           max_ano=2025
[ORQ 01:32:19]   ok       assistencia_social max_ano=2025
[ORQ 01:32:21]   ok       equipamentos_suas max_ano=0
[ORQ 01:32:23]   ok       equipamentos_endereco max_ano=0
[ORQ 01:32:25]   ok       equipamentos_geo max_ano=0
[ORQ 01:32:26]   RODA     equipamentos_cep max_ano=0
[ORQ 01:32:28]   ok       equipamentos_justica max_ano=0
[ORQ 01:32:29]   ok       precatorios    max_ano=2025
[ORQ 01:32:29]   ok       saneamento     max_ano=2025
[ORQ 01:32:30]   ok       agropecuaria   max_ano=2025
[ORQ 01:32:31]   ok       caf            max_ano=2025
[ORQ 01:32:31]   ok       car            max_ano=2025
[ORQ 01:32:32]   ok       pronaf         max_ano=2025
[ORQ 01:32:33]   ok       bancada        max_ano=2025
[ORQ 01:32:33]   ok       snis           max_ano=2025
[ORQ 01:32:34]   ok       transferencias_stn max_ano=2025
[ORQ 01:32:35]   RODA     sancoes        max_ano=2025
[ORQ 01:32:35]   ok       munic          max_ano=2025
[ORQ 01:32:36]   ok       acompanhamento max_ano=2025
[ORQ 01:32:37]   ok       acompanhamento_funcao max_ano=2025
[ORQ 01:32:38]   ok       msc_despesa    max_ano=2025
[ORQ 01:32:38]   ok       precos_compras max_ano=2025
[ORQ 01:32:39]   ok       apresentacao_rotulo max_ano=2025
[ORQ 01:32:40]   ok       apresentacao_desc max_ano=2025
[ORQ 01:32:40]   ok       apresentacao_llm max_ano=2025
[ORQ 01:32:41]   ok       precos_basica  max_ano=2025
[ORQ 01:32:42]   ok       mislabel_unidade max_ano=2025
[ORQ 01:32:42]   ok       precos_nacional max_ano=2025
[ORQ 01:32:43]   ok       sobrepreco_nacional max_ano=2025
[ORQ 01:32:44]   ok       variacao_interna max_ano=2025
[ORQ 01:32:44]   ok       red_flags      max_ano=2025
[ORQ 01:32:45]   ok       mcmv           max_ano=2025
[ORQ 01:32:46]   ok       cmed           max_ano=2025
[ORQ 01:32:46]   ok       sobrepreco_med max_ano=2025
[ORQ 01:32:47]   ok       convenios      max_ano=2025
[ORQ 01:32:47] → 8 fonte(s) a coletar: bolsa_atleta, estatisticas_vitais, itens, atas, programas_transferegov, programas_agil, equipamentos_cep, sancoes
[ORQ 01:32:47] ▶ bolsa_atleta (tentativa 1/5)
[ORQ 01:32:47] ▶ estatisticas_vitais (tentativa 1/5)
[ORQ 01:32:47] ▶ itens (tentativa 1/5)
[ORQ 01:32:47] ▶ programas_transferegov (tentativa 1/5)
[ORQ 01:32:47] ▶ equipamentos_cep (tentativa 1/5)
[ORQ 01:32:47] ▶ sancoes (tentativa 1/5)
[ORQ 01:32:50] ✔ equipamentos_cep: ok
[ORQ 01:33:16] ✔ bolsa_atleta: ok
[ORQ 01:36:57] ✔ programas_transferegov: ok
[ORQ 01:36:57] ▶ programas_agil (tentativa 1/5)
[ORQ 01:37:32] ✔ programas_agil: ok
[ORQ 01:51:26] ✔ estatisticas_vitais: ok
[ORQ 03:06:01] ✔ sancoes: ok
[ORQ 04:36:41] ✔ itens: ok
[ORQ 04:36:41] ▶ atas (tentativa 1/5)
[ORQ 07:54:44] !! atas ESTAGNADO (1200s) — matando e religando
[ORQ 07:54:45]   atas: retry — religando em 5s
[ORQ 07:54:50] ▶ atas (tentativa 2/5)
[ORQ 09:13:11] ✔ atas: ok
[ORQ 09:13:11] validando integridade…
[ORQ 09:13:19] validando separação Estado×município…
[ORQ 09:13:23] varredura de frescor (série histórica + última competência)…
[ORQ 09:13:48] motor de notificações (delta — avisa o que mudou)…
[ORQ 09:13:53] carteiro de notificações (envia se houver SMTP; simula caso contrário)…
[ORQ 09:13:57] carteiro WhatsApp (envia se houver Cloud API; simula caso contrário)…
[ORQ 09:13:59] regenerando documentação…
[ORQ 09:16:19] ciclo concluído.
 
===== INICIO 14/07/2026 22:30:02,95 (MODO=run) ===== 
(node:9012) Warning: SECURITY WARNING: The SSL modes 'prefer', 'require', and 'verify-ca' are treated as aliases for 'verify-full'.
In the next major version (pg-connection-string v3.0.0 and pg v9.0.0), these modes will adopt standard libpq semantics, which have weaker security guarantees.

To prepare for this change:
- If you want the current behavior, explicitly use 'sslmode=verify-full'
- If you want libpq compatibility now, use 'uselibpqcompat=true&sslmode=require'

See https://www.postgresql.org/docs/current/libpq-ssl.html for libpq SSL mode definitions.
(Use `node --trace-warnings ...` to show where the warning was created)
[ORQ 01:30:31] MODO=run | ano fechado=2025 | corrente=2026
[ORQ 01:30:32]   ok       financas       max_ano=2025
[ORQ 01:30:32]   ok       metas          max_ano=2025
[ORQ 01:30:33]   ok       desp_subfuncao max_ano=2025
[ORQ 01:30:34]   ok       receitas_det   max_ano=2025
[ORQ 01:30:34]   ok       rreo_const     max_ano=2025
[ORQ 01:30:35]   ok       rgf            max_ano=2025
[ORQ 01:30:36]   ok       rpps           max_ano=2025
[ORQ 01:30:37]   ok       rpps_atuarial  max_ano=0
[ORQ 01:30:38]   ok       pdde           max_ano=2024
[ORQ 01:30:38]   ok       pnld           max_ano=2025
[ORQ 01:30:40]   ok       acesso_financeiro max_ano=0
[ORQ 01:30:43]   ok       estban         max_ano=0
[ORQ 01:30:43]   ok       bndes          max_ano=2026
[ORQ 01:30:44]   ok       cfem           max_ano=2022
[ORQ 01:30:44]   ok       queimadas      max_ano=2026
[ORQ 01:30:45]   ok       anp            max_ano=2021
[ORQ 01:30:46]   RODA     bolsa_atleta   max_ano=2025
[ORQ 01:30:46]   RODA     estatisticas_vitais max_ano=2023
[ORQ 01:30:47]   ok       ans_cobertura  max_ano=2026
[ORQ 01:30:47]   ok       caged          max_ano=2026
[ORQ 01:30:48]   ok       rais           max_ano=2024
[ORQ 01:30:48]   ok       prodes         max_ano=2024
[ORQ 01:30:50]   ok       desastres      max_ano=0
[ORQ 01:30:50]   ok       sinisa         max_ano=2024
[ORQ 01:30:51]   ok       sinan_dengue   max_ano=2025
[ORQ 01:30:52]   ok       aneel_gd       max_ano=0
[ORQ 01:30:53]   ok       anatel_bl      max_ano=0
[ORQ 01:30:54]   ok       senatran_frota max_ano=2025
[ORQ 01:30:54]   ok       pronaf         max_ano=2025
[ORQ 01:30:56]   ok       ibama_autos    max_ano=0
[ORQ 01:30:57]   ok       sinesp         max_ano=0
[ORQ 01:30:59]   ok       incra_assentamentos max_ano=0
[ORQ 01:31:00]   ok       icmbio_uc      max_ano=0
[ORQ 01:31:02]   ok       ana_outorgas   max_ano=0
[ORQ 01:31:03]   ok       ibge_producao  max_ano=0
[ORQ 01:31:04]   ok       arboviroses    max_ano=2025
[ORQ 01:31:04]   ok       datatran       max_ano=2025
[ORQ 01:31:04]   ok       anp_vendas     max_ano=2024
[ORQ 01:31:06]   ok       capag          max_ano=0
[ORQ 01:31:06]   ok       rfb_arrecadacao max_ano=2025
[ORQ 01:31:07]   ok       sim            max_ano=2024
[ORQ 01:31:08]   ok       sia_producao   max_ano=0
[ORQ 01:31:10]   ok       medicamentos_alto_custo max_ano=0
[ORQ 01:31:10]   ok       cnes_equipes   max_ano=2024
[ORQ 01:31:11]   ok       cnes_equipamentos max_ano=2024
[ORQ 01:31:11]   ok       cnes_leitos    max_ano=2024
[ORQ 01:31:12]   ok       cnes_profissionais max_ano=2024
[ORQ 01:31:13]   ok       apac           max_ano=0
[ORQ 01:31:15]   ok       raas_saude_mental max_ano=0
[ORQ 01:31:15]   ok       cobertura_vacinal max_ano=2026
[ORQ 01:31:15]   ok       sinan_agravos  max_ano=2024
[ORQ 01:31:16]   ok       sinasc         max_ano=2022
[ORQ 01:31:16]   ok       sih            max_ano=2025
[ORQ 01:31:17]   ok       producao_aps   max_ano=2025
[ORQ 01:31:17]   ok       indicadores_previne max_ano=2025
[ORQ 01:31:18]   ok       qualidade_siaps max_ano=2025
[ORQ 01:31:19]   ok       igdm           max_ano=0
[ORQ 01:31:20]   ok       suas_saldo     max_ano=2025
[ORQ 01:31:20]   ok       pdde_saldo     max_ano=2025
[ORQ 01:31:21]   ok       pnae_agri      max_ano=2025
[ORQ 01:31:21]   ok       barragens      max_ano=2025
[ORQ 01:31:22]   ok       paa            max_ano=2025
[ORQ 01:31:22]   ok       lpg            max_ano=2025
[ORQ 01:31:23]   ok       salic          max_ano=2025
[ORQ 01:31:23]   ok       obras          max_ano=2025
[ORQ 01:31:24]   ok       novopac        max_ano=2025
[ORQ 01:31:24]   ok       censo_corraca  max_ano=2025
[ORQ 01:31:25]   ok       populacao_faixa max_ano=2025
[ORQ 01:31:25]   ok       pib_municipal  max_ano=2025
[ORQ 01:31:26]   ok       idhm           max_ano=2025
[ORQ 01:31:26]   ok       cemaden        max_ano=2025
[ORQ 01:31:26]   ok       domicilios     max_ano=2025
[ORQ 01:31:27]   ok       ranking_tesouro max_ano=2025
[ORQ 01:31:27]   ok       escola_turmas  max_ano=2025
[ORQ 01:31:28]   ok       evasao_escolar max_ano=2025
[ORQ 01:31:28]   ok       salario_educacao max_ano=2025
[ORQ 01:31:29]   ok       saeb           max_ano=2025
[ORQ 01:31:29]   ok       cnpj_municipal max_ano=2025
[ORQ 01:31:30]   ok       transferencias_cgu max_ano=2025
[ORQ 01:31:30]   ok       alfabetizacao  max_ano=2025
[ORQ 01:31:31]   ok       setores        max_ano=2025
[ORQ 01:31:31]   ok       setores_geo    max_ano=2025
[ORQ 01:31:32]   ok       setores_idade  max_ano=2025
[ORQ 01:31:32]   ok       setores_criancas max_ano=2025
[ORQ 01:31:33]   ok       museus         max_ano=2025
[ORQ 01:31:34]   ok       ibama_embargos max_ano=0
[ORQ 01:31:36]   ok       quilombos      max_ano=0
[ORQ 01:31:37]   ok       equipamentos_esporte max_ano=0
[ORQ 01:31:38]   ok       censo_especial max_ano=2025
[ORQ 01:31:38]   ok       fundeb_oficial max_ano=2026
[ORQ 01:31:38]   ok       fundeb_parametros max_ano=2026
[ORQ 01:31:39]   ok       indicadores_inep max_ano=2025
[ORQ 01:31:39]   ok       indicadores_inep_escola max_ano=2025
[ORQ 01:31:41]   ok       rpps_crp       max_ano=0
[ORQ 01:31:42]   ok       cadprev_full   max_ano=0
[ORQ 01:31:44]   ok       crp_alertas    max_ano=0
[ORQ 01:31:45]   ok       siops          max_ano=2025
[ORQ 01:31:45]   ok       compras        max_ano=2026
[ORQ 01:31:46]   ok       contratos      max_ano=2027
[ORQ 01:31:47]   ok       pca            max_ano=0
[ORQ 01:31:48]   ok       processos      max_ano=2025
[ORQ 01:31:48]   ok       itens          max_ano=2025
[ORQ 01:31:50]   ok       catalogo_govbr max_ano=0
[ORQ 01:31:51]   RODA     classificacao_itens max_ano=0
[ORQ 01:31:52]   ok       indicadores    max_ano=2024
[ORQ 01:31:52]   ok       geo_entes      max_ano=2025
[ORQ 01:31:54]   ok       transferencias max_ano=0
[ORQ 01:31:54]   ok       cnes           max_ano=2026
[ORQ 01:31:55]   ok       sih            max_ano=2025
[ORQ 01:31:55]   ok       sia            max_ano=2025
[ORQ 01:31:57]   ok       previne        max_ano=0
[ORQ 01:31:58]   ok       indigena       max_ano=0
[ORQ 01:31:59]   ok       fns            max_ano=2026
[ORQ 01:32:00]   ok       cnpj_loc       max_ano=0
[ORQ 01:32:02]   ok       empenhos       max_ano=0
[ORQ 01:32:03]   ok       atas           max_ano=0
[ORQ 01:32:04]   ok       nf             max_ano=0
[ORQ 01:32:04]   ok       iegm           max_ano=2025
[ORQ 01:32:06]   ok       cauc           max_ano=0
[ORQ 01:32:06]   ok       ideb           max_ano=2025
[ORQ 01:32:07]   ok       censo          max_ano=2025
[ORQ 01:32:07]   RODA     programas_transferegov max_ano=2025
[ORQ 01:32:08]   RODA     programas_agil max_ano=2025
[ORQ 01:32:08]   ok       fnde_simad     max_ano=2025
[ORQ 01:32:09]   ok       escolas        max_ano=2025
[ORQ 01:32:09]   ok       cnes_estab     max_ano=2025
[ORQ 01:32:10]   ok       precos_referencia max_ano=2025
[ORQ 01:32:10]   ok       sazonalidade_preco max_ano=2025
[ORQ 01:32:11]   ok       emendas        max_ano=2025
[ORQ 01:32:11]   ok       emendas_exec   max_ano=2026
[ORQ 01:32:12]   ok       siop_acoes     max_ano=2025
[ORQ 01:32:12]   ok       programa_beneficiario max_ano=2025
[ORQ 01:32:13]   ok       programas_federais max_ano=2025
[ORQ 01:32:13]   ok       suas           max_ano=2025
[ORQ 01:32:14]   ok       assistencia_social max_ano=2025
[ORQ 01:32:15]   ok       equipamentos_suas max_ano=0
[ORQ 01:32:17]   ok       equipamentos_endereco max_ano=0
[ORQ 01:32:18]   ok       equipamentos_geo max_ano=0
[ORQ 01:32:20]   RODA     equipamentos_cep max_ano=0
[ORQ 01:32:22]   ok       equipamentos_justica max_ano=0
[ORQ 01:32:22]   ok       precatorios    max_ano=2025
[ORQ 01:32:23]   ok       saneamento     max_ano=2025
[ORQ 01:32:23]   ok       agropecuaria   max_ano=2025
[ORQ 01:32:24]   ok       caf            max_ano=2025
[ORQ 01:32:25]   ok       car            max_ano=2025
[ORQ 01:32:25]   ok       pronaf         max_ano=2025
[ORQ 01:32:26]   ok       bancada        max_ano=2025
[ORQ 01:32:27]   ok       snis           max_ano=2025
[ORQ 01:32:27]   ok       transferencias_stn max_ano=2025
[ORQ 01:32:28]   ok       sancoes        max_ano=2025
[ORQ 01:32:29]   ok       munic          max_ano=2025
[ORQ 01:32:29]   ok       acompanhamento max_ano=2025
[ORQ 01:32:30]   ok       acompanhamento_funcao max_ano=2025
[ORQ 01:32:31]   ok       msc_despesa    max_ano=2025
[ORQ 01:32:31]   ok       precos_compras max_ano=2025
[ORQ 01:32:32]   ok       apresentacao_rotulo max_ano=2025
[ORQ 01:32:32]   ok       apresentacao_desc max_ano=2025
[ORQ 01:32:33]   ok       apresentacao_llm max_ano=2025
[ORQ 01:32:34]   ok       precos_basica  max_ano=2025
[ORQ 01:32:34]   ok       mislabel_unidade max_ano=2025
[ORQ 01:32:35]   ok       precos_nacional max_ano=2025
[ORQ 01:32:36]   ok       sobrepreco_nacional max_ano=2025
[ORQ 01:32:36]   ok       variacao_interna max_ano=2025
[ORQ 01:32:37]   ok       red_flags      max_ano=2025
[ORQ 01:32:38]   ok       mcmv           max_ano=2025
[ORQ 01:32:38]   ok       cmed           max_ano=2025
[ORQ 01:32:39]   ok       sobrepreco_med max_ano=2025
[ORQ 01:32:39]   ok       convenios      max_ano=2025
[ORQ 01:32:39] → 6 fonte(s) a coletar: bolsa_atleta, estatisticas_vitais, classificacao_itens, programas_transferegov, programas_agil, equipamentos_cep
[ORQ 01:32:39] ▶ bolsa_atleta (tentativa 1/5)
[ORQ 01:32:39] ▶ estatisticas_vitais (tentativa 1/5)
[ORQ 01:32:39] ▶ classificacao_itens (tentativa 1/5)
[ORQ 01:32:39] ▶ programas_transferegov (tentativa 1/5)
[ORQ 01:32:39] ▶ equipamentos_cep (tentativa 1/5)
[ORQ 01:32:43] ✔ equipamentos_cep: ok
[ORQ 01:33:05] ✔ bolsa_atleta: ok
[ORQ 01:36:48] ✔ programas_transferegov: ok
[ORQ 01:36:48] ▶ programas_agil (tentativa 1/5)
[ORQ 01:37:06] ✔ classificacao_itens: ok
[ORQ 01:37:22] ✔ programas_agil: ok
[ORQ 01:50:37] ✔ estatisticas_vitais: ok
[ORQ 01:50:37] validando integridade…
[ORQ 01:50:44] validando separação Estado×município…
[ORQ 01:50:49] varredura de frescor (série histórica + última competência)…
[ORQ 01:51:13] motor de notificações (delta — avisa o que mudou)…
[ORQ 01:51:18] carteiro de notificações (envia se houver SMTP; simula caso contrário)…
[ORQ 01:51:22] carteiro WhatsApp (envia se houver Cloud API; simula caso contrário)…
[ORQ 01:51:24] regenerando documentação…
[ORQ 01:53:40] ciclo concluído.
===== FIM 14/07/2026 22:53:40,80 ===== 
 
===== INICIO 15/07/2026 22:30:01,89 (MODO=run) ===== 
(node:20668) Warning: SECURITY WARNING: The SSL modes 'prefer', 'require', and 'verify-ca' are treated as aliases for 'verify-full'.
In the next major version (pg-connection-string v3.0.0 and pg v9.0.0), these modes will adopt standard libpq semantics, which have weaker security guarantees.

To prepare for this change:
- If you want the current behavior, explicitly use 'sslmode=verify-full'
- If you want libpq compatibility now, use 'uselibpqcompat=true&sslmode=require'

See https://www.postgresql.org/docs/current/libpq-ssl.html for libpq SSL mode definitions.
(Use `node --trace-warnings ...` to show where the warning was created)
[ORQ 01:30:32] MODO=run | ano fechado=2025 | corrente=2026
[ORQ 01:30:32]   ok       financas       max_ano=2025
[ORQ 01:30:33]   ok       metas          max_ano=2025
[ORQ 01:30:34]   ok       desp_subfuncao max_ano=2025
[ORQ 01:30:34]   ok       receitas_det   max_ano=2025
[ORQ 01:30:35]   ok       rreo_const     max_ano=2025
[ORQ 01:30:36]   ok       rgf            max_ano=2025
[ORQ 01:30:36]   ok       rpps           max_ano=2025
[ORQ 01:30:38]   ok       rpps_atuarial  max_ano=0
[ORQ 01:30:38]   ok       pdde           max_ano=2024
[ORQ 01:30:39]   ok       pnld           max_ano=2025
[ORQ 01:30:41]   ok       acesso_financeiro max_ano=0
[ORQ 01:30:42]   ok       estban         max_ano=0
[ORQ 01:30:43]   ok       bndes          max_ano=2026
[ORQ 01:30:43]   ok       cfem           max_ano=2022
[ORQ 01:30:44]   ok       queimadas      max_ano=2026
[ORQ 01:30:44]   ok       anp            max_ano=2021
[ORQ 01:30:45]   RODA     bolsa_atleta   max_ano=2025
[ORQ 01:30:46]   RODA     estatisticas_vitais max_ano=2023
[ORQ 01:30:46]   ok       ans_cobertura  max_ano=2026
[ORQ 01:30:47]   ok       caged          max_ano=2026
[ORQ 01:30:47]   ok       rais           max_ano=2024
[ORQ 01:30:48]   ok       prodes         max_ano=2024
[ORQ 01:30:49]   ok       desastres      max_ano=0
[ORQ 01:30:50]   ok       sinisa         max_ano=2024
[ORQ 01:30:50]   ok       sinan_dengue   max_ano=2025
[ORQ 01:30:52]   ok       aneel_gd       max_ano=0
[ORQ 01:30:54]   ok       anatel_bl      max_ano=0
[ORQ 01:30:54]   ok       senatran_frota max_ano=2025
[ORQ 01:30:55]   ok       pronaf         max_ano=2025
[ORQ 01:30:57]   ok       ibama_autos    max_ano=0
[ORQ 01:30:59]   ok       sinesp         max_ano=0
[ORQ 01:31:01]   ok       incra_assentamentos max_ano=0
[ORQ 01:31:02]   ok       icmbio_uc      max_ano=0
[ORQ 01:31:04]   ok       ana_outorgas   max_ano=0
[ORQ 01:31:05]   ok       ibge_producao  max_ano=0
[ORQ 01:31:06]   ok       arboviroses    max_ano=2025
[ORQ 01:31:06]   ok       datatran       max_ano=2025
[ORQ 01:31:07]   ok       anp_vendas     max_ano=2024
[ORQ 01:31:08]   ok       capag          max_ano=0
[ORQ 01:31:09]   ok       rfb_arrecadacao max_ano=2025
[ORQ 01:31:09]   ok       sim            max_ano=2024
[ORQ 01:31:12]   ok       sia_producao   max_ano=0
[ORQ 01:31:13]   ok       medicamentos_alto_custo max_ano=0
[ORQ 01:31:14]   ok       cnes_equipes   max_ano=2024
[ORQ 01:31:14]   ok       cnes_equipamentos max_ano=2024
[ORQ 01:31:15]   ok       cnes_leitos    max_ano=2024
[ORQ 01:31:15]   ok       cnes_profissionais max_ano=2024
[ORQ 01:31:17]   ok       apac           max_ano=0
[ORQ 01:31:19]   ok       raas_saude_mental max_ano=0
[ORQ 01:31:19]   ok       cobertura_vacinal max_ano=2026
[ORQ 01:31:20]   ok       sinan_agravos  max_ano=2024
[ORQ 01:31:20]   ok       sinasc         max_ano=2022
[ORQ 01:31:21]   ok       sih            max_ano=2025
[ORQ 01:31:21]   ok       producao_aps   max_ano=2025
[ORQ 01:31:22]   ok       indicadores_previne max_ano=2025
[ORQ 01:31:22]   ok       qualidade_siaps max_ano=2025
[ORQ 01:31:24]   ok       igdm           max_ano=0
[ORQ 01:31:25]   ok       suas_saldo     max_ano=2025
[ORQ 01:31:25]   ok       pdde_saldo     max_ano=2025
[ORQ 01:31:26]   ok       pnae_agri      max_ano=2025
[ORQ 01:31:26]   ok       barragens      max_ano=2025
[ORQ 01:31:27]   ok       paa            max_ano=2025
[ORQ 01:31:27]   ok       lpg            max_ano=2025
[ORQ 01:31:28]   ok       salic          max_ano=2025
[ORQ 01:31:28]   ok       obras          max_ano=2025
[ORQ 01:31:29]   ok       novopac        max_ano=2025
[ORQ 01:31:29]   ok       censo_corraca  max_ano=2025
[ORQ 01:31:30]   ok       populacao_faixa max_ano=2025
[ORQ 01:31:30]   ok       pib_municipal  max_ano=2025
[ORQ 01:31:31]   ok       idhm           max_ano=2025
[ORQ 01:31:31]   ok       cemaden        max_ano=2025
[ORQ 01:31:32]   ok       domicilios     max_ano=2025
[ORQ 01:31:33]   ok       ranking_tesouro max_ano=2025
[ORQ 01:31:33]   ok       escola_turmas  max_ano=2025
[ORQ 01:31:34]   ok       evasao_escolar max_ano=2025
[ORQ 01:31:34]   ok       salario_educacao max_ano=2025
[ORQ 01:31:35]   ok       saeb           max_ano=2025
[ORQ 01:31:35]   ok       cnpj_municipal max_ano=2025
[ORQ 01:31:36]   ok       transferencias_cgu max_ano=2025
[ORQ 01:31:36]   ok       alfabetizacao  max_ano=2025
[ORQ 01:31:37]   ok       setores        max_ano=2025
[ORQ 01:31:37]   ok       setores_geo    max_ano=2025
[ORQ 01:31:38]   ok       setores_idade  max_ano=2025
[ORQ 01:31:38]   ok       setores_criancas max_ano=2025
[ORQ 01:31:39]   ok       museus         max_ano=2025
[ORQ 01:31:40]   ok       ibama_embargos max_ano=0
[ORQ 01:31:43]   ok       quilombos      max_ano=0
[ORQ 01:31:44]   ok       equipamentos_esporte max_ano=0
[ORQ 01:31:45]   ok       censo_especial max_ano=2025
[ORQ 01:31:45]   ok       fundeb_oficial max_ano=2026
[ORQ 01:31:46]   ok       fundeb_parametros max_ano=2026
[ORQ 01:31:46]   ok       indicadores_inep max_ano=2025
[ORQ 01:31:47]   ok       indicadores_inep_escola max_ano=2025
[ORQ 01:31:48]   ok       rpps_crp       max_ano=0
[ORQ 01:31:50]   ok       cadprev_full   max_ano=0
[ORQ 01:31:51]   ok       crp_alertas    max_ano=0
[ORQ 01:31:52]   ok       siops          max_ano=2025
[ORQ 01:31:53]   RODA     compras        max_ano=2026
[ORQ 01:31:53]   RODA     contratos      max_ano=2027
[ORQ 01:31:55]   ok       pca            max_ano=0
[ORQ 01:31:56]   ok       processos      max_ano=2025
[ORQ 01:31:56]   ok       itens          max_ano=2025
[ORQ 01:31:58]   ok       catalogo_govbr max_ano=0
[ORQ 01:31:59]   ok       classificacao_itens max_ano=0
[ORQ 01:32:00]   ok       indicadores    max_ano=2024
[ORQ 01:32:01]   ok       geo_entes      max_ano=2025
[ORQ 01:32:02]   ok       transferencias max_ano=0
[ORQ 01:32:03]   ok       cnes           max_ano=2026
[ORQ 01:32:03]   ok       sih            max_ano=2025
[ORQ 01:32:04]   ok       sia            max_ano=2025
[ORQ 01:32:05]   ok       previne        max_ano=0
[ORQ 01:32:07]   ok       indigena       max_ano=0
[ORQ 01:32:07]   ok       fns            max_ano=2026
[ORQ 01:32:09]   ok       cnpj_loc       max_ano=0
[ORQ 01:32:11]   ok       empenhos       max_ano=0
[ORQ 01:32:12]   ok       atas           max_ano=0
[ORQ 01:32:13]   ok       nf             max_ano=0
[ORQ 01:32:13]   ok       iegm           max_ano=2025
[ORQ 01:32:15]   ok       cauc           max_ano=0
[ORQ 01:32:15]   ok       ideb           max_ano=2025
[ORQ 01:32:16]   ok       censo          max_ano=2025
[ORQ 01:32:16]   RODA     programas_transferegov max_ano=2025
[ORQ 01:32:17]   RODA     programas_agil max_ano=2025
[ORQ 01:32:18]   ok       fnde_simad     max_ano=2025
[ORQ 01:32:18]   ok       escolas        max_ano=2025
[ORQ 01:32:19]   ok       cnes_estab     max_ano=2025
[ORQ 01:32:19]   ok       emendas        max_ano=2025
[ORQ 01:32:20]   ok       emendas_exec   max_ano=2026
[ORQ 01:32:20]   ok       siop_acoes     max_ano=2025
[ORQ 01:32:21]   ok       programa_beneficiario max_ano=2025
[ORQ 01:32:21]   ok       programas_federais max_ano=2025
[ORQ 01:32:22]   ok       suas           max_ano=2025
[ORQ 01:32:23]   ok       assistencia_social max_ano=2025
[ORQ 01:32:24]   ok       equipamentos_suas max_ano=0
[ORQ 01:32:26]   ok       equipamentos_endereco max_ano=0
[ORQ 01:32:28]   ok       equipamentos_geo max_ano=0
[ORQ 01:32:30]   RODA     equipamentos_cep max_ano=0
[ORQ 01:32:32]   ok       equipamentos_justica max_ano=0
[ORQ 01:32:33]   ok       precatorios    max_ano=2025
[ORQ 01:32:33]   ok       saneamento     max_ano=2025
[ORQ 01:32:34]   ok       agropecuaria   max_ano=2025
[ORQ 01:32:35]   ok       caf            max_ano=2025
[ORQ 01:32:36]   ok       car            max_ano=2025
[ORQ 01:32:36]   ok       pronaf         max_ano=2025
[ORQ 01:32:37]   ok       bancada        max_ano=2025
[ORQ 01:32:38]   ok       snis           max_ano=2025
[ORQ 01:32:38]   ok       transferencias_stn max_ano=2025
[ORQ 01:32:39]   ok       sancoes        max_ano=2025
[ORQ 01:32:40]   ok       munic          max_ano=2025
[ORQ 01:32:40]   ok       acompanhamento max_ano=2025
[ORQ 01:32:41]   ok       acompanhamento_funcao max_ano=2025
[ORQ 01:32:42]   ok       msc_despesa    max_ano=2025
[ORQ 01:32:42]   ok       precos_compras max_ano=2025
[ORQ 01:32:43]   ok       apresentacao_rotulo max_ano=2025
[ORQ 01:32:44]   ok       apresentacao_desc max_ano=2025
[ORQ 01:32:45]   ok       apresentacao_llm max_ano=2025
[ORQ 01:32:45]   ok       precos_basica  max_ano=2025
[ORQ 01:32:46]   ok       mislabel_unidade max_ano=2025
[ORQ 01:32:47]   ok       precos_nacional max_ano=2025
[ORQ 01:32:47]   ok       sobrepreco_nacional max_ano=2025
[ORQ 01:32:48]   ok       variacao_interna max_ano=2025
[ORQ 01:32:49]   ok       red_flags      max_ano=2025
[ORQ 01:32:49]   ok       mcmv           max_ano=2025
[ORQ 01:32:50]   ok       cmed           max_ano=2025
[ORQ 01:32:51]   ok       sobrepreco_med max_ano=2025
[ORQ 01:32:51]   ok       convenios      max_ano=2025
[ORQ 01:32:51] → 7 fonte(s) a coletar: bolsa_atleta, estatisticas_vitais, compras, contratos, programas_transferegov, programas_agil, equipamentos_cep
[ORQ 01:32:51] ▶ bolsa_atleta (tentativa 1/5)
[ORQ 01:32:51] ▶ estatisticas_vitais (tentativa 1/5)
[ORQ 01:32:51] ▶ compras (tentativa 1/5)
[ORQ 01:32:51] ▶ programas_transferegov (tentativa 1/5)
[ORQ 01:32:51] ▶ equipamentos_cep (tentativa 1/5)
[ORQ 01:32:54] ✔ equipamentos_cep: ok
[ORQ 01:33:17] ✔ bolsa_atleta: ok
[ORQ 01:37:02] ✔ programas_transferegov: ok
[ORQ 01:37:02] ▶ programas_agil (tentativa 1/5)
[ORQ 01:37:38] ✔ programas_agil: ok
[ORQ 01:51:49] ✔ estatisticas_vitais: ok
[ORQ 01:53:53] !! compras ESTAGNADO (1200s) — matando e religando
[ORQ 01:53:53]   compras: retry — religando em 5s
[ORQ 01:53:58] ▶ compras (tentativa 2/5)
[ORQ 02:15:04] !! compras ESTAGNADO (1204s) — matando e religando
[ORQ 02:15:05]   compras: retry — religando em 5s
[ORQ 02:15:10] ▶ compras (tentativa 3/5)
[ORQ 02:36:12] !! compras ESTAGNADO (1200s) — matando e religando
[ORQ 02:36:12]   compras: retry — religando em 5s
[ORQ 02:36:17] ▶ compras (tentativa 4/5)
[ORQ 02:57:19] !! compras ESTAGNADO (1200s) — matando e religando
[ORQ 02:57:19]   compras: retry — religando em 5s
[ORQ 02:57:24] ▶ compras (tentativa 5/5)
[ORQ 03:18:26] !! compras ESTAGNADO (1200s) — matando e religando
[ORQ 03:18:26]   compras: retry — religando em 5s
[ORQ 03:18:31] ✔ compras: retry
[ORQ 03:18:31] ▶ contratos (tentativa 1/5)
===== FIM 16/07/2026  1:05:38,71 ===== 
 
===== INICIO 16/07/2026 22:30:01,86 (MODO=run) ===== 
(node:5860) Warning: SECURITY WARNING: The SSL modes 'prefer', 'require', and 'verify-ca' are treated as aliases for 'verify-full'.
In the next major version (pg-connection-string v3.0.0 and pg v9.0.0), these modes will adopt standard libpq semantics, which have weaker security guarantees.

To prepare for this change:
- If you want the current behavior, explicitly use 'sslmode=verify-full'
- If you want libpq compatibility now, use 'uselibpqcompat=true&sslmode=require'

See https://www.postgresql.org/docs/current/libpq-ssl.html for libpq SSL mode definitions.
(Use `node --trace-warnings ...` to show where the warning was created)
[ORQ 01:30:33] MODO=run | ano fechado=2025 | corrente=2026
[ORQ 01:30:33]   ok       financas       max_ano=2025
[ORQ 01:30:34]   ok       metas          max_ano=2025
[ORQ 01:30:35]   ok       desp_subfuncao max_ano=2025
[ORQ 01:30:35]   ok       receitas_det   max_ano=2025
[ORQ 01:30:36]   ok       rreo_const     max_ano=2025
[ORQ 01:30:37]   ok       rgf            max_ano=2025
[ORQ 01:30:38]   ok       rpps           max_ano=2025
[ORQ 01:30:39]   ok       rpps_atuarial  max_ano=0
[ORQ 01:30:40]   ok       pdde           max_ano=2024
[ORQ 01:30:40]   ok       pnld           max_ano=2025
[ORQ 01:30:42]   ok       acesso_financeiro max_ano=0
[ORQ 01:30:44]   ok       estban         max_ano=0
[ORQ 01:30:44]   ok       bndes          max_ano=2026
[ORQ 01:30:45]   ok       cfem           max_ano=2022
[ORQ 01:30:45]   ok       queimadas      max_ano=2026
[ORQ 01:30:46]   ok       anp            max_ano=2021
[ORQ 01:30:47]   RODA     bolsa_atleta   max_ano=2025
[ORQ 01:30:48]   RODA     estatisticas_vitais max_ano=2023
[ORQ 01:30:48]   ok       ans_cobertura  max_ano=2026
[ORQ 01:30:49]   ok       caged          max_ano=2026
[ORQ 01:30:50]   ok       rais           max_ano=2024
[ORQ 01:30:50]   ok       prodes         max_ano=2024
[ORQ 01:30:53]   ok       desastres      max_ano=0
[ORQ 01:30:53]   ok       sinisa         max_ano=2024
[ORQ 01:30:54]   ok       sinan_dengue   max_ano=2025
[ORQ 01:30:55]   ok       aneel_gd       max_ano=0
[ORQ 01:30:57]   ok       anatel_bl      max_ano=0
[ORQ 01:30:58]   ok       senatran_frota max_ano=2025
[ORQ 01:30:58]   RODA     pronaf         max_ano=2025
[ORQ 01:31:00]   ok       ibama_autos    max_ano=0
[ORQ 01:31:01]   ok       sinesp         max_ano=0
[ORQ 01:31:03]   ok       incra_assentamentos max_ano=0
[ORQ 01:31:04]   ok       icmbio_uc      max_ano=0
[ORQ 01:31:06]   ok       ana_outorgas   max_ano=0
[ORQ 01:31:08]   ok       ibge_producao  max_ano=0
[ORQ 01:31:08]   ok       arboviroses    max_ano=2025
[ORQ 01:31:09]   ok       datatran       max_ano=2025
[ORQ 01:31:09]   ok       anp_vendas     max_ano=2024
[ORQ 01:31:11]   ok       capag          max_ano=0
[ORQ 01:31:11]   ok       rfb_arrecadacao max_ano=2025
[ORQ 01:31:12]   ok       sim            max_ano=2024
[ORQ 01:31:14]   ok       sia_producao   max_ano=0
[ORQ 01:31:15]   ok       medicamentos_alto_custo max_ano=0
[ORQ 01:31:16]   ok       cnes_equipes   max_ano=2024
[ORQ 01:31:16]   ok       cnes_equipamentos max_ano=2024
[ORQ 01:31:17]   ok       cnes_leitos    max_ano=2024
[ORQ 01:31:18]   ok       cnes_profissionais max_ano=2024
[ORQ 01:31:20]   ok       apac           max_ano=0
[ORQ 01:31:22]   ok       raas_saude_mental max_ano=0
[ORQ 01:31:22]   ok       cobertura_vacinal max_ano=2026
[ORQ 01:31:23]   ok       sinan_agravos  max_ano=2024
[ORQ 01:31:24]   ok       sinasc         max_ano=2022
[ORQ 01:31:24]   ok       sih            max_ano=2025
[ORQ 01:31:25]   ok       producao_aps   max_ano=2025
[ORQ 01:31:26]   ok       indicadores_previne max_ano=2025
[ORQ 01:31:26]   ok       qualidade_siaps max_ano=2025
[ORQ 01:31:28]   ok       igdm           max_ano=0
[ORQ 01:31:28]   ok       suas_saldo     max_ano=2025
[ORQ 01:31:29]   ok       pdde_saldo     max_ano=2025
[ORQ 01:31:29]   ok       pnae_agri      max_ano=2025
[ORQ 01:31:30]   ok       barragens      max_ano=2025
[ORQ 01:31:31]   ok       paa            max_ano=2025
[ORQ 01:31:31]   ok       lpg            max_ano=2025
[ORQ 01:31:32]   ok       salic          max_ano=2025
[ORQ 01:31:32]   ok       obras          max_ano=2025
[ORQ 01:31:33]   ok       novopac        max_ano=2025
[ORQ 01:31:34]   ok       censo_corraca  max_ano=2025
[ORQ 01:31:34]   ok       populacao_faixa max_ano=2025
[ORQ 01:31:35]   ok       pib_municipal  max_ano=2025
[ORQ 01:31:35]   ok       idhm           max_ano=2025
[ORQ 01:31:36]   ok       cemaden        max_ano=2025
[ORQ 01:31:36]   ok       domicilios     max_ano=2025
[ORQ 01:31:37]   ok       ranking_tesouro max_ano=2025
[ORQ 01:31:37]   ok       escola_turmas  max_ano=2025
[ORQ 01:31:38]   ok       evasao_escolar max_ano=2025
[ORQ 01:31:38]   ok       salario_educacao max_ano=2025
[ORQ 01:31:39]   ok       saeb           max_ano=2025
[ORQ 01:31:39]   ok       cnpj_municipal max_ano=2025
[ORQ 01:31:40]   ok       transferencias_cgu max_ano=2025
[ORQ 01:31:40]   ok       alfabetizacao  max_ano=2025
[ORQ 01:31:41]   ok       setores        max_ano=2025
[ORQ 01:31:41]   ok       setores_geo    max_ano=2025
[ORQ 01:31:42]   ok       setores_idade  max_ano=2025
[ORQ 01:31:43]   ok       setores_criancas max_ano=2025
[ORQ 01:31:43]   ok       museus         max_ano=2025
[ORQ 01:31:45]   ok       ibama_embargos max_ano=0
[ORQ 01:31:46]   ok       quilombos      max_ano=0
[ORQ 01:31:48]   ok       equipamentos_esporte max_ano=0
[ORQ 01:31:48]   ok       censo_especial max_ano=2025
[ORQ 01:31:49]   ok       fundeb_oficial max_ano=2026
[ORQ 01:31:50]   ok       fundeb_parametros max_ano=2026
[ORQ 01:31:50]   ok       indicadores_inep max_ano=2025
[ORQ 01:31:51]   ok       indicadores_inep_escola max_ano=2025
[ORQ 01:31:53]   ok       rpps_crp       max_ano=0
[ORQ 01:31:55]   ok       cadprev_full   max_ano=0
[ORQ 01:31:57]   ok       crp_alertas    max_ano=0
[ORQ 01:31:58]   ok       siops          max_ano=2025
[ORQ 01:31:58]   ok       compras        max_ano=2026
[ORQ 01:31:59]   RODA     contratos      max_ano=2027
[ORQ 01:32:01]   ok       pca            max_ano=0
[ORQ 01:32:01]   ok       processos      max_ano=2025
[ORQ 01:32:02]   ok       itens          max_ano=2025
[ORQ 01:32:03]   ok       catalogo_govbr max_ano=0
[ORQ 01:32:05]   ok       classificacao_itens max_ano=0
[ORQ 01:32:06]   ok       indicadores    max_ano=2024
[ORQ 01:32:07]   ok       geo_entes      max_ano=2025
[ORQ 01:32:08]   ok       transferencias max_ano=0
[ORQ 01:32:09]   ok       cnes           max_ano=2026
[ORQ 01:32:09]   ok       sih            max_ano=2025
[ORQ 01:32:10]   ok       sia            max_ano=2025
[ORQ 01:32:11]   ok       previne        max_ano=0
[ORQ 01:32:13]   ok       indigena       max_ano=0
[ORQ 01:32:13]   ok       fns            max_ano=2026
[ORQ 01:32:15]   ok       cnpj_loc       max_ano=0
[ORQ 01:32:16]   ok       empenhos       max_ano=0
[ORQ 01:32:18]   ok       atas           max_ano=0
[ORQ 01:32:19]   ok       nf             max_ano=0
[ORQ 01:32:20]   ok       iegm           max_ano=2025
[ORQ 01:32:22]   ok       cauc           max_ano=0
[ORQ 01:32:22]   ok       ideb           max_ano=2025
[ORQ 01:32:23]   ok       censo          max_ano=2025
[ORQ 01:32:23]   RODA     programas_transferegov max_ano=2025
[ORQ 01:32:24]   RODA     programas_agil max_ano=2025
[ORQ 01:32:24]   ok       fnde_simad     max_ano=2025
[ORQ 01:32:25]   ok       escolas        max_ano=2025
[ORQ 01:32:25]   ok       cnes_estab     max_ano=2025
[ORQ 01:32:26]   ok       emendas        max_ano=2025
[ORQ 01:32:26]   ok       emendas_exec   max_ano=2026
[ORQ 01:32:27]   ok       siop_acoes     max_ano=2025
[ORQ 01:32:28]   ok       programa_beneficiario max_ano=2025
[ORQ 01:32:28]   ok       programas_federais max_ano=2025
[ORQ 01:32:29]   ok       suas           max_ano=2025
[ORQ 01:32:29]   ok       assistencia_social max_ano=2025
[ORQ 01:32:31]   ok       equipamentos_suas max_ano=0
[ORQ 01:32:33]   ok       equipamentos_endereco max_ano=0
[ORQ 01:32:34]   ok       equipamentos_geo max_ano=0
[ORQ 01:32:36]   RODA     equipamentos_cep max_ano=0
[ORQ 01:32:38]   ok       equipamentos_justica max_ano=0
[ORQ 01:32:38]   ok       precatorios    max_ano=2025
[ORQ 01:32:39]   ok       saneamento     max_ano=2025
[ORQ 01:32:40]   ok       agropecuaria   max_ano=2025
[ORQ 01:32:40]   ok       caf            max_ano=2025
[ORQ 01:32:41]   ok       car            max_ano=2025
[ORQ 01:32:42]   ok       pronaf         max_ano=2025
[ORQ 01:32:42]   ok       bancada        max_ano=2025
[ORQ 01:32:43]   ok       snis           max_ano=2025
[ORQ 01:32:44]   ok       transferencias_stn max_ano=2025
[ORQ 01:32:45]   ok       sancoes        max_ano=2025
[ORQ 01:32:45]   ok       munic          max_ano=2025
[ORQ 01:32:46]   ok       acompanhamento max_ano=2025
[ORQ 01:32:47]   ok       acompanhamento_funcao max_ano=2025
[ORQ 01:32:47]   ok       msc_despesa    max_ano=2025
[ORQ 01:32:48]   ok       precos_compras max_ano=2025
[ORQ 01:32:49]   ok       apresentacao_rotulo max_ano=2025
[ORQ 01:32:50]   ok       apresentacao_desc max_ano=2025
[ORQ 01:32:51]   ok       apresentacao_llm max_ano=2025
[ORQ 01:32:51]   ok       precos_basica  max_ano=2025
[ORQ 01:32:52]   ok       mislabel_unidade max_ano=2025
[ORQ 01:32:53]   ok       precos_nacional max_ano=2025
[ORQ 01:32:54]   ok       sobrepreco_nacional max_ano=2025
[ORQ 01:32:54]   ok       variacao_interna max_ano=2025
[ORQ 01:32:55]   ok       red_flags      max_ano=2025
[ORQ 01:32:56]   ok       mcmv           max_ano=2025
[ORQ 01:32:57]   ok       cmed           max_ano=2025
[ORQ 01:32:57]   ok       sobrepreco_med max_ano=2025
[ORQ 01:32:58]   ok       convenios      max_ano=2025
[ORQ 01:32:58] → 7 fonte(s) a coletar: bolsa_atleta, estatisticas_vitais, pronaf, contratos, programas_transferegov, programas_agil, equipamentos_cep
[ORQ 01:32:58] ▶ bolsa_atleta (tentativa 1/5)
[ORQ 01:32:58] ▶ estatisticas_vitais (tentativa 1/5)
[ORQ 01:32:58] ▶ pronaf (tentativa 1/5)
[ORQ 01:32:58] ▶ contratos (tentativa 1/5)
[ORQ 01:32:58] ▶ programas_transferegov (tentativa 1/5)
[ORQ 01:32:58] ▶ equipamentos_cep (tentativa 1/5)
[ORQ 01:33:01] ✔ equipamentos_cep: ok
[ORQ 01:33:23] ✔ bolsa_atleta: ok
[ORQ 01:37:34] ✔ programas_transferegov: ok
[ORQ 01:37:34] ▶ programas_agil (tentativa 1/5)
[ORQ 01:37:43] ✔ pronaf: ok
[ORQ 01:38:12] ✔ programas_agil: ok
[ORQ 01:52:00] ✔ estatisticas_vitais: ok
[ORQ 03:04:00] !! contratos ESTAGNADO (1200s) — matando e religando
[ORQ 03:04:00]   contratos: retry — religando em 5s
[ORQ 03:04:05] ▶ contratos (tentativa 2/5)
[ORQ 03:25:07] !! contratos ESTAGNADO (1200s) — matando e religando
[ORQ 03:25:08]   contratos: retry — religando em 5s
[ORQ 03:25:13] ▶ contratos (tentativa 3/5)
[ORQ 03:47:14] !! contratos ESTAGNADO (1200s) — matando e religando
[ORQ 03:47:15]   contratos: retry — religando em 5s
[ORQ 03:47:20] ▶ contratos (tentativa 4/5)
[ORQ 04:15:22] !! contratos ESTAGNADO (1260s) — matando e religando
[ORQ 04:15:22]   contratos: retry — religando em 5s
[ORQ 04:15:27] ▶ contratos (tentativa 5/5)
[ORQ 07:09:17] ✔ contratos: ok
[ORQ 07:09:17] validando integridade…
[ORQ 07:09:25] validando separação Estado×município…
[ORQ 07:09:31] varredura de frescor (série histórica + última competência)…
[ORQ 07:10:17] motor de notificações (delta — avisa o que mudou)…
[ORQ 07:10:22] carteiro de notificações (envia se houver SMTP; simula caso contrário)…
[ORQ 07:10:26] carteiro WhatsApp (envia se houver Cloud API; simula caso contrário)…
[ORQ 07:10:28] regenerando documentação…
[ORQ 07:12:47] ciclo concluído.
 
===== INICIO 17/07/2026 22:30:03,16 (MODO=run) ===== 
(node:16108) Warning: SECURITY WARNING: The SSL modes 'prefer', 'require', and 'verify-ca' are treated as aliases for 'verify-full'.
In the next major version (pg-connection-string v3.0.0 and pg v9.0.0), these modes will adopt standard libpq semantics, which have weaker security guarantees.

To prepare for this change:
- If you want the current behavior, explicitly use 'sslmode=verify-full'
- If you want libpq compatibility now, use 'uselibpqcompat=true&sslmode=require'

See https://www.postgresql.org/docs/current/libpq-ssl.html for libpq SSL mode definitions.
(Use `node --trace-warnings ...` to show where the warning was created)
[ORQ 01:30:34] MODO=run | ano fechado=2025 | corrente=2026
[ORQ 01:30:35]   ok       financas       max_ano=2025
[ORQ 01:30:36]   ok       metas          max_ano=2025
[ORQ 01:30:36]   ok       desp_subfuncao max_ano=2025
[ORQ 01:30:37]   ok       receitas_det   max_ano=2025
[ORQ 01:30:38]   ok       rreo_const     max_ano=2025
[ORQ 01:30:38]   ok       rgf            max_ano=2025
[ORQ 01:30:39]   ok       rpps           max_ano=2025
[ORQ 01:30:41]   ok       rpps_atuarial  max_ano=0
[ORQ 01:30:41]   ok       pdde           max_ano=2024
[ORQ 01:30:41]   ok       pnld           max_ano=2025
[ORQ 01:30:43]   ok       acesso_financeiro max_ano=0
[ORQ 01:30:44]   ok       estban         max_ano=0
[ORQ 01:30:45]   ok       bndes          max_ano=2026
[ORQ 01:30:46]   ok       cfem           max_ano=2022
[ORQ 01:30:46]   ok       queimadas      max_ano=2026
[ORQ 01:30:47]   ok       anp            max_ano=2021
[ORQ 01:30:47]   RODA     bolsa_atleta   max_ano=2025
[ORQ 01:30:48]   RODA     estatisticas_vitais max_ano=2023
[ORQ 01:30:48]   ok       ans_cobertura  max_ano=2026
[ORQ 01:30:49]   ok       caged          max_ano=2026
[ORQ 01:30:49]   ok       rais           max_ano=2024
[ORQ 01:30:50]   ok       prodes         max_ano=2024
[ORQ 01:30:52]   ok       desastres      max_ano=0
[ORQ 01:30:52]   ok       sinisa         max_ano=2024
[ORQ 01:30:53]   ok       sinan_dengue   max_ano=2025
[ORQ 01:30:54]   ok       aneel_gd       max_ano=0
[ORQ 01:30:56]   ok       anatel_bl      max_ano=0
[ORQ 01:30:56]   ok       senatran_frota max_ano=2025
[ORQ 01:30:57]   ok       pronaf         max_ano=2025
[ORQ 01:30:59]   ok       ibama_autos    max_ano=0
[ORQ 01:31:00]   ok       sinesp         max_ano=0
[ORQ 01:31:02]   ok       incra_assentamentos max_ano=0
[ORQ 01:31:04]   ok       icmbio_uc      max_ano=0
[ORQ 01:31:05]   ok       ana_outorgas   max_ano=0
[ORQ 01:31:08]   ok       ibge_producao  max_ano=0
[ORQ 01:31:08]   ok       arboviroses    max_ano=2025
[ORQ 01:31:09]   ok       datatran       max_ano=2025
[ORQ 01:31:09]   ok       anp_vendas     max_ano=2024
[ORQ 01:31:11]   ok       capag          max_ano=0
[ORQ 01:31:11]   ok       rfb_arrecadacao max_ano=2025
[ORQ 01:31:12]   ok       sim            max_ano=2024
[ORQ 01:31:13]   ok       sia_producao   max_ano=0
[ORQ 01:31:15]   ok       medicamentos_alto_custo max_ano=0
[ORQ 01:31:15]   ok       cnes_equipes   max_ano=2024
[ORQ 01:31:16]   ok       cnes_equipamentos max_ano=2024
[ORQ 01:31:16]   ok       cnes_leitos    max_ano=2024
[ORQ 01:31:17]   ok       cnes_profissionais max_ano=2024
[ORQ 01:31:18]   ok       apac           max_ano=0
[ORQ 01:31:20]   ok       raas_saude_mental max_ano=0
[ORQ 01:31:21]   ok       cobertura_vacinal max_ano=2026
[ORQ 01:31:21]   ok       sinan_agravos  max_ano=2024
[ORQ 01:31:22]   ok       sinasc         max_ano=2022
[ORQ 01:31:22]   ok       sih            max_ano=2025
[ORQ 01:31:23]   ok       producao_aps   max_ano=2025
[ORQ 01:31:23]   ok       indicadores_previne max_ano=2025
[ORQ 01:31:24]   ok       qualidade_siaps max_ano=2025
[ORQ 01:31:25]   ok       igdm           max_ano=0
[ORQ 01:31:26]   ok       suas_saldo     max_ano=2025
[ORQ 01:31:26]   ok       pdde_saldo     max_ano=2025
[ORQ 01:31:27]   ok       pnae_agri      max_ano=2025
[ORQ 01:31:27]   ok       barragens      max_ano=2025
[ORQ 01:31:28]   ok       paa            max_ano=2025
[ORQ 01:31:29]   ok       lpg            max_ano=2025
[ORQ 01:31:29]   ok       salic          max_ano=2025
[ORQ 01:31:30]   ok       obras          max_ano=2025
[ORQ 01:31:30]   ok       novopac        max_ano=2025
[ORQ 01:31:31]   ok       censo_corraca  max_ano=2025
[ORQ 01:31:31]   ok       populacao_faixa max_ano=2025
[ORQ 01:31:32]   ok       pib_municipal  max_ano=2025
[ORQ 01:31:32]   ok       idhm           max_ano=2025
[ORQ 01:31:33]   ok       cemaden        max_ano=2025
[ORQ 01:31:33]   ok       domicilios     max_ano=2025
[ORQ 01:31:34]   ok       ranking_tesouro max_ano=2025
[ORQ 01:31:34]   ok       escola_turmas  max_ano=2025
[ORQ 01:31:35]   ok       evasao_escolar max_ano=2025
[ORQ 01:31:35]   ok       salario_educacao max_ano=2025
[ORQ 01:31:36]   ok       saeb           max_ano=2025
[ORQ 01:31:36]   ok       cnpj_municipal max_ano=2025
[ORQ 01:31:37]   ok       transferencias_cgu max_ano=2025
[ORQ 01:31:37]   ok       alfabetizacao  max_ano=2025
[ORQ 01:31:38]   ok       setores        max_ano=2025
[ORQ 01:31:38]   ok       setores_geo    max_ano=2025
[ORQ 01:31:39]   ok       setores_idade  max_ano=2025
[ORQ 01:31:39]   ok       setores_criancas max_ano=2025
[ORQ 01:31:40]   ok       museus         max_ano=2025
[ORQ 01:31:41]   ok       ibama_embargos max_ano=0
[ORQ 01:31:43]   ok       quilombos      max_ano=0
[ORQ 01:31:44]   ok       equipamentos_esporte max_ano=0
[ORQ 01:31:45]   ok       censo_especial max_ano=2025
[ORQ 01:31:45]   ok       fundeb_oficial max_ano=2026
[ORQ 01:31:46]   ok       fundeb_parametros max_ano=2026
[ORQ 01:31:46]   ok       indicadores_inep max_ano=2025
[ORQ 01:31:47]   ok       indicadores_inep_escola max_ano=2025
[ORQ 01:31:48]   ok       rpps_crp       max_ano=0
[ORQ 01:31:50]   ok       cadprev_full   max_ano=0
[ORQ 01:31:52]   ok       crp_alertas    max_ano=0
[ORQ 01:31:52]   ok       siops          max_ano=2025
[ORQ 01:31:53]   ok       compras        max_ano=2026
[ORQ 01:31:54]   ok       contratos      max_ano=2027
[ORQ 01:31:55]   ok       pca            max_ano=0
[ORQ 01:31:56]   ok       processos      max_ano=2025
[ORQ 01:31:56]   ok       itens          max_ano=2025
[ORQ 01:31:58]   ok       catalogo_govbr max_ano=0
[ORQ 01:31:59]   ok       classificacao_itens max_ano=0
[ORQ 01:32:00]   ok       indicadores    max_ano=2024
[ORQ 01:32:01]   ok       geo_entes      max_ano=2025
[ORQ 01:32:02]   ok       transferencias max_ano=0
[ORQ 01:32:03]   ok       cnes           max_ano=2026
[ORQ 01:32:03]   ok       sih            max_ano=2025
[ORQ 01:32:04]   ok       sia            max_ano=2025
[ORQ 01:32:05]   ok       previne        max_ano=0
[ORQ 01:32:07]   ok       indigena       max_ano=0
[ORQ 01:32:07]   ok       fns            max_ano=2026
[ORQ 01:32:09]   ok       cnpj_loc       max_ano=0
[ORQ 01:32:10]   ok       empenhos       max_ano=0
[ORQ 01:32:12]   ok       atas           max_ano=0
[ORQ 01:32:12]   ok       nf             max_ano=0
[ORQ 01:32:13]   ok       iegm           max_ano=2025
[ORQ 01:32:14]   ok       cauc           max_ano=0
[ORQ 01:32:15]   ok       ideb           max_ano=2025
[ORQ 01:32:15]   ok       censo          max_ano=2025
[ORQ 01:32:16]   RODA     programas_transferegov max_ano=2025
[ORQ 01:32:16]   RODA     programas_agil max_ano=2025
[ORQ 01:32:17]   ok       fnde_simad     max_ano=2025
[ORQ 01:32:17]   ok       escolas        max_ano=2025
[ORQ 01:32:18]   ok       cnes_estab     max_ano=2025
[ORQ 01:32:18]   ok       emendas        max_ano=2025
[ORQ 01:32:19]   ok       emendas_exec   max_ano=2026
[ORQ 01:32:20]   ok       siop_acoes     max_ano=2025
[ORQ 01:32:20]   ok       programa_beneficiario max_ano=2025
[ORQ 01:32:21]   ok       programas_federais max_ano=2025
[ORQ 01:32:21]   ok       suas           max_ano=2025
[ORQ 01:32:22]   ok       assistencia_social max_ano=2025
[ORQ 01:32:23]   ok       equipamentos_suas max_ano=0
[ORQ 01:32:25]   ok       equipamentos_endereco max_ano=0
[ORQ 01:32:27]   ok       equipamentos_geo max_ano=0
[ORQ 01:32:29]   RODA     equipamentos_cep max_ano=0
[ORQ 01:32:30]   ok       equipamentos_justica max_ano=0
[ORQ 01:32:31]   ok       precatorios    max_ano=2025
[ORQ 01:32:32]   ok       saneamento     max_ano=2025
[ORQ 01:32:32]   ok       agropecuaria   max_ano=2025
[ORQ 01:32:33]   ok       caf            max_ano=2025
[ORQ 01:32:34]   ok       car            max_ano=2025
[ORQ 01:32:34]   ok       pronaf         max_ano=2025
[ORQ 01:32:35]   ok       bancada        max_ano=2025
[ORQ 01:32:36]   ok       snis           max_ano=2025
[ORQ 01:32:36]   ok       transferencias_stn max_ano=2025
[ORQ 01:32:37]   ok       sancoes        max_ano=2025
[ORQ 01:32:38]   ok       munic          max_ano=2025
[ORQ 01:32:39]   ok       acompanhamento max_ano=2025
[ORQ 01:32:39]   ok       acompanhamento_funcao max_ano=2025
[ORQ 01:32:40]   ok       msc_despesa    max_ano=2025
[ORQ 01:32:41]   ok       precos_compras max_ano=2025
[ORQ 01:32:41]   ok       apresentacao_rotulo max_ano=2025
[ORQ 01:32:42]   ok       apresentacao_desc max_ano=2025
[ORQ 01:32:43]   ok       apresentacao_llm max_ano=2025
[ORQ 01:32:43]   ok       precos_basica  max_ano=2025
[ORQ 01:32:44]   ok       mislabel_unidade max_ano=2025
[ORQ 01:32:45]   ok       precos_nacional max_ano=2025
[ORQ 01:32:45]   ok       sobrepreco_nacional max_ano=2025
[ORQ 01:32:46]   ok       variacao_interna max_ano=2025
[ORQ 01:32:47]   ok       red_flags      max_ano=2025
[ORQ 01:32:47]   ok       mcmv           max_ano=2025
[ORQ 01:32:48]   ok       cmed           max_ano=2025
[ORQ 01:32:48]   ok       sobrepreco_med max_ano=2025
[ORQ 01:32:49]   ok       convenios      max_ano=2025
[ORQ 01:32:49] → 5 fonte(s) a coletar: bolsa_atleta, estatisticas_vitais, programas_transferegov, programas_agil, equipamentos_cep
[ORQ 01:32:49] ▶ bolsa_atleta (tentativa 1/5)
[ORQ 01:32:49] ▶ estatisticas_vitais (tentativa 1/5)
[ORQ 01:32:49] ▶ programas_transferegov (tentativa 1/5)
[ORQ 01:32:49] ▶ equipamentos_cep (tentativa 1/5)
[ORQ 01:32:52] ✔ equipamentos_cep: ok
[ORQ 01:33:11] ✔ bolsa_atleta: ok
[ORQ 01:36:55] ✔ programas_transferegov: ok
[ORQ 01:36:55] ▶ programas_agil (tentativa 1/5)
[ORQ 01:37:29] ✔ programas_agil: ok
[ORQ 01:51:32] ✔ estatisticas_vitais: ok
[ORQ 01:51:32] validando integridade…
[ORQ 01:51:38] validando separação Estado×município…
[ORQ 01:51:43] varredura de frescor (série histórica + última competência)…
[ORQ 01:52:19] motor de notificações (delta — avisa o que mudou)…
[ORQ 01:52:23] carteiro de notificações (envia se houver SMTP; simula caso contrário)…
[ORQ 01:52:26] carteiro WhatsApp (envia se houver Cloud API; simula caso contrário)…
[ORQ 01:52:28] regenerando documentação…
[ORQ 01:54:33] ciclo concluído.
===== FIM 17/07/2026 22:54:33,19 ===== 
 
===== INICIO 18/07/2026 22:30:01,91 (MODO=run) ===== 
(node:16176) Warning: SECURITY WARNING: The SSL modes 'prefer', 'require', and 'verify-ca' are treated as aliases for 'verify-full'.
In the next major version (pg-connection-string v3.0.0 and pg v9.0.0), these modes will adopt standard libpq semantics, which have weaker security guarantees.

To prepare for this change:
- If you want the current behavior, explicitly use 'sslmode=verify-full'
- If you want libpq compatibility now, use 'uselibpqcompat=true&sslmode=require'

See https://www.postgresql.org/docs/current/libpq-ssl.html for libpq SSL mode definitions.
(Use `node --trace-warnings ...` to show where the warning was created)
[ORQ 01:30:34] MODO=run | ano fechado=2025 | corrente=2026
[ORQ 01:30:34]   ok       financas       max_ano=2025
[ORQ 01:30:35]   ok       metas          max_ano=2025
[ORQ 01:30:36]   ok       desp_subfuncao max_ano=2025
[ORQ 01:30:37]   ok       receitas_det   max_ano=2025
[ORQ 01:30:38]   ok       rreo_const     max_ano=2025
[ORQ 01:30:38]   ok       rgf            max_ano=2025
[ORQ 01:30:39]   ok       rpps           max_ano=2025
[ORQ 01:30:40]   ok       rpps_atuarial  max_ano=0
[ORQ 01:30:41]   ok       pdde           max_ano=2024
[ORQ 01:30:42]   ok       pnld           max_ano=2025
[ORQ 01:30:43]   ok       acesso_financeiro max_ano=0
[ORQ 01:30:45]   ok       estban         max_ano=0
[ORQ 01:30:45]   ok       bndes          max_ano=2026
[ORQ 01:30:46]   ok       cfem           max_ano=2022
[ORQ 01:30:47]   ok       queimadas      max_ano=2026
[ORQ 01:30:47]   ok       anp            max_ano=2021
[ORQ 01:30:48]   RODA     bolsa_atleta   max_ano=2025
[ORQ 01:30:49]   RODA     estatisticas_vitais max_ano=2023
[ORQ 01:30:49]   ok       ans_cobertura  max_ano=2026
[ORQ 01:30:50]   ok       caged          max_ano=2026
[ORQ 01:30:50]   ok       rais           max_ano=2024
[ORQ 01:30:51]   ok       prodes         max_ano=2024
[ORQ 01:30:52]   ok       desastres      max_ano=0
[ORQ 01:30:53]   ok       sinisa         max_ano=2024
[ORQ 01:30:53]   ok       sinan_dengue   max_ano=2025
[ORQ 01:30:55]   ok       aneel_gd       max_ano=0
[ORQ 01:30:57]   ok       anatel_bl      max_ano=0
[ORQ 01:30:57]   ok       senatran_frota max_ano=2025
[ORQ 01:30:58]   ok       pronaf         max_ano=2025
[ORQ 01:30:59]   ok       ibama_autos    max_ano=0
[ORQ 01:31:01]   ok       sinesp         max_ano=0
[ORQ 01:31:03]   ok       incra_assentamentos max_ano=0
[ORQ 01:31:04]   ok       icmbio_uc      max_ano=0
[ORQ 01:31:06]   ok       ana_outorgas   max_ano=0
[ORQ 01:31:07]   ok       ibge_producao  max_ano=0
[ORQ 01:31:08]   ok       arboviroses    max_ano=2025
[ORQ 01:31:08]   ok       datatran       max_ano=2025
[ORQ 01:31:09]   ok       anp_vendas     max_ano=2024
[ORQ 01:31:11]   ok       capag          max_ano=0
[ORQ 01:31:11]   ok       rfb_arrecadacao max_ano=2025
[ORQ 01:31:12]   ok       sim            max_ano=2024
[ORQ 01:31:13]   ok       sia_producao   max_ano=0
[ORQ 01:31:15]   ok       medicamentos_alto_custo max_ano=0
[ORQ 01:31:16]   ok       cnes_equipes   max_ano=2024
[ORQ 01:31:16]   ok       cnes_equipamentos max_ano=2024
[ORQ 01:31:17]   ok       cnes_leitos    max_ano=2024
[ORQ 01:31:17]   ok       cnes_profissionais max_ano=2024
[ORQ 01:31:19]   ok       apac           max_ano=0
[ORQ 01:31:21]   ok       raas_saude_mental max_ano=0
[ORQ 01:31:21]   ok       cobertura_vacinal max_ano=2026
[ORQ 01:31:22]   ok       sinan_agravos  max_ano=2024
[ORQ 01:31:22]   ok       sinasc         max_ano=2022
[ORQ 01:31:23]   ok       sih            max_ano=2025
[ORQ 01:31:23]   ok       producao_aps   max_ano=2025
[ORQ 01:31:24]   ok       indicadores_previne max_ano=2025
[ORQ 01:31:24]   ok       qualidade_siaps max_ano=2025
[ORQ 01:31:26]   ok       igdm           max_ano=0
[ORQ 01:31:27]   ok       suas_saldo     max_ano=2025
[ORQ 01:31:27]   ok       pdde_saldo     max_ano=2025
[ORQ 01:31:28]   ok       pnae_agri      max_ano=2025
[ORQ 01:31:29]   ok       barragens      max_ano=2025
[ORQ 01:31:29]   ok       paa            max_ano=2025
[ORQ 01:31:30]   ok       lpg            max_ano=2025
[ORQ 01:31:30]   ok       salic          max_ano=2025
[ORQ 01:31:31]   ok       obras          max_ano=2025
[ORQ 01:31:31]   ok       novopac        max_ano=2025
[ORQ 01:31:32]   ok       censo_corraca  max_ano=2025
[ORQ 01:31:32]   ok       populacao_faixa max_ano=2025
[ORQ 01:31:33]   ok       pib_municipal  max_ano=2025
[ORQ 01:31:33]   ok       idhm           max_ano=2025
[ORQ 01:31:34]   ok       cemaden        max_ano=2025
[ORQ 01:31:35]   ok       domicilios     max_ano=2025
[ORQ 01:31:35]   ok       ranking_tesouro max_ano=2025
[ORQ 01:31:36]   ok       escola_turmas  max_ano=2025
[ORQ 01:31:36]   ok       evasao_escolar max_ano=2025
[ORQ 01:31:37]   ok       salario_educacao max_ano=2025
[ORQ 01:31:37]   ok       saeb           max_ano=2025
[ORQ 01:31:38]   ok       cnpj_municipal max_ano=2025
[ORQ 01:31:38]   ok       transferencias_cgu max_ano=2025
[ORQ 01:31:39]   ok       alfabetizacao  max_ano=2025
[ORQ 01:31:39]   ok       setores        max_ano=2025
[ORQ 01:31:40]   ok       setores_geo    max_ano=2025
[ORQ 01:31:41]   ok       setores_idade  max_ano=2025
[ORQ 01:31:41]   ok       setores_criancas max_ano=2025
[ORQ 01:31:42]   ok       museus         max_ano=2025
[ORQ 01:31:43]   ok       ibama_embargos max_ano=0
[ORQ 01:31:45]   ok       quilombos      max_ano=0
[ORQ 01:31:46]   ok       equipamentos_esporte max_ano=0
[ORQ 01:31:47]   ok       censo_especial max_ano=2025
[ORQ 01:31:47]   ok       fundeb_oficial max_ano=2026
[ORQ 01:31:48]   ok       fundeb_parametros max_ano=2026
[ORQ 01:31:48]   ok       indicadores_inep max_ano=2025
[ORQ 01:31:49]   ok       indicadores_inep_escola max_ano=2025
[ORQ 01:31:51]   RODA     rpps_crp       max_ano=0
[ORQ 01:31:53]   ok       cadprev_full   max_ano=0
[ORQ 01:31:54]   ok       crp_alertas    max_ano=0
[ORQ 01:31:55]   ok       siops          max_ano=2025
[ORQ 01:31:56]   ok       compras        max_ano=2026
[ORQ 01:31:56]   RODA     incremental    max_ano=2025
[ORQ 01:31:57]   RODA     eventos_dado   max_ano=2025
[ORQ 01:31:58]   ok       rederiva       max_ano=2025
[ORQ 01:31:59]   ok       contratos      max_ano=2027
[ORQ 01:32:00]   ok       pca            max_ano=0
[ORQ 01:32:01]   ok       processos      max_ano=2025
[ORQ 01:32:02]   ok       itens          max_ano=2025
[ORQ 01:32:04]   ok       catalogo_govbr max_ano=0
[ORQ 01:32:05]   ok       classificacao_itens max_ano=0
[ORQ 01:32:06]   ok       indicadores    max_ano=2024
[ORQ 01:32:07]   ok       geo_entes      max_ano=2025
[ORQ 01:32:08]   ok       transferencias max_ano=0
[ORQ 01:32:09]   ok       cnes           max_ano=2026
[ORQ 01:32:09]   ok       sih            max_ano=2025
[ORQ 01:32:10]   ok       sia            max_ano=2025
[ORQ 01:32:12]   ok       previne        max_ano=0
[ORQ 01:32:13]   ok       indigena       max_ano=0
[ORQ 01:32:14]   ok       fns            max_ano=2026
[ORQ 01:32:16]   ok       cnpj_loc       max_ano=0
[ORQ 01:32:18]   ok       empenhos       max_ano=0
[ORQ 01:32:20]   ok       atas           max_ano=0
[ORQ 01:32:20]   ok       nf             max_ano=0
[ORQ 01:32:21]   ok       iegm           max_ano=2025
[ORQ 01:32:23]   ok       cauc           max_ano=0
[ORQ 01:32:23]   ok       ideb           max_ano=2025
[ORQ 01:32:24]   ok       censo          max_ano=2025
[ORQ 01:32:24]   RODA     programas_transferegov max_ano=2025
[ORQ 01:32:25]   RODA     programas_agil max_ano=2025
[ORQ 01:32:25]   ok       fnde_simad     max_ano=2025
[ORQ 01:32:26]   ok       escolas        max_ano=2025
[ORQ 01:32:26]   ok       cnes_estab     max_ano=2025
[ORQ 01:32:27]   ok       emendas        max_ano=2025
[ORQ 01:32:28]   ok       emendas_exec   max_ano=2026
[ORQ 01:32:28]   ok       siop_acoes     max_ano=2025
[ORQ 01:32:29]   ok       programa_beneficiario max_ano=2025
[ORQ 01:32:29]   ok       programas_federais max_ano=2025
[ORQ 01:32:30]   ok       suas           max_ano=2025
[ORQ 01:32:30]   ok       assistencia_social max_ano=2025
[ORQ 01:32:32]   ok       equipamentos_suas max_ano=0
[ORQ 01:32:34]   ok       equipamentos_endereco max_ano=0
[ORQ 01:32:35]   ok       equipamentos_geo max_ano=0
[ORQ 01:32:37]   RODA     equipamentos_cep max_ano=0
[ORQ 01:32:39]   ok       equipamentos_justica max_ano=0
[ORQ 01:32:40]   ok       precatorios    max_ano=2025
[ORQ 01:32:40]   ok       saneamento     max_ano=2025
[ORQ 01:32:42]   ok       agropecuaria   max_ano=2025
[ORQ 01:32:42]   ok       caf            max_ano=2025
[ORQ 01:32:43]   ok       car            max_ano=2025
[ORQ 01:32:44]   ok       pronaf         max_ano=2025
[ORQ 01:32:44]   ok       bancada        max_ano=2025
[ORQ 01:32:45]   ok       snis           max_ano=2025
[ORQ 01:32:46]   ok       transferencias_stn max_ano=2025
[ORQ 01:32:47]   ok       sancoes        max_ano=2025
[ORQ 01:32:48]   ok       munic          max_ano=2025
[ORQ 01:32:49]   ok       acompanhamento max_ano=2025
[ORQ 01:32:50]   ok       acompanhamento_funcao max_ano=2025
[ORQ 01:32:51]   ok       msc_despesa    max_ano=2025
[ORQ 01:32:52]   ok       precos_compras max_ano=2025
[ORQ 01:32:52]   ok       apresentacao_rotulo max_ano=2025
[ORQ 01:32:53]   ok       apresentacao_desc max_ano=2025
[ORQ 01:32:54]   ok       apresentacao_llm max_ano=2025
[ORQ 01:32:54]   ok       precos_basica  max_ano=2025
[ORQ 01:32:55]   ok       mislabel_unidade max_ano=2025
[ORQ 01:32:56]   ok       precos_nacional max_ano=2025
[ORQ 01:32:57]   ok       sobrepreco_nacional max_ano=2025
[ORQ 01:32:57]   ok       variacao_interna max_ano=2025
[ORQ 01:32:58]   ok       red_flags      max_ano=2025
[ORQ 01:32:59]   ok       mcmv           max_ano=2025
[ORQ 01:32:59]   ok       cmed           max_ano=2025
[ORQ 01:33:00]   ok       sobrepreco_med max_ano=2025
[ORQ 01:33:01]   ok       convenios      max_ano=2025
[ORQ 01:33:01] → 8 fonte(s) a coletar: bolsa_atleta, estatisticas_vitais, rpps_crp, incremental, eventos_dado, programas_transferegov, programas_agil, equipamentos_cep
[ORQ 01:33:01] ▶ bolsa_atleta (tentativa 1/5)
[ORQ 01:33:01] ▶ estatisticas_vitais (tentativa 1/5)
[ORQ 01:33:01] ▶ rpps_crp (tentativa 1/5)
[ORQ 01:33:01] ▶ incremental (tentativa 1/5)
[ORQ 01:33:01] ▶ programas_transferegov (tentativa 1/5)
[ORQ 01:33:01] ▶ equipamentos_cep (tentativa 1/5)
[ORQ 01:33:05] ✔ equipamentos_cep: ok
[ORQ 01:33:24] ✔ bolsa_atleta: ok
[ORQ 01:33:26] ✔ rpps_crp: ok
[ORQ 01:37:31] ✔ programas_transferegov: ok
[ORQ 01:37:31] ▶ programas_agil (tentativa 1/5)
[ORQ 01:38:06] ✔ programas_agil: ok
[ORQ 01:38:58] ✔ incremental: ok
[ORQ 01:38:58] ▶ eventos_dado (tentativa 1/5)
[ORQ 01:39:06] ✔ eventos_dado: ok
[ORQ 01:53:05] ✔ estatisticas_vitais: ok
[ORQ 01:53:05] validando integridade…
[ORQ 01:53:13] validando separação Estado×município…
[ORQ 01:53:18] varredura de frescor (série histórica + última competência)…
[ORQ 01:53:59] motor de notificações (delta — avisa o que mudou)…
[ORQ 01:54:03] carteiro de notificações (envia se houver SMTP; simula caso contrário)…
[ORQ 01:54:06] carteiro WhatsApp (envia se houver Cloud API; simula caso contrário)…
[ORQ 01:54:08] regenerando documentação…
[ORQ 01:56:42] ciclo concluído.
===== FIM 18/07/2026 22:56:42,07 ===== 
 
===== INICIO 19/07/2026 22:30:01,91 (MODO=run) ===== 
(node:30788) Warning: SECURITY WARNING: The SSL modes 'prefer', 'require', and 'verify-ca' are treated as aliases for 'verify-full'.
In the next major version (pg-connection-string v3.0.0 and pg v9.0.0), these modes will adopt standard libpq semantics, which have weaker security guarantees.

To prepare for this change:
- If you want the current behavior, explicitly use 'sslmode=verify-full'
- If you want libpq compatibility now, use 'uselibpqcompat=true&sslmode=require'

See https://www.postgresql.org/docs/current/libpq-ssl.html for libpq SSL mode definitions.
(Use `node --trace-warnings ...` to show where the warning was created)
[ORQ 01:30:30] MODO=run | ano fechado=2025 | corrente=2026
[ORQ 01:30:31]   ok       financas       max_ano=2025
[ORQ 01:30:32]   ok       metas          max_ano=2025
[ORQ 01:30:32]   ok       desp_subfuncao max_ano=2025
[ORQ 01:30:33]   ok       receitas_det   max_ano=2025
[ORQ 01:30:34]   ok       rreo_const     max_ano=2025
[ORQ 01:30:34]   ok       rgf            max_ano=2025
[ORQ 01:30:35]   ok       rpps           max_ano=2025
[ORQ 01:30:36]   ok       rpps_atuarial  max_ano=0
[ORQ 01:30:37]   ok       pdde           max_ano=2024
[ORQ 01:30:37]   ok       pnld           max_ano=2025
[ORQ 01:30:39]   ok       acesso_financeiro max_ano=0
[ORQ 01:30:40]   ok       estban         max_ano=0
[ORQ 01:30:41]   ok       bndes          max_ano=2026
[ORQ 01:30:41]   ok       cfem           max_ano=2022
[ORQ 01:30:42]   RODA     queimadas      max_ano=2026
[ORQ 01:30:42]   ok       anp            max_ano=2021
[ORQ 01:30:43]   RODA     bolsa_atleta   max_ano=2025
[ORQ 01:30:44]   RODA     estatisticas_vitais max_ano=2023
[ORQ 01:30:44]   ok       ans_cobertura  max_ano=2026
[ORQ 01:30:45]   ok       caged          max_ano=2026
[ORQ 01:30:45]   ok       rais           max_ano=2024
[ORQ 01:30:46]   ok       prodes         max_ano=2024
[ORQ 01:30:47]   ok       desastres      max_ano=0
[ORQ 01:30:48]   ok       sinisa         max_ano=2024
[ORQ 01:30:48]   RODA     sinan_dengue   max_ano=2025
[ORQ 01:30:50]   ok       aneel_gd       max_ano=0
[ORQ 01:30:52]   ok       anatel_bl      max_ano=0
[ORQ 01:30:52]   ok       senatran_frota max_ano=2025
[ORQ 01:30:52]   ok       pronaf         max_ano=2025
[ORQ 01:30:54]   ok       ibama_autos    max_ano=0
[ORQ 01:30:55]   ok       sinesp         max_ano=0
[ORQ 01:30:57]   ok       incra_assentamentos max_ano=0
[ORQ 01:30:59]   ok       icmbio_uc      max_ano=0
[ORQ 01:31:00]   ok       ana_outorgas   max_ano=0
[ORQ 01:31:02]   ok       ibge_producao  max_ano=0
[ORQ 01:31:02]   RODA     arboviroses    max_ano=2025
[ORQ 01:31:03]   ok       datatran       max_ano=2025
[ORQ 01:31:03]   ok       anp_vendas     max_ano=2024
[ORQ 01:31:05]   ok       capag          max_ano=0
[ORQ 01:31:06]   ok       rfb_arrecadacao max_ano=2025
[ORQ 01:31:06]   ok       sim            max_ano=2024
[ORQ 01:31:08]   ok       sia_producao   max_ano=0
[ORQ 01:31:09]   ok       medicamentos_alto_custo max_ano=0
[ORQ 01:31:10]   ok       cnes_equipes   max_ano=2024
[ORQ 01:31:10]   ok       cnes_equipamentos max_ano=2024
[ORQ 01:31:11]   ok       cnes_leitos    max_ano=2024
[ORQ 01:31:12]   ok       cnes_profissionais max_ano=2024
[ORQ 01:31:13]   ok       apac           max_ano=0
[ORQ 01:31:15]   ok       raas_saude_mental max_ano=0
[ORQ 01:31:15]   ok       cobertura_vacinal max_ano=2026
[ORQ 01:31:16]   ok       sinan_agravos  max_ano=2024
[ORQ 01:31:16]   ok       sinasc         max_ano=2022
[ORQ 01:31:17]   ok       sih            max_ano=2025
[ORQ 01:31:17]   ok       producao_aps   max_ano=2025
[ORQ 01:31:18]   ok       indicadores_previne max_ano=2025
[ORQ 01:31:18]   ok       qualidade_siaps max_ano=2025
[ORQ 01:31:20]   ok       igdm           max_ano=0
[ORQ 01:31:20]   ok       suas_saldo     max_ano=2025
[ORQ 01:31:21]   ok       pdde_saldo     max_ano=2025
[ORQ 01:31:21]   ok       pnae_agri      max_ano=2025
[ORQ 01:31:22]   ok       barragens      max_ano=2025
[ORQ 01:31:22]   ok       paa            max_ano=2025
[ORQ 01:31:23]   ok       lpg            max_ano=2025
[ORQ 01:31:23]   ok       salic          max_ano=2025
[ORQ 01:31:24]   ok       obras          max_ano=2025
[ORQ 01:31:24]   ok       novopac        max_ano=2025
[ORQ 01:31:25]   ok       censo_corraca  max_ano=2025
[ORQ 01:31:25]   ok       populacao_faixa max_ano=2025
[ORQ 01:31:26]   ok       pib_municipal  max_ano=2025
[ORQ 01:31:26]   ok       idhm           max_ano=2025
[ORQ 01:31:27]   ok       cemaden        max_ano=2025
[ORQ 01:31:27]   ok       domicilios     max_ano=2025
[ORQ 01:31:28]   ok       ranking_tesouro max_ano=2025
[ORQ 01:31:28]   ok       escola_turmas  max_ano=2025
[ORQ 01:31:29]   ok       evasao_escolar max_ano=2025
[ORQ 01:31:29]   ok       salario_educacao max_ano=2025
[ORQ 01:31:30]   ok       saeb           max_ano=2025
[ORQ 01:31:30]   ok       cnpj_municipal max_ano=2025
[ORQ 01:31:31]   ok       transferencias_cgu max_ano=2025
[ORQ 01:31:31]   ok       alfabetizacao  max_ano=2025
[ORQ 01:31:32]   ok       setores        max_ano=2025
[ORQ 01:31:32]   ok       setores_geo    max_ano=2025
[ORQ 01:31:33]   ok       setores_idade  max_ano=2025
[ORQ 01:31:33]   ok       setores_criancas max_ano=2025
[ORQ 01:31:34]   ok       museus         max_ano=2025
[ORQ 01:31:35]   ok       ibama_embargos max_ano=0
[ORQ 01:31:37]   ok       quilombos      max_ano=0
[ORQ 01:31:38]   ok       equipamentos_esporte max_ano=0
[ORQ 01:31:39]   ok       censo_especial max_ano=2025
[ORQ 01:31:39]   ok       fundeb_oficial max_ano=2026
[ORQ 01:31:40]   ok       fundeb_parametros max_ano=2026
[ORQ 01:31:40]   ok       indicadores_inep max_ano=2025
[ORQ 01:31:40]   ok       indicadores_inep_escola max_ano=2025
[ORQ 01:31:42]   ok       rpps_crp       max_ano=0
[ORQ 01:31:43]   ok       cadprev_full   max_ano=0
[ORQ 01:31:45]   RODA     crp_alertas    max_ano=0
[ORQ 01:31:46]   ok       siops          max_ano=2025
[ORQ 01:31:47]   ok       compras        max_ano=2026
[ORQ 01:31:47]   ok       incremental    max_ano=2025
[ORQ 01:31:48]   RODA     eventos_dado   max_ano=2025
[ORQ 01:31:49]   RODA     rederiva       max_ano=2025
[ORQ 01:31:49]   ok       contratos      max_ano=2027
[ORQ 01:31:51]   ok       pca            max_ano=0
[ORQ 01:31:51]   ok       processos      max_ano=2025
[ORQ 01:31:52]   ok       itens          max_ano=2025
[ORQ 01:31:53]   ok       catalogo_govbr max_ano=0
[ORQ 01:31:55]   ok       classificacao_itens max_ano=0
[ORQ 01:31:55]   ok       indicadores    max_ano=2024
[ORQ 01:31:56]   ok       geo_entes      max_ano=2025
[ORQ 01:31:57]   ok       transferencias max_ano=0
[ORQ 01:31:58]   ok       cnes           max_ano=2026
[ORQ 01:31:58]   ok       sih            max_ano=2025
[ORQ 01:31:59]   ok       sia            max_ano=2025
[ORQ 01:32:00]   ok       previne        max_ano=0
[ORQ 01:32:02]   ok       indigena       max_ano=0
[ORQ 01:32:02]   ok       fns            max_ano=2026
[ORQ 01:32:04]   ok       cnpj_loc       max_ano=0
[ORQ 01:32:05]   ok       empenhos       max_ano=0
[ORQ 01:32:07]   ok       atas           max_ano=0
[ORQ 01:32:07]   ok       nf             max_ano=0
[ORQ 01:32:08]   ok       iegm           max_ano=2025
[ORQ 01:32:09]   ok       cauc           max_ano=0
[ORQ 01:32:10]   ok       ideb           max_ano=2025
[ORQ 01:32:10]   ok       censo          max_ano=2025
[ORQ 01:32:11]   RODA     programas_transferegov max_ano=2025
[ORQ 01:32:11]   RODA     programas_agil max_ano=2025
[ORQ 01:32:12]   ok       fnde_simad     max_ano=2025
[ORQ 01:32:12]   ok       escolas        max_ano=2025
[ORQ 01:32:13]   ok       cnes_estab     max_ano=2025
[ORQ 01:32:13]   ok       emendas        max_ano=2025
[ORQ 01:32:14]   ok       emendas_exec   max_ano=2026
[ORQ 01:32:15]   ok       siop_acoes     max_ano=2025
[ORQ 01:32:15]   ok       programa_beneficiario max_ano=2025
[ORQ 01:32:16]   ok       programas_federais max_ano=2025
[ORQ 01:32:16]   ok       suas           max_ano=2025
[ORQ 01:32:17]   ok       assistencia_social max_ano=2025
[ORQ 01:32:18]   ok       equipamentos_suas max_ano=0
[ORQ 01:32:20]   ok       equipamentos_endereco max_ano=0
[ORQ 01:32:21]   ok       equipamentos_geo max_ano=0
[ORQ 01:32:23]   RODA     equipamentos_cep max_ano=0
[ORQ 01:32:25]   ok       equipamentos_justica max_ano=0
[ORQ 01:32:25]   ok       precatorios    max_ano=2025
[ORQ 01:32:26]   ok       saneamento     max_ano=2025
[ORQ 01:32:27]   ok       agropecuaria   max_ano=2025
[ORQ 01:32:27]   ok       caf            max_ano=2025
[ORQ 01:32:28]   ok       car            max_ano=2025
[ORQ 01:32:29]   ok       pronaf         max_ano=2025
[ORQ 01:32:29]   ok       bancada        max_ano=2025
[ORQ 01:32:30]   ok       snis           max_ano=2025
[ORQ 01:32:30]   ok       transferencias_stn max_ano=2025
[ORQ 01:32:31]   ok       sancoes        max_ano=2025
[ORQ 01:32:32]   ok       munic          max_ano=2025
[ORQ 01:32:32]   ok       acompanhamento max_ano=2025
[ORQ 01:32:33]   ok       acompanhamento_funcao max_ano=2025
[ORQ 01:32:34]   ok       msc_despesa    max_ano=2025
[ORQ 01:32:34]   ok       precos_compras max_ano=2025
[ORQ 01:32:35]   ok       apresentacao_rotulo max_ano=2025
[ORQ 01:32:36]   ok       apresentacao_desc max_ano=2025
[ORQ 01:32:36]   ok       apresentacao_llm max_ano=2025
[ORQ 01:32:37]   ok       precos_basica  max_ano=2025
[ORQ 01:32:38]   ok       mislabel_unidade max_ano=2025
[ORQ 01:32:38]   ok       precos_nacional max_ano=2025
[ORQ 01:32:39]   ok       sobrepreco_nacional max_ano=2025
[ORQ 01:32:40]   ok       variacao_interna max_ano=2025
[ORQ 01:32:40]   ok       red_flags      max_ano=2025
[ORQ 01:32:41]   ok       mcmv           max_ano=2025
[ORQ 01:32:42]   ok       cmed           max_ano=2025
[ORQ 01:32:42]   ok       sobrepreco_med max_ano=2025
[ORQ 01:32:43]   ok       convenios      max_ano=2025
[ORQ 01:32:43] → 11 fonte(s) a coletar: queimadas, bolsa_atleta, estatisticas_vitais, sinan_dengue, arboviroses, crp_alertas, eventos_dado, rederiva, programas_transferegov, programas_agil, equipamentos_cep
[ORQ 01:32:43] ▶ queimadas (tentativa 1/5)
[ORQ 01:32:43] ▶ bolsa_atleta (tentativa 1/5)
[ORQ 01:32:43] ▶ estatisticas_vitais (tentativa 1/5)
[ORQ 01:32:43] ▶ sinan_dengue (tentativa 1/5)
[ORQ 01:32:43] ▶ crp_alertas (tentativa 1/5)
[ORQ 01:32:43] ▶ eventos_dado (tentativa 1/5)
[ORQ 01:32:43] ▶ rederiva (tentativa 1/5)
[ORQ 01:32:43] ▶ programas_transferegov (tentativa 1/5)
[ORQ 01:32:43] ▶ equipamentos_cep (tentativa 1/5)
[ORQ 01:32:46] ✔ equipamentos_cep: ok
[ORQ 01:32:49] ✔ eventos_dado: ok
[ORQ 01:33:03] ✔ bolsa_atleta: ok
[ORQ 01:33:48] ✔ crp_alertas: ok
[ORQ 01:34:20] ✔ rederiva: ok
[ORQ 01:36:41] ✔ programas_transferegov: ok
[ORQ 01:36:41] ▶ programas_agil (tentativa 1/5)
[ORQ 01:37:14] ✔ programas_agil: ok
[ORQ 01:44:46] ✔ sinan_dengue: ok
[ORQ 01:44:46] ▶ arboviroses (tentativa 1/5)
^C 
===== INICIO 20/07/2026 22:30:01,45 (MODO=run) ===== 
(node:4156) Warning: SECURITY WARNING: The SSL modes 'prefer', 'require', and 'verify-ca' are treated as aliases for 'verify-full'.
In the next major version (pg-connection-string v3.0.0 and pg v9.0.0), these modes will adopt standard libpq semantics, which have weaker security guarantees.

To prepare for this change:
- If you want the current behavior, explicitly use 'sslmode=verify-full'
- If you want libpq compatibility now, use 'uselibpqcompat=true&sslmode=require'

See https://www.postgresql.org/docs/current/libpq-ssl.html for libpq SSL mode definitions.
(Use `node --trace-warnings ...` to show where the warning was created)
[ORQ 01:30:34] MODO=run | ano fechado=2025 | corrente=2026
[ORQ 01:30:35]   ok       financas       max_ano=2025
[ORQ 01:30:35]   ok       metas          max_ano=2025
[ORQ 01:30:36]   ok       desp_subfuncao max_ano=2025
[ORQ 01:30:37]   ok       receitas_det   max_ano=2025
[ORQ 01:30:37]   ok       rreo_const     max_ano=2025
[ORQ 01:30:38]   ok       rgf            max_ano=2025
[ORQ 01:30:39]   ok       rpps           max_ano=2025
[ORQ 01:30:40]   ok       rpps_atuarial  max_ano=0
[ORQ 01:30:41]   ok       pdde           max_ano=2024
[ORQ 01:30:41]   ok       pnld           max_ano=2025
[ORQ 01:30:43]   ok       acesso_financeiro max_ano=0
[ORQ 01:30:44]   ok       estban         max_ano=0
[ORQ 01:30:45]   ok       bndes          max_ano=2026
[ORQ 01:30:45]   ok       cfem           max_ano=2022
[ORQ 01:30:46]   RODA     queimadas      max_ano=2026
[ORQ 01:30:47]   ok       anp            max_ano=2021
[ORQ 01:30:47]   RODA     bolsa_atleta   max_ano=2025
[ORQ 01:30:48]   RODA     estatisticas_vitais max_ano=2023
[ORQ 01:30:49]   ok       ans_cobertura  max_ano=2026
[ORQ 01:30:49]   ok       caged          max_ano=2026
[ORQ 01:30:50]   ok       rais           max_ano=2024
[ORQ 01:30:50]   ok       prodes         max_ano=2024
[ORQ 01:30:52]   ok       desastres      max_ano=0
[ORQ 01:30:52]   ok       sinisa         max_ano=2024
[ORQ 01:30:53]   ok       sinan_dengue   max_ano=2025
[ORQ 01:30:56]   ok       aneel_gd       max_ano=0
[ORQ 01:30:58]   ok       anatel_bl      max_ano=0
[ORQ 01:30:58]   ok       senatran_frota max_ano=2025
[ORQ 01:30:59]   RODA     pronaf         max_ano=2025
[ORQ 01:31:00]   ok       ibama_autos    max_ano=0
[ORQ 01:31:02]   ok       sinesp         max_ano=0
[ORQ 01:31:03]   ok       incra_assentamentos max_ano=0
[ORQ 01:31:05]   ok       icmbio_uc      max_ano=0
[ORQ 01:31:07]   ok       ana_outorgas   max_ano=0
[ORQ 01:31:08]   ok       ibge_producao  max_ano=0
[ORQ 01:31:09]   RODA     arboviroses    max_ano=2025
[ORQ 01:31:09]   ok       datatran       max_ano=2025
[ORQ 01:31:10]   ok       anp_vendas     max_ano=2024
[ORQ 01:31:12]   ok       capag          max_ano=0
[ORQ 01:31:12]   ok       rfb_arrecadacao max_ano=2025
[ORQ 01:31:13]   ok       sim            max_ano=2024
[ORQ 01:31:14]   ok       sia_producao   max_ano=0
[ORQ 01:31:16]   ok       medicamentos_alto_custo max_ano=0
[ORQ 01:31:17]   ok       cnes_equipes   max_ano=2024
[ORQ 01:31:17]   ok       cnes_equipamentos max_ano=2024
[ORQ 01:31:18]   ok       cnes_leitos    max_ano=2024
[ORQ 01:31:18]   ok       cnes_profissionais max_ano=2024
[ORQ 01:31:20]   ok       apac           max_ano=0
[ORQ 01:31:22]   ok       raas_saude_mental max_ano=0
[ORQ 01:31:22]   ok       cobertura_vacinal max_ano=2026
[ORQ 01:31:23]   ok       sinan_agravos  max_ano=2024
[ORQ 01:31:23]   ok       sinasc         max_ano=2022
[ORQ 01:31:24]   ok       sih            max_ano=2025
[ORQ 01:31:24]   ok       producao_aps   max_ano=2025
[ORQ 01:31:25]   ok       indicadores_previne max_ano=2025
[ORQ 01:31:25]   ok       qualidade_siaps max_ano=2025
[ORQ 01:31:27]   ok       igdm           max_ano=0
[ORQ 01:31:27]   ok       suas_saldo     max_ano=2025
[ORQ 01:31:28]   ok       pdde_saldo     max_ano=2025
[ORQ 01:31:28]   ok       pnae_agri      max_ano=2025
[ORQ 01:31:29]   ok       barragens      max_ano=2025
[ORQ 01:31:29]   ok       paa            max_ano=2025
[ORQ 01:31:30]   ok       lpg            max_ano=2025
[ORQ 01:31:30]   ok       salic          max_ano=2025
[ORQ 01:31:31]   ok       obras          max_ano=2025
[ORQ 01:31:31]   ok       novopac        max_ano=2025
[ORQ 01:31:32]   ok       censo_corraca  max_ano=2025
[ORQ 01:31:32]   ok       populacao_faixa max_ano=2025
[ORQ 01:31:33]   ok       pib_municipal  max_ano=2025
[ORQ 01:31:33]   ok       idhm           max_ano=2025
[ORQ 01:31:34]   ok       cemaden        max_ano=2025
[ORQ 01:31:34]   ok       domicilios     max_ano=2025
[ORQ 01:31:35]   ok       ranking_tesouro max_ano=2025
[ORQ 01:31:35]   ok       escola_turmas  max_ano=2025
[ORQ 01:31:36]   ok       evasao_escolar max_ano=2025
[ORQ 01:31:36]   ok       salario_educacao max_ano=2025
[ORQ 01:31:37]   ok       saeb           max_ano=2025
[ORQ 01:31:37]   ok       cnpj_municipal max_ano=2025
[ORQ 01:31:38]   ok       transferencias_cgu max_ano=2025
[ORQ 01:31:38]   ok       alfabetizacao  max_ano=2025
[ORQ 01:31:39]   ok       setores        max_ano=2025
[ORQ 01:31:40]   ok       setores_geo    max_ano=2025
[ORQ 01:31:40]   ok       setores_idade  max_ano=2025
[ORQ 01:31:41]   ok       setores_criancas max_ano=2025
[ORQ 01:31:41]   ok       museus         max_ano=2025
[ORQ 01:31:43]   ok       ibama_embargos max_ano=0
[ORQ 01:31:44]   ok       quilombos      max_ano=0
[ORQ 01:31:46]   ok       equipamentos_esporte max_ano=0
[ORQ 01:31:46]   ok       censo_especial max_ano=2025
[ORQ 01:31:47]   ok       fundeb_oficial max_ano=2026
[ORQ 01:31:48]   ok       fundeb_parametros max_ano=2026
[ORQ 01:31:48]   ok       indicadores_inep max_ano=2025
[ORQ 01:31:49]   ok       indicadores_inep_escola max_ano=2025
[ORQ 01:31:51]   ok       rpps_crp       max_ano=0
[ORQ 01:31:53]   ok       cadprev_full   max_ano=0
[ORQ 01:31:55]   ok       crp_alertas    max_ano=0
[ORQ 01:31:56]   ok       siops          max_ano=2025
[ORQ 01:31:56]   ok       compras        max_ano=2026
[ORQ 01:31:57]   RODA     incremental    max_ano=2025
[ORQ 01:31:57]   RODA     eventos_dado   max_ano=2025
[ORQ 01:31:58]   RODA     rederiva       max_ano=2025
[ORQ 01:31:59]   ok       contratos      max_ano=2027
[ORQ 01:32:01]   ok       pca            max_ano=0
[ORQ 01:32:01]   ok       processos      max_ano=2025
[ORQ 01:32:01]   ok       itens          max_ano=2025
[ORQ 01:32:03]   ok       catalogo_govbr max_ano=0
[ORQ 01:32:05]   ok       classificacao_itens max_ano=0
[ORQ 01:32:05]   ok       indicadores    max_ano=2024
[ORQ 01:32:06]   ok       geo_entes      max_ano=2025
[ORQ 01:32:07]   RODA     transferencias max_ano=0
[ORQ 01:32:08]   RODA     cnes           max_ano=2026
[ORQ 01:32:09]   RODA     sih            max_ano=2025
[ORQ 01:32:09]   RODA     sia            max_ano=2025
[ORQ 01:32:11]   ok       previne        max_ano=0
[ORQ 01:32:12]   ok       indigena       max_ano=0
[ORQ 01:32:13]   RODA     fns            max_ano=2026
[ORQ 01:32:15]   ok       cnpj_loc       max_ano=0
[ORQ 01:32:16]   ok       empenhos       max_ano=0
[ORQ 01:32:18]   ok       atas           max_ano=0
[ORQ 01:32:19]   ok       nf             max_ano=0
[ORQ 01:32:19]   ok       iegm           max_ano=2025
[ORQ 01:32:21]   RODA     cauc           max_ano=0
[ORQ 01:32:22]   ok       ideb           max_ano=2025
[ORQ 01:32:22]   ok       censo          max_ano=2025
[ORQ 01:32:23]   RODA     programas_transferegov max_ano=2025
[ORQ 01:32:24]   RODA     programas_agil max_ano=2025
[ORQ 01:32:24]   ok       fnde_simad     max_ano=2025
[ORQ 01:32:25]   ok       escolas        max_ano=2025
[ORQ 01:32:25]   ok       cnes_estab     max_ano=2025
[ORQ 01:32:26]   ok       emendas        max_ano=2025
[ORQ 01:32:26]   ok       emendas_exec   max_ano=2026
[ORQ 01:32:27]   ok       siop_acoes     max_ano=2025
[ORQ 01:32:28]   ok       programa_beneficiario max_ano=2025
[ORQ 01:32:28]   ok       programas_federais max_ano=2025
[ORQ 01:32:29]   ok       suas           max_ano=2025
[ORQ 01:32:29]   ok       assistencia_social max_ano=2025
[ORQ 01:32:31]   ok       equipamentos_suas max_ano=0
[ORQ 01:32:33]   ok       equipamentos_endereco max_ano=0
[ORQ 01:32:35]   ok       equipamentos_geo max_ano=0
[ORQ 01:32:37]   RODA     equipamentos_cep max_ano=0
[ORQ 01:32:38]   ok       equipamentos_justica max_ano=0
[ORQ 01:32:39]   ok       precatorios    max_ano=2025
[ORQ 01:32:40]   ok       saneamento     max_ano=2025
[ORQ 01:32:41]   ok       agropecuaria   max_ano=2025
[ORQ 01:32:41]   ok       caf            max_ano=2025
[ORQ 01:32:42]   ok       car            max_ano=2025
[ORQ 01:32:43]   ok       pronaf         max_ano=2025
[ORQ 01:32:43]   ok       bancada        max_ano=2025
[ORQ 01:32:44]   ok       snis           max_ano=2025
[ORQ 01:32:45]   ok       transferencias_stn max_ano=2025
[ORQ 01:32:46]   ok       sancoes        max_ano=2025
[ORQ 01:32:47]   ok       munic          max_ano=2025
[ORQ 01:32:47]   ok       acompanhamento max_ano=2025
[ORQ 01:32:48]   ok       acompanhamento_funcao max_ano=2025
[ORQ 01:32:49]   ok       msc_despesa    max_ano=2025
[ORQ 01:32:50]   ok       precos_compras max_ano=2025
[ORQ 01:32:50]   ok       apresentacao_rotulo max_ano=2025
[ORQ 01:32:51]   ok       apresentacao_desc max_ano=2025
[ORQ 01:32:52]   ok       apresentacao_llm max_ano=2025
[ORQ 01:32:52]   ok       precos_basica  max_ano=2025
[ORQ 01:32:53]   ok       mislabel_unidade max_ano=2025
[ORQ 01:32:54]   ok       precos_nacional max_ano=2025
[ORQ 01:32:55]   ok       sobrepreco_nacional max_ano=2025
[ORQ 01:32:55]   ok       variacao_interna max_ano=2025
[ORQ 01:32:56]   ok       red_flags      max_ano=2025
[ORQ 01:32:57]   ok       mcmv           max_ano=2025
[ORQ 01:32:58]   ok       cmed           max_ano=2025
[ORQ 01:32:58]   ok       sobrepreco_med max_ano=2025
[ORQ 01:32:59]   ok       convenios      max_ano=2025
[ORQ 01:32:59] → 17 fonte(s) a coletar: queimadas, bolsa_atleta, estatisticas_vitais, pronaf, arboviroses, incremental, eventos_dado, rederiva, transferencias, cnes, sih, sia, fns, cauc, programas_transferegov, programas_agil, equipamentos_cep
[ORQ 01:32:59] ▶ queimadas (tentativa 1/5)
[ORQ 01:32:59] ▶ bolsa_atleta (tentativa 1/5)
[ORQ 01:32:59] ▶ estatisticas_vitais (tentativa 1/5)
[ORQ 01:32:59] ▶ pronaf (tentativa 1/5)
[ORQ 01:32:59] ▶ arboviroses (tentativa 1/5)
[ORQ 01:32:59] ▶ incremental (tentativa 1/5)
[ORQ 01:32:59] ▶ rederiva (tentativa 1/5)
[ORQ 01:32:59] ▶ transferencias (tentativa 1/5)
[ORQ 01:32:59] ▶ cnes (tentativa 1/5)
[ORQ 01:32:59] ▶ sih (tentativa 1/5)
[ORQ 01:32:59] ▶ fns (tentativa 1/5)
[ORQ 01:32:59] ▶ cauc (tentativa 1/5)
[ORQ 01:32:59] ▶ programas_transferegov (tentativa 1/5)
[ORQ 01:32:59] ▶ equipamentos_cep (tentativa 1/5)
[ORQ 01:33:02] ✔ cnes: ok
[ORQ 01:33:02] ✔ equipamentos_cep: ok
[ORQ 01:33:03] ✔ sih: ok
[ORQ 01:33:03] ▶ sia (tentativa 1/5)
[ORQ 01:33:10] ✔ sia: ok
[ORQ 01:33:11] ✔ transferencias: ok
[ORQ 01:33:21] ✔ bolsa_atleta: ok
[ORQ 01:34:24] ✔ rederiva: ok
[ORQ 01:34:55] ✔ cauc: ok
[ORQ 01:36:55] ✔ pronaf: ok
[ORQ 01:37:24] ✔ incremental: ok
[ORQ 01:37:24] ▶ eventos_dado (tentativa 1/5)
[ORQ 01:37:29] ✔ programas_transferegov: ok
[ORQ 01:37:29] ▶ programas_agil (tentativa 1/5)
[ORQ 01:37:45] ✔ eventos_dado: ok
[ORQ 01:38:06] ✔ programas_agil: ok
[ORQ 01:42:01] ✔ fns: ok
[ORQ 01:51:27] ✔ queimadas: ok
[ORQ 01:53:34] ✔ estatisticas_vitais: ok
[ORQ 01:55:01] !! arboviroses ESTAGNADO (1260s) — matando e religando
[ORQ 01:55:01]   arboviroses: retry — religando em 5s
[ORQ 01:55:06] ▶ arboviroses (tentativa 2/5)
[ORQ 02:16:08] !! arboviroses ESTAGNADO (1200s) — matando e religando
[ORQ 02:16:08]   arboviroses: retry — religando em 5s
[ORQ 02:16:13] ▶ arboviroses (tentativa 3/5)
[ORQ 02:37:15] !! arboviroses ESTAGNADO (1200s) — matando e religando
[ORQ 02:37:15]   arboviroses: retry — religando em 5s
[ORQ 02:37:20] ▶ arboviroses (tentativa 4/5)
[ORQ 02:58:22] !! arboviroses ESTAGNADO (1200s) — matando e religando
[ORQ 02:58:22]   arboviroses: retry — religando em 5s
[ORQ 02:58:27] ▶ arboviroses (tentativa 5/5)
[ORQ 03:19:29] !! arboviroses ESTAGNADO (1200s) — matando e religando
[ORQ 03:19:29]   arboviroses: retry — religando em 5s
[ORQ 03:19:35] ✔ arboviroses: retry
[ORQ 03:19:35] validando integridade…
[ORQ 03:19:42] validando separação Estado×município…
[ORQ 03:19:47] varredura de frescor (série histórica + última competência)…
[ORQ 03:20:30] motor de notificações (delta — avisa o que mudou)…
[ORQ 03:20:34] carteiro de notificações (envia se houver SMTP; simula caso contrário)…
[ORQ 03:20:38] carteiro WhatsApp (envia se houver Cloud API; simula caso contrário)…
[ORQ 03:20:39] regenerando documentação…
[ORQ 03:23:10] ciclo concluído.
===== FIM 21/07/2026  0:23:10,59 ===== 
 
===== INICIO 21/07/2026 22:30:01,51 (MODO=run) ===== 
(node:6864) Warning: SECURITY WARNING: The SSL modes 'prefer', 'require', and 'verify-ca' are treated as aliases for 'verify-full'.
In the next major version (pg-connection-string v3.0.0 and pg v9.0.0), these modes will adopt standard libpq semantics, which have weaker security guarantees.

To prepare for this change:
- If you want the current behavior, explicitly use 'sslmode=verify-full'
- If you want libpq compatibility now, use 'uselibpqcompat=true&sslmode=require'

See https://www.postgresql.org/docs/current/libpq-ssl.html for libpq SSL mode definitions.
(Use `node --trace-warnings ...` to show where the warning was created)
[ORQ 01:30:32] MODO=run | ano fechado=2025 | corrente=2026
[ORQ 01:30:33]   ok       financas       max_ano=2025
[ORQ 01:30:34]   ok       metas          max_ano=2025
[ORQ 01:30:35]   ok       desp_subfuncao max_ano=2025
[ORQ 01:30:35]   ok       receitas_det   max_ano=2025
[ORQ 01:30:36]   ok       rreo_const     max_ano=2025
[ORQ 01:30:37]   ok       rgf            max_ano=2025
[ORQ 01:30:37]   ok       rpps           max_ano=2025
[ORQ 01:30:39]   ok       rpps_atuarial  max_ano=0
[ORQ 01:30:39]   ok       pdde           max_ano=2024
[ORQ 01:30:40]   ok       pnld           max_ano=2025
[ORQ 01:30:41]   ok       acesso_financeiro max_ano=0
[ORQ 01:30:43]   ok       estban         max_ano=0
[ORQ 01:30:43]   ok       bndes          max_ano=2026
[ORQ 01:30:44]   ok       cfem           max_ano=2022
[ORQ 01:30:44]   ok       queimadas      max_ano=2026
[ORQ 01:30:45]   ok       anp            max_ano=2021
[ORQ 01:30:45]   RODA     bolsa_atleta   max_ano=2025
[ORQ 01:30:46]   RODA     estatisticas_vitais max_ano=2023
[ORQ 01:30:47]   ok       ans_cobertura  max_ano=2026
[ORQ 01:30:47]   ok       caged          max_ano=2026
[ORQ 01:30:48]   ok       rais           max_ano=2024
[ORQ 01:30:48]   ok       prodes         max_ano=2024
[ORQ 01:30:50]   ok       desastres      max_ano=0
[ORQ 01:30:50]   ok       sinisa         max_ano=2024
[ORQ 01:30:51]   ok       sinan_dengue   max_ano=2025
[ORQ 01:30:52]   ok       aneel_gd       max_ano=0
[ORQ 01:30:53]   ok       anatel_bl      max_ano=0
[ORQ 01:30:54]   ok       senatran_frota max_ano=2025
[ORQ 01:30:55]   ok       pronaf         max_ano=2025
[ORQ 01:30:56]   ok       ibama_autos    max_ano=0
[ORQ 01:30:57]   ok       sinesp         max_ano=0
[ORQ 01:30:59]   ok       incra_assentamentos max_ano=0
[ORQ 01:31:00]   ok       icmbio_uc      max_ano=0
[ORQ 01:31:02]   ok       ana_outorgas   max_ano=0
[ORQ 01:31:03]   ok       ibge_producao  max_ano=0
[ORQ 01:31:04]   ok       arboviroses    max_ano=2025
[ORQ 01:31:04]   ok       datatran       max_ano=2025
[ORQ 01:31:05]   ok       anp_vendas     max_ano=2024
[ORQ 01:31:06]   ok       capag          max_ano=0
[ORQ 01:31:07]   ok       rfb_arrecadacao max_ano=2025
[ORQ 01:31:07]   ok       sim            max_ano=2024
[ORQ 01:31:09]   ok       sia_producao   max_ano=0
[ORQ 01:31:10]   ok       medicamentos_alto_custo max_ano=0
[ORQ 01:31:11]   ok       cnes_equipes   max_ano=2024
[ORQ 01:31:11]   ok       cnes_equipamentos max_ano=2024
[ORQ 01:31:12]   ok       cnes_leitos    max_ano=2024
[ORQ 01:31:12]   ok       cnes_profissionais max_ano=2024
[ORQ 01:31:14]   ok       apac           max_ano=0
[ORQ 01:31:15]   ok       raas_saude_mental max_ano=0
[ORQ 01:31:16]   ok       cobertura_vacinal max_ano=2026
[ORQ 01:31:16]   ok       sinan_agravos  max_ano=2024
[ORQ 01:31:17]   ok       sinasc         max_ano=2022
[ORQ 01:31:17]   ok       sih            max_ano=2025
[ORQ 01:31:18]   ok       producao_aps   max_ano=2025
[ORQ 01:31:18]   ok       indicadores_previne max_ano=2025
[ORQ 01:31:19]   ok       qualidade_siaps max_ano=2025
[ORQ 01:31:20]   ok       igdm           max_ano=0
[ORQ 01:31:20]   ok       suas_saldo     max_ano=2025
[ORQ 01:31:21]   ok       pdde_saldo     max_ano=2025
[ORQ 01:31:21]   ok       pnae_agri      max_ano=2025
[ORQ 01:31:22]   ok       barragens      max_ano=2025
[ORQ 01:31:22]   ok       paa            max_ano=2025
[ORQ 01:31:23]   ok       lpg            max_ano=2025
[ORQ 01:31:23]   ok       salic          max_ano=2025
[ORQ 01:31:24]   ok       obras          max_ano=2025
[ORQ 01:31:24]   ok       novopac        max_ano=2025
[ORQ 01:31:25]   ok       censo_corraca  max_ano=2025
[ORQ 01:31:25]   ok       populacao_faixa max_ano=2025
[ORQ 01:31:26]   ok       pib_municipal  max_ano=2025
[ORQ 01:31:26]   ok       idhm           max_ano=2025
[ORQ 01:31:27]   ok       cemaden        max_ano=2025
[ORQ 01:31:27]   ok       domicilios     max_ano=2025
[ORQ 01:31:27]   ok       ranking_tesouro max_ano=2025
[ORQ 01:31:28]   ok       escola_turmas  max_ano=2025
[ORQ 01:31:28]   ok       evasao_escolar max_ano=2025
[ORQ 01:31:29]   ok       salario_educacao max_ano=2025
[ORQ 01:31:29]   ok       saeb           max_ano=2025
[ORQ 01:31:30]   ok       cnpj_municipal max_ano=2025
[ORQ 01:31:30]   ok       transferencias_cgu max_ano=2025
[ORQ 01:31:31]   ok       alfabetizacao  max_ano=2025
[ORQ 01:31:31]   ok       setores        max_ano=2025
[ORQ 01:31:32]   ok       setores_geo    max_ano=2025
[ORQ 01:31:32]   ok       setores_idade  max_ano=2025
[ORQ 01:31:33]   ok       setores_criancas max_ano=2025
[ORQ 01:31:33]   ok       museus         max_ano=2025
[ORQ 01:31:35]   ok       ibama_embargos max_ano=0
[ORQ 01:31:36]   ok       quilombos      max_ano=0
[ORQ 01:31:37]   ok       equipamentos_esporte max_ano=0
[ORQ 01:31:38]   ok       censo_especial max_ano=2025
[ORQ 01:31:38]   ok       fundeb_oficial max_ano=2026
[ORQ 01:31:39]   ok       fundeb_parametros max_ano=2026
[ORQ 01:31:39]   ok       indicadores_inep max_ano=2025
[ORQ 01:31:40]   ok       indicadores_inep_escola max_ano=2025
[ORQ 01:31:41]   ok       rpps_crp       max_ano=0
[ORQ 01:31:43]   ok       cadprev_full   max_ano=0
[ORQ 01:31:44]   ok       crp_alertas    max_ano=0
[ORQ 01:31:45]   ok       siops          max_ano=2025
[ORQ 01:31:47]   ok       compras        max_ano=2026
[ORQ 01:31:47]   ok       incremental    max_ano=2025
[ORQ 01:31:48]   RODA     eventos_dado   max_ano=2025
[ORQ 01:31:49]   RODA     rederiva       max_ano=2025
[ORQ 01:31:49]   ok       contratos      max_ano=2027
[ORQ 01:31:51]   ok       pca            max_ano=0
[ORQ 01:31:51]   ok       processos      max_ano=2025
[ORQ 01:31:52]   ok       itens          max_ano=2025
[ORQ 01:31:53]   ok       catalogo_govbr max_ano=0
[ORQ 01:31:55]   ok       classificacao_itens max_ano=0
[ORQ 01:31:55]   ok       indicadores    max_ano=2024
[ORQ 01:31:56]   ok       geo_entes      max_ano=2025
[ORQ 01:31:58]   ok       transferencias max_ano=0
[ORQ 01:31:58]   ok       cnes           max_ano=2026
[ORQ 01:31:59]   ok       sih            max_ano=2025
[ORQ 01:31:59]   ok       sia            max_ano=2025
[ORQ 01:32:01]   ok       previne        max_ano=0
[ORQ 01:32:02]   ok       indigena       max_ano=0
[ORQ 01:32:03]   ok       fns            max_ano=2026
[ORQ 01:32:04]   ok       cnpj_loc       max_ano=0
[ORQ 01:32:05]   RODA     empenhos       max_ano=0
[ORQ 01:32:07]   ok       atas           max_ano=0
[ORQ 01:32:08]   RODA     nf             max_ano=0
[ORQ 01:32:09]   ok       iegm           max_ano=2025
[ORQ 01:32:10]   ok       cauc           max_ano=0
[ORQ 01:32:10]   ok       ideb           max_ano=2025
[ORQ 01:32:11]   ok       censo          max_ano=2025
[ORQ 01:32:11]   RODA     programas_transferegov max_ano=2025
[ORQ 01:32:12]   RODA     programas_agil max_ano=2025
[ORQ 01:32:13]   ok       fnde_simad     max_ano=2025
[ORQ 01:32:13]   ok       escolas        max_ano=2025
[ORQ 01:32:13]   ok       cnes_estab     max_ano=2025
[ORQ 01:32:14]   ok       emendas        max_ano=2025
[ORQ 01:32:14]   ok       emendas_exec   max_ano=2026
[ORQ 01:32:15]   ok       siop_acoes     max_ano=2025
[ORQ 01:32:16]   ok       programa_beneficiario max_ano=2025
[ORQ 01:32:16]   ok       programas_federais max_ano=2025
[ORQ 01:32:17]   ok       suas           max_ano=2025
[ORQ 01:32:17]   ok       assistencia_social max_ano=2025
[ORQ 01:32:19]   ok       equipamentos_suas max_ano=0
[ORQ 01:32:20]   ok       equipamentos_endereco max_ano=0
[ORQ 01:32:22]   ok       equipamentos_geo max_ano=0
[ORQ 01:32:24]   RODA     equipamentos_cep max_ano=0
[ORQ 01:32:25]   ok       equipamentos_justica max_ano=0
[ORQ 01:32:26]   ok       precatorios    max_ano=2025
[ORQ 01:32:26]   ok       saneamento     max_ano=2025
[ORQ 01:32:27]   ok       agropecuaria   max_ano=2025
[ORQ 01:32:28]   ok       caf            max_ano=2025
[ORQ 01:32:28]   ok       car            max_ano=2025
[ORQ 01:32:29]   ok       pronaf         max_ano=2025
[ORQ 01:32:30]   ok       bancada        max_ano=2025
[ORQ 01:32:30]   ok       snis           max_ano=2025
[ORQ 01:32:31]   ok       transferencias_stn max_ano=2025
[ORQ 01:32:32]   ok       sancoes        max_ano=2025
[ORQ 01:32:33]   ok       munic          max_ano=2025
[ORQ 01:32:34]   ok       acompanhamento max_ano=2025
[ORQ 01:32:34]   ok       acompanhamento_funcao max_ano=2025
[ORQ 01:32:35]   ok       msc_despesa    max_ano=2025
[ORQ 01:32:36]   ok       precos_compras max_ano=2025
[ORQ 01:32:36]   ok       apresentacao_rotulo max_ano=2025
[ORQ 01:32:37]   ok       apresentacao_desc max_ano=2025
[ORQ 01:32:38]   ok       apresentacao_llm max_ano=2025
[ORQ 01:32:38]   ok       precos_basica  max_ano=2025
[ORQ 01:32:39]   ok       mislabel_unidade max_ano=2025
[ORQ 01:32:40]   ok       precos_nacional max_ano=2025
[ORQ 01:32:40]   ok       sobrepreco_nacional max_ano=2025
[ORQ 01:32:41]   ok       variacao_interna max_ano=2025
[ORQ 01:32:42]   ok       red_flags      max_ano=2025
[ORQ 01:32:42]   ok       mcmv           max_ano=2025
[ORQ 01:32:43]   ok       cmed           max_ano=2025
[ORQ 01:32:44]   ok       sobrepreco_med max_ano=2025
[ORQ 01:32:44]   ok       convenios      max_ano=2025
[ORQ 01:32:44] → 9 fonte(s) a coletar: bolsa_atleta, estatisticas_vitais, eventos_dado, rederiva, empenhos, nf, programas_transferegov, programas_agil, equipamentos_cep
[ORQ 01:32:44] ▶ bolsa_atleta (tentativa 1/5)
[ORQ 01:32:44] ▶ estatisticas_vitais (tentativa 1/5)
[ORQ 01:32:44] ▶ eventos_dado (tentativa 1/5)
[ORQ 01:32:44] ▶ rederiva (tentativa 1/5)
[ORQ 01:32:44] ▶ programas_transferegov (tentativa 1/5)
[ORQ 01:32:44] ▶ equipamentos_cep (tentativa 1/5)
[ORQ 01:32:47] ✔ equipamentos_cep: ok
[ORQ 01:32:51] ✔ eventos_dado: ok
[ORQ 01:32:51] ▶ empenhos (tentativa 1/5)
[ORQ 01:33:04] ✔ bolsa_atleta: ok
[ORQ 01:36:37] ✔ programas_transferegov: ok
[ORQ 01:36:37] ▶ programas_agil (tentativa 1/5)
[ORQ 01:37:10] ✔ programas_agil: ok
[ORQ 01:38:50] ✔ rederiva: ok
[ORQ 01:50:22] ✔ estatisticas_vitais: ok
[ORQ 01:53:52] !! empenhos ESTAGNADO (1201s) — matando e religando
[ORQ 01:53:53]   empenhos: retry — religando em 5s
[ORQ 01:53:58] ▶ empenhos (tentativa 2/5)
[ORQ 02:59:00] !! empenhos ESTAGNADO (1200s) — matando e religando
[ORQ 02:59:00]   empenhos: retry — religando em 5s
[ORQ 02:59:05] ▶ empenhos (tentativa 3/5)
[ORQ 03:20:07] !! empenhos ESTAGNADO (1200s) — matando e religando
[ORQ 03:20:07]   empenhos: retry — religando em 5s
[ORQ 03:20:12] ▶ empenhos (tentativa 4/5)
[ORQ 03:41:14] !! empenhos ESTAGNADO (1200s) — matando e religando
[ORQ 03:41:15]   empenhos: retry — religando em 5s
[ORQ 03:41:20] ▶ empenhos (tentativa 5/5)
[ORQ 04:02:21] !! empenhos ESTAGNADO (1200s) — matando e religando
[ORQ 04:02:21]   empenhos: retry — religando em 5s
[ORQ 04:02:27] ✔ empenhos: retry
[ORQ 04:02:27] ▶ nf (tentativa 1/5)
[ORQ 04:23:28] !! nf ESTAGNADO (1200s) — matando e religando
[ORQ 04:23:29]   nf: retry — religando em 5s
[ORQ 04:23:34] ▶ nf (tentativa 2/5)
[ORQ 04:44:35] !! nf ESTAGNADO (1200s) — matando e religando
[ORQ 04:44:36]   nf: retry — religando em 5s
[ORQ 04:44:41] ▶ nf (tentativa 3/5)
[ORQ 05:05:42] !! nf ESTAGNADO (1200s) — matando e religando
[ORQ 05:05:43]   nf: retry — religando em 5s
[ORQ 05:05:48] ▶ nf (tentativa 4/5)
[ORQ 05:26:49] !! nf ESTAGNADO (1200s) — matando e religando
[ORQ 05:26:50]   nf: retry — religando em 5s
[ORQ 05:26:55] ▶ nf (tentativa 5/5)
[ORQ 05:47:56] !! nf ESTAGNADO (1200s) — matando e religando
[ORQ 05:47:57]   nf: retry — religando em 5s
[ORQ 05:48:02] ✔ nf: retry
[ORQ 05:48:02] validando integridade…
[ORQ 05:48:09] validando separação Estado×município…
[ORQ 05:48:13] varredura de frescor (série histórica + última competência)…
[ORQ 05:48:58] motor de notificações (delta — avisa o que mudou)…
[ORQ 05:49:03] carteiro de notificações (envia se houver SMTP; simula caso contrário)…
[ORQ 05:49:04] carteiro WhatsApp (envia se houver Cloud API; simula caso contrário)…
[ORQ 05:49:06] regenerando documentação…
[ORQ 05:51:15] ciclo concluído.
 
===== INICIO 22/07/2026 22:30:01,53 (MODO=run) ===== 
(node:21548) Warning: SECURITY WARNING: The SSL modes 'prefer', 'require', and 'verify-ca' are treated as aliases for 'verify-full'.
In the next major version (pg-connection-string v3.0.0 and pg v9.0.0), these modes will adopt standard libpq semantics, which have weaker security guarantees.

To prepare for this change:
- If you want the current behavior, explicitly use 'sslmode=verify-full'
- If you want libpq compatibility now, use 'uselibpqcompat=true&sslmode=require'

See https://www.postgresql.org/docs/current/libpq-ssl.html for libpq SSL mode definitions.
(Use `node --trace-warnings ...` to show where the warning was created)
[ORQ 01:30:30] MODO=run | ano fechado=2025 | corrente=2026
[ORQ 01:30:30]   ok       financas       max_ano=2025
[ORQ 01:30:31]   ok       metas          max_ano=2025
[ORQ 01:30:32]   ok       desp_subfuncao max_ano=2025
[ORQ 01:30:32]   ok       receitas_det   max_ano=2025
[ORQ 01:30:33]   ok       rreo_const     max_ano=2025
[ORQ 01:30:34]   ok       rgf            max_ano=2025
[ORQ 01:30:34]   ok       rpps           max_ano=2025
[ORQ 01:30:36]   ok       rpps_atuarial  max_ano=0
[ORQ 01:30:37]   ok       pdde           max_ano=2024
[ORQ 01:30:37]   ok       pnld           max_ano=2025
[ORQ 01:30:39]   ok       acesso_financeiro max_ano=0
[ORQ 01:30:40]   ok       estban         max_ano=0
[ORQ 01:30:41]   ok       bndes          max_ano=2026
[ORQ 01:30:41]   ok       cfem           max_ano=2022
[ORQ 01:30:42]   ok       queimadas      max_ano=2026
[ORQ 01:30:42]   ok       anp            max_ano=2021
[ORQ 01:30:43]   RODA     bolsa_atleta   max_ano=2025
[ORQ 01:30:44]   RODA     estatisticas_vitais max_ano=2023
[ORQ 01:30:44]   ok       ans_cobertura  max_ano=2026
[ORQ 01:30:45]   ok       caged          max_ano=2026
[ORQ 01:30:45]   ok       rais           max_ano=2024
[ORQ 01:30:46]   ok       prodes         max_ano=2024
[ORQ 01:30:47]   ok       desastres      max_ano=0
[ORQ 01:30:48]   ok       sinisa         max_ano=2024
[ORQ 01:30:48]   ok       sinan_dengue   max_ano=2025
[ORQ 01:30:50]   ok       aneel_gd       max_ano=0
[ORQ 01:30:51]   ok       anatel_bl      max_ano=0
[ORQ 01:30:52]   ok       senatran_frota max_ano=2025
[ORQ 01:30:52]   ok       pronaf         max_ano=2025
[ORQ 01:30:53]   ok       ibama_autos    max_ano=0
[ORQ 01:30:55]   ok       sinesp         max_ano=0
[ORQ 01:30:56]   ok       incra_assentamentos max_ano=0
[ORQ 01:30:58]   ok       icmbio_uc      max_ano=0
[ORQ 01:30:59]   ok       ana_outorgas   max_ano=0
[ORQ 01:31:01]   ok       ibge_producao  max_ano=0
[ORQ 01:31:01]   ok       arboviroses    max_ano=2025
[ORQ 01:31:02]   ok       datatran       max_ano=2025
[ORQ 01:31:02]   ok       anp_vendas     max_ano=2024
[ORQ 01:31:04]   ok       capag          max_ano=0
[ORQ 01:31:04]   ok       rfb_arrecadacao max_ano=2025
[ORQ 01:31:05]   ok       sim            max_ano=2024
[ORQ 01:31:06]   ok       sia_producao   max_ano=0
[ORQ 01:31:08]   ok       medicamentos_alto_custo max_ano=0
[ORQ 01:31:08]   ok       cnes_equipes   max_ano=2024
[ORQ 01:31:09]   ok       cnes_equipamentos max_ano=2024
[ORQ 01:31:09]   ok       cnes_leitos    max_ano=2024
[ORQ 01:31:10]   ok       cnes_profissionais max_ano=2024
[ORQ 01:31:11]   ok       apac           max_ano=0
[ORQ 01:31:13]   ok       raas_saude_mental max_ano=0
[ORQ 01:31:13]   ok       cobertura_vacinal max_ano=2026
[ORQ 01:31:14]   ok       sinan_agravos  max_ano=2024
[ORQ 01:31:14]   ok       sinasc         max_ano=2022
[ORQ 01:31:15]   ok       sih            max_ano=2025
[ORQ 01:31:15]   ok       producao_aps   max_ano=2025
[ORQ 01:31:16]   ok       indicadores_previne max_ano=2025
[ORQ 01:31:16]   ok       qualidade_siaps max_ano=2025
[ORQ 01:31:18]   ok       igdm           max_ano=0
[ORQ 01:31:18]   ok       suas_saldo     max_ano=2025
[ORQ 01:31:19]   ok       pdde_saldo     max_ano=2025
[ORQ 01:31:19]   ok       pnae_agri      max_ano=2025
[ORQ 01:31:20]   ok       barragens      max_ano=2025
[ORQ 01:31:20]   ok       paa            max_ano=2025
[ORQ 01:31:21]   ok       lpg            max_ano=2025
[ORQ 01:31:21]   ok       salic          max_ano=2025
[ORQ 01:31:21]   ok       obras          max_ano=2025
[ORQ 01:31:22]   ok       novopac        max_ano=2025
[ORQ 01:31:22]   ok       censo_corraca  max_ano=2025
[ORQ 01:31:23]   ok       populacao_faixa max_ano=2025
[ORQ 01:31:23]   ok       pib_municipal  max_ano=2025
[ORQ 01:31:24]   ok       idhm           max_ano=2025
[ORQ 01:31:24]   ok       cemaden        max_ano=2025
[ORQ 01:31:25]   ok       domicilios     max_ano=2025
[ORQ 01:31:25]   ok       ranking_tesouro max_ano=2025
[ORQ 01:31:26]   ok       escola_turmas  max_ano=2025
[ORQ 01:31:26]   ok       evasao_escolar max_ano=2025
[ORQ 01:31:27]   ok       salario_educacao max_ano=2025
[ORQ 01:31:27]   ok       saeb           max_ano=2025
[ORQ 01:31:28]   ok       cnpj_municipal max_ano=2025
[ORQ 01:31:28]   ok       transferencias_cgu max_ano=2025
[ORQ 01:31:29]   ok       alfabetizacao  max_ano=2025
[ORQ 01:31:29]   ok       setores        max_ano=2025
[ORQ 01:31:30]   ok       setores_geo    max_ano=2025
[ORQ 01:31:30]   ok       setores_idade  max_ano=2025
[ORQ 01:31:30]   ok       setores_criancas max_ano=2025
[ORQ 01:31:31]   ok       museus         max_ano=2025
[ORQ 01:31:32]   ok       ibama_embargos max_ano=0
[ORQ 01:31:34]   ok       quilombos      max_ano=0
[ORQ 01:31:35]   ok       equipamentos_esporte max_ano=0
[ORQ 01:31:36]   ok       censo_especial max_ano=2025
[ORQ 01:31:36]   ok       fundeb_oficial max_ano=2026
[ORQ 01:31:37]   ok       fundeb_parametros max_ano=2026
[ORQ 01:31:37]   ok       indicadores_inep max_ano=2025
[ORQ 01:31:38]   ok       indicadores_inep_escola max_ano=2025
[ORQ 01:31:39]   ok       rpps_crp       max_ano=0
[ORQ 01:31:41]   ok       cadprev_full   max_ano=0
[ORQ 01:31:42]   ok       crp_alertas    max_ano=0
[ORQ 01:31:43]   ok       siops          max_ano=2025
[ORQ 01:31:45]   RODA     compras        max_ano=2026
[ORQ 01:31:46]   RODA     incremental    max_ano=2025
[ORQ 01:31:47]   RODA     eventos_dado   max_ano=2025
[ORQ 01:31:47]   RODA     rederiva       max_ano=2025
[ORQ 01:31:48]   ok       contratos      max_ano=2027
[ORQ 01:31:49]   ok       pca            max_ano=0
[ORQ 01:31:50]   ok       processos      max_ano=2025
[ORQ 01:31:50]   ok       itens          max_ano=2025
[ORQ 01:31:52]   ok       catalogo_govbr max_ano=0
[ORQ 01:31:53]   ok       classificacao_itens max_ano=0
[ORQ 01:31:54]   ok       indicadores    max_ano=2024
[ORQ 01:31:54]   ok       geo_entes      max_ano=2025
[ORQ 01:31:56]   ok       transferencias max_ano=0
[ORQ 01:31:56]   ok       cnes           max_ano=2026
[ORQ 01:31:57]   ok       sih            max_ano=2025
[ORQ 01:31:57]   ok       sia            max_ano=2025
[ORQ 01:31:59]   ok       previne        max_ano=0
[ORQ 01:32:00]   ok       indigena       max_ano=0
[ORQ 01:32:01]   ok       fns            max_ano=2026
[ORQ 01:32:02]   ok       cnpj_loc       max_ano=0
[ORQ 01:32:04]   ok       empenhos       max_ano=0
[ORQ 01:32:05]   ok       atas           max_ano=0
[ORQ 01:32:06]   ok       nf             max_ano=0
[ORQ 01:32:06]   ok       iegm           max_ano=2025
[ORQ 01:32:08]   ok       cauc           max_ano=0
[ORQ 01:32:08]   ok       ideb           max_ano=2025
[ORQ 01:32:09]   ok       censo          max_ano=2025
[ORQ 01:32:09]   RODA     programas_transferegov max_ano=2025
[ORQ 01:32:10]   RODA     programas_agil max_ano=2025
[ORQ 01:32:10]   ok       fnde_simad     max_ano=2025
[ORQ 01:32:11]   ok       escolas        max_ano=2025
[ORQ 01:32:11]   ok       cnes_estab     max_ano=2025
[ORQ 01:32:12]   ok       emendas        max_ano=2025
[ORQ 01:32:12]   ok       emendas_exec   max_ano=2026
[ORQ 01:32:13]   ok       siop_acoes     max_ano=2025
[ORQ 01:32:14]   ok       programa_beneficiario max_ano=2025
[ORQ 01:32:14]   ok       programas_federais max_ano=2025
[ORQ 01:32:15]   ok       suas           max_ano=2025
[ORQ 01:32:15]   ok       assistencia_social max_ano=2025
[ORQ 01:32:17]   ok       equipamentos_suas max_ano=0
[ORQ 01:32:18]   ok       equipamentos_endereco max_ano=0
[ORQ 01:32:20]   ok       equipamentos_geo max_ano=0
[ORQ 01:32:22]   RODA     equipamentos_cep max_ano=0
[ORQ 01:32:23]   ok       equipamentos_justica max_ano=0
[ORQ 01:32:24]   ok       precatorios    max_ano=2025
[ORQ 01:32:24]   ok       saneamento     max_ano=2025
[ORQ 01:32:25]   ok       agropecuaria   max_ano=2025
[ORQ 01:32:26]   ok       caf            max_ano=2025
[ORQ 01:32:26]   ok       car            max_ano=2025
[ORQ 01:32:27]   ok       pronaf         max_ano=2025
[ORQ 01:32:28]   ok       bancada        max_ano=2025
[ORQ 01:32:28]   ok       snis           max_ano=2025
[ORQ 01:32:29]   ok       transferencias_stn max_ano=2025
[ORQ 01:32:30]   ok       sancoes        max_ano=2025
[ORQ 01:32:31]   ok       munic          max_ano=2025
[ORQ 01:32:31]   ok       acompanhamento max_ano=2025
[ORQ 01:32:32]   ok       acompanhamento_funcao max_ano=2025
[ORQ 01:32:33]   ok       msc_despesa    max_ano=2025
[ORQ 01:32:33]   ok       precos_compras max_ano=2025
[ORQ 01:32:34]   ok       apresentacao_rotulo max_ano=2025
[ORQ 01:32:35]   ok       apresentacao_desc max_ano=2025
[ORQ 01:32:35]   ok       apresentacao_llm max_ano=2025
[ORQ 01:32:36]   ok       precos_basica  max_ano=2025
[ORQ 01:32:36]   ok       mislabel_unidade max_ano=2025
[ORQ 01:32:37]   ok       precos_nacional max_ano=2025
[ORQ 01:32:38]   ok       sobrepreco_nacional max_ano=2025
[ORQ 01:32:38]   ok       variacao_interna max_ano=2025
[ORQ 01:32:39]   ok       red_flags      max_ano=2025
[ORQ 01:32:40]   ok       mcmv           max_ano=2025
[ORQ 01:32:40]   ok       cmed           max_ano=2025
[ORQ 01:32:41]   ok       sobrepreco_med max_ano=2025
[ORQ 01:32:41]   ok       convenios      max_ano=2025
[ORQ 01:32:41] → 9 fonte(s) a coletar: bolsa_atleta, estatisticas_vitais, compras, incremental, eventos_dado, rederiva, programas_transferegov, programas_agil, equipamentos_cep
[ORQ 01:32:41] ▶ bolsa_atleta (tentativa 1/5)
[ORQ 01:32:41] ▶ estatisticas_vitais (tentativa 1/5)
[ORQ 01:32:41] ▶ compras (tentativa 1/5)
[ORQ 01:32:42] ▶ incremental (tentativa 1/5)
[ORQ 01:32:42] ▶ programas_transferegov (tentativa 1/5)
[ORQ 01:32:42] ▶ equipamentos_cep (tentativa 1/5)
[ORQ 01:32:44] ✔ equipamentos_cep: ok
[ORQ 01:32:47] ✔ compras: ok
[ORQ 01:32:47] ▶ rederiva (tentativa 1/5)
[ORQ 01:33:04] ✔ bolsa_atleta: ok
[ORQ 01:33:17] ✔ rederiva: ok
[ORQ 01:36:32] ✔ programas_transferegov: ok
[ORQ 01:36:32] ▶ programas_agil (tentativa 1/5)
[ORQ 01:37:05] ✔ programas_agil: ok
[ORQ 01:50:00] ✔ estatisticas_vitais: ok
[ORQ 01:52:50] ✔ incremental: ok
[ORQ 01:52:50] ▶ eventos_dado (tentativa 1/5)
[ORQ 01:53:30] ✔ eventos_dado: ok
[ORQ 01:53:30] validando integridade…
[ORQ 01:53:53] validando separação Estado×município…
[ORQ 01:53:58] varredura de frescor (série histórica + última competência)…
[ORQ 01:54:43] motor de notificações (delta — avisa o que mudou)…
[ORQ 01:54:47] carteiro de notificações (envia se houver SMTP; simula caso contrário)…
[ORQ 01:54:50] carteiro WhatsApp (envia se houver Cloud API; simula caso contrário)…
[ORQ 01:54:52] regenerando documentação…
[ORQ 01:57:15] ciclo concluído.
===== FIM 22/07/2026 22:57:15,95 ===== 
 
===== INICIO 23/07/2026 22:30:01,53 (MODO=run) ===== 
(node:6768) Warning: SECURITY WARNING: The SSL modes 'prefer', 'require', and 'verify-ca' are treated as aliases for 'verify-full'.
In the next major version (pg-connection-string v3.0.0 and pg v9.0.0), these modes will adopt standard libpq semantics, which have weaker security guarantees.

To prepare for this change:
- If you want the current behavior, explicitly use 'sslmode=verify-full'
- If you want libpq compatibility now, use 'uselibpqcompat=true&sslmode=require'

See https://www.postgresql.org/docs/current/libpq-ssl.html for libpq SSL mode definitions.
(Use `node --trace-warnings ...` to show where the warning was created)
[ORQ 01:30:31] MODO=run | ano fechado=2025 | corrente=2026
[ORQ 01:30:32]   ok       financas       max_ano=2025
[ORQ 01:30:32]   ok       metas          max_ano=2025
[ORQ 01:30:33]   ok       desp_subfuncao max_ano=2025
[ORQ 01:30:34]   ok       receitas_det   max_ano=2025
[ORQ 01:30:35]   ok       rreo_const     max_ano=2025
[ORQ 01:30:35]   ok       rgf            max_ano=2025
[ORQ 01:30:36]   ok       rpps           max_ano=2025
[ORQ 01:30:37]   ok       rpps_atuarial  max_ano=0
[ORQ 01:30:38]   ok       pdde           max_ano=2024
[ORQ 01:30:38]   ok       pnld           max_ano=2025
[ORQ 01:30:40]   ok       acesso_financeiro max_ano=0
[ORQ 01:30:41]   ok       estban         max_ano=0
[ORQ 01:30:42]   ok       bndes          max_ano=2026
[ORQ 01:30:42]   ok       cfem           max_ano=2022
[ORQ 01:30:43]   ok       queimadas      max_ano=2026
[ORQ 01:30:43]   ok       anp            max_ano=2021
[ORQ 01:30:44]   RODA     bolsa_atleta   max_ano=2025
[ORQ 01:30:45]   RODA     estatisticas_vitais max_ano=2023
[ORQ 01:30:45]   ok       ans_cobertura  max_ano=2026
[ORQ 01:30:46]   ok       caged          max_ano=2026
[ORQ 01:30:46]   ok       rais           max_ano=2024
[ORQ 01:30:47]   ok       prodes         max_ano=2024
[ORQ 01:30:48]   ok       desastres      max_ano=0
[ORQ 01:30:49]   ok       sinisa         max_ano=2024
[ORQ 01:30:49]   ok       sinan_dengue   max_ano=2025
[ORQ 01:30:51]   ok       aneel_gd       max_ano=0
[ORQ 01:30:52]   ok       anatel_bl      max_ano=0
[ORQ 01:30:52]   ok       senatran_frota max_ano=2025
[ORQ 01:30:53]   ok       pronaf         max_ano=2025
[ORQ 01:30:55]   ok       ibama_autos    max_ano=0
[ORQ 01:30:56]   ok       sinesp         max_ano=0
[ORQ 01:30:58]   ok       incra_assentamentos max_ano=0
[ORQ 01:30:59]   ok       icmbio_uc      max_ano=0
[ORQ 01:31:00]   ok       ana_outorgas   max_ano=0
[ORQ 01:31:02]   ok       ibge_producao  max_ano=0
[ORQ 01:31:02]   ok       arboviroses    max_ano=2025
[ORQ 01:31:03]   ok       datatran       max_ano=2025
[ORQ 01:31:03]   ok       anp_vendas     max_ano=2024
[ORQ 01:31:05]   ok       capag          max_ano=0
[ORQ 01:31:05]   ok       rfb_arrecadacao max_ano=2025
[ORQ 01:31:06]   ok       sim            max_ano=2024
[ORQ 01:31:07]   ok       sia_producao   max_ano=0
[ORQ 01:31:09]   ok       medicamentos_alto_custo max_ano=0
[ORQ 01:31:09]   ok       cnes_equipes   max_ano=2024
[ORQ 01:31:10]   ok       cnes_equipamentos max_ano=2024
[ORQ 01:31:10]   ok       cnes_leitos    max_ano=2024
[ORQ 01:31:11]   ok       cnes_profissionais max_ano=2024
[ORQ 01:31:12]   ok       apac           max_ano=0
[ORQ 01:31:14]   ok       raas_saude_mental max_ano=0
[ORQ 01:31:14]   ok       cobertura_vacinal max_ano=2026
[ORQ 01:31:15]   ok       sinan_agravos  max_ano=2024
[ORQ 01:31:15]   ok       sinasc         max_ano=2022
[ORQ 01:31:16]   ok       sih            max_ano=2025
[ORQ 01:31:16]   ok       producao_aps   max_ano=2025
[ORQ 01:31:17]   ok       indicadores_previne max_ano=2025
[ORQ 01:31:17]   ok       qualidade_siaps max_ano=2025
[ORQ 01:31:18]   ok       igdm           max_ano=0
[ORQ 01:31:19]   ok       suas_saldo     max_ano=2025
[ORQ 01:31:19]   ok       pdde_saldo     max_ano=2025
[ORQ 01:31:20]   ok       pnae_agri      max_ano=2025
[ORQ 01:31:20]   ok       barragens      max_ano=2025
[ORQ 01:31:21]   ok       paa            max_ano=2025
[ORQ 01:31:21]   ok       lpg            max_ano=2025
[ORQ 01:31:22]   ok       salic          max_ano=2025
[ORQ 01:31:22]   ok       obras          max_ano=2025
[ORQ 01:31:23]   ok       novopac        max_ano=2025
[ORQ 01:31:23]   ok       censo_corraca  max_ano=2025
[ORQ 01:31:24]   ok       populacao_faixa max_ano=2025
[ORQ 01:31:24]   ok       pib_municipal  max_ano=2025
[ORQ 01:31:25]   ok       idhm           max_ano=2025
[ORQ 01:31:25]   ok       cemaden        max_ano=2025
[ORQ 01:31:26]   ok       domicilios     max_ano=2025
[ORQ 01:31:26]   ok       ranking_tesouro max_ano=2025
[ORQ 01:31:27]   ok       escola_turmas  max_ano=2025
[ORQ 01:31:27]   ok       evasao_escolar max_ano=2025
[ORQ 01:31:28]   ok       salario_educacao max_ano=2025
[ORQ 01:31:28]   ok       saeb           max_ano=2025
[ORQ 01:31:29]   ok       cnpj_municipal max_ano=2025
[ORQ 01:31:29]   ok       transferencias_cgu max_ano=2025
[ORQ 01:31:30]   ok       alfabetizacao  max_ano=2025
[ORQ 01:31:30]   ok       setores        max_ano=2025
[ORQ 01:31:30]   ok       setores_geo    max_ano=2025
[ORQ 01:31:31]   ok       setores_idade  max_ano=2025
[ORQ 01:31:31]   ok       setores_criancas max_ano=2025
[ORQ 01:31:32]   ok       museus         max_ano=2025
[ORQ 01:31:33]   ok       ibama_embargos max_ano=0
[ORQ 01:31:35]   ok       quilombos      max_ano=0
[ORQ 01:31:36]   ok       equipamentos_esporte max_ano=0
[ORQ 01:31:37]   ok       censo_especial max_ano=2025
[ORQ 01:31:37]   ok       fundeb_oficial max_ano=2026
[ORQ 01:31:38]   ok       fundeb_parametros max_ano=2026
[ORQ 01:31:38]   ok       indicadores_inep max_ano=2025
[ORQ 01:31:39]   ok       indicadores_inep_escola max_ano=2025
[ORQ 01:31:40]   ok       rpps_crp       max_ano=0
[ORQ 01:31:42]   ok       cadprev_full   max_ano=0
[ORQ 01:31:43]   ok       crp_alertas    max_ano=0
[ORQ 01:31:44]   ok       siops          max_ano=2025
[ORQ 01:31:46]   RODA     compras        max_ano=2026
[ORQ 01:31:47]   ok       incremental    max_ano=2025
[ORQ 01:31:47]   RODA     eventos_dado   max_ano=2025
[ORQ 01:31:48]   RODA     rederiva       max_ano=2025
[ORQ 01:31:48]   ok       contratos      max_ano=2027
[ORQ 01:31:50]   ok       pca            max_ano=0
[ORQ 01:31:50]   ok       processos      max_ano=2025
[ORQ 01:31:51]   ok       itens          max_ano=2025
[ORQ 01:31:52]   ok       catalogo_govbr max_ano=0
[ORQ 01:31:54]   ok       classificacao_itens max_ano=0
[ORQ 01:31:54]   ok       indicadores    max_ano=2024
[ORQ 01:31:55]   ok       geo_entes      max_ano=2025
[ORQ 01:31:57]   ok       transferencias max_ano=0
[ORQ 01:31:57]   ok       cnes           max_ano=2026
[ORQ 01:31:58]   ok       sih            max_ano=2025
[ORQ 01:31:58]   ok       sia            max_ano=2025
[ORQ 01:31:59]   ok       previne        max_ano=0
[ORQ 01:32:01]   ok       indigena       max_ano=0
[ORQ 01:32:02]   ok       fns            max_ano=2026
[ORQ 01:32:03]   ok       cnpj_loc       max_ano=0
[ORQ 01:32:05]   ok       empenhos       max_ano=0
[ORQ 01:32:06]   ok       atas           max_ano=0
[ORQ 01:32:07]   ok       nf             max_ano=0
[ORQ 01:32:08]   ok       iegm           max_ano=2025
[ORQ 01:32:09]   ok       cauc           max_ano=0
[ORQ 01:32:09]   ok       ideb           max_ano=2025
[ORQ 01:32:10]   ok       censo          max_ano=2025
[ORQ 01:32:10]   RODA     programas_transferegov max_ano=2025
[ORQ 01:32:11]   RODA     programas_agil max_ano=2025
[ORQ 01:32:12]   ok       fnde_simad     max_ano=2025
[ORQ 01:32:12]   ok       escolas        max_ano=2025
[ORQ 01:32:13]   ok       cnes_estab     max_ano=2025
[ORQ 01:32:13]   ok       emendas        max_ano=2025
[ORQ 01:32:14]   ok       emendas_exec   max_ano=2026
[ORQ 01:32:14]   ok       siop_acoes     max_ano=2025
[ORQ 01:32:15]   ok       programa_beneficiario max_ano=2025
[ORQ 01:32:15]   ok       programas_federais max_ano=2025
[ORQ 01:32:16]   ok       suas           max_ano=2025
[ORQ 01:32:16]   ok       assistencia_social max_ano=2025
[ORQ 01:32:18]   ok       equipamentos_suas max_ano=0
[ORQ 01:32:19]   ok       equipamentos_endereco max_ano=0
[ORQ 01:32:21]   ok       equipamentos_geo max_ano=0
[ORQ 01:32:23]   RODA     equipamentos_cep max_ano=0
[ORQ 01:32:24]   ok       equipamentos_justica max_ano=0
[ORQ 01:32:25]   ok       precatorios    max_ano=2025
[ORQ 01:32:26]   ok       saneamento     max_ano=2025
[ORQ 01:32:26]   ok       agropecuaria   max_ano=2025
[ORQ 01:32:27]   ok       caf            max_ano=2025
[ORQ 01:32:28]   ok       car            max_ano=2025
[ORQ 01:32:28]   ok       pronaf         max_ano=2025
[ORQ 01:32:29]   ok       bancada        max_ano=2025
[ORQ 01:32:29]   ok       snis           max_ano=2025
[ORQ 01:32:30]   ok       transferencias_stn max_ano=2025
[ORQ 01:32:31]   ok       sancoes        max_ano=2025
[ORQ 01:32:32]   ok       munic          max_ano=2025
[ORQ 01:32:33]   ok       acompanhamento max_ano=2025
[ORQ 01:32:33]   ok       acompanhamento_funcao max_ano=2025
[ORQ 01:32:34]   ok       msc_despesa    max_ano=2025
[ORQ 01:32:34]   ok       precos_compras max_ano=2025
[ORQ 01:32:35]   ok       apresentacao_rotulo max_ano=2025
[ORQ 01:32:36]   ok       apresentacao_desc max_ano=2025
[ORQ 01:32:36]   ok       apresentacao_llm max_ano=2025
[ORQ 01:32:37]   ok       precos_basica  max_ano=2025
[ORQ 01:32:38]   ok       mislabel_unidade max_ano=2025
[ORQ 01:32:38]   ok       precos_nacional max_ano=2025
[ORQ 01:32:39]   ok       sobrepreco_nacional max_ano=2025
[ORQ 01:32:40]   ok       variacao_interna max_ano=2025
[ORQ 01:32:40]   ok       red_flags      max_ano=2025
[ORQ 01:32:41]   ok       mcmv           max_ano=2025
[ORQ 01:32:42]   ok       cmed           max_ano=2025
[ORQ 01:32:42]   ok       sobrepreco_med max_ano=2025
[ORQ 01:32:43]   ok       convenios      max_ano=2025
[ORQ 01:32:43] → 8 fonte(s) a coletar: bolsa_atleta, estatisticas_vitais, compras, eventos_dado, rederiva, programas_transferegov, programas_agil, equipamentos_cep
[ORQ 01:32:43] ▶ bolsa_atleta (tentativa 1/5)
[ORQ 01:32:43] ▶ estatisticas_vitais (tentativa 1/5)
[ORQ 01:32:43] ▶ compras (tentativa 1/5)
[ORQ 01:32:43] ▶ eventos_dado (tentativa 1/5)
[ORQ 01:32:43] ▶ programas_transferegov (tentativa 1/5)
[ORQ 01:32:43] ▶ equipamentos_cep (tentativa 1/5)
[ORQ 01:32:45] ✔ eventos_dado: ok
[ORQ 01:32:46] ✔ equipamentos_cep: ok
[ORQ 01:32:49] ✔ compras: ok
[ORQ 01:32:49] ▶ rederiva (tentativa 1/5)
[ORQ 01:33:06] ✔ bolsa_atleta: ok
[ORQ 01:35:45] ✔ rederiva: ok
[ORQ 01:36:38] ✔ programas_transferegov: ok
[ORQ 01:36:38] ▶ programas_agil (tentativa 1/5)
[ORQ 01:37:11] ✔ programas_agil: ok
[ORQ 01:50:00] ✔ estatisticas_vitais: ok
[ORQ 01:50:00] validando integridade…
[ORQ 01:50:22] validando separação Estado×município…
[ORQ 01:50:27] varredura de frescor (série histórica + última competência)…
[ORQ 01:51:16] motor de notificações (delta — avisa o que mudou)…
[ORQ 01:51:20] carteiro de notificações (envia se houver SMTP; simula caso contrário)…
[ORQ 01:51:24] carteiro WhatsApp (envia se houver Cloud API; simula caso contrário)…
[ORQ 01:51:25] regenerando documentação…
[ORQ 01:53:44] ciclo concluído.
===== FIM 23/07/2026 22:53:44,14 ===== 
 
===== INICIO 25/07/2026  2:55:03,47 (MODO=run) ===== 
(node:33004) Warning: SECURITY WARNING: The SSL modes 'prefer', 'require', and 'verify-ca' are treated as aliases for 'verify-full'.
In the next major version (pg-connection-string v3.0.0 and pg v9.0.0), these modes will adopt standard libpq semantics, which have weaker security guarantees.

To prepare for this change:
- If you want the current behavior, explicitly use 'sslmode=verify-full'
- If you want libpq compatibility now, use 'uselibpqcompat=true&sslmode=require'

See https://www.postgresql.org/docs/current/libpq-ssl.html for libpq SSL mode definitions.
(Use `node --trace-warnings ...` to show where the warning was created)
[ORQ 05:55:41] MODO=run | ano fechado=2025 | corrente=2026
[ORQ 05:55:42]   RODA     financas       max_ano=2025
[ORQ 05:55:43]   ok       metas          max_ano=2025
[ORQ 05:55:44]   ok       desp_subfuncao max_ano=2025
[ORQ 05:55:45]   ok       receitas_det   max_ano=2025
[ORQ 05:55:45]   ok       rreo_const     max_ano=2025
[ORQ 05:55:46]   ok       rgf            max_ano=2025
[ORQ 05:55:47]   ok       rpps           max_ano=2025
[ORQ 05:55:49]   ok       rpps_atuarial  max_ano=0
[ORQ 05:55:49]   ok       pdde           max_ano=2024
[ORQ 05:55:50]   ok       pnld           max_ano=2025
[ORQ 05:55:51]   ok       acesso_financeiro max_ano=0
[ORQ 05:55:53]   ok       estban         max_ano=0
[ORQ 05:55:54]   ok       bndes          max_ano=2026
[ORQ 05:55:54]   ok       cfem           max_ano=2022
[ORQ 05:55:55]   ok       queimadas      max_ano=2026
[ORQ 05:55:55]   ok       anp            max_ano=2021
[ORQ 05:55:56]   RODA     bolsa_atleta   max_ano=2025
[ORQ 05:55:57]   RODA     estatisticas_vitais max_ano=2023
[ORQ 05:55:57]   ok       ans_cobertura  max_ano=2026
[ORQ 05:55:58]   ok       caged          max_ano=2026
[ORQ 05:55:59]   ok       rais           max_ano=2024
[ORQ 05:55:59]   ok       prodes         max_ano=2024
[ORQ 05:56:01]   ok       desastres      max_ano=0
[ORQ 05:56:01]   ok       sinisa         max_ano=2024
[ORQ 05:56:02]   ok       sinan_dengue   max_ano=2025
[ORQ 05:56:03]   ok       aneel_gd       max_ano=0
[ORQ 05:56:06]   ok       anatel_bl      max_ano=0
[ORQ 05:56:06]   ok       senatran_frota max_ano=2025
[ORQ 05:56:07]   RODA     pronaf         max_ano=2025
[ORQ 05:56:09]   ok       ibama_autos    max_ano=0
[ORQ 05:56:11]   ok       sinesp         max_ano=0
[ORQ 05:56:12]   ok       incra_assentamentos max_ano=0
[ORQ 05:56:14]   ok       icmbio_uc      max_ano=0
[ORQ 05:56:15]   ok       ana_outorgas   max_ano=0
[ORQ 05:56:17]   ok       ibge_producao  max_ano=0
[ORQ 05:56:17]   ok       arboviroses    max_ano=2025
[ORQ 05:56:18]   ok       datatran       max_ano=2025
[ORQ 05:56:18]   ok       anp_vendas     max_ano=2024
[ORQ 05:56:20]   ok       capag          max_ano=0
[ORQ 05:56:20]   ok       rfb_arrecadacao max_ano=2025
[ORQ 05:56:21]   ok       sim            max_ano=2024
[ORQ 05:56:22]   ok       sia_producao   max_ano=0
[ORQ 05:56:24]   ok       medicamentos_alto_custo max_ano=0
[ORQ 05:56:24]   ok       cnes_equipes   max_ano=2024
[ORQ 05:56:25]   ok       cnes_equipamentos max_ano=2024
[ORQ 05:56:25]   ok       cnes_leitos    max_ano=2024
[ORQ 05:56:26]   ok       cnes_profissionais max_ano=2024
[ORQ 05:56:27]   ok       apac           max_ano=0
[ORQ 05:56:29]   ok       raas_saude_mental max_ano=0
[ORQ 05:56:29]   ok       cobertura_vacinal max_ano=2026
[ORQ 05:56:30]   ok       sinan_agravos  max_ano=2024
[ORQ 05:56:30]   ok       sinasc         max_ano=2022
[ORQ 05:56:31]   ok       sih            max_ano=2025
[ORQ 05:56:31]   ok       producao_aps   max_ano=2025
[ORQ 05:56:32]   ok       indicadores_previne max_ano=2025
[ORQ 05:56:32]   ok       qualidade_siaps max_ano=2025
[ORQ 05:56:34]   ok       igdm           max_ano=0
[ORQ 05:56:34]   ok       suas_saldo     max_ano=2025
[ORQ 05:56:35]   ok       pdde_saldo     max_ano=2025
[ORQ 05:56:35]   ok       pnae_agri      max_ano=2025
[ORQ 05:56:36]   ok       barragens      max_ano=2025
[ORQ 05:56:36]   ok       paa            max_ano=2025
[ORQ 05:56:37]   ok       lpg            max_ano=2025
[ORQ 05:56:37]   ok       salic          max_ano=2025
[ORQ 05:56:38]   ok       obras          max_ano=2025
[ORQ 05:56:38]   ok       novopac        max_ano=2025
[ORQ 05:56:39]   ok       censo_corraca  max_ano=2025
[ORQ 05:56:39]   ok       populacao_faixa max_ano=2025
[ORQ 05:56:40]   ok       pib_municipal  max_ano=2025
[ORQ 05:56:40]   ok       idhm           max_ano=2025
[ORQ 05:56:41]   ok       cemaden        max_ano=2025
[ORQ 05:56:41]   ok       domicilios     max_ano=2025
[ORQ 05:56:42]   ok       ranking_tesouro max_ano=2025
[ORQ 05:56:43]   ok       escola_turmas  max_ano=2025
[ORQ 05:56:43]   ok       evasao_escolar max_ano=2025
[ORQ 05:56:44]   ok       salario_educacao max_ano=2025
[ORQ 05:56:44]   ok       saeb           max_ano=2025
[ORQ 05:56:45]   ok       cnpj_municipal max_ano=2025
[ORQ 05:56:45]   ok       transferencias_cgu max_ano=2025
[ORQ 05:56:46]   ok       alfabetizacao  max_ano=2025
[ORQ 05:56:46]   ok       setores        max_ano=2025
[ORQ 05:56:47]   ok       setores_geo    max_ano=2025
[ORQ 05:56:47]   ok       setores_idade  max_ano=2025
[ORQ 05:56:48]   ok       setores_criancas max_ano=2025
[ORQ 05:56:48]   ok       museus         max_ano=2025
[ORQ 05:56:50]   ok       ibama_embargos max_ano=0
[ORQ 05:56:51]   ok       quilombos      max_ano=0
[ORQ 05:56:53]   ok       equipamentos_esporte max_ano=0
[ORQ 05:56:53]   ok       censo_especial max_ano=2025
[ORQ 05:56:54]   ok       fundeb_oficial max_ano=2026
[ORQ 05:56:54]   ok       fundeb_parametros max_ano=2026
[ORQ 05:56:55]   ok       indicadores_inep max_ano=2025
[ORQ 05:56:55]   ok       indicadores_inep_escola max_ano=2025
[ORQ 05:56:57]   ok       rpps_crp       max_ano=0
[ORQ 05:56:58]   ok       cadprev_full   max_ano=0
[ORQ 05:57:00]   ok       crp_alertas    max_ano=0
[ORQ 05:57:01]   ok       siops          max_ano=2025
[ORQ 05:57:02]   RODA     compras        max_ano=2026
[ORQ 05:57:02]   RODA     incremental    max_ano=2025
[ORQ 05:57:03]   RODA     eventos_dado   max_ano=2025
[ORQ 05:57:04]   ok       rederiva       max_ano=2025
[ORQ 05:57:04]   ok       contratos      max_ano=2027
[ORQ 05:57:06]   RODA     pca            max_ano=0
[ORQ 05:57:06]   ok       processos      max_ano=2025
[ORQ 05:57:07]   ok       itens          max_ano=2025
[ORQ 05:57:08]   RODA     catalogo_govbr max_ano=0
[ORQ 05:57:10]   ok       classificacao_itens max_ano=0
[ORQ 05:57:10]   ok       indicadores    max_ano=2024
[ORQ 05:57:11]   ok       geo_entes      max_ano=2025
[ORQ 05:57:13]   ok       transferencias max_ano=0
[ORQ 05:57:13]   ok       cnes           max_ano=2026
[ORQ 05:57:14]   ok       sih            max_ano=2025
[ORQ 05:57:14]   ok       sia            max_ano=2025
[ORQ 06:23:32]   ok       previne        max_ano=0
[ORQ 13:53:04] ERRO FATAL: Error: Connection terminated unexpectedly
 
===== INICIO 26/07/2026 19:33:09,04 (MODO=run) ===== 
(node:19872) Warning: SECURITY WARNING: The SSL modes 'prefer', 'require', and 'verify-ca' are treated as aliases for 'verify-full'.
In the next major version (pg-connection-string v3.0.0 and pg v9.0.0), these modes will adopt standard libpq semantics, which have weaker security guarantees.

To prepare for this change:
- If you want the current behavior, explicitly use 'sslmode=verify-full'
- If you want libpq compatibility now, use 'uselibpqcompat=true&sslmode=require'

See https://www.postgresql.org/docs/current/libpq-ssl.html for libpq SSL mode definitions.
(Use `node --trace-warnings ...` to show where the warning was created)
[ORQ 22:33:44] MODO=run | ano fechado=2025 | corrente=2026
[ORQ 22:33:45]   RODA     financas       max_ano=2025
[ORQ 22:33:45]   ok       metas          max_ano=2025
[ORQ 22:33:46]   ok       desp_subfuncao max_ano=2025
[ORQ 22:33:47]   ok       receitas_det   max_ano=2025
[ORQ 22:33:48]   ok       rreo_const     max_ano=2025
[ORQ 22:33:48]   ok       rgf            max_ano=2025
[ORQ 22:33:49]   ok       rpps           max_ano=2025
[ORQ 22:33:51]   ok       rpps_atuarial  max_ano=0
[ORQ 22:33:52]   ok       pdde           max_ano=2024
[ORQ 22:33:53]   ok       pnld           max_ano=2025
[ORQ 22:33:55]   ok       acesso_financeiro max_ano=0
[ORQ 22:33:57]   ok       estban         max_ano=0
[ORQ 22:33:57]   ok       bndes          max_ano=2026
[ORQ 22:33:58]   ok       cfem           max_ano=2022
[ORQ 22:33:59]   ok       queimadas      max_ano=2026
[ORQ 22:33:59]   ok       anp            max_ano=2021
[ORQ 22:34:00]   RODA     bolsa_atleta   max_ano=2025
[ORQ 22:34:01]   RODA     estatisticas_vitais max_ano=2023
[ORQ 22:34:01]   ok       ans_cobertura  max_ano=2026
[ORQ 22:34:02]   ok       caged          max_ano=2026
[ORQ 22:34:03]   ok       rais           max_ano=2024
[ORQ 22:34:03]   ok       prodes         max_ano=2024
[ORQ 22:34:05]   ok       desastres      max_ano=0
[ORQ 22:34:05]   ok       sinisa         max_ano=2024
[ORQ 22:34:06]   ok       sinan_dengue   max_ano=2025
[ORQ 22:34:08]   ok       aneel_gd       max_ano=0
[ORQ 22:34:09]   ok       anatel_bl      max_ano=0
[ORQ 22:34:10]   ok       senatran_frota max_ano=2025
[ORQ 22:34:10]   RODA     pronaf         max_ano=2025
[ORQ 22:34:12]   ok       ibama_autos    max_ano=0
[ORQ 22:34:14]   ok       sinesp         max_ano=0
[ORQ 22:34:16]   ok       incra_assentamentos max_ano=0
[ORQ 22:34:17]   ok       icmbio_uc      max_ano=0
[ORQ 22:34:19]   ok       ana_outorgas   max_ano=0
[ORQ 22:34:21]   ok       ibge_producao  max_ano=0
[ORQ 22:34:22]   ok       arboviroses    max_ano=2025
[ORQ 22:34:22]   ok       datatran       max_ano=2025
[ORQ 22:34:23]   ok       anp_vendas     max_ano=2024
[ORQ 22:34:25]   ok       capag          max_ano=0
[ORQ 22:34:25]   ok       rfb_arrecadacao max_ano=2025
[ORQ 22:34:26]   ok       sim            max_ano=2024
[ORQ 22:34:28]   ok       sia_producao   max_ano=0
[ORQ 22:34:30]   ok       medicamentos_alto_custo max_ano=0
[ORQ 22:34:30]   ok       cnes_equipes   max_ano=2024
[ORQ 22:34:31]   ok       cnes_equipamentos max_ano=2024
[ORQ 22:34:32]   ok       cnes_leitos    max_ano=2024
[ORQ 22:34:32]   ok       cnes_profissionais max_ano=2024
[ORQ 22:34:34]   ok       apac           max_ano=0
[ORQ 22:34:35]   ok       raas_saude_mental max_ano=0
[ORQ 22:34:36]   ok       cobertura_vacinal max_ano=2026
[ORQ 22:34:37]   ok       sinan_agravos  max_ano=2024
[ORQ 22:34:37]   ok       sinasc         max_ano=2022
[ORQ 22:34:38]   ok       sih            max_ano=2025
[ORQ 22:34:38]   ok       producao_aps   max_ano=2025
[ORQ 22:34:39]   ok       indicadores_previne max_ano=2025
[ORQ 22:34:39]   ok       qualidade_siaps max_ano=2025
[ORQ 22:34:41]   ok       igdm           max_ano=0
[ORQ 22:34:42]   ok       suas_saldo     max_ano=2025
[ORQ 22:34:42]   ok       pdde_saldo     max_ano=2025
[ORQ 22:34:43]   ok       pnae_agri      max_ano=2025
[ORQ 22:34:44]   ok       barragens      max_ano=2025
[ORQ 22:34:44]   ok       paa            max_ano=2025
[ORQ 22:34:45]   ok       lpg            max_ano=2025
[ORQ 22:34:46]   ok       salic          max_ano=2025
[ORQ 22:34:46]   ok       obras          max_ano=2025
[ORQ 22:34:47]   ok       novopac        max_ano=2025
[ORQ 22:34:48]   ok       censo_corraca  max_ano=2025
[ORQ 22:34:48]   ok       populacao_faixa max_ano=2025
[ORQ 22:34:49]   ok       pib_municipal  max_ano=2025
[ORQ 22:34:49]   ok       idhm           max_ano=2025
[ORQ 22:34:50]   ok       cemaden        max_ano=2025
[ORQ 22:34:51]   ok       domicilios     max_ano=2025
[ORQ 22:34:51]   ok       ranking_tesouro max_ano=2025
[ORQ 22:34:52]   ok       escola_turmas  max_ano=2025
[ORQ 22:34:53]   ok       evasao_escolar max_ano=2025
[ORQ 22:34:53]   ok       salario_educacao max_ano=2025
[ORQ 22:34:54]   ok       saeb           max_ano=2025
[ORQ 22:34:54]   ok       cnpj_municipal max_ano=2025
[ORQ 22:34:55]   ok       transferencias_cgu max_ano=2025
[ORQ 22:34:55]   ok       alfabetizacao  max_ano=2025
[ORQ 22:34:56]   ok       setores        max_ano=2025
[ORQ 22:34:56]   ok       setores_geo    max_ano=2025
[ORQ 22:34:57]   ok       setores_idade  max_ano=2025
[ORQ 22:34:57]   ok       setores_criancas max_ano=2025
[ORQ 22:34:58]   ok       museus         max_ano=2025
[ORQ 22:35:00]   ok       ibama_embargos max_ano=0
[ORQ 22:35:01]   ok       quilombos      max_ano=0
[ORQ 22:35:03]   ok       equipamentos_esporte max_ano=0
[ORQ 22:35:03]   ok       censo_especial max_ano=2025
[ORQ 22:35:04]   ok       fundeb_oficial max_ano=2026
[ORQ 22:35:05]   ok       fundeb_parametros max_ano=2026
[ORQ 22:35:05]   ok       indicadores_inep max_ano=2025
[ORQ 22:35:06]   ok       indicadores_inep_escola max_ano=2025
[ORQ 22:35:07]   ok       rpps_crp       max_ano=0
[ORQ 22:35:09]   ok       cadprev_full   max_ano=0
[ORQ 22:35:12]   ok       crp_alertas    max_ano=0
[ORQ 22:35:13]   ok       siops          max_ano=2025
[ORQ 22:35:15]   RODA     compras        max_ano=2026
[ORQ 22:35:15]   RODA     incremental    max_ano=2025
[ORQ 22:35:16]   RODA     eventos_dado   max_ano=2025
[ORQ 22:35:17]   ok       rederiva       max_ano=2025
[ORQ 22:35:18]   ok       contratos      max_ano=2027
[ORQ 22:35:19]   RODA     pca            max_ano=0
[ORQ 22:35:20]   ok       processos      max_ano=2025
[ORQ 22:35:20]   ok       itens          max_ano=2025
[ORQ 22:35:22]   RODA     catalogo_govbr max_ano=0
[ORQ 22:35:25]   ok       classificacao_itens max_ano=0
[ORQ 22:35:25]   ok       indicadores    max_ano=2024
[ORQ 22:35:26]   ok       geo_entes      max_ano=2025
[ORQ 22:35:28]   ok       transferencias max_ano=0
[ORQ 22:35:28]   ok       cnes           max_ano=2026
[ORQ 22:35:29]   ok       sih            max_ano=2025
[ORQ 22:35:29]   ok       sia            max_ano=2025
[ORQ 22:35:31]   ok       previne        max_ano=0
[ORQ 22:35:34]   ok       indigena       max_ano=0
[ORQ 22:35:34]   ok       fns            max_ano=2026
[ORQ 22:35:36]   ok       cnpj_loc       max_ano=0
[ORQ 22:35:38]   ok       empenhos       max_ano=0
[ORQ 22:35:39]   ok       atas           max_ano=0
[ORQ 22:35:40]   ok       nf             max_ano=0
[ORQ 22:35:41]   ok       iegm           max_ano=2025
[ORQ 22:35:42]   ok       cauc           max_ano=0
[ORQ 22:35:43]   ok       ideb           max_ano=2025
[ORQ 22:35:43]   ok       censo          max_ano=2025
[ORQ 22:35:44]   RODA     programas_transferegov max_ano=2025
[ORQ 22:35:45]   RODA     programas_agil max_ano=2025
[ORQ 22:35:45]   ok       fnde_simad     max_ano=2025
[ORQ 22:35:46]   ok       escolas        max_ano=2025
[ORQ 22:35:46]   ok       cnes_estab     max_ano=2025
[ORQ 22:35:47]   RODA     emendas        max_ano=2025
[ORQ 22:35:47]   ok       emendas_exec   max_ano=2026
[ORQ 22:35:48]   ok       siop_acoes     max_ano=2025
[ORQ 22:35:49]   ok       programa_beneficiario max_ano=2025
[ORQ 22:35:49]   RODA     programas_federais max_ano=2025
[ORQ 22:35:50]   RODA     suas           max_ano=2025
[ORQ 22:35:50]   ok       assistencia_social max_ano=2025
[ORQ 22:35:53]   ok       equipamentos_suas max_ano=0
[ORQ 22:35:55]   ok       equipamentos_endereco max_ano=0
[ORQ 22:35:57]   ok       equipamentos_geo max_ano=0
[ORQ 22:35:59]   RODA     equipamentos_cep max_ano=0
[ORQ 22:36:01]   ok       equipamentos_justica max_ano=0
[ORQ 22:36:02]   ok       precatorios    max_ano=2025
[ORQ 22:36:03]   ok       saneamento     max_ano=2025
[ORQ 22:36:04]   ok       agropecuaria   max_ano=2025
[ORQ 22:36:04]   ok       caf            max_ano=2025
[ORQ 22:36:05]   ok       car            max_ano=2025
[ORQ 22:36:06]   ok       pronaf         max_ano=2025
[ORQ 22:36:06]   ok       bancada        max_ano=2025
[ORQ 22:36:07]   ok       snis           max_ano=2025
[ORQ 22:36:08]   ok       transferencias_stn max_ano=2025
[ORQ 22:36:09]   ok       sancoes        max_ano=2025
[ORQ 22:36:10]   ok       munic          max_ano=2025
[ORQ 22:36:11]   ok       acompanhamento max_ano=2025
[ORQ 22:36:11]   ok       acompanhamento_funcao max_ano=2025
[ORQ 22:36:12]   ok       msc_despesa    max_ano=2025
[ORQ 22:36:13]   ok       precos_compras max_ano=2025
[ORQ 22:36:13]   ok       apresentacao_rotulo max_ano=2025
[ORQ 22:36:14]   ok       apresentacao_desc max_ano=2025
[ORQ 22:36:15]   ok       apresentacao_llm max_ano=2025
[ORQ 22:36:16]   ok       precos_basica  max_ano=2025
[ORQ 22:36:16]   ok       mislabel_unidade max_ano=2025
[ORQ 22:36:17]   ok       precos_nacional max_ano=2025
[ORQ 22:36:18]   ok       sobrepreco_nacional max_ano=2025
[ORQ 22:36:19]   ok       variacao_interna max_ano=2025
[ORQ 22:36:20]   ok       red_flags      max_ano=2025
[ORQ 22:36:20]   ok       mcmv           max_ano=2025
[ORQ 22:36:21]   ok       cmed           max_ano=2025
[ORQ 22:36:22]   ok       sobrepreco_med max_ano=2025
[ORQ 22:36:23]   ok       convenios      max_ano=2025
[ORQ 22:36:23] → 15 fonte(s) a coletar: financas, bolsa_atleta, estatisticas_vitais, pronaf, compras, incremental, eventos_dado, pca, catalogo_govbr, programas_transferegov, programas_agil, emendas, programas_federais, suas, equipamentos_cep
[ORQ 22:36:23] ▶ financas (tentativa 1/5)
[ORQ 22:36:23] ▶ bolsa_atleta (tentativa 1/5)
[ORQ 22:36:23] ▶ estatisticas_vitais (tentativa 1/5)
[ORQ 22:36:23] ▶ pronaf (tentativa 1/5)
[ORQ 22:36:23] ▶ compras (tentativa 1/5)
[ORQ 22:36:23] ▶ incremental (tentativa 1/5)
[ORQ 22:36:23] ▶ catalogo_govbr (tentativa 1/5)
[ORQ 22:36:23] ▶ programas_transferegov (tentativa 1/5)
[ORQ 22:36:23] ▶ equipamentos_cep (tentativa 1/5)
[ORQ 22:36:27] ✔ equipamentos_cep: ok
[ORQ 22:36:29] ✔ compras: ok
 
===== INICIO 26/07/2026 22:45:55,41 (MODO=run) ===== 
(node:24624) Warning: SECURITY WARNING: The SSL modes 'prefer', 'require', and 'verify-ca' are treated as aliases for 'verify-full'.
In the next major version (pg-connection-string v3.0.0 and pg v9.0.0), these modes will adopt standard libpq semantics, which have weaker security guarantees.

To prepare for this change:
- If you want the current behavior, explicitly use 'sslmode=verify-full'
- If you want libpq compatibility now, use 'uselibpqcompat=true&sslmode=require'

See https://www.postgresql.org/docs/current/libpq-ssl.html for libpq SSL mode definitions.
(Use `node --trace-warnings ...` to show where the warning was created)
[ORQ 01:46:25] MODO=run | ano fechado=2025 | corrente=2026
[ORQ 01:46:26]   RODA     financas       max_ano=2025
[ORQ 01:46:26]   ok       metas          max_ano=2025
[ORQ 01:46:27]   ok       desp_subfuncao max_ano=2025
[ORQ 01:46:28]   ok       receitas_det   max_ano=2025
[ORQ 01:46:29]   ok       rreo_const     max_ano=2025
[ORQ 01:46:29]   ok       rgf            max_ano=2025
[ORQ 01:46:30]   ok       rpps           max_ano=2025
[ORQ 01:46:31]   ok       rpps_atuarial  max_ano=0
[ORQ 01:46:32]   ok       pdde           max_ano=2024
[ORQ 01:46:33]   ok       pnld           max_ano=2025
[ORQ 01:46:34]   ok       acesso_financeiro max_ano=0
[ORQ 01:46:36]   ok       estban         max_ano=0
[ORQ 01:46:37]   ok       bndes          max_ano=2026
[ORQ 01:46:38]   ok       cfem           max_ano=2022
[ORQ 01:46:39]   ok       queimadas      max_ano=2026
[ORQ 01:46:39]   ok       anp            max_ano=2021
[ORQ 01:46:40]   RODA     bolsa_atleta   max_ano=2025
[ORQ 01:46:40]   RODA     estatisticas_vitais max_ano=2023
[ORQ 01:46:41]   ok       ans_cobertura  max_ano=2026
[ORQ 01:46:41]   ok       caged          max_ano=2026
[ORQ 01:46:42]   ok       rais           max_ano=2024
[ORQ 01:46:42]   ok       prodes         max_ano=2024
[ORQ 01:46:44]   ok       desastres      max_ano=0
[ORQ 01:46:44]   ok       sinisa         max_ano=2024
[ORQ 01:46:45]   ok       sinan_dengue   max_ano=2025
[ORQ 01:46:46]   ok       aneel_gd       max_ano=0
[ORQ 01:46:48]   ok       anatel_bl      max_ano=0
[ORQ 01:46:48]   ok       senatran_frota max_ano=2025
[ORQ 01:46:49]   RODA     pronaf         max_ano=2025
[ORQ 01:46:50]   ok       ibama_autos    max_ano=0
[ORQ 01:46:52]   ok       sinesp         max_ano=0
[ORQ 01:46:53]   ok       incra_assentamentos max_ano=0
[ORQ 01:46:55]   ok       icmbio_uc      max_ano=0
[ORQ 01:46:56]   ok       ana_outorgas   max_ano=0
[ORQ 01:46:58]   ok       ibge_producao  max_ano=0
[ORQ 01:46:58]   ok       arboviroses    max_ano=2025
[ORQ 01:46:59]   ok       datatran       max_ano=2025
[ORQ 01:46:59]   ok       anp_vendas     max_ano=2024
[ORQ 01:47:01]   ok       capag          max_ano=0
[ORQ 01:47:01]   ok       rfb_arrecadacao max_ano=2025
[ORQ 01:47:01]   ok       sim            max_ano=2024
[ORQ 01:47:03]   ok       sia_producao   max_ano=0
[ORQ 01:47:05]   ok       medicamentos_alto_custo max_ano=0
[ORQ 01:47:05]   ok       cnes_equipes   max_ano=2024
[ORQ 01:47:06]   ok       cnes_equipamentos max_ano=2024
[ORQ 01:47:06]   ok       cnes_leitos    max_ano=2024
[ORQ 01:47:07]   ok       cnes_profissionais max_ano=2024
[ORQ 01:47:08]   ok       apac           max_ano=0
[ORQ 01:47:10]   ok       raas_saude_mental max_ano=0
[ORQ 01:47:10]   ok       cobertura_vacinal max_ano=2026
[ORQ 01:47:11]   ok       sinan_agravos  max_ano=2024
[ORQ 01:47:11]   ok       sinasc         max_ano=2022
[ORQ 01:47:12]   ok       sih            max_ano=2025
[ORQ 01:47:12]   ok       producao_aps   max_ano=2025
[ORQ 01:47:13]   ok       indicadores_previne max_ano=2025
[ORQ 01:47:13]   ok       qualidade_siaps max_ano=2025
[ORQ 01:47:15]   ok       igdm           max_ano=0
[ORQ 01:47:15]   ok       suas_saldo     max_ano=2025
[ORQ 01:47:15]   ok       pdde_saldo     max_ano=2025
[ORQ 01:47:16]   ok       pnae_agri      max_ano=2025
[ORQ 01:47:16]   ok       barragens      max_ano=2025
[ORQ 01:47:17]   ok       paa            max_ano=2025
[ORQ 01:47:17]   ok       lpg            max_ano=2025
[ORQ 01:47:18]   ok       salic          max_ano=2025
[ORQ 01:47:18]   ok       obras          max_ano=2025
[ORQ 01:47:19]   ok       novopac        max_ano=2025
[ORQ 01:47:19]   ok       censo_corraca  max_ano=2025
[ORQ 01:47:20]   ok       populacao_faixa max_ano=2025
[ORQ 01:47:20]   ok       pib_municipal  max_ano=2025
[ORQ 01:47:21]   ok       idhm           max_ano=2025
[ORQ 01:47:21]   ok       cemaden        max_ano=2025
[ORQ 01:47:21]   ok       domicilios     max_ano=2025
[ORQ 01:47:22]   ok       ranking_tesouro max_ano=2025
[ORQ 01:47:22]   ok       escola_turmas  max_ano=2025
[ORQ 01:47:23]   ok       evasao_escolar max_ano=2025
[ORQ 01:47:23]   ok       salario_educacao max_ano=2025
[ORQ 01:47:24]   ok       saeb           max_ano=2025
[ORQ 01:47:24]   ok       cnpj_municipal max_ano=2025
[ORQ 01:47:25]   ok       transferencias_cgu max_ano=2025
[ORQ 01:47:25]   ok       alfabetizacao  max_ano=2025
[ORQ 01:47:26]   ok       setores        max_ano=2025
[ORQ 01:47:26]   ok       setores_geo    max_ano=2025
[ORQ 01:47:27]   ok       setores_idade  max_ano=2025
[ORQ 01:47:27]   ok       setores_criancas max_ano=2025
[ORQ 01:47:28]   ok       museus         max_ano=2025
[ORQ 01:47:29]   ok       ibama_embargos max_ano=0
[ORQ 01:47:31]   ok       quilombos      max_ano=0
[ORQ 01:47:32]   ok       equipamentos_esporte max_ano=0
[ORQ 01:47:33]   ok       censo_especial max_ano=2025
[ORQ 01:47:33]   ok       fundeb_oficial max_ano=2026
[ORQ 01:47:34]   ok       fundeb_parametros max_ano=2026
[ORQ 01:47:34]   ok       indicadores_inep max_ano=2025
[ORQ 01:47:35]   ok       indicadores_inep_escola max_ano=2025
[ORQ 01:47:36]   ok       rpps_crp       max_ano=0
[ORQ 01:47:37]   ok       cadprev_full   max_ano=0
[ORQ 01:47:39]   RODA     crp_alertas    max_ano=0
[ORQ 01:47:40]   ok       siops          max_ano=2025
[ORQ 01:47:41]   RODA     compras        max_ano=2026
[ORQ 01:47:42]   RODA     incremental    max_ano=2025
[ORQ 01:47:43]   RODA     eventos_dado   max_ano=2025
[ORQ 01:47:43]   ok       rederiva       max_ano=2025
[ORQ 01:47:44]   ok       contratos      max_ano=2027
[ORQ 01:47:46]   RODA     pca            max_ano=0
[ORQ 01:47:46]   ok       processos      max_ano=2025
[ORQ 01:47:47]   ok       itens          max_ano=2025
[ORQ 01:47:49]   RODA     catalogo_govbr max_ano=0
[ORQ 01:47:50]   ok       classificacao_itens max_ano=0
[ORQ 01:47:51]   ok       indicadores    max_ano=2024
[ORQ 01:47:52]   ok       geo_entes      max_ano=2025
[ORQ 01:47:53]   ok       transferencias max_ano=0
[ORQ 01:47:54]   ok       cnes           max_ano=2026
[ORQ 01:47:54]   ok       sih            max_ano=2025
[ORQ 01:47:57]   ok       sia            max_ano=2025
[ORQ 01:47:58]   ok       previne        max_ano=0
[ORQ 01:48:00]   ok       indigena       max_ano=0
[ORQ 01:48:00]   ok       fns            max_ano=2026
[ORQ 01:48:02]   ok       cnpj_loc       max_ano=0
[ORQ 01:48:04]   ok       empenhos       max_ano=0
[ORQ 01:48:05]   ok       atas           max_ano=0
[ORQ 01:48:06]   ok       nf             max_ano=0
[ORQ 01:48:07]   ok       iegm           max_ano=2025
[ORQ 01:48:08]   ok       cauc           max_ano=0
[ORQ 01:48:09]   ok       ideb           max_ano=2025
[ORQ 01:48:09]   ok       censo          max_ano=2025
[ORQ 01:48:10]   RODA     programas_transferegov max_ano=2025
[ORQ 01:48:10]   RODA     programas_agil max_ano=2025
[ORQ 01:48:11]   ok       fnde_simad     max_ano=2025
[ORQ 01:48:11]   ok       escolas        max_ano=2025
[ORQ 01:48:12]   ok       cnes_estab     max_ano=2025
[ORQ 01:48:13]   RODA     emendas        max_ano=2025
[ORQ 01:48:13]   ok       emendas_exec   max_ano=2026
[ORQ 01:48:14]   ok       siop_acoes     max_ano=2025
[ORQ 01:48:14]   ok       programa_beneficiario max_ano=2025
[ORQ 01:48:15]   RODA     programas_federais max_ano=2025
[ORQ 01:48:15]   RODA     suas           max_ano=2025
[ORQ 01:48:16]   ok       assistencia_social max_ano=2025
[ORQ 01:48:18]   ok       equipamentos_suas max_ano=0
[ORQ 01:48:19]   ok       equipamentos_endereco max_ano=0
[ORQ 01:48:21]   ok       equipamentos_geo max_ano=0
[ORQ 01:48:23]   RODA     equipamentos_cep max_ano=0
[ORQ 01:48:25]   ok       equipamentos_justica max_ano=0
[ORQ 01:48:26]   ok       precatorios    max_ano=2025
[ORQ 01:48:27]   ok       saneamento     max_ano=2025
[ORQ 01:48:27]   ok       agropecuaria   max_ano=2025
[ORQ 01:48:28]   ok       caf            max_ano=2025
[ORQ 01:48:29]   ok       car            max_ano=2025
[ORQ 01:48:30]   ok       pronaf         max_ano=2025
[ORQ 01:48:30]   ok       bancada        max_ano=2025
[ORQ 01:48:31]   ok       snis           max_ano=2025
[ORQ 01:48:32]   ok       transferencias_stn max_ano=2025
[ORQ 01:48:33]   ok       sancoes        max_ano=2025
[ORQ 01:48:33]   ok       munic          max_ano=2025
[ORQ 01:48:34]   ok       acompanhamento max_ano=2025
[ORQ 01:48:35]   ok       acompanhamento_funcao max_ano=2025
[ORQ 01:48:35]   ok       msc_despesa    max_ano=2025
[ORQ 01:48:36]   ok       precos_compras max_ano=2025
[ORQ 01:48:37]   ok       apresentacao_rotulo max_ano=2025
[ORQ 01:48:38]   ok       apresentacao_desc max_ano=2025
[ORQ 01:48:38]   ok       apresentacao_llm max_ano=2025
[ORQ 01:48:39]   ok       precos_basica  max_ano=2025
[ORQ 01:48:40]   ok       mislabel_unidade max_ano=2025
[ORQ 01:48:40]   ok       precos_nacional max_ano=2025
[ORQ 01:48:41]   ok       sobrepreco_nacional max_ano=2025
[ORQ 01:48:42]   ok       variacao_interna max_ano=2025
[ORQ 01:48:42]   ok       red_flags      max_ano=2025
[ORQ 01:48:43]   ok       mcmv           max_ano=2025
[ORQ 01:48:44]   ok       cmed           max_ano=2025
[ORQ 01:48:44]   ok       sobrepreco_med max_ano=2025
[ORQ 01:48:45]   ok       convenios      max_ano=2025
[ORQ 01:48:45] → 16 fonte(s) a coletar: financas, bolsa_atleta, estatisticas_vitais, pronaf, crp_alertas, compras, incremental, eventos_dado, pca, catalogo_govbr, programas_transferegov, programas_agil, emendas, programas_federais, suas, equipamentos_cep
[ORQ 01:48:45] ▶ financas (tentativa 1/5)
[ORQ 01:48:45] ▶ bolsa_atleta (tentativa 1/5)
[ORQ 01:48:45] ▶ estatisticas_vitais (tentativa 1/5)
[ORQ 01:48:45] ▶ pronaf (tentativa 1/5)
[ORQ 01:48:45] ▶ crp_alertas (tentativa 1/5)
[ORQ 01:48:45] ▶ compras (tentativa 1/5)
[ORQ 01:48:45] ▶ incremental (tentativa 1/5)
[ORQ 01:48:45] ▶ catalogo_govbr (tentativa 1/5)
[ORQ 01:48:45] ▶ programas_transferegov (tentativa 1/5)
[ORQ 01:48:45] ▶ equipamentos_cep (tentativa 1/5)
[ORQ 01:48:48] ✔ equipamentos_cep: ok
[ORQ 01:48:50] ✔ compras: ok
[ORQ 06:51:18]   financas: erro(1) — religando em 5s
[ORQ 06:51:19] ✔ bolsa_atleta: ok
[ORQ 06:51:19] ✔ catalogo_govbr: ok
[ORQ 06:51:23] ▶ financas (tentativa 2/5)
[ORQ 06:51:33] ✔ crp_alertas: ok
[ORQ 11:08:46] !! pronaf ESTAGNADO (15450s) — matando e religando
[ORQ 11:19:31] !! estatisticas_vitais ESTAGNADO (15447s) — matando e religando
[ORQ 11:19:32] !! financas ESTAGNADO (15381s) — matando e religando
[ORQ 11:19:33] !! programas_transferegov ESTAGNADO (15450s) — matando e religando
[ORQ 11:19:34]   estatisticas_vitais: retry — religando em 5s
[ORQ 11:19:34]   financas: retry — religando em 5s
[ORQ 11:19:34]   pronaf: retry — religando em 5s
[ORQ 11:19:34]   programas_transferegov: retry — religando em 5s
[ORQ 12:53:25] ▶ estatisticas_vitais (tentativa 2/5)
[ORQ 12:53:26] ▶ financas (tentativa 3/5)
[ORQ 12:53:26] ▶ pronaf (tentativa 2/5)
[ORQ 12:53:26] ▶ programas_transferegov (tentativa 2/5)
[ORQ 12:53:26] !! incremental ESTAGNADO (5633s) — matando e religando
[ORQ 12:53:46]   incremental: retry — religando em 5s
[ORQ 12:53:46]   programas_transferegov: erro(1) — religando em 5s
[ORQ 12:53:46]   pronaf: erro(1) — religando em 5s
[ORQ 12:53:46]   financas: erro(1) — religando em 5s
[ORQ 12:53:51] ▶ incremental (tentativa 2/5)
[ORQ 12:53:51] ▶ programas_transferegov (tentativa 3/5)
[ORQ 12:53:51] ▶ pronaf (tentativa 3/5)
[ORQ 12:53:51] ▶ financas (tentativa 4/5)
[ORQ 12:55:18] ✔ incremental: ok
[ORQ 12:55:18] ▶ eventos_dado (tentativa 1/5)
[ORQ 12:55:25] ✔ financas: ok
[ORQ 12:55:51] ✔ eventos_dado: ok
[ORQ 12:55:51] ▶ pca (tentativa 1/5)
[ORQ 12:56:01] ✔ pca: ok
[ORQ 12:56:22] ✔ pronaf: ok
[ORQ 12:57:23] ✔ programas_transferegov: ok
[ORQ 12:57:23] ▶ programas_agil (tentativa 1/5)
[ORQ 12:57:53] ✔ programas_agil: ok
[ORQ 12:57:53] ▶ emendas (tentativa 1/5)
 
===== INICIO 27/07/2026 22:30:01,59 (MODO=run) ===== 
(node:5756) Warning: SECURITY WARNING: The SSL modes 'prefer', 'require', and 'verify-ca' are treated as aliases for 'verify-full'.
In the next major version (pg-connection-string v3.0.0 and pg v9.0.0), these modes will adopt standard libpq semantics, which have weaker security guarantees.

To prepare for this change:
- If you want the current behavior, explicitly use 'sslmode=verify-full'
- If you want libpq compatibility now, use 'uselibpqcompat=true&sslmode=require'

See https://www.postgresql.org/docs/current/libpq-ssl.html for libpq SSL mode definitions.
(Use `node --trace-warnings ...` to show where the warning was created)
[ORQ 01:30:37] MODO=run | ano fechado=2025 | corrente=2026
[ORQ 01:30:38]   ok       financas       max_ano=2025
[ORQ 01:30:39]   ok       metas          max_ano=2025
[ORQ 01:30:40]   ok       desp_subfuncao max_ano=2025
[ORQ 01:30:41]   ok       receitas_det   max_ano=2025
[ORQ 01:30:42]   ok       rreo_const     max_ano=2025
[ORQ 01:30:42]   ok       rgf            max_ano=2025
[ORQ 01:30:43]   ok       rpps           max_ano=2025
[ORQ 01:30:45]   ok       rpps_atuarial  max_ano=0
[ORQ 01:30:46]   ok       pdde           max_ano=2024
[ORQ 01:30:46]   ok       pnld           max_ano=2025
[ORQ 01:30:48]   ok       acesso_financeiro max_ano=0
[ORQ 01:30:50]   ok       estban         max_ano=0
[ORQ 01:30:51]   ok       bndes          max_ano=2026
[ORQ 01:30:52]   ok       cfem           max_ano=2022
[ORQ 01:30:52]   ok       queimadas      max_ano=2026
[ORQ 01:30:53]   ok       anp            max_ano=2021
[ORQ 01:30:54]   RODA     bolsa_atleta   max_ano=2025
[ORQ 01:30:55]   RODA     estatisticas_vitais max_ano=2023
[ORQ 01:30:55]   ok       ans_cobertura  max_ano=2026
[ORQ 01:30:56]   ok       caged          max_ano=2026
[ORQ 01:30:56]   ok       rais           max_ano=2024
[ORQ 01:30:57]   ok       prodes         max_ano=2024
[ORQ 01:30:59]   ok       desastres      max_ano=0
[ORQ 01:31:00]   ok       sinisa         max_ano=2024
[ORQ 01:31:00]   ok       sinan_dengue   max_ano=2025
[ORQ 01:31:02]   ok       aneel_gd       max_ano=0
[ORQ 01:31:04]   ok       anatel_bl      max_ano=0
[ORQ 01:31:04]   ok       senatran_frota max_ano=2025
[ORQ 01:31:05]   ok       pronaf         max_ano=2025
[ORQ 01:31:07]   ok       ibama_autos    max_ano=0
[ORQ 01:31:09]   ok       sinesp         max_ano=0
[ORQ 01:31:11]   ok       incra_assentamentos max_ano=0
[ORQ 01:31:12]   ok       icmbio_uc      max_ano=0
[ORQ 01:31:14]   ok       ana_outorgas   max_ano=0
[ORQ 01:31:16]   ok       ibge_producao  max_ano=0
[ORQ 01:31:17]   ok       arboviroses    max_ano=2025
[ORQ 01:31:17]   ok       datatran       max_ano=2025
[ORQ 01:31:18]   ok       anp_vendas     max_ano=2024
[ORQ 01:31:20]   ok       capag          max_ano=0
[ORQ 01:31:20]   ok       rfb_arrecadacao max_ano=2025
[ORQ 01:31:21]   ok       sim            max_ano=2024
[ORQ 01:31:23]   ok       sia_producao   max_ano=0
[ORQ 01:31:25]   ok       medicamentos_alto_custo max_ano=0
[ORQ 01:31:25]   ok       cnes_equipes   max_ano=2024
[ORQ 01:31:26]   ok       cnes_equipamentos max_ano=2024
[ORQ 01:31:27]   ok       cnes_leitos    max_ano=2024
[ORQ 01:31:27]   ok       cnes_profissionais max_ano=2024
[ORQ 01:31:29]   ok       apac           max_ano=0
[ORQ 01:31:31]   ok       raas_saude_mental max_ano=0
[ORQ 01:31:31]   ok       cobertura_vacinal max_ano=2026
[ORQ 01:31:32]   ok       sinan_agravos  max_ano=2024
[ORQ 01:31:33]   ok       sinasc         max_ano=2022
[ORQ 01:31:33]   ok       sih            max_ano=2025
[ORQ 01:31:34]   ok       producao_aps   max_ano=2025
[ORQ 01:31:35]   ok       indicadores_previne max_ano=2025
[ORQ 01:31:35]   ok       qualidade_siaps max_ano=2025
[ORQ 01:31:37]   ok       igdm           max_ano=0
[ORQ 01:31:38]   ok       suas_saldo     max_ano=2025
[ORQ 01:31:38]   ok       pdde_saldo     max_ano=2025
[ORQ 01:31:39]   ok       pnae_agri      max_ano=2025
[ORQ 01:31:39]   ok       barragens      max_ano=2025
[ORQ 01:31:40]   ok       paa            max_ano=2025
[ORQ 01:31:41]   ok       lpg            max_ano=2025
[ORQ 01:31:41]   ok       salic          max_ano=2025
[ORQ 01:31:42]   ok       obras          max_ano=2025
[ORQ 01:31:42]   ok       novopac        max_ano=2025
[ORQ 01:31:43]   ok       censo_corraca  max_ano=2025
[ORQ 01:31:44]   ok       populacao_faixa max_ano=2025
[ORQ 01:31:44]   ok       pib_municipal  max_ano=2025
[ORQ 01:31:45]   ok       idhm           max_ano=2025
[ORQ 01:31:46]   ok       cemaden        max_ano=2025
[ORQ 01:31:46]   ok       domicilios     max_ano=2025
[ORQ 01:31:47]   ok       ranking_tesouro max_ano=2025
[ORQ 01:31:47]   ok       escola_turmas  max_ano=2025
[ORQ 01:31:48]   ok       evasao_escolar max_ano=2025
[ORQ 01:31:49]   ok       salario_educacao max_ano=2025
[ORQ 01:31:49]   ok       saeb           max_ano=2025
[ORQ 01:31:50]   ok       cnpj_municipal max_ano=2025
[ORQ 01:31:50]   ok       transferencias_cgu max_ano=2025
[ORQ 01:31:51]   ok       alfabetizacao  max_ano=2025
[ORQ 01:31:52]   ok       setores        max_ano=2025
[ORQ 01:31:52]   ok       setores_geo    max_ano=2025
[ORQ 01:31:53]   ok       setores_idade  max_ano=2025
[ORQ 01:31:54]   ok       setores_criancas max_ano=2025
[ORQ 01:31:54]   ok       museus         max_ano=2025
[ORQ 01:31:56]   ok       ibama_embargos max_ano=0
[ORQ 01:31:58]   ok       quilombos      max_ano=0
[ORQ 01:32:00]   ok       equipamentos_esporte max_ano=0
[ORQ 01:32:01]   ok       censo_especial max_ano=2025
[ORQ 01:32:01]   ok       fundeb_oficial max_ano=2026
[ORQ 01:32:02]   ok       fundeb_parametros max_ano=2026
[ORQ 01:32:03]   ok       indicadores_inep max_ano=2025
[ORQ 01:32:03]   ok       indicadores_inep_escola max_ano=2025
[ORQ 01:32:05]   ok       rpps_crp       max_ano=0
[ORQ 01:32:07]   RODA     cadprev_full   max_ano=0
[ORQ 01:32:09]   ok       crp_alertas    max_ano=0
[ORQ 01:32:10]   ok       siops          max_ano=2025
[ORQ 01:32:12]   ok       compras        max_ano=2026
[ORQ 01:32:12]   ok       incremental    max_ano=2025
[ORQ 01:32:13]   RODA     eventos_dado   max_ano=2025
[ORQ 01:32:14]   RODA     rederiva       max_ano=2025
[ORQ 01:32:15]   ok       contratos      max_ano=2027
[ORQ 01:32:17]   ok       pca            max_ano=0
[ORQ 01:32:17]   ok       processos      max_ano=2025
[ORQ 01:32:18]   ok       itens          max_ano=2025
[ORQ 01:32:20]   ok       catalogo_govbr max_ano=0
[ORQ 01:32:22]   RODA     classificacao_itens max_ano=0
[ORQ 01:32:22]   ok       indicadores    max_ano=2024
[ORQ 01:32:23]   ok       geo_entes      max_ano=2025
[ORQ 01:32:25]   ok       transferencias max_ano=0
[ORQ 01:32:26]   ok       cnes           max_ano=2026
[ORQ 01:32:26]   ok       sih            max_ano=2025
[ORQ 01:32:27]   ok       sia            max_ano=2025
[ORQ 01:32:29]   ok       previne        max_ano=0
[ORQ 01:32:31]   ok       indigena       max_ano=0
[ORQ 01:32:31]   ok       fns            max_ano=2026
[ORQ 01:32:33]   ok       cnpj_loc       max_ano=0
[ORQ 01:32:35]   ok       empenhos       max_ano=0
[ORQ 01:32:37]   ok       atas           max_ano=0
[ORQ 01:32:38]   ok       nf             max_ano=0
[ORQ 01:32:38]   ok       iegm           max_ano=2025
[ORQ 01:32:40]   ok       cauc           max_ano=0
[ORQ 01:32:41]   ok       ideb           max_ano=2025
[ORQ 01:32:41]   ok       censo          max_ano=2025
[ORQ 01:32:42]   ok       programas_transferegov max_ano=2025
[ORQ 01:32:43]   ok       programas_agil max_ano=2025
[ORQ 01:32:43]   ok       fnde_simad     max_ano=2025
[ORQ 01:32:44]   ok       escolas        max_ano=2025
[ORQ 01:32:45]   ok       cnes_estab     max_ano=2025
[ORQ 01:32:45]   ok       emendas        max_ano=2025
[ORQ 01:32:46]   ok       emendas_exec   max_ano=2026
[ORQ 01:32:47]   ok       siop_acoes     max_ano=2025
[ORQ 01:32:47]   ok       programa_beneficiario max_ano=2025
[ORQ 01:32:48]   RODA     programas_federais max_ano=2025
[ORQ 01:32:49]   RODA     suas           max_ano=2025
[ORQ 01:32:49]   RODA     assistencia_social max_ano=2025
[ORQ 01:32:51]   ok       equipamentos_suas max_ano=0
[ORQ 01:32:53]   ok       equipamentos_endereco max_ano=0
[ORQ 01:32:55]   ok       equipamentos_geo max_ano=0
[ORQ 01:32:58]   RODA     equipamentos_cep max_ano=0
[ORQ 01:33:00]   ok       equipamentos_justica max_ano=0
[ORQ 01:33:00]   ok       precatorios    max_ano=2025
[ORQ 01:33:01]   ok       saneamento     max_ano=2025
[ORQ 01:33:02]   ok       agropecuaria   max_ano=2025
[ORQ 01:33:03]   ok       caf            max_ano=2025
[ORQ 01:33:04]   ok       car            max_ano=2025
[ORQ 01:33:04]   ok       pronaf         max_ano=2025
[ORQ 01:33:05]   ok       bancada        max_ano=2025
[ORQ 01:33:06]   ok       snis           max_ano=2025
[ORQ 01:33:07]   RODA     transferencias_stn max_ano=2025
[ORQ 01:33:09]   ok       sancoes        max_ano=2025
[ORQ 01:33:09]   ok       munic          max_ano=2025
[ORQ 01:33:10]   ok       acompanhamento max_ano=2025
[ORQ 01:33:11]   ok       acompanhamento_funcao max_ano=2025
[ORQ 01:33:12]   ok       msc_despesa    max_ano=2025
[ORQ 01:33:13]   ok       precos_compras max_ano=2025
[ORQ 01:33:13]   ok       apresentacao_rotulo max_ano=2025
[ORQ 01:33:14]   ok       apresentacao_desc max_ano=2025
[ORQ 01:33:15]   ok       apresentacao_llm max_ano=2025
[ORQ 01:33:16]   ok       precos_basica  max_ano=2025
[ORQ 01:33:17]   ok       mislabel_unidade max_ano=2025
[ORQ 01:33:18]   ok       precos_nacional max_ano=2025
[ORQ 01:33:18]   ok       sobrepreco_nacional max_ano=2025
[ORQ 01:33:19]   ok       variacao_interna max_ano=2025
[ORQ 01:33:20]   ok       red_flags      max_ano=2025
[ORQ 01:33:21]   ok       mcmv           max_ano=2025
[ORQ 01:33:22]   ok       cmed           max_ano=2025
[ORQ 01:33:22]   ok       sobrepreco_med max_ano=2025
[ORQ 01:33:23]   RODA     convenios      max_ano=2025
[ORQ 01:33:23] → 12 fonte(s) a coletar: bolsa_atleta, estatisticas_vitais, cadprev_full, eventos_dado, rederiva, classificacao_itens, programas_federais, suas, assistencia_social, equipamentos_cep, transferencias_stn, convenios
[ORQ 01:33:23] ▶ bolsa_atleta (tentativa 1/5)
[ORQ 01:33:23] ▶ estatisticas_vitais (tentativa 1/5)
[ORQ 01:33:23] ▶ cadprev_full (tentativa 1/5)
[ORQ 01:33:23] ▶ eventos_dado (tentativa 1/5)
[ORQ 01:33:23] ▶ rederiva (tentativa 1/5)
[ORQ 01:33:23] ▶ programas_federais (tentativa 1/5)
[ORQ 01:33:23] ▶ equipamentos_cep (tentativa 1/5)
[ORQ 01:33:23] ▶ transferencias_stn (tentativa 1/5)
[ORQ 01:33:26] ✔ eventos_dado: ok
[ORQ 01:33:26] ▶ classificacao_itens (tentativa 1/5)
[ORQ 01:33:27] ✔ equipamentos_cep: ok
[ORQ 01:33:32] ✔ programas_federais: ok
[ORQ 01:33:32] ▶ suas (tentativa 1/5)
[ORQ 01:33:47] ✔ bolsa_atleta: ok
[ORQ 01:34:25] ✔ suas: ok
[ORQ 01:34:25] ▶ assistencia_social (tentativa 1/5)
[ORQ 01:34:33] ✔ rederiva: ok
[ORQ 01:35:46] ✔ transferencias_stn: ok
[ORQ 01:38:36] ✔ classificacao_itens: ok
[ORQ 01:54:25] !! cadprev_full ESTAGNADO (1200s) — matando e religando
[ORQ 01:54:25] !! estatisticas_vitais ESTAGNADO (1200s) — matando e religando
[ORQ 01:54:26]   cadprev_full: retry — religando em 5s
[ORQ 01:54:26]   estatisticas_vitais: retry — religando em 5s
[ORQ 01:54:31] ▶ cadprev_full (tentativa 2/5)
[ORQ 01:54:31] ▶ estatisticas_vitais (tentativa 2/5)
[ORQ 01:55:26] !! assistencia_social ESTAGNADO (1201s) — matando e religando
[ORQ 01:55:27]   assistencia_social: retry — religando em 5s
[ORQ 01:55:32] ▶ assistencia_social (tentativa 2/5)
[ORQ 02:02:01]   estatisticas_vitais: erro(1) — religando em 5s
[ORQ 03:45:19] ▶ estatisticas_vitais (tentativa 3/5)
[ORQ 03:45:19] !! cadprev_full ESTAGNADO (6198s) — matando e religando
[ORQ 03:45:20] !! assistencia_social ESTAGNADO (6198s) — matando e religando
[ORQ 03:45:22]   cadprev_full: retry — religando em 5s
[ORQ 03:45:22]   assistencia_social: retry — religando em 5s
[ORQ 03:45:27] ▶ cadprev_full (tentativa 3/5)
[ORQ 03:45:27] ▶ assistencia_social (tentativa 3/5)
 
===== INICIO 28/07/2026 22:30:01,42 (MODO=run) ===== 
(node:7164) Warning: SECURITY WARNING: The SSL modes 'prefer', 'require', and 'verify-ca' are treated as aliases for 'verify-full'.
In the next major version (pg-connection-string v3.0.0 and pg v9.0.0), these modes will adopt standard libpq semantics, which have weaker security guarantees.

To prepare for this change:
- If you want the current behavior, explicitly use 'sslmode=verify-full'
- If you want libpq compatibility now, use 'uselibpqcompat=true&sslmode=require'

See https://www.postgresql.org/docs/current/libpq-ssl.html for libpq SSL mode definitions.
(Use `node --trace-warnings ...` to show where the warning was created)
[ORQ 01:30:31] MODO=run | ano fechado=2025 | corrente=2026
[ORQ 01:30:32]   ok       financas       max_ano=2025
[ORQ 01:30:32]   ok       metas          max_ano=2025
[ORQ 01:30:33]   ok       desp_subfuncao max_ano=2025
[ORQ 01:30:34]   ok       receitas_det   max_ano=2025
[ORQ 01:30:34]   ok       rreo_const     max_ano=2025
[ORQ 01:30:35]   ok       rgf            max_ano=2025
[ORQ 01:30:36]   ok       rpps           max_ano=2025
[ORQ 01:30:37]   ok       rpps_atuarial  max_ano=0
[ORQ 01:30:38]   ok       pdde           max_ano=2024
[ORQ 01:30:38]   ok       pnld           max_ano=2025
[ORQ 01:30:39]   ok       acesso_financeiro max_ano=0
[ORQ 01:30:41]   ok       estban         max_ano=0
[ORQ 01:30:42]   ok       bndes          max_ano=2026
[ORQ 01:30:42]   ok       cfem           max_ano=2022
[ORQ 01:30:43]   ok       queimadas      max_ano=2026
[ORQ 01:30:43]   ok       anp            max_ano=2021
[ORQ 01:30:44]   RODA     bolsa_atleta   max_ano=2025
[ORQ 01:30:45]   RODA     estatisticas_vitais max_ano=2023
[ORQ 01:30:45]   ok       ans_cobertura  max_ano=2026
[ORQ 01:30:46]   ok       caged          max_ano=2026
[ORQ 01:30:46]   ok       rais           max_ano=2024
[ORQ 01:30:47]   ok       prodes         max_ano=2024
[ORQ 01:30:48]   ok       desastres      max_ano=0
[ORQ 01:30:49]   ok       sinisa         max_ano=2024
[ORQ 01:30:49]   ok       sinan_dengue   max_ano=2025
[ORQ 01:30:51]   ok       aneel_gd       max_ano=0
[ORQ 01:30:52]   ok       anatel_bl      max_ano=0
[ORQ 01:30:53]   ok       senatran_frota max_ano=2025
[ORQ 01:30:53]   ok       pronaf         max_ano=2025
[ORQ 01:30:54]   ok       ibama_autos    max_ano=0
[ORQ 01:30:56]   ok       sinesp         max_ano=0
[ORQ 01:30:57]   ok       incra_assentamentos max_ano=0
[ORQ 01:30:59]   ok       icmbio_uc      max_ano=0
[ORQ 01:31:00]   ok       ana_outorgas   max_ano=0
[ORQ 01:31:02]   ok       ibge_producao  max_ano=0
[ORQ 01:31:02]   ok       arboviroses    max_ano=2025
[ORQ 01:31:03]   ok       datatran       max_ano=2025
[ORQ 01:31:03]   ok       anp_vendas     max_ano=2024
[ORQ 01:31:05]   ok       capag          max_ano=0
[ORQ 01:31:05]   ok       rfb_arrecadacao max_ano=2025
[ORQ 01:31:06]   ok       sim            max_ano=2024
[ORQ 01:31:07]   ok       sia_producao   max_ano=0
[ORQ 01:31:09]   ok       medicamentos_alto_custo max_ano=0
[ORQ 01:31:09]   ok       cnes_equipes   max_ano=2024
[ORQ 01:31:10]   ok       cnes_equipamentos max_ano=2024
[ORQ 01:31:10]   ok       cnes_leitos    max_ano=2024
[ORQ 01:31:11]   ok       cnes_profissionais max_ano=2024
[ORQ 01:31:12]   ok       apac           max_ano=0
[ORQ 01:31:14]   ok       raas_saude_mental max_ano=0
[ORQ 01:31:14]   ok       cobertura_vacinal max_ano=2026
[ORQ 01:31:15]   ok       sinan_agravos  max_ano=2024
[ORQ 01:31:15]   ok       sinasc         max_ano=2022
[ORQ 01:31:16]   ok       sih            max_ano=2025
[ORQ 01:31:16]   ok       producao_aps   max_ano=2025
[ORQ 01:31:17]   ok       indicadores_previne max_ano=2025
[ORQ 01:31:17]   ok       qualidade_siaps max_ano=2025
[ORQ 01:31:18]   ok       igdm           max_ano=0
[ORQ 01:31:19]   ok       suas_saldo     max_ano=2025
[ORQ 01:31:19]   ok       pdde_saldo     max_ano=2025
[ORQ 01:31:20]   ok       pnae_agri      max_ano=2025
[ORQ 01:31:20]   ok       barragens      max_ano=2025
[ORQ 01:31:21]   ok       paa            max_ano=2025
[ORQ 01:31:21]   ok       lpg            max_ano=2025
[ORQ 01:31:22]   ok       salic          max_ano=2025
[ORQ 01:31:22]   ok       obras          max_ano=2025
[ORQ 01:31:23]   ok       novopac        max_ano=2025
[ORQ 01:31:23]   ok       censo_corraca  max_ano=2025
[ORQ 01:31:24]   ok       populacao_faixa max_ano=2025
[ORQ 01:31:24]   ok       pib_municipal  max_ano=2025
[ORQ 01:31:25]   ok       idhm           max_ano=2025
[ORQ 01:31:25]   ok       cemaden        max_ano=2025
[ORQ 01:31:26]   ok       domicilios     max_ano=2025
[ORQ 01:31:26]   ok       ranking_tesouro max_ano=2025
[ORQ 01:31:27]   ok       escola_turmas  max_ano=2025
[ORQ 01:31:27]   ok       evasao_escolar max_ano=2025
[ORQ 01:31:28]   ok       salario_educacao max_ano=2025
[ORQ 01:31:28]   ok       saeb           max_ano=2025
[ORQ 01:31:29]   ok       cnpj_municipal max_ano=2025
[ORQ 01:31:29]   ok       transferencias_cgu max_ano=2025
[ORQ 01:31:29]   ok       alfabetizacao  max_ano=2025
[ORQ 01:31:30]   ok       setores        max_ano=2025
[ORQ 01:31:30]   ok       setores_geo    max_ano=2025
[ORQ 01:31:31]   ok       setores_idade  max_ano=2025
[ORQ 01:31:31]   ok       setores_criancas max_ano=2025
[ORQ 01:31:32]   ok       museus         max_ano=2025
[ORQ 01:31:33]   ok       ibama_embargos max_ano=0
[ORQ 01:31:35]   ok       quilombos      max_ano=0
[ORQ 01:31:36]   ok       equipamentos_esporte max_ano=0
[ORQ 01:31:37]   ok       censo_especial max_ano=2025
[ORQ 01:31:37]   ok       fundeb_oficial max_ano=2026
[ORQ 01:31:38]   ok       fundeb_parametros max_ano=2026
[ORQ 01:31:38]   ok       indicadores_inep max_ano=2025
[ORQ 01:31:39]   ok       indicadores_inep_escola max_ano=2025
[ORQ 01:31:40]   ok       rpps_crp       max_ano=0
[ORQ 01:31:42]   ok       cadprev_full   max_ano=0
[ORQ 01:31:43]   ok       crp_alertas    max_ano=0
[ORQ 01:31:44]   ok       siops          max_ano=2025
[ORQ 01:31:45]   RODA     compras        max_ano=2026
[ORQ 01:31:46]   RODA     incremental    max_ano=2025
[ORQ 01:31:47]   RODA     eventos_dado   max_ano=2025
[ORQ 01:31:47]   RODA     rederiva       max_ano=2025
[ORQ 01:31:48]   ok       contratos      max_ano=2027
[ORQ 01:31:49]   ok       pca            max_ano=0
[ORQ 01:31:50]   ok       processos      max_ano=2025
[ORQ 01:31:50]   ok       itens          max_ano=2025
[ORQ 01:31:52]   ok       catalogo_govbr max_ano=0
[ORQ 01:31:53]   ok       classificacao_itens max_ano=0
[ORQ 01:31:54]   ok       indicadores    max_ano=2024
[ORQ 01:31:54]   ok       geo_entes      max_ano=2025
[ORQ 01:31:56]   ok       transferencias max_ano=0
[ORQ 01:31:56]   ok       cnes           max_ano=2026
[ORQ 01:31:57]   ok       sih            max_ano=2025
[ORQ 01:31:57]   ok       sia            max_ano=2025
[ORQ 01:31:59]   ok       previne        max_ano=0
[ORQ 01:32:00]   ok       indigena       max_ano=0
[ORQ 01:32:01]   ok       fns            max_ano=2026
[ORQ 01:32:02]   ok       cnpj_loc       max_ano=0
[ORQ 01:32:04]   ok       empenhos       max_ano=0
[ORQ 01:32:05]   ok       atas           max_ano=0
[ORQ 01:32:06]   ok       nf             max_ano=0
[ORQ 01:32:06]   ok       iegm           max_ano=2025
[ORQ 01:32:08]   RODA     cauc           max_ano=0
[ORQ 01:32:08]   ok       ideb           max_ano=2025
[ORQ 01:32:09]   ok       censo          max_ano=2025
[ORQ 01:32:09]   RODA     programas_transferegov max_ano=2025
[ORQ 01:32:10]   RODA     programas_agil max_ano=2025
[ORQ 01:32:10]   ok       fnde_simad     max_ano=2025
[ORQ 01:32:11]   ok       escolas        max_ano=2025
[ORQ 01:32:11]   ok       cnes_estab     max_ano=2025
[ORQ 01:32:12]   ok       emendas        max_ano=2025
[ORQ 01:32:12]   RODA     emendas_exec   max_ano=2026
[ORQ 01:32:13]   ok       siop_acoes     max_ano=2025
[ORQ 01:32:13]   RODA     programa_beneficiario max_ano=2025
[ORQ 01:32:14]   ok       programas_federais max_ano=2025
[ORQ 01:32:14]   ok       suas           max_ano=2025
[ORQ 01:32:15]   ok       assistencia_social max_ano=2025
[ORQ 01:32:17]   ok       equipamentos_suas max_ano=0
[ORQ 01:32:18]   ok       equipamentos_endereco max_ano=0
[ORQ 01:32:20]   ok       equipamentos_geo max_ano=0
[ORQ 01:32:21]   RODA     equipamentos_cep max_ano=0
[ORQ 01:32:23]   ok       equipamentos_justica max_ano=0
[ORQ 01:32:24]   ok       precatorios    max_ano=2025
[ORQ 01:32:24]   ok       saneamento     max_ano=2025
[ORQ 01:32:25]   ok       agropecuaria   max_ano=2025
[ORQ 01:32:26]   ok       caf            max_ano=2025
[ORQ 01:32:26]   ok       car            max_ano=2025
[ORQ 01:32:27]   ok       pronaf         max_ano=2025
[ORQ 01:32:28]   ok       bancada        max_ano=2025
[ORQ 01:32:28]   ok       snis           max_ano=2025
[ORQ 01:32:29]   ok       transferencias_stn max_ano=2025
[ORQ 01:32:30]   ok       sancoes        max_ano=2025
[ORQ 01:32:31]   ok       munic          max_ano=2025
[ORQ 01:32:31]   ok       acompanhamento max_ano=2025
[ORQ 01:32:32]   ok       acompanhamento_funcao max_ano=2025
[ORQ 01:32:33]   ok       msc_despesa    max_ano=2025
[ORQ 01:32:33]   ok       precos_compras max_ano=2025
[ORQ 01:32:34]   ok       apresentacao_rotulo max_ano=2025
[ORQ 01:32:35]   ok       apresentacao_desc max_ano=2025
[ORQ 01:32:35]   ok       apresentacao_llm max_ano=2025
[ORQ 01:32:36]   ok       precos_basica  max_ano=2025
[ORQ 01:32:37]   ok       mislabel_unidade max_ano=2025
[ORQ 01:32:37]   ok       precos_nacional max_ano=2025
[ORQ 01:32:38]   ok       sobrepreco_nacional max_ano=2025
[ORQ 01:32:39]   ok       variacao_interna max_ano=2025
[ORQ 01:32:39]   ok       red_flags      max_ano=2025
[ORQ 01:32:40]   ok       mcmv           max_ano=2025
[ORQ 01:32:41]   ok       cmed           max_ano=2025
[ORQ 01:32:41]   ok       sobrepreco_med max_ano=2025
[ORQ 01:32:42]   RODA     convenios      max_ano=2025
[ORQ 01:32:42] → 13 fonte(s) a coletar: bolsa_atleta, estatisticas_vitais, compras, incremental, eventos_dado, rederiva, cauc, programas_transferegov, programas_agil, emendas_exec, programa_beneficiario, equipamentos_cep, convenios
[ORQ 01:32:42] ▶ bolsa_atleta (tentativa 1/5)
[ORQ 01:32:42] ▶ estatisticas_vitais (tentativa 1/5)
[ORQ 01:32:42] ▶ compras (tentativa 1/5)
[ORQ 01:32:42] ▶ incremental (tentativa 1/5)
[ORQ 01:32:42] ▶ cauc (tentativa 1/5)
[ORQ 01:32:42] ▶ programas_transferegov (tentativa 1/5)
[ORQ 01:32:42] ▶ equipamentos_cep (tentativa 1/5)
[ORQ 01:32:45] ✔ equipamentos_cep: ok
[ORQ 01:32:48] ✔ compras: ok
[ORQ 01:32:48] ▶ rederiva (tentativa 1/5)
[ORQ 01:33:02] ✔ bolsa_atleta: ok
[ORQ 01:34:22] ✔ cauc: ok
[ORQ 01:35:44] ✔ rederiva: ok
[ORQ 01:36:39] ✔ programas_transferegov: ok
[ORQ 01:36:39] ▶ programas_agil (tentativa 1/5)
[ORQ 01:37:17] ✔ programas_agil: ok
[ORQ 01:37:17] ▶ emendas_exec (tentativa 1/5)
[ORQ 01:37:20] ✔ emendas_exec: ok
[ORQ 01:37:20] ▶ programa_beneficiario (tentativa 1/5)
[ORQ 01:38:25] ✔ incremental: ok
[ORQ 01:38:25] ▶ eventos_dado (tentativa 1/5)
[ORQ 01:39:07] ✔ eventos_dado: ok
[ORQ 01:41:40] ✔ programa_beneficiario: ok
[ORQ 01:41:40] ▶ convenios (tentativa 1/5)
[ORQ 01:41:41]   convenios: erro(1) — religando em 5s
[ORQ 01:41:46] ▶ convenios (tentativa 2/5)
[ORQ 01:41:48]   convenios: erro(1) — religando em 5s
[ORQ 01:41:53] ▶ convenios (tentativa 3/5)
[ORQ 01:41:55]   convenios: erro(1) — religando em 5s
[ORQ 01:42:00] ▶ convenios (tentativa 4/5)
[ORQ 01:42:01]   convenios: erro(1) — religando em 5s
[ORQ 01:42:06] ▶ convenios (tentativa 5/5)
[ORQ 01:42:08]   convenios: erro(1) — religando em 5s
[ORQ 01:42:13] ✔ convenios: erro(1)
[ORQ 01:50:18] ✔ estatisticas_vitais: ok
[ORQ 01:50:18] validando integridade…
[ORQ 01:50:39] validando separação Estado×município…
[ORQ 01:50:44] varredura de frescor (série histórica + última competência)…
[ORQ 01:51:38] motor de notificações (delta — avisa o que mudou)…
[ORQ 01:51:43] carteiro de notificações (envia se houver SMTP; simula caso contrário)…
[ORQ 01:51:47] carteiro WhatsApp (envia se houver Cloud API; simula caso contrário)…
[ORQ 01:51:49] regenerando documentação…
[ORQ 01:54:18] ciclo concluído.
===== FIM 28/07/2026 22:54:18,17 ===== 
 
===== INICIO 29/07/2026 22:30:01,78 (MODO=run) ===== 
(node:19808) Warning: SECURITY WARNING: The SSL modes 'prefer', 'require', and 'verify-ca' are treated as aliases for 'verify-full'.
In the next major version (pg-connection-string v3.0.0 and pg v9.0.0), these modes will adopt standard libpq semantics, which have weaker security guarantees.

To prepare for this change:
- If you want the current behavior, explicitly use 'sslmode=verify-full'
- If you want libpq compatibility now, use 'uselibpqcompat=true&sslmode=require'

See https://www.postgresql.org/docs/current/libpq-ssl.html for libpq SSL mode definitions.
(Use `node --trace-warnings ...` to show where the warning was created)
[ORQ 01:30:30] MODO=run | ano fechado=2025 | corrente=2026
[ORQ 01:30:31]   ok       financas       max_ano=2025
[ORQ 01:30:31]   ok       metas          max_ano=2025
[ORQ 01:30:32]   ok       desp_subfuncao max_ano=2025
[ORQ 01:30:33]   ok       receitas_det   max_ano=2025
[ORQ 01:30:34]   ok       rreo_const     max_ano=2025
[ORQ 01:30:34]   ok       rgf            max_ano=2025
[ORQ 01:30:35]   ok       rpps           max_ano=2025
[ORQ 01:30:36]   ok       rpps_atuarial  max_ano=0
[ORQ 01:30:37]   ok       pdde           max_ano=2024
[ORQ 01:30:37]   ok       pnld           max_ano=2025
[ORQ 01:30:39]   ok       acesso_financeiro max_ano=0
[ORQ 01:30:40]   ok       estban         max_ano=0
[ORQ 01:30:41]   ok       bndes          max_ano=2026
[ORQ 01:30:42]   ok       cfem           max_ano=2022
[ORQ 01:30:42]   ok       queimadas      max_ano=2026
[ORQ 01:30:43]   ok       anp            max_ano=2021
[ORQ 01:30:43]   RODA     bolsa_atleta   max_ano=2025
[ORQ 01:30:44]   RODA     estatisticas_vitais max_ano=2023
[ORQ 01:30:45]   ok       ans_cobertura  max_ano=2026
[ORQ 01:30:45]   ok       caged          max_ano=2026
[ORQ 01:30:46]   ok       rais           max_ano=2024
[ORQ 01:30:46]   ok       prodes         max_ano=2024
[ORQ 01:30:48]   ok       desastres      max_ano=0
[ORQ 01:30:48]   ok       sinisa         max_ano=2024
[ORQ 01:30:49]   ok       sinan_dengue   max_ano=2025
[ORQ 01:30:50]   ok       aneel_gd       max_ano=0
[ORQ 01:30:52]   ok       anatel_bl      max_ano=0
[ORQ 01:30:52]   ok       senatran_frota max_ano=2025
[ORQ 01:30:53]   ok       pronaf         max_ano=2025
[ORQ 01:30:54]   ok       ibama_autos    max_ano=0
[ORQ 01:30:56]   ok       sinesp         max_ano=0
[ORQ 01:30:57]   ok       incra_assentamentos max_ano=0
[ORQ 01:30:59]   ok       icmbio_uc      max_ano=0
[ORQ 01:31:00]   ok       ana_outorgas   max_ano=0
[ORQ 01:31:01]   ok       ibge_producao  max_ano=0
[ORQ 01:31:02]   ok       arboviroses    max_ano=2025
[ORQ 01:31:02]   ok       datatran       max_ano=2025
[ORQ 01:31:03]   ok       anp_vendas     max_ano=2024
[ORQ 01:31:04]   ok       capag          max_ano=0
[ORQ 01:31:05]   ok       rfb_arrecadacao max_ano=2025
[ORQ 01:31:05]   ok       sim            max_ano=2024
[ORQ 01:31:07]   ok       sia_producao   max_ano=0
[ORQ 01:31:08]   ok       medicamentos_alto_custo max_ano=0
[ORQ 01:31:09]   ok       cnes_equipes   max_ano=2024
[ORQ 01:31:09]   ok       cnes_equipamentos max_ano=2024
[ORQ 01:31:10]   ok       cnes_leitos    max_ano=2024
[ORQ 01:31:10]   ok       cnes_profissionais max_ano=2024
[ORQ 01:31:12]   ok       apac           max_ano=0
[ORQ 01:31:13]   ok       raas_saude_mental max_ano=0
[ORQ 01:31:14]   ok       cobertura_vacinal max_ano=2026
[ORQ 01:31:14]   ok       sinan_agravos  max_ano=2024
[ORQ 01:31:15]   ok       sinasc         max_ano=2022
[ORQ 01:31:15]   ok       sih            max_ano=2025
[ORQ 01:31:16]   ok       producao_aps   max_ano=2025
[ORQ 01:31:16]   ok       indicadores_previne max_ano=2025
[ORQ 01:31:17]   ok       qualidade_siaps max_ano=2025
[ORQ 01:31:18]   ok       igdm           max_ano=0
[ORQ 01:31:19]   ok       suas_saldo     max_ano=2025
[ORQ 01:31:19]   ok       pdde_saldo     max_ano=2025
[ORQ 01:31:20]   ok       pnae_agri      max_ano=2025
[ORQ 01:31:20]   ok       barragens      max_ano=2025
[ORQ 01:31:21]   ok       paa            max_ano=2025
[ORQ 01:31:21]   ok       lpg            max_ano=2025
[ORQ 01:31:21]   ok       salic          max_ano=2025
[ORQ 01:31:22]   ok       obras          max_ano=2025
[ORQ 01:31:22]   ok       novopac        max_ano=2025
[ORQ 01:31:23]   ok       censo_corraca  max_ano=2025
[ORQ 01:31:23]   ok       populacao_faixa max_ano=2025
[ORQ 01:31:24]   ok       pib_municipal  max_ano=2025
[ORQ 01:31:24]   ok       idhm           max_ano=2025
[ORQ 01:31:25]   ok       cemaden        max_ano=2025
[ORQ 01:31:25]   ok       domicilios     max_ano=2025
[ORQ 01:31:26]   ok       ranking_tesouro max_ano=2025
[ORQ 01:31:26]   ok       escola_turmas  max_ano=2025
[ORQ 01:31:27]   ok       evasao_escolar max_ano=2025
[ORQ 01:31:27]   ok       salario_educacao max_ano=2025
[ORQ 01:31:28]   ok       saeb           max_ano=2025
[ORQ 01:31:28]   ok       cnpj_municipal max_ano=2025
[ORQ 01:31:29]   ok       transferencias_cgu max_ano=2025
[ORQ 01:31:29]   ok       alfabetizacao  max_ano=2025
[ORQ 01:31:30]   ok       setores        max_ano=2025
[ORQ 01:31:30]   ok       setores_geo    max_ano=2025
[ORQ 01:31:31]   ok       setores_idade  max_ano=2025
[ORQ 01:31:31]   ok       setores_criancas max_ano=2025
[ORQ 01:31:32]   ok       museus         max_ano=2025
[ORQ 01:31:33]   ok       ibama_embargos max_ano=0
[ORQ 01:31:35]   ok       quilombos      max_ano=0
[ORQ 01:31:36]   ok       equipamentos_esporte max_ano=0
[ORQ 01:31:37]   ok       censo_especial max_ano=2025
[ORQ 01:31:37]   ok       fundeb_oficial max_ano=2026
[ORQ 01:31:37]   ok       fundeb_parametros max_ano=2026
[ORQ 01:31:38]   ok       indicadores_inep max_ano=2025
[ORQ 01:31:38]   ok       indicadores_inep_escola max_ano=2025
[ORQ 01:31:40]   RODA     rpps_crp       max_ano=0
[ORQ 01:31:41]   ok       cadprev_full   max_ano=0
[ORQ 01:31:43]   ok       crp_alertas    max_ano=0
[ORQ 01:31:44]   ok       siops          max_ano=2025
[ORQ 01:31:44]   RODA     compras        max_ano=2026
[ORQ 01:31:45]   ok       incremental    max_ano=2025
[ORQ 01:31:45]   RODA     eventos_dado   max_ano=2025
[ORQ 01:31:46]   RODA     rederiva       max_ano=2025
[ORQ 01:31:47]   ok       contratos      max_ano=2027
[ORQ 01:31:48]   ok       pca            max_ano=0
[ORQ 01:31:49]   ok       processos      max_ano=2025
[ORQ 01:31:49]   ok       itens          max_ano=2025
[ORQ 01:31:51]   ok       catalogo_govbr max_ano=0
[ORQ 01:31:52]   ok       classificacao_itens max_ano=0
[ORQ 01:31:53]   ok       indicadores    max_ano=2024
[ORQ 01:31:54]   ok       geo_entes      max_ano=2025
[ORQ 01:31:55]   ok       transferencias max_ano=0
[ORQ 01:31:55]   ok       cnes           max_ano=2026
[ORQ 01:31:56]   ok       sih            max_ano=2025
[ORQ 01:31:56]   ok       sia            max_ano=2025
[ORQ 01:31:58]   ok       previne        max_ano=0
[ORQ 01:31:59]   ok       indigena       max_ano=0
[ORQ 01:32:00]   ok       fns            max_ano=2026
[ORQ 01:32:01]   ok       cnpj_loc       max_ano=0
[ORQ 01:32:03]   ok       empenhos       max_ano=0
[ORQ 01:32:04]   ok       atas           max_ano=0
[ORQ 01:32:05]   ok       nf             max_ano=0
[ORQ 01:32:05]   ok       iegm           max_ano=2025
[ORQ 01:32:07]   ok       cauc           max_ano=0
[ORQ 01:32:07]   ok       ideb           max_ano=2025
[ORQ 01:32:08]   ok       censo          max_ano=2025
[ORQ 01:32:08]   RODA     programas_transferegov max_ano=2025
[ORQ 01:32:09]   RODA     programas_agil max_ano=2025
[ORQ 01:32:09]   ok       fnde_simad     max_ano=2025
[ORQ 01:32:10]   ok       escolas        max_ano=2025
[ORQ 01:32:10]   ok       cnes_estab     max_ano=2025
[ORQ 01:32:11]   ok       emendas        max_ano=2025
[ORQ 01:32:11]   ok       emendas_exec   max_ano=2026
[ORQ 01:32:13]   ok       siop_acoes     max_ano=2025
[ORQ 01:32:13]   ok       programa_beneficiario max_ano=2025
[ORQ 01:32:14]   ok       programas_federais max_ano=2025
[ORQ 01:32:14]   ok       suas           max_ano=2025
[ORQ 01:32:15]   ok       assistencia_social max_ano=2025
[ORQ 01:32:16]   ok       equipamentos_suas max_ano=0
[ORQ 01:32:18]   ok       equipamentos_endereco max_ano=0
[ORQ 01:32:19]   ok       equipamentos_geo max_ano=0
[ORQ 01:32:21]   RODA     equipamentos_cep max_ano=0
[ORQ 01:32:23]   ok       equipamentos_justica max_ano=0
[ORQ 01:32:23]   ok       precatorios    max_ano=2025
[ORQ 01:32:24]   ok       saneamento     max_ano=2025
[ORQ 01:32:25]   ok       agropecuaria   max_ano=2025
[ORQ 01:32:25]   ok       caf            max_ano=2025
[ORQ 01:32:26]   ok       car            max_ano=2025
[ORQ 01:32:26]   ok       pronaf         max_ano=2025
[ORQ 01:32:27]   ok       bancada        max_ano=2025
[ORQ 01:32:28]   ok       snis           max_ano=2025
[ORQ 01:32:30]   ok       transferencias_stn max_ano=2025
[ORQ 01:32:30]   RODA     sancoes        max_ano=2025
[ORQ 01:32:31]   ok       munic          max_ano=2025
[ORQ 01:32:32]   ok       acompanhamento max_ano=2025
[ORQ 01:32:33]   ok       acompanhamento_funcao max_ano=2025
[ORQ 01:32:33]   ok       msc_despesa    max_ano=2025
[ORQ 01:32:34]   ok       precos_compras max_ano=2025
[ORQ 01:32:35]   ok       apresentacao_rotulo max_ano=2025
[ORQ 01:32:35]   ok       apresentacao_desc max_ano=2025
[ORQ 01:32:36]   ok       apresentacao_llm max_ano=2025
[ORQ 01:32:37]   ok       precos_basica  max_ano=2025
[ORQ 01:32:37]   ok       mislabel_unidade max_ano=2025
[ORQ 01:32:38]   ok       precos_nacional max_ano=2025
[ORQ 01:32:39]   ok       sobrepreco_nacional max_ano=2025
[ORQ 01:32:39]   ok       variacao_interna max_ano=2025
[ORQ 01:32:40]   ok       red_flags      max_ano=2025
[ORQ 01:32:40]   ok       mcmv           max_ano=2025
[ORQ 01:32:41]   ok       cmed           max_ano=2025
[ORQ 01:32:42]   ok       sobrepreco_med max_ano=2025
[ORQ 01:32:42]   ok       convenios      max_ano=2025
[ORQ 01:32:42] → 10 fonte(s) a coletar: bolsa_atleta, estatisticas_vitais, rpps_crp, compras, eventos_dado, rederiva, programas_transferegov, programas_agil, equipamentos_cep, sancoes
[ORQ 01:32:42] ▶ bolsa_atleta (tentativa 1/5)
[ORQ 01:32:42] ▶ estatisticas_vitais (tentativa 1/5)
[ORQ 01:32:42] ▶ rpps_crp (tentativa 1/5)
[ORQ 01:32:42] ▶ compras (tentativa 1/5)
[ORQ 01:32:42] ▶ eventos_dado (tentativa 1/5)
[ORQ 01:32:42] ▶ programas_transferegov (tentativa 1/5)
[ORQ 01:32:42] ▶ equipamentos_cep (tentativa 1/5)
[ORQ 01:32:42] ▶ sancoes (tentativa 1/5)
[ORQ 01:32:45] ✔ eventos_dado: ok
[ORQ 01:32:46] ✔ equipamentos_cep: ok
[ORQ 01:32:48] ✔ compras: ok
[ORQ 01:32:48] ▶ rederiva (tentativa 1/5)
[ORQ 01:33:05] ✔ bolsa_atleta: ok
[ORQ 01:33:07] ✔ rpps_crp: ok
[ORQ 01:33:54] ✔ rederiva: ok
^C 
===== INICIO 31/07/2026  3:01:09,78 (MODO=run) ===== 
(node:18780) Warning: SECURITY WARNING: The SSL modes 'prefer', 'require', and 'verify-ca' are treated as aliases for 'verify-full'.
In the next major version (pg-connection-string v3.0.0 and pg v9.0.0), these modes will adopt standard libpq semantics, which have weaker security guarantees.

To prepare for this change:
- If you want the current behavior, explicitly use 'sslmode=verify-full'
- If you want libpq compatibility now, use 'uselibpqcompat=true&sslmode=require'

See https://www.postgresql.org/docs/current/libpq-ssl.html for libpq SSL mode definitions.
(Use `node --trace-warnings ...` to show where the warning was created)
[ORQ 18:39:31] MODO=run | ano fechado=2025 | corrente=2026
[ORQ 18:39:31]   ok       financas       max_ano=2025
[ORQ 18:39:32]   ok       metas          max_ano=2025
[ORQ 18:39:33]   ok       desp_subfuncao max_ano=2025
[ORQ 18:39:33]   ok       receitas_det   max_ano=2025
[ORQ 18:39:34]   ok       rreo_const     max_ano=2025
[ORQ 18:39:35]   ok       rgf            max_ano=2025
[ORQ 18:39:36]   ok       rpps           max_ano=2025
[ORQ 18:39:38]   ok       rpps_atuarial  max_ano=0
[ORQ 18:39:38]   ok       pdde           max_ano=2024
[ORQ 18:39:39]   ok       pnld           max_ano=2025
[ORQ 18:39:40]   ok       acesso_financeiro max_ano=0
[ORQ 18:39:42]   ok       estban         max_ano=0
[ORQ 18:39:42]   ok       bndes          max_ano=2026
[ORQ 18:39:43]   ok       cfem           max_ano=2022
[ORQ 18:39:43]   ok       queimadas      max_ano=2026
[ORQ 18:39:44]   ok       anp            max_ano=2021
[ORQ 18:39:45]   RODA     bolsa_atleta   max_ano=2025
[ORQ 18:39:45]   RODA     estatisticas_vitais max_ano=2023
[ORQ 18:39:46]   ok       ans_cobertura  max_ano=2026
[ORQ 18:39:46]   ok       caged          max_ano=2026
[ORQ 18:39:47]   ok       rais           max_ano=2024
[ORQ 18:39:47]   ok       prodes         max_ano=2024
[ORQ 18:39:49]   ok       desastres      max_ano=0
[ORQ 18:39:49]   ok       sinisa         max_ano=2024
[ORQ 18:39:50]   ok       sinan_dengue   max_ano=2025
[ORQ 18:39:52]   ok       aneel_gd       max_ano=0
[ORQ 18:39:53]   ok       anatel_bl      max_ano=0
[ORQ 18:39:54]   ok       senatran_frota max_ano=2025
[ORQ 18:39:54]   RODA     pronaf         max_ano=2025
[ORQ 18:39:56]   ok       ibama_autos    max_ano=0
[ORQ 18:39:58]   ok       sinesp         max_ano=0
[ORQ 18:39:59]   ok       incra_assentamentos max_ano=0
[ORQ 18:40:01]   ok       icmbio_uc      max_ano=0
[ORQ 18:40:03]   ok       ana_outorgas   max_ano=0
[ORQ 18:40:05]   ok       ibge_producao  max_ano=0
[ORQ 18:40:05]   ok       arboviroses    max_ano=2025
[ORQ 18:40:06]   ok       datatran       max_ano=2025
[ORQ 18:40:06]   ok       anp_vendas     max_ano=2024
[ORQ 18:40:08]   ok       capag          max_ano=0
[ORQ 18:40:08]   ok       rfb_arrecadacao max_ano=2025
[ORQ 18:40:09]   ok       sim            max_ano=2024
[ORQ 18:40:10]   ok       sia_producao   max_ano=0
[ORQ 18:40:12]   ok       medicamentos_alto_custo max_ano=0
[ORQ 18:40:13]   ok       cnes_equipes   max_ano=2024
[ORQ 18:40:13]   ok       cnes_equipamentos max_ano=2024
[ORQ 18:40:14]   ok       cnes_leitos    max_ano=2024
[ORQ 18:40:14]   ok       cnes_profissionais max_ano=2024
[ORQ 18:40:16]   ok       apac           max_ano=0
[ORQ 18:40:18]   ok       raas_saude_mental max_ano=0
[ORQ 18:40:19]   ok       cobertura_vacinal max_ano=2026
[ORQ 18:40:20]   ok       sinan_agravos  max_ano=2024
[ORQ 18:40:20]   ok       sinasc         max_ano=2022
[ORQ 18:40:21]   ok       sih            max_ano=2025
[ORQ 18:40:21]   ok       producao_aps   max_ano=2025
[ORQ 18:40:22]   ok       indicadores_previne max_ano=2025
[ORQ 18:40:22]   ok       qualidade_siaps max_ano=2025
[ORQ 18:40:24]   ok       igdm           max_ano=0
[ORQ 18:40:24]   ok       suas_saldo     max_ano=2025
[ORQ 18:40:25]   ok       pdde_saldo     max_ano=2025
[ORQ 18:40:25]   ok       pnae_agri      max_ano=2025
[ORQ 18:40:26]   ok       barragens      max_ano=2025
[ORQ 18:40:26]   ok       paa            max_ano=2025
[ORQ 18:40:27]   ok       lpg            max_ano=2025
[ORQ 18:40:27]   ok       salic          max_ano=2025
[ORQ 18:40:28]   ok       obras          max_ano=2025
[ORQ 18:40:28]   ok       novopac        max_ano=2025
[ORQ 18:40:29]   ok       censo_corraca  max_ano=2025
[ORQ 18:40:29]   ok       populacao_faixa max_ano=2025
[ORQ 18:40:30]   ok       pib_municipal  max_ano=2025
[ORQ 18:40:30]   ok       idhm           max_ano=2025
[ORQ 18:40:31]   ok       cemaden        max_ano=2025
[ORQ 18:40:31]   ok       domicilios     max_ano=2025
[ORQ 18:40:32]   ok       ranking_tesouro max_ano=2025
[ORQ 18:40:32]   ok       escola_turmas  max_ano=2025
[ORQ 18:40:33]   ok       evasao_escolar max_ano=2025
[ORQ 18:40:33]   ok       salario_educacao max_ano=2025
[ORQ 18:40:34]   ok       saeb           max_ano=2025
[ORQ 18:40:34]   ok       cnpj_municipal max_ano=2025
[ORQ 18:40:35]   ok       transferencias_cgu max_ano=2025
[ORQ 18:40:35]   ok       alfabetizacao  max_ano=2025
[ORQ 18:40:36]   ok       setores        max_ano=2025
[ORQ 18:40:36]   ok       setores_geo    max_ano=2025
[ORQ 18:40:37]   ok       setores_idade  max_ano=2025
[ORQ 18:40:37]   ok       setores_criancas max_ano=2025
[ORQ 18:40:38]   ok       museus         max_ano=2025
[ORQ 18:40:40]   ok       ibama_embargos max_ano=0
[ORQ 18:40:42]   ok       quilombos      max_ano=0
[ORQ 18:40:43]   ok       equipamentos_esporte max_ano=0
[ORQ 18:40:44]   ok       censo_especial max_ano=2025
[ORQ 18:40:46]   ok       fundeb_oficial max_ano=2026
[ORQ 18:40:47]   ok       fundeb_parametros max_ano=2026
[ORQ 18:40:47]   ok       indicadores_inep max_ano=2025
[ORQ 18:40:48]   ok       indicadores_inep_escola max_ano=2025
[ORQ 18:40:50]   ok       rpps_crp       max_ano=0
^C 
===== INICIO 01/08/2026  1:59:44,21 (MODO=run) ===== 
