==== 15/07/2026  2:23:44,53 :: DOWNLOAD ==== 
(node:22028) Warning: SECURITY WARNING: The SSL modes 'prefer', 'require', and 'verify-ca' are treated as aliases for 'verify-full'.
In the next major version (pg-connection-string v3.0.0 and pg v9.0.0), these modes will adopt standard libpq semantics, which have weaker security guarantees.

To prepare for this change:
- If you want the current behavior, explicitly use 'sslmode=verify-full'
- If you want libpq compatibility now, use 'uselibpqcompat=true&sslmode=require'

See https://www.postgresql.org/docs/current/libpq-ssl.html for libpq SSL mode definitions.
(Use `node --trace-warnings ...` to show where the warning was created)
41.010 documentos a baixar (seleção por plataforma/modalidade) · conc 3
==== 15/07/2026  2:28:11,63 :: EXTRACAO ==== 
(node:38868) Warning: SECURITY WARNING: The SSL modes 'prefer', 'require', and 'verify-ca' are treated as aliases for 'verify-full'.
In the next major version (pg-connection-string v3.0.0 and pg v9.0.0), these modes will adopt standard libpq semantics, which have weaker security guarantees.

To prepare for this change:
- If you want the current behavior, explicitly use 'sslmode=verify-full'
- If you want libpq compatibility now, use 'uselibpqcompat=true&sslmode=require'

See https://www.postgresql.org/docs/current/libpq-ssl.html for libpq SSL mode definitions.
(Use `node --trace-warnings ...` to show where the warning was created)
1.348 atas a extrair (texto guardado) · conc 3
==== 15/07/2026  3:24:44,32 :: DOWNLOAD ==== 
(node:10580) Warning: SECURITY WARNING: The SSL modes 'prefer', 'require', and 'verify-ca' are treated as aliases for 'verify-full'.
In the next major version (pg-connection-string v3.0.0 and pg v9.0.0), these modes will adopt standard libpq semantics, which have weaker security guarantees.

To prepare for this change:
- If you want the current behavior, explicitly use 'sslmode=verify-full'
- If you want libpq compatibility now, use 'uselibpqcompat=true&sslmode=require'

See https://www.postgresql.org/docs/current/libpq-ssl.html for libpq SSL mode definitions.
(Use `node --trace-warnings ...` to show where the warning was created)
38.416 documentos a baixar (seleção por plataforma/modalidade) · conc 3
==== 15/07/2026  3:58:09,73 :: DOWNLOAD ==== 
(node:18620) Warning: SECURITY WARNING: The SSL modes 'prefer', 'require', and 'verify-ca' are treated as aliases for 'verify-full'.
In the next major version (pg-connection-string v3.0.0 and pg v9.0.0), these modes will adopt standard libpq semantics, which have weaker security guarantees.

To prepare for this change:
- If you want the current behavior, explicitly use 'sslmode=verify-full'
- If you want libpq compatibility now, use 'uselibpqcompat=true&sslmode=require'

See https://www.postgresql.org/docs/current/libpq-ssl.html for libpq SSL mode definitions.
(Use `node --trace-warnings ...` to show where the warning was created)
35.652 documentos a baixar (seleção por plataforma/modalidade) · conc 3
Warning: TT: undefined function: 32
Warning: TT: undefined function: 32
Warning: TT: undefined function: 32
Warning: TT: undefined function: 32
Warning: TT: undefined function: 32
Warning: TT: undefined function: 32
Warning: TT: undefined function: 32
Warning: TT: undefined function: 32
Warning: TT: undefined function: 32
Warning: TT: undefined function: 32
Warning: TT: undefined function: 32
Warning: TT: undefined function: 32
Warning: TT: undefined function: 32
Warning: TT: undefined function: 32
Warning: TT: undefined function: 32
Warning: TT: undefined function: 32
Warning: TT: undefined function: 32
Warning: TT: undefined function: 32
Warning: TT: undefined function: 32
Warning: TT: undefined function: 32
Warning: TT: undefined function: 32
Warning: TT: undefined function: 32
Warning: TT: undefined function: 32
Warning: TT: undefined function: 21
Warning: TT: undefined function: 21
Warning: TT: undefined function: 21
Warning: TT: undefined function: 32
Warning: TT: undefined function: 21
Warning: TT: undefined function: 21
Warning: TT: undefined function: 21
Warning: TT: undefined function: 32
Warning: TT: undefined function: 32
Warning: TT: undefined function: 32
Warning: TT: undefined function: 32
==== 15/07/2026  4:17:32,51 :: DOWNLOAD ==== 
(node:26260) Warning: SECURITY WARNING: The SSL modes 'prefer', 'require', and 'verify-ca' are treated as aliases for 'verify-full'.
In the next major version (pg-connection-string v3.0.0 and pg v9.0.0), these modes will adopt standard libpq semantics, which have weaker security guarantees.

To prepare for this change:
- If you want the current behavior, explicitly use 'sslmode=verify-full'
- If you want libpq compatibility now, use 'uselibpqcompat=true&sslmode=require'

See https://www.postgresql.org/docs/current/libpq-ssl.html for libpq SSL mode definitions.
(Use `node --trace-warnings ...` to show where the warning was created)
35.323 documentos a baixar (seleção por plataforma/modalidade) · conc 3
Warning: TT: undefined function: 32
Warning: TT: undefined function: 32
Warning: TT: undefined function: 21
Warning: TT: undefined function: 21
Warning: TT: undefined function: 32
Warning: TT: undefined function: 32
Warning: TT: undefined function: 32
Warning: TT: undefined function: 32
Warning: TT: undefined function: 32
Warning: TT: undefined function: 32
Warning: TT: undefined function: 32
Warning: TT: undefined function: 32
Warning: TT: undefined function: 32
Warning: TT: undefined function: 32
Warning: TT: undefined function: 21
ERRO: db
==== 15/07/2026  4:39:43,90 :: DOWNLOAD ==== 
(node:15808) Warning: SECURITY WARNING: The SSL modes 'prefer', 'require', and 'verify-ca' are treated as aliases for 'verify-full'.
In the next major version (pg-connection-string v3.0.0 and pg v9.0.0), these modes will adopt standard libpq semantics, which have weaker security guarantees.

To prepare for this change:
- If you want the current behavior, explicitly use 'sslmode=verify-full'
- If you want libpq compatibility now, use 'uselibpqcompat=true&sslmode=require'

See https://www.postgresql.org/docs/current/libpq-ssl.html for libpq SSL mode definitions.
(Use `node --trace-warnings ...` to show where the warning was created)
35.278 documentos a baixar (seleção por plataforma/modalidade) · conc 3
Warning: TT: undefined function: 32
ERRO: db
==== 15/07/2026  4:54:43,91 :: DOWNLOAD ==== 
(node:27320) Warning: SECURITY WARNING: The SSL modes 'prefer', 'require', and 'verify-ca' are treated as aliases for 'verify-full'.
In the next major version (pg-connection-string v3.0.0 and pg v9.0.0), these modes will adopt standard libpq semantics, which have weaker security guarantees.

To prepare for this change:
- If you want the current behavior, explicitly use 'sslmode=verify-full'
- If you want libpq compatibility now, use 'uselibpqcompat=true&sslmode=require'

See https://www.postgresql.org/docs/current/libpq-ssl.html for libpq SSL mode definitions.
(Use `node --trace-warnings ...` to show where the warning was created)
35.272 documentos a baixar (seleção por plataforma/modalidade) · conc 3
Warning: TT: undefined function: 32
Warning: TT: undefined function: 32
Warning: TT: undefined function: 32
Warning: TT: undefined function: 32
Warning: TT: undefined function: 32
Warning: TT: undefined function: 32
Warning: TT: undefined function: 32
Warning: TT: undefined function: 32
Warning: TT: undefined function: 32
ERRO: db
==== 15/07/2026  5:09:43,90 :: DOWNLOAD ==== 
(node:20196) Warning: SECURITY WARNING: The SSL modes 'prefer', 'require', and 'verify-ca' are treated as aliases for 'verify-full'.
In the next major version (pg-connection-string v3.0.0 and pg v9.0.0), these modes will adopt standard libpq semantics, which have weaker security guarantees.

To prepare for this change:
- If you want the current behavior, explicitly use 'sslmode=verify-full'
- If you want libpq compatibility now, use 'uselibpqcompat=true&sslmode=require'

See https://www.postgresql.org/docs/current/libpq-ssl.html for libpq SSL mode definitions.
(Use `node --trace-warnings ...` to show where the warning was created)
35.261 documentos a baixar (seleção por plataforma/modalidade) · conc 3
Warning: TT: undefined function: 32
Warning: TT: undefined function: 21
Warning: TT: undefined function: 32
Warning: TT: undefined function: 21
Warning: TT: undefined function: 32
Warning: TT: undefined function: 32
ERRO: db
==== 15/07/2026  5:24:43,92 :: DOWNLOAD ==== 
(node:2624) Warning: SECURITY WARNING: The SSL modes 'prefer', 'require', and 'verify-ca' are treated as aliases for 'verify-full'.
In the next major version (pg-connection-string v3.0.0 and pg v9.0.0), these modes will adopt standard libpq semantics, which have weaker security guarantees.

To prepare for this change:
- If you want the current behavior, explicitly use 'sslmode=verify-full'
- If you want libpq compatibility now, use 'uselibpqcompat=true&sslmode=require'

See https://www.postgresql.org/docs/current/libpq-ssl.html for libpq SSL mode definitions.
(Use `node --trace-warnings ...` to show where the warning was created)
35.240 documentos a baixar (seleção por plataforma/modalidade) · conc 3
Warning: TT: undefined function: 32
Warning: TT: undefined function: 21
Warning: TT: undefined function: 21
Warning: TT: undefined function: 32
Warning: TT: undefined function: 32
Warning: TT: undefined function: 21
Warning: TT: undefined function: 32
Warning: TT: undefined function: 32
Warning: TT: undefined function: 32
Warning: TT: undefined function: 32
Warning: TT: undefined function: 32
Warning: TT: undefined function: 32
Warning: TT: undefined function: 21
Warning: TT: undefined function: 21
Warning: TT: undefined function: 21
Warning: TT: undefined function: 21
Warning: TT: undefined function: 21
Warning: TT: undefined function: 21
Warning: TT: undefined function: 32
Warning: TT: undefined function: 32
Warning: TT: undefined function: 32
Warning: TT: undefined function: 32
Warning: TT: undefined function: 21
Warning: TT: undefined function: 21
Warning: TT: undefined function: 21
Warning: TT: undefined function: 21
Warning: TT: undefined function: 32
Warning: TT: undefined function: 21
Warning: TT: undefined function: 21
Warning: TT: undefined function: 21
Warning: TT: undefined function: 21
Warning: TT: undefined function: 21
Warning: TT: undefined function: 21
Warning: TT: undefined function: 21
Warning: TT: undefined function: 21
Warning: TT: undefined function: 21
Warning: TT: undefined function: 21
Warning: TT: undefined function: 21
Warning: TT: undefined function: 21
Warning: TT: undefined function: 21
Warning: TT: undefined function: 21
Warning: TT: undefined function: 21
Warning: TT: undefined function: 21
Warning: TT: undefined function: 21
Warning: TT: undefined function: 21
Warning: TT: undefined function: 21
Warning: TT: undefined function: 21
Warning: TT: undefined function: 21
Warning: TT: undefined function: 21
Warning: TT: undefined function: 21
Warning: TT: undefined function: 21
Warning: TT: undefined function: 21
Warning: TT: undefined function: 21
Warning: TT: undefined function: 21
Warning: TT: undefined function: 21
Warning: TT: undefined function: 21
Warning: TT: undefined function: 21
Warning: TT: undefined function: 32
Warning: TT: undefined function: 21
Warning: TT: undefined function: 21
ERRO: db
==== 15/07/2026  5:39:43,92 :: DOWNLOAD ==== 
(node:4784) Warning: SECURITY WARNING: The SSL modes 'prefer', 'require', and 'verify-ca' are treated as aliases for 'verify-full'.
In the next major version (pg-connection-string v3.0.0 and pg v9.0.0), these modes will adopt standard libpq semantics, which have weaker security guarantees.

To prepare for this change:
- If you want the current behavior, explicitly use 'sslmode=verify-full'
- If you want libpq compatibility now, use 'uselibpqcompat=true&sslmode=require'

See https://www.postgresql.org/docs/current/libpq-ssl.html for libpq SSL mode definitions.
(Use `node --trace-warnings ...` to show where the warning was created)
35.179 documentos a baixar (seleção por plataforma/modalidade) · conc 3
Warning: TT: undefined function: 32
Warning: TT: undefined function: 32
Warning: TT: undefined function: 32
ERRO: db
==== 15/07/2026  5:54:43,93 :: DOWNLOAD ==== 
(node:18916) Warning: SECURITY WARNING: The SSL modes 'prefer', 'require', and 'verify-ca' are treated as aliases for 'verify-full'.
In the next major version (pg-connection-string v3.0.0 and pg v9.0.0), these modes will adopt standard libpq semantics, which have weaker security guarantees.

To prepare for this change:
- If you want the current behavior, explicitly use 'sslmode=verify-full'
- If you want libpq compatibility now, use 'uselibpqcompat=true&sslmode=require'

See https://www.postgresql.org/docs/current/libpq-ssl.html for libpq SSL mode definitions.
(Use `node --trace-warnings ...` to show where the warning was created)
35.176 documentos a baixar (seleção por plataforma/modalidade) · conc 3
Warning: TT: undefined function: 21
ERRO: db
==== 15/07/2026  6:09:43,93 :: DOWNLOAD ==== 
(node:16304) Warning: SECURITY WARNING: The SSL modes 'prefer', 'require', and 'verify-ca' are treated as aliases for 'verify-full'.
In the next major version (pg-connection-string v3.0.0 and pg v9.0.0), these modes will adopt standard libpq semantics, which have weaker security guarantees.

To prepare for this change:
- If you want the current behavior, explicitly use 'sslmode=verify-full'
- If you want libpq compatibility now, use 'uselibpqcompat=true&sslmode=require'

See https://www.postgresql.org/docs/current/libpq-ssl.html for libpq SSL mode definitions.
(Use `node --trace-warnings ...` to show where the warning was created)
35.166 documentos a baixar (seleção por plataforma/modalidade) · conc 3
Warning: TT: undefined function: 32
ERRO: db
==== 15/07/2026  6:24:43,96 :: DOWNLOAD ==== 
(node:15992) Warning: SECURITY WARNING: The SSL modes 'prefer', 'require', and 'verify-ca' are treated as aliases for 'verify-full'.
In the next major version (pg-connection-string v3.0.0 and pg v9.0.0), these modes will adopt standard libpq semantics, which have weaker security guarantees.

To prepare for this change:
- If you want the current behavior, explicitly use 'sslmode=verify-full'
- If you want libpq compatibility now, use 'uselibpqcompat=true&sslmode=require'

See https://www.postgresql.org/docs/current/libpq-ssl.html for libpq SSL mode definitions.
(Use `node --trace-warnings ...` to show where the warning was created)
35.162 documentos a baixar (seleção por plataforma/modalidade) · conc 3
Warning: TT: undefined function: 32
ERRO: db
==== 15/07/2026  6:39:43,96 :: DOWNLOAD ==== 
(node:19244) Warning: SECURITY WARNING: The SSL modes 'prefer', 'require', and 'verify-ca' are treated as aliases for 'verify-full'.
In the next major version (pg-connection-string v3.0.0 and pg v9.0.0), these modes will adopt standard libpq semantics, which have weaker security guarantees.

To prepare for this change:
- If you want the current behavior, explicitly use 'sslmode=verify-full'
- If you want libpq compatibility now, use 'uselibpqcompat=true&sslmode=require'

See https://www.postgresql.org/docs/current/libpq-ssl.html for libpq SSL mode definitions.
(Use `node --trace-warnings ...` to show where the warning was created)
35.162 documentos a baixar (seleção por plataforma/modalidade) · conc 3
Warning: TT: undefined function: 32
ERRO: db
==== 15/07/2026  6:54:43,94 :: DOWNLOAD ==== 
(node:20796) Warning: SECURITY WARNING: The SSL modes 'prefer', 'require', and 'verify-ca' are treated as aliases for 'verify-full'.
In the next major version (pg-connection-string v3.0.0 and pg v9.0.0), these modes will adopt standard libpq semantics, which have weaker security guarantees.

To prepare for this change:
- If you want the current behavior, explicitly use 'sslmode=verify-full'
- If you want libpq compatibility now, use 'uselibpqcompat=true&sslmode=require'

See https://www.postgresql.org/docs/current/libpq-ssl.html for libpq SSL mode definitions.
(Use `node --trace-warnings ...` to show where the warning was created)
35.162 documentos a baixar (seleção por plataforma/modalidade) · conc 3
Warning: TT: undefined function: 32
ERRO: db
==== 15/07/2026  7:09:43,98 :: DOWNLOAD ==== 
(node:26488) Warning: SECURITY WARNING: The SSL modes 'prefer', 'require', and 'verify-ca' are treated as aliases for 'verify-full'.
In the next major version (pg-connection-string v3.0.0 and pg v9.0.0), these modes will adopt standard libpq semantics, which have weaker security guarantees.

To prepare for this change:
- If you want the current behavior, explicitly use 'sslmode=verify-full'
- If you want libpq compatibility now, use 'uselibpqcompat=true&sslmode=require'

See https://www.postgresql.org/docs/current/libpq-ssl.html for libpq SSL mode definitions.
(Use `node --trace-warnings ...` to show where the warning was created)
35.161 documentos a baixar (seleção por plataforma/modalidade) · conc 3
Warning: TT: undefined function: 32
Warning: TT: undefined function: 32
Warning: TT: undefined function: 21
Warning: TT: undefined function: 32
ERRO: db
==== 15/07/2026  7:24:43,99 :: DOWNLOAD ==== 
(node:25476) Warning: SECURITY WARNING: The SSL modes 'prefer', 'require', and 'verify-ca' are treated as aliases for 'verify-full'.
In the next major version (pg-connection-string v3.0.0 and pg v9.0.0), these modes will adopt standard libpq semantics, which have weaker security guarantees.

To prepare for this change:
- If you want the current behavior, explicitly use 'sslmode=verify-full'
- If you want libpq compatibility now, use 'uselibpqcompat=true&sslmode=require'

See https://www.postgresql.org/docs/current/libpq-ssl.html for libpq SSL mode definitions.
(Use `node --trace-warnings ...` to show where the warning was created)
35.158 documentos a baixar (seleção por plataforma/modalidade) · conc 3
Warning: TT: undefined function: 32
Warning: TT: undefined function: 32
Warning: TT: undefined function: 32
Warning: TT: undefined function: 32
Warning: TT: undefined function: 32
Warning: TT: undefined function: 21
Warning: TT: undefined function: 21
Warning: TT: undefined function: 21
Warning: TT: undefined function: 21
Warning: TT: undefined function: 21
Warning: TT: undefined function: 21
Warning: TT: undefined function: 21
Warning: TT: undefined function: 21
Warning: TT: undefined function: 21
Warning: TT: undefined function: 21
ERRO: db
==== 15/07/2026  7:39:43,98 :: DOWNLOAD ==== 
(node:2492) Warning: SECURITY WARNING: The SSL modes 'prefer', 'require', and 'verify-ca' are treated as aliases for 'verify-full'.
In the next major version (pg-connection-string v3.0.0 and pg v9.0.0), these modes will adopt standard libpq semantics, which have weaker security guarantees.

To prepare for this change:
- If you want the current behavior, explicitly use 'sslmode=verify-full'
- If you want libpq compatibility now, use 'uselibpqcompat=true&sslmode=require'

See https://www.postgresql.org/docs/current/libpq-ssl.html for libpq SSL mode definitions.
(Use `node --trace-warnings ...` to show where the warning was created)
35.142 documentos a baixar (seleção por plataforma/modalidade) · conc 3
Warning: TT: undefined function: 32
ERRO: db
==== 15/07/2026  7:54:43,98 :: DOWNLOAD ==== 
(node:5376) Warning: SECURITY WARNING: The SSL modes 'prefer', 'require', and 'verify-ca' are treated as aliases for 'verify-full'.
In the next major version (pg-connection-string v3.0.0 and pg v9.0.0), these modes will adopt standard libpq semantics, which have weaker security guarantees.

To prepare for this change:
- If you want the current behavior, explicitly use 'sslmode=verify-full'
- If you want libpq compatibility now, use 'uselibpqcompat=true&sslmode=require'

See https://www.postgresql.org/docs/current/libpq-ssl.html for libpq SSL mode definitions.
(Use `node --trace-warnings ...` to show where the warning was created)
35.142 documentos a baixar (seleção por plataforma/modalidade) · conc 3
^C==== 15/07/2026  8:09:43,99 :: DOWNLOAD ==== 
(node:24868) Warning: SECURITY WARNING: The SSL modes 'prefer', 'require', and 'verify-ca' are treated as aliases for 'verify-full'.
In the next major version (pg-connection-string v3.0.0 and pg v9.0.0), these modes will adopt standard libpq semantics, which have weaker security guarantees.

To prepare for this change:
- If you want the current behavior, explicitly use 'sslmode=verify-full'
- If you want libpq compatibility now, use 'uselibpqcompat=true&sslmode=require'

See https://www.postgresql.org/docs/current/libpq-ssl.html for libpq SSL mode definitions.
(Use `node --trace-warnings ...` to show where the warning was created)
35.142 documentos a baixar (seleção por plataforma/modalidade) · conc 3
^C==== 15/07/2026  8:24:44,01 :: DOWNLOAD ==== 
(node:15680) Warning: SECURITY WARNING: The SSL modes 'prefer', 'require', and 'verify-ca' are treated as aliases for 'verify-full'.
In the next major version (pg-connection-string v3.0.0 and pg v9.0.0), these modes will adopt standard libpq semantics, which have weaker security guarantees.

To prepare for this change:
- If you want the current behavior, explicitly use 'sslmode=verify-full'
- If you want libpq compatibility now, use 'uselibpqcompat=true&sslmode=require'

See https://www.postgresql.org/docs/current/libpq-ssl.html for libpq SSL mode definitions.
(Use `node --trace-warnings ...` to show where the warning was created)
35.141 documentos a baixar (seleção por plataforma/modalidade) · conc 3
ERRO: db
==== 15/07/2026  8:39:44,02 :: DOWNLOAD ==== 
(node:7684) Warning: SECURITY WARNING: The SSL modes 'prefer', 'require', and 'verify-ca' are treated as aliases for 'verify-full'.
In the next major version (pg-connection-string v3.0.0 and pg v9.0.0), these modes will adopt standard libpq semantics, which have weaker security guarantees.

To prepare for this change:
- If you want the current behavior, explicitly use 'sslmode=verify-full'
- If you want libpq compatibility now, use 'uselibpqcompat=true&sslmode=require'

See https://www.postgresql.org/docs/current/libpq-ssl.html for libpq SSL mode definitions.
(Use `node --trace-warnings ...` to show where the warning was created)
35.141 documentos a baixar (seleção por plataforma/modalidade) · conc 3
Warning: TT: undefined function: 32
ERRO: db
==== 15/07/2026  8:54:44,05 :: DOWNLOAD ==== 
(node:4988) Warning: SECURITY WARNING: The SSL modes 'prefer', 'require', and 'verify-ca' are treated as aliases for 'verify-full'.
In the next major version (pg-connection-string v3.0.0 and pg v9.0.0), these modes will adopt standard libpq semantics, which have weaker security guarantees.

To prepare for this change:
- If you want the current behavior, explicitly use 'sslmode=verify-full'
- If you want libpq compatibility now, use 'uselibpqcompat=true&sslmode=require'

See https://www.postgresql.org/docs/current/libpq-ssl.html for libpq SSL mode definitions.
(Use `node --trace-warnings ...` to show where the warning was created)
35.141 documentos a baixar (seleção por plataforma/modalidade) · conc 3
Warning: TT: undefined function: 32
^C==== 15/07/2026  9:09:43,87 :: DOWNLOAD ==== 
(node:27640) Warning: SECURITY WARNING: The SSL modes 'prefer', 'require', and 'verify-ca' are treated as aliases for 'verify-full'.
In the next major version (pg-connection-string v3.0.0 and pg v9.0.0), these modes will adopt standard libpq semantics, which have weaker security guarantees.

To prepare for this change:
- If you want the current behavior, explicitly use 'sslmode=verify-full'
- If you want libpq compatibility now, use 'uselibpqcompat=true&sslmode=require'

See https://www.postgresql.org/docs/current/libpq-ssl.html for libpq SSL mode definitions.
(Use `node --trace-warnings ...` to show where the warning was created)
35.141 documentos a baixar (seleção por plataforma/modalidade) · conc 3
Warning: TT: undefined function: 32
ERRO: db
==== 15/07/2026  9:24:43,83 :: DOWNLOAD ==== 
(node:11984) Warning: SECURITY WARNING: The SSL modes 'prefer', 'require', and 'verify-ca' are treated as aliases for 'verify-full'.
In the next major version (pg-connection-string v3.0.0 and pg v9.0.0), these modes will adopt standard libpq semantics, which have weaker security guarantees.

To prepare for this change:
- If you want the current behavior, explicitly use 'sslmode=verify-full'
- If you want libpq compatibility now, use 'uselibpqcompat=true&sslmode=require'

See https://www.postgresql.org/docs/current/libpq-ssl.html for libpq SSL mode definitions.
(Use `node --trace-warnings ...` to show where the warning was created)
35.141 documentos a baixar (seleção por plataforma/modalidade) · conc 3
==== 15/07/2026  9:27:49,52 :: DOWNLOAD ==== 
(node:19588) Warning: SECURITY WARNING: The SSL modes 'prefer', 'require', and 'verify-ca' are treated as aliases for 'verify-full'.
In the next major version (pg-connection-string v3.0.0 and pg v9.0.0), these modes will adopt standard libpq semantics, which have weaker security guarantees.

To prepare for this change:
- If you want the current behavior, explicitly use 'sslmode=verify-full'
- If you want libpq compatibility now, use 'uselibpqcompat=true&sslmode=require'

See https://www.postgresql.org/docs/current/libpq-ssl.html for libpq SSL mode definitions.
(Use `node --trace-warnings ...` to show where the warning was created)
35.136 documentos a baixar (seleção por plataforma/modalidade) · conc 3
Warning: TT: undefined function: 21
Warning: TT: undefined function: 32
Warning: TT: undefined function: 21
Warning: TT: undefined function: 32
Warning: TT: undefined function: 21
Warning: TT: undefined function: 21
Warning: TT: undefined function: 21
Warning: TT: undefined function: 21
Warning: TT: undefined function: 21
Warning: TT: undefined function: 21
Warning: TT: undefined function: 32
Warning: TT: undefined function: 32
Warning: TT: undefined function: 21
Warning: TT: undefined function: 21
Warning: TT: undefined function: 21
Warning: TT: undefined function: 21
Warning: TT: undefined function: 32
Warning: TT: undefined function: 32
Warning: TT: undefined function: 32
Warning: TT: undefined function: 32
Warning: TT: undefined function: 32
Warning: TT: undefined function: 32
Warning: TT: undefined function: 32
Warning: TT: undefined function: 32
Warning: TT: undefined function: 32
Warning: TT: undefined function: 32
Warning: TT: undefined function: 32
Warning: TT: undefined function: 32
Warning: TT: undefined function: 32
Warning: TT: undefined function: 21
Warning: TT: undefined function: 21
Warning: TT: invalid function id: 136
Warning: TT: undefined function: 21
Warning: TT: undefined function: 21
Warning: TT: undefined function: 21
Warning: TT: undefined function: 21
Warning: TT: undefined function: 21
Warning: TT: undefined function: 21
Warning: TT: undefined function: 21
Warning: TT: undefined function: 21
Warning: TT: undefined function: 21
Warning: TT: undefined function: 21
Warning: TT: undefined function: 21
Warning: TT: undefined function: 21
Warning: TT: undefined function: 21
Warning: TT: undefined function: 32
Warning: TT: undefined function: 32
Warning: TT: undefined function: 32
Warning: TT: undefined function: 21
Warning: TT: invalid function id: 136
Warning: TT: undefined function: 21
Warning: TT: undefined function: 21
Warning: TT: invalid function id: 136
Warning: TT: undefined function: 21
Warning: TT: undefined function: 21
Warning: TT: undefined function: 21
Warning: TT: invalid function id: 136
Warning: TT: undefined function: 21
Warning: TT: invalid function id: 136
Warning: TT: undefined function: 21
Warning: TT: invalid function id: 136
Warning: TT: undefined function: 21
  100/35136 · 98 com texto · 2 vazios · 0 errosWarning: TT: undefined function: 3
Warning: TT: undefined function: 21
Warning: TT: undefined function: 21
Warning: TT: undefined function: 32
Warning: TT: invalid function id: 136
Warning: TT: undefined function: 21
Warning: TT: invalid function id: 136
Warning: TT: undefined function: 21
Warning: TT: invalid function id: 136
Warning: TT: undefined function: 21
Warning: TT: invalid function id: 136
Warning: TT: undefined function: 21
Warning: TT: invalid function id: 136
Warning: TT: undefined function: 21
Warning: TT: invalid function id: 136
Warning: TT: undefined function: 21
Warning: TT: invalid function id: 136
Warning: TT: undefined function: 21
Warning: TT: invalid function id: 136
Warning: TT: undefined function: 21
Warning: TT: undefined function: 21
Warning: TT: invalid function id: 136
Warning: TT: undefined function: 21
Warning: TT: invalid function id: 136
Warning: TT: undefined function: 21
Warning: TT: undefined function: 21
Warning: TT: undefined function: 32
Warning: TT: invalid function id: 136
Warning: TT: undefined function: 21
Warning: TT: undefined function: 21
Warning: TT: undefined function: 32
Warning: TT: undefined function: 21
Warning: TT: undefined function: 21
Warning: TT: undefined function: 21
Warning: TT: undefined function: 21
Warning: TT: undefined function: 21
Warning: TT: undefined function: 21
Warning: TT: undefined function: 21
Warning: TT: undefined function: 21
Warning: TT: undefined function: 21
Warning: TT: undefined function: 21
Warning: TT: undefined function: 21
Warning: TT: undefined function: 21
Warning: TT: undefined function: 21
Warning: TT: undefined function: 21
Warning: TT: undefined function: 21
Warning: TT: undefined function: 32
Warning: TT: undefined function: 21
Warning: TT: undefined function: 32
Warning: TT: undefined function: 21
Warning: TT: undefined function: 32
Warning: TT: undefined function: 32
Warning: TT: undefined function: 21
Warning: TT: undefined function: 32
Warning: TT: undefined function: 32
  200/35136 · 198 com texto · 2 vazios · 0 errosWarning: TT: undefined function: 32
Warning: TT: undefined function: 32
Warning: TT: undefined function: 32
Warning: TT: undefined function: 21
Warning: TT: undefined function: 21
Warning: TT: undefined function: 21
Warning: TT: undefined function: 32
Warning: TT: undefined function: 32
Warning: TT: undefined function: 21
Warning: TT: undefined function: 21
  300/35136 · 297 com texto · 3 vazios · 0 errosWarning: TT: undefined function: 32
Warning: TT: undefined function: 32
Warning: TT: undefined function: 32
Warning: TT: undefined function: 32
Warning: TT: undefined function: 32
Warning: TT: undefined function: 21
Warning: TT: undefined function: 21
Warning: TT: undefined function: 21
Warning: TT: undefined function: 21
Warning: TT: undefined function: 21
Warning: TT: undefined function: 21
Warning: TT: undefined function: 21
Warning: TT: undefined function: 21
Warning: TT: undefined function: 21
Warning: TT: undefined function: 21
Warning: TT: undefined function: 21
Warning: TT: undefined function: 21
Warning: TT: undefined function: 21
Warning: TT: undefined function: 21
Warning: TT: undefined function: 21
Warning: TT: undefined function: 21
Warning: TT: undefined function: 21
Warning: TT: undefined function: 21
Warning: TT: undefined function: 21
Warning: TT: undefined function: 21
Warning: TT: undefined function: 21
Warning: TT: undefined function: 21
Warning: TT: undefined function: 21
Warning: TT: undefined function: 21
Warning: TT: undefined function: 21
Warning: TT: undefined function: 21
Warning: TT: undefined function: 21
Warning: TT: undefined function: 21
Warning: TT: undefined function: 32
Warning: TT: undefined function: 32
Warning: TT: undefined function: 32
Warning: TT: undefined function: 32
Warning: TT: undefined function: 32
Warning: TT: invalid function id: 136
Warning: TT: invalid function id: 136
Warning: TT: undefined function: 21
Warning: TT: undefined function: 21
Warning: TT: undefined function: 21
Warning: TT: undefined function: 32
Warning: TT: undefined function: 32
  400/35136 · 397 com texto · 3 vazios · 0 errosWarning: TT: undefined function: 21
Warning: TT: undefined function: 21
Warning: TT: undefined function: 21
Warning: TT: undefined function: 21
Warning: TT: undefined function: 21
Warning: TT: undefined function: 21
Warning: TT: invalid function id: 136
Warning: TT: undefined function: 21
Warning: TT: invalid function id: 136
Warning: TT: undefined function: 21
Warning: TT: invalid function id: 136
Warning: TT: undefined function: 21
Warning: TT: undefined function: 21
Warning: TT: invalid function id: 136
Warning: TT: undefined function: 21
Warning: TT: undefined function: 21
Warning: TT: invalid function id: 136
Warning: TT: undefined function: 21
Warning: TT: invalid function id: 136
Warning: TT: undefined function: 21
Warning: TT: undefined function: 32
Warning: TT: invalid function id: 136
Warning: TT: undefined function: 21
Warning: TT: invalid function id: 136
Warning: TT: undefined function: 21
Warning: TT: undefined function: 21
Warning: TT: invalid function id: 136
Warning: TT: undefined function: 21
Warning: TT: invalid function id: 136
Warning: TT: invalid function id: 136
Warning: TT: invalid function id: 136
Warning: TT: undefined function: 21
Warning: TT: undefined function: 21
Warning: TT: undefined function: 21
Warning: TT: undefined function: 21
Warning: TT: undefined function: 21
Warning: TT: invalid function id: 136
Warning: TT: undefined function: 21
Warning: TT: undefined function: 32
Warning: TT: invalid function id: 136
Warning: TT: undefined function: 21
Warning: TT: invalid function id: 136
Warning: TT: undefined function: 21
Warning: TT: undefined function: 21
Warning: TT: undefined function: 21
Warning: TT: undefined function: 21
Warning: TT: undefined function: 32
Warning: TT: undefined function: 21
Warning: TT: undefined function: 21
Warning: TT: undefined function: 21
Warning: TT: undefined function: 21
Warning: TT: undefined function: 21
Warning: TT: undefined function: 21
Warning: TT: undefined function: 21
Warning: TT: undefined function: 21
Warning: TT: undefined function: 21
Warning: TT: undefined function: 21
Warning: TT: undefined function: 21
Warning: TT: undefined function: 21
Warning: TT: undefined function: 21
Warning: TT: undefined function: 21
Warning: TT: undefined function: 21
Warning: TT: undefined function: 21
Warning: TT: undefined function: 21
Warning: TT: undefined function: 21
Warning: TT: undefined function: 21
Warning: TT: undefined function: 21
  500/35136 · 497 com texto · 3 vazios · 0 errosWarning: TT: undefined function: 21
Warning: TT: undefined function: 32
Warning: TT: undefined function: 21
Warning: TT: undefined function: 21
Warning: TT: undefined function: 21
Warning: TT: undefined function: 21
Warning: TT: undefined function: 32
Warning: TT: undefined function: 32
Warning: TT: undefined function: 32
Warning: TT: undefined function: 32
Warning: TT: undefined function: 32
Warning: TT: undefined function: 32
Warning: TT: undefined function: 21
Warning: TT: undefined function: 21
Warning: TT: undefined function: 21
Warning: TT: undefined function: 32
Warning: TT: undefined function: 21
Warning: TT: undefined function: 32
Warning: TT: undefined function: 21
Warning: TT: undefined function: 21
Warning: TT: undefined function: 32
Warning: TT: undefined function: 32
Warning: TT: undefined function: 32
Warning: TT: undefined function: 32
Warning: TT: undefined function: 32
Warning: TT: undefined function: 32
Warning: TT: undefined function: 32
Warning: TT: undefined function: 32
Warning: TT: undefined function: 21
Warning: TT: undefined function: 21
Warning: TT: undefined function: 32
Warning: TT: undefined function: 32
Warning: TT: undefined function: 32
  600/35136 · 593 com texto · 7 vazios · 0 errosWarning: TT: undefined function: 32
Warning: TT: undefined function: 32
Warning: TT: undefined function: 32
Warning: TT: undefined function: 32
  700/35136 · 693 com texto · 7 vazios · 0 errosWarning: TT: undefined function: 32
Warning: TT: undefined function: 32
Warning: TT: undefined function: 32
Warning: TT: undefined function: 21
Warning: TT: undefined function: 21
Warning: TT: undefined function: 21
Warning: TT: undefined function: 21
Warning: TT: undefined function: 21
Warning: TT: undefined function: 21
Warning: TT: undefined function: 21
Warning: TT: undefined function: 21
Warning: TT: undefined function: 21
Warning: TT: undefined function: 21
Warning: TT: undefined function: 21
Warning: TT: undefined function: 21
Warning: TT: undefined function: 21
Warning: TT: undefined function: 21
Warning: TT: undefined function: 21
Warning: TT: undefined function: 21
Warning: TT: undefined function: 21
Warning: TT: undefined function: 21
Warning: TT: undefined function: 21
Warning: TT: undefined function: 32
Warning: TT: undefined function: 21
Warning: TT: undefined function: 21
Warning: TT: undefined function: 21
Warning: TT: invalid function id: 136
Warning: TT: undefined function: 21
Warning: TT: undefined function: 21
Warning: TT: invalid function id: 136
Warning: TT: undefined function: 21
  800/35136 · 792 com texto · 8 vazios · 0 errosWarning: TT: undefined function: 21
Warning: TT: undefined function: 21
Warning: TT: undefined function: 32
Warning: TT: undefined function: 32
Warning: TT: undefined function: 32
Warning: TT: undefined function: 32
Warning: TT: undefined function: 32
Warning: TT: undefined function: 32
Warning: TT: undefined function: 32
Warning: TT: undefined function: 32
Warning: TT: undefined function: 32
Warning: TT: undefined function: 32
Warning: TT: undefined function: 32
Warning: TT: undefined function: 32
Warning: TT: undefined function: 32
Warning: TT: undefined function: 32
Warning: TT: undefined function: 21
  900/35136 · 892 com texto · 8 vazios · 0 errosWarning: XRef.parse - Invalid "Pages" reference: "XRefEntryException: Bad (uncompressed) XRef entry: 2R".
Warning: Indexing all PDF objects
Warning: TT: undefined function: 21
Warning: TT: undefined function: 32
Warning: TT: undefined function: 21
Warning: TT: undefined function: 21
Warning: TT: undefined function: 21
Warning: TT: undefined function: 21
Warning: TT: undefined function: 21
Warning: TT: undefined function: 32
Warning: TT: undefined function: 21
Warning: TT: undefined function: 21
Warning: TT: undefined function: 21
Warning: TT: undefined function: 21
Warning: TT: undefined function: 21
Warning: TT: undefined function: 21
Warning: TT: undefined function: 21
Warning: TT: undefined function: 21
Warning: TT: undefined function: 21
Warning: TT: undefined function: 21
Warning: TT: undefined function: 21
Warning: TT: undefined function: 21
Warning: TT: undefined function: 21
Warning: TT: undefined function: 21
Warning: TT: undefined function: 21
Warning: TT: undefined function: 21
Warning: TT: undefined function: 21
Warning: TT: undefined function: 21
Warning: TT: undefined function: 21
Warning: TT: undefined function: 21
Warning: TT: undefined function: 21
Warning: TT: undefined function: 21
Warning: TT: undefined function: 21
Warning: TT: undefined function: 21
Warning: TT: undefined function: 21
Warning: TT: undefined function: 21
Warning: TT: undefined function: 21
Warning: TT: undefined function: 21
Warning: TT: undefined function: 21
Warning: TT: undefined function: 21
Warning: TT: undefined function: 21
Warning: TT: undefined function: 21
Warning: TT: undefined function: 21
Warning: TT: undefined function: 21
Warning: TT: undefined function: 21
Warning: TT: undefined function: 21
Warning: TT: undefined function: 21
Warning: TT: undefined function: 21
Warning: TT: undefined function: 21
Warning: TT: undefined function: 21
Warning: TT: undefined function: 21
Warning: TT: undefined function: 21
Warning: TT: undefined function: 21
Warning: TT: undefined function: 21
Warning: TT: undefined function: 21
Warning: TT: undefined function: 21
  1000/35136 · 991 com texto · 9 vazios · 0 errosWarning: TT: undefined function: 21
Warning: TT: undefined function: 21
Warning: TT: undefined function: 21
Warning: TT: undefined function: 21
Warning: TT: undefined function: 21
Warning: TT: undefined function: 21
Warning: TT: undefined function: 21
Warning: TT: undefined function: 21
Warning: TT: undefined function: 21
Warning: TT: undefined function: 21
Warning: TT: undefined function: 21
Warning: TT: undefined function: 21
Warning: TT: undefined function: 21
Warning: TT: undefined function: 32
Warning: TT: undefined function: 32
Warning: TT: undefined function: 21
Warning: TT: undefined function: 32
Warning: TT: undefined function: 32
Warning: TT: undefined function: 32
  1100/35136 · 1090 com texto · 10 vazios · 0 errosWarning: TT: undefined function: 32
Warning: TT: undefined function: 21
Warning: TT: undefined function: 21
Warning: TT: undefined function: 21
Warning: TT: undefined function: 32
Warning: TT: undefined function: 32
Warning: TT: undefined function: 21
Warning: TT: undefined function: 32
Warning: TT: undefined function: 32
Warning: TT: undefined function: 32
Warning: TT: undefined function: 21
Warning: TT: undefined function: 21
Warning: TT: undefined function: 21
Warning: TT: undefined function: 21
Warning: TT: undefined function: 21
Warning: TT: undefined function: 21
Warning: TT: undefined function: 21
Warning: TT: undefined function: 21
Warning: TT: undefined function: 21
Warning: TT: undefined function: 21
Warning: TT: undefined function: 21
Warning: TT: undefined function: 21
Warning: TT: undefined function: 32
Warning: TT: undefined function: 32
Warning: TT: undefined function: 32
Warning: TT: undefined function: 32
Warning: TT: undefined function: 32
  1200/35136 · 1190 com texto · 10 vazios · 0 errosWarning: TT: undefined function: 21
Warning: TT: undefined function: 32
Warning: TT: undefined function: 32
Warning: TT: undefined function: 32
Warning: TT: undefined function: 32
Warning: TT: undefined function: 32
Warning: TT: undefined function: 32
Warning: TT: undefined function: 32
Warning: TT: undefined function: 21
Warning: TT: undefined function: 21
Warning: TT: undefined function: 21
Warning: TT: undefined function: 21
Warning: TT: undefined function: 21
Warning: TT: undefined function: 32
Warning: TT: undefined function: 32
Warning: TT: undefined function: 32
Warning: TT: undefined function: 21
Warning: TT: undefined function: 32
Warning: TT: undefined function: 32
Warning: TT: undefined function: 32
Warning: TT: undefined function: 32
Warning: TT: undefined function: 32
Warning: TT: undefined function: 32
Warning: TT: undefined function: 32
Warning: TT: undefined function: 32
Warning: TT: undefined function: 32
Warning: TT: undefined function: 32
Warning: TT: undefined function: 32
Warning: TT: undefined function: 32
Warning: TT: undefined function: 32
Warning: TT: undefined function: 32
Warning: TT: undefined function: 32
Warning: TT: undefined function: 32
Warning: TT: undefined function: 32
Warning: TT: undefined function: 21
Warning: TT: undefined function: 32
  1300/35136 · 1255 com texto · 45 vazios · 0 errosWarning: TT: undefined function: 32
Warning: TT: undefined function: 32
Warning: TT: undefined function: 32
Warning: TT: undefined function: 32
Warning: TT: undefined function: 32
Warning: TT: undefined function: 32
Warning: TT: undefined function: 21
Warning: TT: undefined function: 21
Warning: TT: undefined function: 21
Warning: TT: undefined function: 21
  1400/35136 · 1354 com texto · 46 vazios · 0 errosWarning: TT: undefined function: 32
Warning: TT: undefined function: 21
Warning: TT: undefined function: 21
Warning: TT: undefined function: 21
Warning: TT: undefined function: 21
Warning: TT: undefined function: 21
Warning: TT: undefined function: 21
Warning: TT: undefined function: 21
Warning: TT: undefined function: 21
Warning: TT: undefined function: 21
Warning: TT: undefined function: 21
Warning: TT: undefined function: 21
Warning: TT: undefined function: 21
Warning: TT: undefined function: 21
Warning: TT: undefined function: 21
Warning: TT: undefined function: 21
Warning: TT: undefined function: 21
Warning: TT: undefined function: 21
Warning: TT: undefined function: 21
Warning: TT: undefined function: 21
Warning: TT: undefined function: 21
Warning: TT: undefined function: 21
Warning: TT: undefined function: 21
Warning: TT: undefined function: 21
Warning: TT: undefined function: 21
Warning: TT: undefined function: 21
Warning: TT: undefined function: 21
Warning: TT: undefined function: 21
Warning: TT: undefined function: 21
Warning: TT: undefined function: 21
Warning: TT: undefined function: 21
Warning: TT: undefined function: 21
Warning: TT: undefined function: 21
Warning: TT: undefined function: 21
Warning: TT: undefined function: 21
Warning: TT: undefined function: 21
Warning: TT: undefined function: 32
Warning: TT: undefined function: 32
Warning: TT: undefined function: 32
Warning: TT: undefined function: 32
Warning: TT: undefined function: 32
Warning: TT: undefined function: 32
Warning: TT: undefined function: 32
Warning: TT: undefined function: 32
Warning: TT: undefined function: 32
Warning: TT: undefined function: 32
Warning: TT: undefined function: 32
Warning: TT: undefined function: 32
Warning: TT: undefined function: 32
Warning: TT: undefined function: 32
Warning: TT: undefined function: 32
Warning: TT: undefined function: 32
  1500/35136 · 1454 com texto · 46 vazios · 0 errosWarning: TT: undefined function: 32
Warning: TT: undefined function: 32
Warning: TT: invalid function id: 136
Warning: TT: undefined function: 21
Warning: TT: undefined function: 21
Warning: TT: undefined function: 21
Warning: TT: invalid function id: 136
Warning: TT: undefined function: 21
Warning: TT: undefined function: 21
Warning: TT: undefined function: 21
Warning: TT: undefined function: 21
Warning: TT: undefined function: 21
Warning: TT: undefined function: 21
Warning: TT: invalid function id: 136
Warning: TT: undefined function: 21
Warning: TT: invalid function id: 136
Warning: TT: undefined function: 21
Warning: TT: invalid function id: 136
Warning: TT: undefined function: 21
Warning: TT: invalid function id: 136
Warning: TT: undefined function: 21
Warning: TT: undefined function: 21
Warning: TT: undefined function: 32
Warning: TT: undefined function: 32
Warning: TT: undefined function: 32
Warning: TT: undefined function: 32
Warning: TT: undefined function: 32
Warning: TT: undefined function: 32
Warning: TT: undefined function: 32
Warning: TT: undefined function: 21
Warning: TT: undefined function: 32
Warning: TT: undefined function: 21
Warning: TT: undefined function: 32
Warning: TT: undefined function: 32
Warning: TT: undefined function: 32
Warning: TT: undefined function: 32
Warning: TT: undefined function: 32
  1600/35136 · 1554 com texto · 46 vazios · 0 errosWarning: TT: undefined function: 21
Warning: TT: undefined function: 21
Warning: TT: invalid function id: 136
Warning: TT: undefined function: 21
Warning: TT: undefined function: 32
Warning: TT: undefined function: 32
Warning: TT: undefined function: 32
Warning: TT: undefined function: 32
Warning: TT: undefined function: 32
Warning: TT: undefined function: 21
Warning: TT: undefined function: 32
Warning: TT: undefined function: 21
Warning: TT: undefined function: 32
Warning: TT: undefined function: 21
Warning: TT: undefined function: 21
Warning: TT: undefined function: 21
Warning: TT: undefined function: 21
Warning: TT: undefined function: 21
Warning: TT: undefined function: 21
Warning: TT: undefined function: 21
Warning: TT: undefined function: 21
Warning: TT: undefined function: 21
Warning: TT: undefined function: 21
Warning: TT: undefined function: 21
Warning: TT: undefined function: 21
Warning: TT: undefined function: 21
Warning: TT: undefined function: 21
Warning: TT: undefined function: 21
Warning: TT: undefined function: 21
  1700/35136 · 1651 com texto · 49 vazios · 0 errosWarning: TT: undefined function: 21
Warning: TT: undefined function: 21
Warning: TT: undefined function: 21
Warning: TT: undefined function: 21
Warning: TT: undefined function: 21
Warning: TT: undefined function: 21
Warning: TT: undefined function: 21
Warning: TT: undefined function: 21
Warning: TT: undefined function: 21
Warning: TT: undefined function: 21
Warning: TT: undefined function: 21
Warning: TT: undefined function: 21
Warning: TT: undefined function: 21
Warning: TT: undefined function: 21
Warning: TT: undefined function: 21
Warning: TT: undefined function: 21
Warning: TT: undefined function: 21
Warning: TT: undefined function: 21
Warning: TT: undefined function: 21
Warning: TT: undefined function: 21
Warning: TT: undefined function: 21
Warning: TT: undefined function: 21
Warning: TT: undefined function: 21
Warning: TT: undefined function: 21
Warning: TT: undefined function: 21
Warning: TT: undefined function: 21
Warning: TT: undefined function: 21
Warning: TT: undefined function: 21
Warning: TT: undefined function: 21
Warning: TT: undefined function: 21
Warning: TT: undefined function: 21
Warning: TT: undefined function: 21
Warning: TT: undefined function: 21
Warning: TT: undefined function: 21
Warning: TT: undefined function: 21
Warning: TT: undefined function: 21
Warning: TT: undefined function: 21
Warning: TT: undefined function: 21
Warning: TT: undefined function: 21
Warning: TT: undefined function: 21
Warning: TT: undefined function: 21
Warning: TT: undefined function: 21
Warning: TT: undefined function: 21
Warning: TT: undefined function: 21
Warning: TT: undefined function: 21
Warning: TT: undefined function: 21
Warning: TT: undefined function: 21
Warning: TT: undefined function: 21
Warning: TT: undefined function: 21
Warning: TT: undefined function: 21
Warning: TT: undefined function: 21
Warning: TT: undefined function: 21
Warning: TT: undefined function: 21
Warning: TT: undefined function: 21
Warning: TT: undefined function: 21
Warning: TT: undefined function: 21
Warning: TT: undefined function: 32
Warning: TT: undefined function: 32
Warning: TT: undefined function: 32
Warning: TT: undefined function: 32
Warning: TT: undefined function: 32
Warning: TT: undefined function: 32
Warning: TT: undefined function: 21
Warning: TT: undefined function: 21
Warning: TT: undefined function: 21
Warning: TT: undefined function: 21
Warning: TT: undefined function: 21
Warning: TT: undefined function: 21
Warning: TT: undefined function: 21
Warning: TT: undefined function: 21
Warning: TT: undefined function: 21
Warning: TT: undefined function: 21
Warning: TT: undefined function: 32
Warning: TT: undefined function: 32
Warning: TT: undefined function: 21
Warning: TT: undefined function: 21
Warning: TT: undefined function: 32
Warning: TT: undefined function: 32
Warning: TT: undefined function: 32
Warning: TT: undefined function: 32
  1800/35136 · 1751 com texto · 49 vazios · 0 errosWarning: TT: undefined function: 32
Warning: TT: undefined function: 32
Warning: TT: undefined function: 32
Warning: TT: undefined function: 21
Warning: TT: undefined function: 32
Warning: TT: undefined function: 21
Warning: TT: undefined function: 21
Warning: TT: undefined function: 21
Warning: TT: undefined function: 21
Warning: TT: undefined function: 21
Warning: TT: invalid function id: 136
Warning: TT: undefined function: 21
Warning: TT: undefined function: 21
Warning: TT: undefined function: 32
Warning: TT: undefined function: 32
Warning: TT: undefined function: 32
Warning: TT: undefined function: 21
Warning: TT: undefined function: 21
Warning: TT: undefined function: 21
Warning: TT: undefined function: 21
Warning: TT: undefined function: 21
Warning: TT: undefined function: 21
  1900/35136 · 1851 com texto · 49 vazios · 0 errosWarning: TT: undefined function: 21
Warning: TT: undefined function: 21
Warning: TT: undefined function: 21
Warning: TT: undefined function: 21
Warning: TT: undefined function: 21
Warning: TT: undefined function: 21
Warning: TT: undefined function: 32
Warning: TT: undefined function: 32
Warning: TT: undefined function: 21
Warning: TT: undefined function: 32
Warning: TT: undefined function: 32
Warning: TT: undefined function: 32
Warning: TT: undefined function: 32
Warning: TT: undefined function: 32
Warning: TT: undefined function: 32
Warning: TT: undefined function: 32
Warning: TT: undefined function: 32
Warning: TT: undefined function: 21
Warning: TT: undefined function: 21
Warning: TT: undefined function: 21
Warning: TT: invalid function id: 136
Warning: TT: invalid function id: 136
Warning: TT: undefined function: 21
Warning: TT: undefined function: 32
Warning: TT: undefined function: 21
Warning: TT: undefined function: 32
Warning: TT: undefined function: 32
Warning: TT: undefined function: 32
  2000/35136 · 1941 com texto · 59 vazios · 0 errosWarning: TT: undefined function: 21
Warning: TT: undefined function: 32
Warning: TT: undefined function: 32
Warning: TT: undefined function: 32
Warning: TT: undefined function: 32
Warning: TT: undefined function: 32
Warning: TT: undefined function: 32
Warning: TT: undefined function: 32
Warning: TT: undefined function: 32
Warning: TT: undefined function: 32
Warning: TT: undefined function: 32
Warning: TT: undefined function: 32
Warning: TT: undefined function: 32
Warning: TT: undefined function: 32
Warning: TT: undefined function: 32
Warning: TT: undefined function: 32
Warning: TT: undefined function: 32
Warning: TT: undefined function: 32
Warning: TT: undefined function: 32
Warning: TT: undefined function: 32
Warning: TT: undefined function: 32
Warning: TT: undefined function: 32
Warning: TT: undefined function: 32
Warning: TT: undefined function: 32
Warning: TT: undefined function: 21
Warning: TT: undefined function: 21
Warning: TT: undefined function: 21
Warning: TT: undefined function: 32
Warning: TT: undefined function: 21
Warning: TT: undefined function: 32
Warning: TT: undefined function: 21
Warning: TT: undefined function: 21
Warning: TT: undefined function: 21
Warning: TT: undefined function: 21
Warning: TT: undefined function: 21
Warning: TT: undefined function: 21
Warning: TT: undefined function: 21
Warning: TT: undefined function: 21
Warning: TT: undefined function: 21
Warning: TT: undefined function: 21
Warning: TT: undefined function: 21
Warning: TT: undefined function: 21
  2100/35136 · 2040 com texto · 60 vazios · 0 errosWarning: TT: undefined function: 21
Warning: TT: undefined function: 21
  2200/35136 · 2140 com texto · 60 vazios · 0 errosWarning: TT: undefined function: 21
Warning: TT: undefined function: 21
Warning: TT: undefined function: 21
Warning: TT: undefined function: 21
Warning: TT: undefined function: 21
Warning: TT: undefined function: 21
Warning: TT: undefined function: 21
Warning: TT: undefined function: 21
Warning: TT: undefined function: 21
Warning: TT: undefined function: 21
Warning: TT: undefined function: 21
Warning: TT: undefined function: 21
Warning: TT: undefined function: 21
Warning: TT: undefined function: 21
Warning: TT: undefined function: 21
Warning: TT: undefined function: 21
Warning: TT: undefined function: 21
Warning: TT: undefined function: 21
Warning: TT: undefined function: 21
Warning: TT: undefined function: 21
Warning: TT: undefined function: 21
Warning: TT: undefined function: 21
Warning: TT: undefined function: 21
Warning: TT: undefined function: 21
Warning: TT: undefined function: 21
Warning: TT: undefined function: 21
Warning: TT: undefined function: 21
Warning: TT: undefined function: 21
Warning: TT: undefined function: 21
Warning: TT: undefined function: 21
Warning: TT: undefined function: 21
Warning: TT: undefined function: 21
Warning: TT: undefined function: 21
Warning: TT: undefined function: 21
Warning: TT: undefined function: 21
Warning: TT: undefined function: 21
Warning: TT: undefined function: 21
Warning: TT: undefined function: 21
Warning: TT: undefined function: 32
Warning: TT: undefined function: 32
Warning: TT: undefined function: 32
Warning: TT: undefined function: 32
Warning: TT: undefined function: 32
Warning: TT: undefined function: 32
Warning: TT: undefined function: 32
Warning: TT: undefined function: 32
Warning: TT: undefined function: 32
Warning: TT: undefined function: 32
Warning: TT: undefined function: 32
Warning: TT: undefined function: 32
Warning: TT: undefined function: 32
Warning: TT: undefined function: 32
Warning: TT: undefined function: 32
Warning: TT: undefined function: 32
Warning: TT: undefined function: 32
Warning: TT: undefined function: 21
Warning: TT: undefined function: 32
Warning: TT: undefined function: 21
Warning: TT: undefined function: 21
Warning: TT: undefined function: 32
Warning: TT: undefined function: 32
Warning: TT: undefined function: 32
Warning: TT: undefined function: 32
Warning: TT: undefined function: 32
Warning: TT: undefined function: 32
  2300/35136 · 2240 com texto · 60 vazios · 0 errosWarning: TT: undefined function: 32
Warning: TT: undefined function: 32
Warning: TT: undefined function: 21
Warning: TT: undefined function: 21
Warning: TT: undefined function: 21
Warning: TT: undefined function: 32
Warning: TT: undefined function: 21
Warning: TT: undefined function: 21
Warning: TT: undefined function: 21
Warning: TT: undefined function: 21
Warning: TT: undefined function: 32
Warning: TT: undefined function: 21
Warning: TT: undefined function: 21
Warning: TT: undefined function: 21
Warning: TT: undefined function: 21
Warning: TT: undefined function: 21
Warning: TT: undefined function: 21
  2400/35136 · 2334 com texto · 66 vazios · 0 errosWarning: TT: undefined function: 32
Warning: TT: undefined function: 32
Warning: TT: undefined function: 32
Warning: TT: undefined function: 32
Warning: TT: undefined function: 21
Warning: TT: undefined function: 32
Warning: TT: undefined function: 32
Warning: TT: undefined function: 21
Warning: TT: undefined function: 32
Warning: TT: undefined function: 21
Warning: TT: undefined function: 32
Warning: TT: undefined function: 32
Warning: TT: undefined function: 32
Warning: TT: undefined function: 32
Warning: TT: undefined function: 21
Warning: TT: undefined function: 32
Warning: TT: undefined function: 21
Warning: TT: undefined function: 32
Warning: TT: undefined function: 21
Warning: TT: undefined function: 21
Warning: TT: undefined function: 21
Warning: TT: undefined function: 21
Warning: TT: undefined function: 21
Warning: TT: undefined function: 21
Warning: TT: undefined function: 21
Warning: TT: undefined function: 21
Warning: TT: undefined function: 21
Warning: TT: undefined function: 21
Warning: TT: undefined function: 21
Warning: TT: undefined function: 21
Warning: TT: undefined function: 21
Warning: TT: undefined function: 21
Warning: TT: undefined function: 21
Warning: TT: undefined function: 21
Warning: TT: undefined function: 21
Warning: TT: undefined function: 21
Warning: TT: undefined function: 21
Warning: TT: undefined function: 21
Warning: TT: undefined function: 21
Warning: TT: undefined function: 21
Warning: TT: undefined function: 21
Warning: TT: undefined function: 21
Warning: TT: undefined function: 21
Warning: TT: undefined function: 21
Warning: TT: undefined function: 21
Warning: TT: undefined function: 21
Warning: TT: undefined function: 21
  2500/35136 · 2434 com texto · 66 vazios · 0 errosWarning: TT: undefined function: 21
Warning: TT: undefined function: 21
Warning: TT: undefined function: 21
Warning: TT: undefined function: 21
Warning: TT: undefined function: 32
Warning: TT: undefined function: 32
Warning: TT: undefined function: 32
Warning: TT: undefined function: 32
Warning: TT: undefined function: 32
Warning: TT: undefined function: 32
Warning: TT: undefined function: 32
Warning: TT: undefined function: 32
Warning: TT: undefined function: 32
Warning: TT: undefined function: 32
Warning: TT: undefined function: 32
Warning: TT: undefined function: 32
Warning: TT: undefined function: 32
Warning: TT: undefined function: 32
Warning: TT: undefined function: 32
Warning: TT: undefined function: 32
Warning: TT: undefined function: 32
Warning: TT: undefined function: 32
Warning: TT: undefined function: 32
Warning: TT: undefined function: 32
Warning: TT: undefined function: 21
Warning: TT: undefined function: 21
Warning: TT: invalid function id: 136
Warning: TT: undefined function: 32
Warning: TT: undefined function: 21
Warning: TT: undefined function: 21
Warning: TT: undefined function: 21
Warning: TT: undefined function: 21
  2600/35136 · 2534 com texto · 66 vazios · 0 errosWarning: TT: undefined function: 21
Warning: TT: undefined function: 21
Warning: TT: undefined function: 21
Warning: TT: undefined function: 21
Warning: TT: undefined function: 21
Warning: TT: undefined function: 32
Warning: TT: undefined function: 32
Warning: TT: undefined function: 21
Warning: TT: undefined function: 32
Warning: TT: undefined function: 32
Warning: TT: undefined function: 21
Warning: TT: undefined function: 32
Warning: TT: undefined function: 32
Warning: TT: undefined function: 32
Warning: TT: undefined function: 32
Warning: TT: undefined function: 21
Warning: TT: undefined function: 21
Warning: TT: undefined function: 21
Warning: TT: undefined function: 21
Warning: TT: undefined function: 21
Warning: TT: undefined function: 21
Warning: TT: undefined function: 21
Warning: TT: undefined function: 21
Warning: TT: undefined function: 21
Warning: TT: undefined function: 21
  2700/35136 · 2632 com texto · 68 vazios · 0 errosWarning: TT: undefined function: 21
Warning: TT: undefined function: 21
Warning: TT: undefined function: 21
Warning: TT: undefined function: 21
Warning: TT: undefined function: 21
Warning: TT: undefined function: 21
Warning: TT: undefined function: 21
Warning: TT: undefined function: 21
Warning: TT: undefined function: 21
Warning: TT: undefined function: 21
Warning: TT: undefined function: 21
Warning: TT: undefined function: 21
Warning: TT: undefined function: 21
Warning: TT: undefined function: 21
Warning: TT: undefined function: 21
Warning: TT: undefined function: 21
Warning: TT: undefined function: 21
Warning: TT: undefined function: 21
Warning: TT: undefined function: 21
Warning: TT: undefined function: 21
Warning: TT: undefined function: 21
Warning: TT: undefined function: 21
Warning: TT: undefined function: 21
Warning: TT: undefined function: 21
Warning: TT: undefined function: 21
Warning: TT: undefined function: 21
Warning: TT: undefined function: 21
Warning: TT: undefined function: 21
Warning: TT: undefined function: 21
Warning: TT: undefined function: 21
Warning: TT: undefined function: 21
Warning: TT: undefined function: 21
Warning: TT: undefined function: 21
Warning: TT: undefined function: 21
  2800/35136 · 2732 com texto · 68 vazios · 0 errosWarning: Required "glyf" table is not found -- trying to recover.
Warning: Required "glyf" table is not found -- trying to recover.
Warning: TT: undefined function: 21
Warning: Required "glyf" table is not found -- trying to recover.
Warning: Required "glyf" table is not found -- trying to recover.
Warning: TT: undefined function: 21
Warning: TT: undefined function: 21
Warning: TT: undefined function: 21
Warning: TT: undefined function: 21
Warning: TT: undefined function: 21
  2900/35136 · 2832 com texto · 68 vazios · 0 errosWarning: TT: undefined function: 21
Warning: TT: undefined function: 21
Warning: TT: undefined function: 21
Warning: TT: undefined function: 21
Warning: TT: undefined function: 32
Warning: TT: undefined function: 32
Warning: TT: undefined function: 32
Warning: TT: undefined function: 32
Warning: TT: undefined function: 21
Warning: TT: invalid function id: 136
Warning: TT: undefined function: 32
Warning: TT: undefined function: 32
Warning: TT: undefined function: 21
Warning: TT: undefined function: 21
Warning: TT: undefined function: 32
Warning: TT: undefined function: 21
Warning: TT: undefined function: 32
Warning: TT: undefined function: 32
Warning: TT: undefined function: 21
Warning: TT: undefined function: 21
Warning: TT: undefined function: 21
Warning: TT: undefined function: 21
Warning: TT: undefined function: 21
Warning: TT: undefined function: 32
Warning: TT: undefined function: 32
Warning: TT: undefined function: 21
Warning: TT: invalid function id: 136
Warning: TT: undefined function: 21
Warning: TT: undefined function: 21
Warning: TT: undefined function: 21
Warning: TT: undefined function: 21
Warning: TT: undefined function: 21
Warning: TT: undefined function: 21
  3000/35136 · 2930 com texto · 70 vazios · 0 errosWarning: TT: undefined function: 21
Warning: TT: undefined function: 32
Warning: TT: undefined function: 32
Warning: TT: undefined function: 21
Warning: TT: undefined function: 21
Warning: TT: undefined function: 21
Warning: TT: undefined function: 21
Warning: TT: undefined function: 32
Warning: TT: undefined function: 32
Warning: TT: undefined function: 21
Warning: TT: undefined function: 21
Warning: TT: undefined function: 32
Warning: TT: undefined function: 32
Warning: TT: undefined function: 21
Warning: TT: undefined function: 21
Warning: TT: undefined function: 21
Warning: TT: undefined function: 21
Warning: TT: undefined function: 21
Warning: TT: undefined function: 21
Warning: TT: undefined function: 32
Warning: TT: undefined function: 32
Warning: TT: undefined function: 32
Warning: TT: undefined function: 32
Warning: TT: undefined function: 32
Warning: TT: undefined function: 32
Warning: TT: undefined function: 32
Warning: TT: undefined function: 32
Warning: TT: undefined function: 32
Warning: TT: undefined function: 32
Warning: TT: undefined function: 32
Warning: TT: undefined function: 32
Warning: TT: undefined function: 21
Warning: TT: invalid function id: 136
Warning: TT: undefined function: 21
Warning: TT: undefined function: 21
Warning: TT: invalid function id: 136
Warning: TT: invalid function id: 136
Warning: TT: undefined function: 21
Warning: TT: invalid function id: 136
Warning: TT: undefined function: 32
Warning: TT: undefined function: 32
Warning: TT: undefined function: 32
Warning: TT: undefined function: 32
  3100/35136 · 3030 com texto · 70 vazios · 0 errosWarning: TT: undefined function: 21
Warning: TT: undefined function: 21
Warning: TT: undefined function: 21
Warning: TT: undefined function: 21
Warning: TT: undefined function: 21
Warning: TT: invalid function id: 136
Warning: TT: undefined function: 21
Warning: TT: invalid function id: 136
Warning: TT: undefined function: 21
Warning: TT: invalid function id: 136
Warning: TT: invalid function id: 136
Warning: TT: undefined function: 21
Warning: TT: undefined function: 21
Warning: TT: undefined function: 21
Warning: TT: undefined function: 32
Warning: TT: invalid function id: 136
Warning: TT: undefined function: 21
Warning: TT: undefined function: 32
Warning: TT: undefined function: 21
Warning: TT: undefined function: 32
Warning: TT: undefined function: 21
Warning: TT: undefined function: 21
Warning: TT: undefined function: 21
Warning: TT: undefined function: 21
Warning: TT: undefined function: 21
Warning: TT: undefined function: 21
Warning: TT: undefined function: 21
Warning: TT: undefined function: 21
Warning: TT: undefined function: 21
Warning: TT: undefined function: 21
Warning: TT: undefined function: 21
Warning: TT: undefined function: 21
Warning: TT: undefined function: 21
Warning: TT: undefined function: 21
Warning: TT: undefined function: 21
Warning: TT: undefined function: 21
Warning: TT: undefined function: 21
Warning: TT: undefined function: 21
Warning: TT: undefined function: 21
Warning: TT: undefined function: 21
Warning: TT: undefined function: 21
Warning: TT: undefined function: 21
Warning: TT: undefined function: 21
Warning: TT: undefined function: 21
Warning: TT: undefined function: 21
Warning: TT: undefined function: 21
Warning: TT: undefined function: 21
Warning: TT: undefined function: 21
Warning: TT: undefined function: 21
Warning: TT: undefined function: 21
Warning: TT: undefined function: 32
Warning: TT: undefined function: 32
Warning: TT: undefined function: 32
  3200/35136 · 3130 com texto · 70 vazios · 0 errosWarning: TT: undefined function: 21
Warning: TT: undefined function: 21
Warning: TT: undefined function: 21
Warning: TT: undefined function: 21
Warning: TT: undefined function: 21
Warning: TT: undefined function: 21
Warning: TT: undefined function: 21
Warning: TT: undefined function: 32
Warning: TT: undefined function: 32
Warning: TT: undefined function: 21
Warning: TT: undefined function: 21
Warning: TT: undefined function: 32
Warning: TT: undefined function: 21
Warning: TT: undefined function: 32
Warning: TT: undefined function: 32
Warning: TT: undefined function: 32
Warning: TT: undefined function: 21
  3300/35136 · 3230 com texto · 70 vazios · 0 errosWarning: TT: undefined function: 21
Warning: TT: undefined function: 21
Warning: TT: undefined function: 21
Warning: TT: undefined function: 21
Warning: TT: undefined function: 21
Warning: TT: undefined function: 21
Warning: TT: undefined function: 21
Warning: TT: undefined function: 21
Warning: TT: undefined function: 21
Warning: TT: undefined function: 21
Warning: TT: undefined function: 32
  3400/35136 · 3330 com texto · 70 vazios · 0 errosWarning: TT: undefined function: 21
Warning: TT: undefined function: 21
Warning: TT: undefined function: 32
Warning: TT: undefined function: 21
Warning: TT: undefined function: 21
Warning: TT: undefined function: 21
Warning: TT: undefined function: 21
Warning: TT: undefined function: 21
Warning: TT: undefined function: 21
  3500/35136 · 3430 com texto · 70 vazios · 0 errosWarning: TT: undefined function: 21
Warning: TT: undefined function: 21
Warning: TT: undefined function: 21
Warning: TT: undefined function: 21
Warning: TT: undefined function: 21
Warning: TT: undefined function: 21
Warning: TT: undefined function: 21
Warning: TT: undefined function: 32
Warning: TT: undefined function: 21
Warning: TT: undefined function: 32
Warning: TT: undefined function: 21
Warning: TT: undefined function: 21
Warning: TT: undefined function: 21
Warning: TT: undefined function: 32
Warning: TT: undefined function: 21
Warning: TT: undefined function: 21
Warning: TT: undefined function: 21
Warning: TT: undefined function: 21
Warning: TT: undefined function: 21
Warning: TT: undefined function: 21
Warning: TT: undefined function: 21
Warning: TT: undefined function: 21
Warning: TT: undefined function: 21
Warning: TT: undefined function: 21
Warning: TT: undefined function: 21
Warning: TT: undefined function: 21
Warning: TT: undefined function: 21
Warning: TT: undefined function: 21
Warning: TT: undefined function: 21
Warning: TT: undefined function: 21
Warning: TT: undefined function: 21
Warning: TT: undefined function: 21
Warning: TT: undefined function: 21
Warning: TT: undefined function: 21
Warning: TT: undefined function: 32
  3600/35136 · 3530 com texto · 70 vazios · 0 errosWarning: TT: undefined function: 21
Warning: TT: undefined function: 21
Warning: TT: undefined function: 32
Warning: TT: undefined function: 32
Warning: TT: undefined function: 32
Warning: TT: undefined function: 32
Warning: TT: undefined function: 32
Warning: TT: undefined function: 32
Warning: TT: undefined function: 32
Warning: TT: undefined function: 32
Warning: TT: undefined function: 32
Warning: TT: undefined function: 32
Warning: TT: undefined function: 32
Warning: TT: undefined function: 32
Warning: TT: undefined function: 32
Warning: TT: undefined function: 32
Warning: TT: undefined function: 32
Warning: TT: undefined function: 32
Warning: TT: undefined function: 32
Warning: TT: undefined function: 32
Warning: TT: undefined function: 32
Warning: TT: undefined function: 32
Warning: TT: undefined function: 32
Warning: TT: undefined function: 32
Warning: TT: undefined function: 32
Warning: TT: undefined function: 3
Warning: TT: undefined function: 32
Warning: TT: undefined function: 32
Warning: TT: undefined function: 32
Warning: TT: undefined function: 32
Warning: TT: undefined function: 32
Warning: TT: undefined function: 32
Warning: TT: undefined function: 32
Warning: TT: undefined function: 32
Warning: TT: undefined function: 32
Warning: TT: undefined function: 32
Warning: TT: undefined function: 32
Warning: TT: undefined function: 32
Warning: TT: undefined function: 32
Warning: TT: undefined function: 32
Warning: TT: undefined function: 32
Warning: TT: undefined function: 32
Warning: TT: undefined function: 32
Warning: TT: undefined function: 32
Warning: TT: undefined function: 32
Warning: TT: undefined function: 32
Warning: TT: undefined function: 32
Warning: TT: undefined function: 32
Warning: TT: undefined function: 32
Warning: TT: undefined function: 32
Warning: TT: undefined function: 21
Warning: TT: undefined function: 21
Warning: TT: invalid function id: 136
Warning: TT: undefined function: 21
Warning: TT: undefined function: 32
Warning: TT: undefined function: 32
Warning: TT: undefined function: 32
Warning: TT: undefined function: 32
Warning: TT: undefined function: 32
Warning: TT: undefined function: 32
Warning: TT: undefined function: 32
Warning: TT: undefined function: 32
Warning: TT: undefined function: 32
Warning: TT: undefined function: 32
Warning: TT: undefined function: 32
Warning: TT: undefined function: 32
Warning: TT: undefined function: 32
Warning: TT: undefined function: 32
  3700/35136 · 3629 com texto · 71 vazios · 0 errosWarning: TT: undefined function: 32
Warning: TT: undefined function: 32
Warning: TT: undefined function: 32
Warning: TT: undefined function: 21
Warning: TT: undefined function: 21
Warning: TT: undefined function: 21
Warning: TT: undefined function: 21
Warning: TT: undefined function: 21
Warning: TT: undefined function: 21
Warning: TT: undefined function: 21
Warning: TT: undefined function: 21
Warning: TT: undefined function: 21
Warning: TT: undefined function: 21
Warning: TT: undefined function: 21
Warning: TT: undefined function: 21
Warning: TT: invalid function id: 136
Warning: TT: undefined function: 21
Warning: TT: undefined function: 21
Warning: TT: undefined function: 32
Warning: TT: undefined function: 32
Warning: TT: undefined function: 32
Warning: TT: undefined function: 21
Warning: TT: undefined function: 32
Warning: TT: undefined function: 21
Warning: TT: undefined function: 32
Warning: TT: undefined function: 32
Warning: TT: undefined function: 21
Warning: TT: undefined function: 21
Warning: TT: undefined function: 21
Warning: TT: undefined function: 21
Warning: TT: undefined function: 21
Warning: TT: undefined function: 32
  3800/35136 · 3722 com texto · 78 vazios · 0 errosWarning: TT: invalid function id: 136
Warning: TT: undefined function: 21
Warning: TT: invalid function id: 136
Warning: TT: undefined function: 21
Warning: TT: invalid function id: 136
Warning: TT: undefined function: 21
Warning: TT: invalid function id: 136
Warning: TT: undefined function: 21
Warning: TT: invalid function id: 136
Warning: TT: undefined function: 21
Warning: TT: invalid function id: 136
Warning: TT: undefined function: 21
Warning: TT: invalid function id: 136
Warning: TT: undefined function: 21
Warning: TT: invalid function id: 136
Warning: TT: undefined function: 21
Warning: TT: invalid function id: 136
Warning: TT: undefined function: 21
Warning: TT: undefined function: 21
Warning: TT: undefined function: 21
Warning: TT: undefined function: 21
Warning: TT: undefined function: 21
Warning: TT: undefined function: 21
Warning: TT: undefined function: 21
Warning: TT: undefined function: 21
Warning: TT: undefined function: 21
Warning: TT: undefined function: 21
Warning: TT: undefined function: 21
Warning: TT: undefined function: 32
Warning: TT: undefined function: 32
Warning: TT: undefined function: 32
Warning: TT: undefined function: 32
Warning: TT: undefined function: 32
Warning: TT: undefined function: 32
Warning: TT: undefined function: 21
Warning: TT: undefined function: 32
Warning: TT: undefined function: 32
Warning: TT: undefined function: 32
Warning: TT: undefined function: 32
Warning: TT: undefined function: 32
Warning: TT: undefined function: 21
Warning: TT: undefined function: 32
Warning: TT: undefined function: 32
Warning: TT: undefined function: 32
Warning: TT: undefined function: 32
Warning: TT: undefined function: 32
Warning: TT: undefined function: 32
Warning: TT: undefined function: 32
Warning: TT: undefined function: 32
Warning: TT: undefined function: 32
Warning: TT: undefined function: 32
Warning: TT: undefined function: 32
Warning: TT: undefined function: 21
Warning: TT: undefined function: 21
Warning: TT: undefined function: 32
Warning: TT: undefined function: 21
Warning: TT: undefined function: 21
Warning: TT: undefined function: 32
  3900/35136 · 3822 com texto · 78 vazios · 0 errosWarning: TT: undefined function: 32
Warning: TT: undefined function: 21
Warning: TT: undefined function: 21
Warning: TT: undefined function: 21
Warning: TT: undefined function: 21
Warning: TT: undefined function: 21
Warning: TT: undefined function: 21
Warning: TT: undefined function: 21
Warning: TT: undefined function: 21
Warning: TT: undefined function: 32
Warning: TT: undefined function: 32
Warning: TT: undefined function: 32
Warning: TT: undefined function: 32
Warning: TT: undefined function: 32
Warning: TT: undefined function: 32
Warning: TT: undefined function: 32
Warning: TT: undefined function: 32
Warning: TT: undefined function: 32
  4000/35136 · 3922 com texto · 78 vazios · 0 errosWarning: TT: undefined function: 21
Warning: TT: undefined function: 32
Warning: TT: undefined function: 32
Warning: TT: undefined function: 21
Warning: TT: undefined function: 32
Warning: TT: undefined function: 21
Warning: TT: undefined function: 21
Warning: TT: undefined function: 21
Warning: TT: undefined function: 21
Warning: TT: undefined function: 21
Warning: TT: undefined function: 21
Warning: TT: undefined function: 21
Warning: TT: undefined function: 21
Warning: TT: undefined function: 21
Warning: TT: undefined function: 21
Warning: TT: undefined function: 21
Warning: TT: undefined function: 21
Warning: TT: undefined function: 21
Warning: TT: undefined function: 21
Warning: TT: undefined function: 21
Warning: TT: undefined function: 21
Warning: TT: undefined function: 21
Warning: TT: undefined function: 21
Warning: TT: undefined function: 21
Warning: TT: undefined function: 32
Warning: TT: undefined function: 21
Warning: TT: undefined function: 32
Warning: TT: undefined function: 21
Warning: TT: undefined function: 32
Warning: TT: undefined function: 32
Warning: TT: undefined function: 32
Warning: TT: undefined function: 32
Warning: TT: undefined function: 32
Warning: TT: undefined function: 32
Warning: TT: undefined function: 32
Warning: TT: undefined function: 32
Warning: TT: undefined function: 32
Warning: TT: undefined function: 32
Warning: TT: undefined function: 32
Warning: TT: undefined function: 32
Warning: TT: undefined function: 32
Warning: TT: undefined function: 32
Warning: TT: undefined function: 32
Warning: TT: undefined function: 32
Warning: TT: undefined function: 32
Warning: TT: undefined function: 32
Warning: TT: undefined function: 32
Warning: TT: undefined function: 32
Warning: TT: undefined function: 32
Warning: TT: undefined function: 32
Warning: TT: undefined function: 32
Warning: TT: undefined function: 32
Warning: TT: undefined function: 32
Warning: TT: undefined function: 32
Warning: TT: undefined function: 32
Warning: TT: undefined function: 32
Warning: TT: undefined function: 32
  4100/35136 · 4021 com texto · 79 vazios · 0 errosWarning: TT: undefined function: 32
Warning: TT: undefined function: 32
Warning: TT: undefined function: 32
Warning: TT: undefined function: 32
Warning: TT: undefined function: 32
Warning: TT: undefined function: 21
Warning: TT: undefined function: 21
Warning: TT: undefined function: 32
Warning: TT: undefined function: 21
Warning: TT: undefined function: 32
Warning: TT: undefined function: 32
Warning: TT: undefined function: 32
Warning: TT: undefined function: 21
Warning: TT: undefined function: 21
Warning: TT: undefined function: 32
Warning: TT: undefined function: 32
Warning: TT: undefined function: 32
Warning: TT: undefined function: 32
Warning: TT: undefined function: 32
Warning: TT: undefined function: 32
Warning: TT: undefined function: 32
Warning: TT: undefined function: 32
Warning: TT: undefined function: 21
Warning: TT: undefined function: 21
Warning: TT: undefined function: 21
Warning: TT: undefined function: 21
Warning: TT: undefined function: 21
Warning: TT: undefined function: 21
Warning: TT: undefined function: 21
Warning: TT: undefined function: 32
Warning: TT: undefined function: 21
Warning: TT: undefined function: 21
Warning: TT: undefined function: 21
Warning: TT: undefined function: 21
Warning: TT: undefined function: 21
Warning: TT: undefined function: 21
Warning: TT: undefined function: 21
Warning: TT: undefined function: 21
Warning: TT: undefined function: 21
Warning: TT: undefined function: 21
  4200/35136 · 4121 com texto · 79 vazios · 0 errosWarning: TT: undefined function: 21
Warning: TT: undefined function: 21
Warning: TT: undefined function: 21
Warning: TT: undefined function: 21
Warning: TT: undefined function: 21
Warning: TT: undefined function: 21
Warning: TT: undefined function: 21
Warning: TT: undefined function: 21
Warning: TT: undefined function: 21
Warning: TT: undefined function: 21
Warning: TT: undefined function: 21
Warning: TT: undefined function: 21
Warning: TT: undefined function: 21
Warning: TT: undefined function: 21
Warning: TT: undefined function: 21
Warning: TT: undefined function: 32
Warning: TT: undefined function: 21
Warning: TT: undefined function: 32
Warning: TT: undefined function: 32
Warning: TT: undefined function: 32
Warning: TT: undefined function: 32
Warning: TT: undefined function: 32
Warning: TT: undefined function: 32
Warning: TT: undefined function: 32
Warning: TT: undefined function: 32
Warning: TT: undefined function: 32
Warning: TT: undefined function: 32
Warning: TT: undefined function: 32
Warning: TT: undefined function: 32
Warning: TT: undefined function: 32
Warning: TT: undefined function: 32
Warning: TT: undefined function: 32
Warning: TT: undefined function: 32
Warning: TT: undefined function: 32
Warning: TT: undefined function: 32
Warning: TT: undefined function: 3
Warning: TT: undefined function: 32
Warning: TT: undefined function: 32
Warning: TT: undefined function: 32
Warning: TT: undefined function: 32
Warning: TT: undefined function: 32
Warning: TT: undefined function: 32
Warning: TT: undefined function: 32
Warning: TT: undefined function: 32
Warning: TT: undefined function: 21
Warning: TT: undefined function: 21
Warning: TT: undefined function: 21
Warning: TT: undefined function: 21
Warning: TT: undefined function: 21
Warning: TT: undefined function: 21
Warning: TT: undefined function: 21
Warning: TT: undefined function: 32
Warning: TT: undefined function: 32
Warning: TT: undefined function: 32
Warning: TT: undefined function: 32
Warning: TT: undefined function: 32
Warning: TT: undefined function: 32
Warning: TT: undefined function: 32
Warning: TT: undefined function: 32
Warning: TT: undefined function: 32
Warning: TT: undefined function: 32
Warning: TT: undefined function: 32
Warning: TT: undefined function: 32
Warning: TT: undefined function: 32
Warning: TT: undefined function: 32
Warning: TT: undefined function: 32
Warning: TT: undefined function: 32
Warning: TT: undefined function: 32
Warning: TT: undefined function: 21
  4300/35136 · 4221 com texto · 79 vazios · 0 errosWarning: TT: undefined function: 21
Warning: TT: undefined function: 21
Warning: TT: undefined function: 21
Warning: TT: undefined function: 21
Warning: TT: undefined function: 32
Warning: TT: undefined function: 21
Warning: TT: undefined function: 21
Warning: TT: undefined function: 21
Warning: TT: undefined function: 21
Warning: TT: undefined function: 32
Warning: TT: undefined function: 32
Warning: TT: undefined function: 32
Warning: TT: undefined function: 32
Warning: TT: undefined function: 21
Warning: TT: undefined function: 21
Warning: TT: undefined function: 21
  4400/35136 · 4316 com texto · 84 vazios · 0 errosWarning: TT: undefined function: 21
Warning: TT: undefined function: 21
Warning: TT: undefined function: 21
Warning: TT: undefined function: 21
Warning: TT: undefined function: 21
Warning: TT: undefined function: 21
Warning: TT: undefined function: 21
Warning: TT: undefined function: 32
Warning: TT: undefined function: 21
Warning: TT: undefined function: 21
Warning: TT: invalid function id: 136
Warning: TT: undefined function: 21
Warning: TT: invalid function id: 136
Warning: TT: undefined function: 21
Warning: TT: invalid function id: 136
Warning: TT: undefined function: 21
Warning: TT: invalid function id: 136
Warning: TT: undefined function: 21
Warning: TT: undefined function: 21
Warning: TT: undefined function: 21
Warning: TT: undefined function: 21
Warning: TT: undefined function: 21
Warning: TT: undefined function: 21
Warning: TT: undefined function: 21
Warning: TT: undefined function: 21
Warning: TT: undefined function: 21
Warning: TT: undefined function: 21
Warning: TT: undefined function: 21
Warning: TT: undefined function: 21
Warning: TT: undefined function: 21
Warning: TT: undefined function: 21
Warning: TT: undefined function: 21
Warning: TT: undefined function: 21
Warning: TT: undefined function: 21
Warning: TT: undefined function: 21
Warning: TT: undefined function: 21
Warning: TT: undefined function: 21
Warning: TT: undefined function: 32
Warning: TT: undefined function: 32
Warning: TT: undefined function: 32
Warning: TT: undefined function: 32
Warning: TT: undefined function: 32
Warning: TT: undefined function: 21
Warning: TT: undefined function: 32
Warning: TT: undefined function: 32
Warning: TT: undefined function: 32
Warning: TT: undefined function: 32
Warning: TT: undefined function: 32
Warning: TT: undefined function: 32
Warning: TT: undefined function: 32
Warning: TT: undefined function: 32
Warning: TT: undefined function: 32
Warning: TT: undefined function: 32
Warning: TT: undefined function: 32
Warning: TT: undefined function: 32
Warning: TT: undefined function: 32
Warning: TT: undefined function: 32
Warning: TT: undefined function: 32
Warning: TT: undefined function: 32
Warning: TT: undefined function: 32
Warning: TT: undefined function: 32
Warning: TT: undefined function: 32
Warning: TT: undefined function: 32
Warning: TT: undefined function: 32
Warning: TT: undefined function: 32
Warning: TT: undefined function: 32
Warning: TT: undefined function: 32
Warning: TT: undefined function: 32
Warning: TT: undefined function: 32
Warning: TT: undefined function: 32
Warning: TT: undefined function: 32
Warning: TT: undefined function: 32
Warning: TT: undefined function: 32
Warning: TT: undefined function: 32
  4500/35136 · 4416 com texto · 84 vazios · 0 errosWarning: TT: undefined function: 32
Warning: TT: undefined function: 21
Warning: TT: undefined function: 21
Warning: TT: undefined function: 32
Warning: TT: undefined function: 32
Warning: TT: undefined function: 32
Warning: TT: undefined function: 32
Warning: TT: undefined function: 32
Warning: TT: undefined function: 21
Warning: TT: undefined function: 21
Warning: TT: undefined function: 21
Warning: TT: undefined function: 21
Warning: TT: undefined function: 21
Warning: TT: undefined function: 21
Warning: TT: undefined function: 21
Warning: TT: undefined function: 21
Warning: TT: undefined function: 21
Warning: TT: undefined function: 32
Warning: TT: undefined function: 32
Warning: TT: undefined function: 32
Warning: TT: undefined function: 32
Warning: TT: undefined function: 32
Warning: TT: undefined function: 32
Warning: TT: undefined function: 32
Warning: TT: undefined function: 32
Warning: TT: undefined function: 32
Warning: TT: undefined function: 32
Warning: TT: undefined function: 32
Warning: TT: undefined function: 32
Warning: TT: undefined function: 32
  4600/35136 · 4516 com texto · 84 vazios · 0 errosWarning: TT: undefined function: 32
Warning: TT: undefined function: 32
Warning: TT: undefined function: 32
Warning: TT: undefined function: 21
Warning: TT: undefined function: 21
Warning: TT: undefined function: 21
Warning: TT: undefined function: 21
Warning: TT: undefined function: 21
Warning: TT: undefined function: 21
Warning: TT: undefined function: 21
Warning: TT: undefined function: 21
Warning: TT: undefined function: 21
Warning: TT: undefined function: 21
Warning: TT: undefined function: 32
Warning: TT: undefined function: 32
Warning: TT: undefined function: 21
Warning: TT: undefined function: 21
Warning: TT: undefined function: 21
Warning: TT: undefined function: 21
Warning: TT: undefined function: 21
Warning: TT: undefined function: 21
Warning: TT: undefined function: 21
Warning: TT: undefined function: 21
Warning: TT: undefined function: 32
Warning: TT: undefined function: 32
Warning: TT: undefined function: 21
Warning: TT: undefined function: 21
Warning: TT: undefined function: 32
Warning: TT: undefined function: 21
Warning: TT: undefined function: 21
Warning: TT: undefined function: 32
Warning: TT: undefined function: 32
Warning: TT: undefined function: 32
Warning: TT: undefined function: 32
Warning: TT: undefined function: 32
Warning: TT: undefined function: 32
Warning: TT: undefined function: 32
Warning: TT: undefined function: 32
Warning: TT: undefined function: 32
Warning: TT: undefined function: 32
Warning: TT: undefined function: 32
Warning: TT: undefined function: 32
Warning: TT: undefined function: 32
Warning: TT: undefined function: 32
Warning: TT: undefined function: 32
Warning: TT: undefined function: 32
Warning: TT: undefined function: 32
Warning: TT: undefined function: 32
Warning: TT: undefined function: 32
Warning: TT: undefined function: 32
Warning: TT: undefined function: 32
Warning: TT: undefined function: 32
Warning: TT: undefined function: 32
Warning: TT: undefined function: 32
Warning: TT: undefined function: 32
Warning: TT: undefined function: 32
Warning: TT: undefined function: 32
Warning: TT: undefined function: 32
Warning: TT: undefined function: 32
Warning: TT: undefined function: 32
Warning: TT: undefined function: 32
Warning: TT: undefined function: 32
  4700/35136 · 4615 com texto · 85 vazios · 0 errosWarning: TT: undefined function: 32
Warning: TT: undefined function: 32
Warning: TT: undefined function: 21
Warning: TT: undefined function: 21
Warning: TT: undefined function: 21
Warning: TT: undefined function: 32
Warning: TT: undefined function: 21
Warning: TT: undefined function: 21
Warning: TT: undefined function: 32
Warning: TT: undefined function: 21
Warning: TT: undefined function: 21
Warning: TT: undefined function: 21
Warning: TT: undefined function: 21
Warning: TT: undefined function: 32
Warning: TT: undefined function: 32
Warning: TT: undefined function: 32
Warning: TT: undefined function: 32
Warning: TT: undefined function: 32
Warning: TT: undefined function: 32
Warning: TT: undefined function: 32
Warning: TT: undefined function: 32
Warning: TT: undefined function: 32
Warning: TT: undefined function: 32
Warning: TT: undefined function: 32
Warning: TT: undefined function: 21
Warning: TT: undefined function: 21
Warning: TT: undefined function: 21
Warning: TT: undefined function: 32
Warning: TT: undefined function: 21
  4800/35136 · 4715 com texto · 85 vazios · 0 erros  4900/35136 · 4815 com texto · 85 vazios · 0 erros  5000/35136 · 4915 com texto · 85 vazios · 0 errosWarning: TT: undefined function: 21
Warning: TT: undefined function: 21
Warning: TT: undefined function: 21
Warning: TT: undefined function: 21
Warning: TT: undefined function: 32
Warning: TT: undefined function: 32
Warning: TT: undefined function: 32
Warning: TT: undefined function: 32
Warning: TT: undefined function: 32
Warning: TT: undefined function: 21
Warning: TT: undefined function: 32
Warning: TT: undefined function: 21
Warning: TT: undefined function: 21
Warning: TT: undefined function: 21
Warning: TT: undefined function: 21
Warning: TT: undefined function: 32
Warning: TT: undefined function: 32
Warning: TT: undefined function: 32
Warning: TT: undefined function: 32
Warning: TT: undefined function: 32
Warning: TT: undefined function: 32
Warning: TT: undefined function: 21
Warning: TT: undefined function: 21
Warning: TT: undefined function: 32
Warning: TT: undefined function: 32
Warning: TT: undefined function: 21
Warning: TT: undefined function: 32
Warning: TT: undefined function: 21
Warning: TT: undefined function: 21
Warning: TT: undefined function: 21
Warning: TT: undefined function: 32
Warning: TT: undefined function: 32
Warning: TT: undefined function: 32
Warning: TT: undefined function: 32
Warning: TT: undefined function: 21
Warning: TT: undefined function: 32
Warning: TT: undefined function: 32
Warning: TT: undefined function: 32
Warning: TT: undefined function: 21
Warning: TT: invalid function id: 136
Warning: TT: undefined function: 21
Warning: TT: undefined function: 32
Warning: TT: undefined function: 32
Warning: TT: undefined function: 32
Warning: TT: undefined function: 32
Warning: TT: undefined function: 32
Warning: TT: undefined function: 32
Warning: TT: undefined function: 32
Warning: TT: undefined function: 32
Warning: TT: undefined function: 32
Warning: TT: undefined function: 32
Warning: TT: undefined function: 32
  5100/35136 · 5014 com texto · 86 vazios · 0 errosWarning: TT: undefined function: 32
Warning: TT: undefined function: 32
Warning: TT: undefined function: 21
Warning: TT: undefined function: 21
Warning: TT: undefined function: 21
Warning: TT: undefined function: 21
Warning: TT: undefined function: 32
Warning: TT: undefined function: 32
Warning: TT: undefined function: 32
Warning: TT: undefined function: 32
Warning: TT: undefined function: 32
Warning: TT: undefined function: 32
Warning: TT: undefined function: 32
Warning: TT: undefined function: 32
Warning: TT: undefined function: 32
Warning: TT: undefined function: 3
Warning: TT: undefined function: 3
Warning: TT: undefined function: 21
Warning: TT: undefined function: 21
Warning: TT: undefined function: 21
Warning: TT: undefined function: 21
Warning: TT: undefined function: 21
Warning: TT: undefined function: 21
Warning: TT: undefined function: 21
Warning: TT: invalid function id: 136
Warning: TT: undefined function: 21
Warning: TT: undefined function: 21
  5200/35136 · 5114 com texto · 86 vazios · 0 errosWarning: TT: undefined function: 21
Warning: TT: invalid function id: 136
Warning: TT: undefined function: 32
Warning: TT: undefined function: 21
Warning: TT: undefined function: 21
Warning: TT: undefined function: 21
Warning: TT: undefined function: 21
Warning: TT: undefined function: 21
Warning: TT: undefined function: 32
Warning: TT: undefined function: 32
Warning: TT: undefined function: 21
Warning: TT: undefined function: 21
Warning: TT: undefined function: 32
Warning: TT: undefined function: 21
Warning: TT: undefined function: 21
Warning: TT: undefined function: 21
Warning: TT: undefined function: 32
  5300/35136 · 5214 com texto · 86 vazios · 0 errosWarning: TT: undefined function: 32
Warning: TT: undefined function: 32
Warning: TT: undefined function: 21
Warning: TT: undefined function: 21
Warning: TT: undefined function: 21
Warning: TT: undefined function: 32
Warning: TT: undefined function: 32
Warning: TT: undefined function: 32
Warning: TT: undefined function: 32
Warning: TT: undefined function: 32
Warning: TT: undefined function: 32
Warning: TT: undefined function: 21
Warning: TT: undefined function: 32
Warning: TT: undefined function: 21
Warning: TT: undefined function: 21
Warning: TT: undefined function: 21
Warning: TT: undefined function: 21
Warning: TT: undefined function: 21
Warning: TT: undefined function: 21
Warning: TT: undefined function: 32
Warning: TT: undefined function: 32
Warning: TT: undefined function: 32
  5400/35136 · 5314 com texto · 86 vazios · 0 errosWarning: TT: undefined function: 32
Warning: TT: undefined function: 32
Warning: TT: undefined function: 32
Warning: TT: undefined function: 21
Warning: TT: undefined function: 21
  5500/35136 · 5414 com texto · 86 vazios · 0 errosWarning: TT: undefined function: 21
Warning: TT: undefined function: 21
Warning: TT: undefined function: 32
Warning: TT: undefined function: 32
Warning: TT: undefined function: 32
Warning: TT: undefined function: 32
Warning: TT: undefined function: 32
Warning: TT: undefined function: 32
Warning: TT: undefined function: 32
Warning: TT: undefined function: 32
Warning: TT: undefined function: 32
Warning: TT: undefined function: 32
Warning: TT: undefined function: 32
Warning: TT: undefined function: 32
Warning: TT: undefined function: 32
Warning: TT: undefined function: 32
Warning: TT: undefined function: 32
Warning: TT: undefined function: 32
Warning: TT: undefined function: 32
Warning: TT: undefined function: 32
Warning: TT: undefined function: 32
Warning: TT: undefined function: 32
Warning: TT: undefined function: 32
Warning: TT: undefined function: 32
Warning: TT: undefined function: 32
Warning: TT: undefined function: 32
Warning: TT: undefined function: 32
Warning: TT: undefined function: 32
Warning: TT: undefined function: 32
Warning: TT: undefined function: 32
Warning: TT: undefined function: 32
Warning: TT: undefined function: 32
Warning: TT: undefined function: 32
Warning: TT: undefined function: 32
Warning: TT: undefined function: 32
Warning: TT: undefined function: 32
Warning: TT: undefined function: 32
Warning: TT: undefined function: 32
Warning: TT: undefined function: 32
Warning: TT: undefined function: 32
Warning: TT: undefined function: 32
Warning: TT: undefined function: 32
Warning: TT: undefined function: 32
Warning: TT: undefined function: 32
Warning: TT: undefined function: 32
Warning: TT: undefined function: 32
Warning: TT: undefined function: 32
Warning: TT: undefined function: 32
Warning: TT: undefined function: 32
Warning: TT: undefined function: 32
Warning: TT: undefined function: 32
Warning: TT: undefined function: 32
Warning: TT: undefined function: 32
Warning: TT: undefined function: 32
Warning: TT: undefined function: 32
Warning: TT: undefined function: 32
Warning: TT: undefined function: 32
Warning: TT: undefined function: 32
Warning: TT: undefined function: 32
Warning: TT: undefined function: 32
Warning: TT: undefined function: 32
Warning: TT: undefined function: 32
Warning: TT: undefined function: 32
Warning: TT: undefined function: 32
Warning: TT: undefined function: 32
Warning: TT: undefined function: 32
Warning: TT: undefined function: 32
Warning: TT: undefined function: 32
Warning: TT: undefined function: 32
Warning: TT: undefined function: 32
Warning: TT: undefined function: 32
Warning: TT: undefined function: 32
Warning: TT: undefined function: 32
Warning: TT: undefined function: 32
Warning: TT: undefined function: 32
Warning: TT: undefined function: 32
Warning: TT: undefined function: 32
Warning: TT: undefined function: 32
Warning: TT: undefined function: 32
Warning: TT: undefined function: 32
Warning: TT: undefined function: 32
Warning: TT: undefined function: 32
Warning: TT: undefined function: 32
Warning: TT: undefined function: 32
Warning: TT: undefined function: 32
Warning: TT: undefined function: 32
Warning: TT: undefined function: 32
Warning: TT: undefined function: 32
Warning: TT: undefined function: 32
Warning: TT: undefined function: 32
Warning: TT: undefined function: 32
Warning: TT: undefined function: 32
Warning: TT: undefined function: 32
Warning: TT: undefined function: 32
Warning: TT: undefined function: 32
Warning: TT: undefined function: 32
Warning: TT: undefined function: 32
  5600/35136 · 5514 com texto · 86 vazios · 0 errosWarning: TT: undefined function: 32
Warning: TT: undefined function: 32
Warning: TT: undefined function: 32
Warning: TT: undefined function: 32
Warning: TT: undefined function: 32
Warning: TT: undefined function: 32
Warning: TT: undefined function: 32
Warning: TT: undefined function: 32
Warning: TT: undefined function: 32
Warning: TT: undefined function: 32
Warning: TT: undefined function: 32
Warning: TT: undefined function: 21
Warning: TT: invalid function id: 136
Warning: TT: undefined function: 21
Warning: TT: undefined function: 21
Warning: TT: undefined function: 21
Warning: TT: undefined function: 21
Warning: TT: undefined function: 21
Warning: TT: undefined function: 32
Warning: TT: undefined function: 32
Warning: TT: undefined function: 21
Warning: TT: undefined function: 32
Warning: TT: undefined function: 32
Warning: TT: undefined function: 32
Warning: TT: undefined function: 21
Warning: TT: undefined function: 32
Warning: TT: undefined function: 32
Warning: TT: undefined function: 32
Warning: TT: undefined function: 32
Warning: TT: undefined function: 32
Warning: TT: undefined function: 32
Warning: TT: undefined function: 32
Warning: TT: undefined function: 32
Warning: TT: undefined function: 32
Warning: TT: undefined function: 32
Warning: TT: undefined function: 32
Warning: TT: undefined function: 21
  5700/35136 · 5614 com texto · 86 vazios · 0 errosWarning: TT: undefined function: 32
Warning: TT: undefined function: 21
Warning: TT: undefined function: 21
Warning: TT: invalid function id: 136
Warning: TT: undefined function: 32
Warning: TT: undefined function: 32
Warning: TT: undefined function: 32
Warning: TT: undefined function: 21
Warning: TT: undefined function: 21
Warning: TT: undefined function: 21
Warning: TT: undefined function: 21
Warning: TT: undefined function: 21
Warning: TT: undefined function: 21
Warning: TT: undefined function: 21
Warning: TT: undefined function: 32
Warning: TT: undefined function: 32
Warning: TT: undefined function: 21
Warning: TT: undefined function: 21
Warning: TT: undefined function: 21
Warning: TT: undefined function: 21
Warning: TT: undefined function: 21
Warning: TT: undefined function: 21
Warning: TT: undefined function: 21
Warning: TT: undefined function: 21
Warning: TT: undefined function: 21
Warning: TT: undefined function: 32
Warning: TT: undefined function: 21
Warning: TT: undefined function: 21
Warning: TT: undefined function: 21
Warning: TT: undefined function: 32
Warning: TT: undefined function: 32
Warning: TT: undefined function: 32
Warning: TT: undefined function: 32
Warning: TT: undefined function: 32
Warning: TT: undefined function: 32
Warning: TT: undefined function: 21
Warning: TT: undefined function: 32
Warning: TT: undefined function: 32
Warning: TT: undefined function: 32
Warning: TT: undefined function: 32
Warning: TT: undefined function: 32
Warning: TT: undefined function: 32
Warning: TT: undefined function: 32
Warning: TT: undefined function: 32
  5800/35136 · 5712 com texto · 88 vazios · 0 errosWarning: TT: undefined function: 32
Warning: TT: undefined function: 32
Warning: TT: undefined function: 32
Warning: TT: undefined function: 32
Warning: TT: undefined function: 32
Warning: TT: undefined function: 21
Warning: TT: undefined function: 32
Warning: TT: undefined function: 21
Warning: TT: undefined function: 21
Warning: TT: undefined function: 32
Warning: TT: undefined function: 21
Warning: TT: undefined function: 32
Warning: TT: undefined function: 32
Warning: TT: undefined function: 32
Warning: TT: undefined function: 21
Warning: TT: undefined function: 21
Warning: TT: undefined function: 21
Warning: TT: undefined function: 32
Warning: TT: undefined function: 32
Warning: TT: undefined function: 32
Warning: TT: undefined function: 32
Warning: TT: undefined function: 21
Warning: TT: undefined function: 32
Warning: TT: undefined function: 21
Warning: TT: undefined function: 21
Warning: TT: undefined function: 21
Warning: TT: undefined function: 21
Warning: TT: undefined function: 21
Warning: TT: undefined function: 21
Warning: TT: undefined function: 21
Warning: TT: undefined function: 21
Warning: TT: undefined function: 21
Warning: TT: undefined function: 21
Warning: TT: undefined function: 21
Warning: TT: undefined function: 21
Warning: TT: undefined function: 21
Warning: TT: undefined function: 21
Warning: TT: undefined function: 21
Warning: TT: undefined function: 21
Warning: TT: undefined function: 21
Warning: TT: undefined function: 21
Warning: TT: undefined function: 21
Warning: TT: undefined function: 21
Warning: TT: undefined function: 21
Warning: TT: undefined function: 21
Warning: TT: undefined function: 21
Warning: TT: invalid function id: 136
Warning: TT: undefined function: 21
Warning: TT: undefined function: 21
Warning: TT: undefined function: 32
Warning: TT: undefined function: 32
Warning: TT: undefined function: 32
Warning: TT: undefined function: 32
Warning: TT: undefined function: 32
Warning: TT: undefined function: 32
Warning: TT: undefined function: 21
  5900/35136 · 5811 com texto · 89 vazios · 0 errosWarning: TT: undefined function: 21
Warning: TT: undefined function: 21
Warning: TT: undefined function: 21
Warning: TT: undefined function: 21
Warning: TT: undefined function: 21
Warning: TT: undefined function: 21
Warning: TT: undefined function: 21
Warning: TT: undefined function: 21
Warning: TT: undefined function: 21
Warning: TT: undefined function: 21
Warning: TT: undefined function: 32
Warning: TT: undefined function: 21
Warning: TT: undefined function: 21
Warning: TT: undefined function: 32
Warning: TT: undefined function: 21
Warning: TT: invalid function id: 136
Warning: TT: invalid function id: 136
Warning: TT: undefined function: 21
Warning: TT: undefined function: 21
Warning: TT: undefined function: 32
Warning: TT: undefined function: 21
Warning: TT: undefined function: 32
Warning: TT: undefined function: 32
Warning: TT: undefined function: 32
Warning: TT: undefined function: 21
Warning: TT: undefined function: 21
Warning: TT: undefined function: 21
Warning: TT: undefined function: 32
Warning: TT: undefined function: 32
Warning: TT: undefined function: 21
Warning: TT: undefined function: 21
Warning: TT: undefined function: 21
Warning: TT: undefined function: 21
Warning: TT: invalid function id: 136
Warning: TT: undefined function: 21
Warning: TT: invalid function id: 136
Warning: TT: undefined function: 21
Warning: TT: undefined function: 21
Warning: TT: undefined function: 21
Warning: TT: undefined function: 21
Warning: TT: undefined function: 21
Warning: TT: undefined function: 21
Warning: TT: undefined function: 32
Warning: TT: undefined function: 32
Warning: TT: undefined function: 32
Warning: TT: undefined function: 32
Warning: TT: undefined function: 32
Warning: TT: undefined function: 32
Warning: TT: undefined function: 32
Warning: TT: undefined function: 32
Warning: TT: undefined function: 32
Warning: TT: undefined function: 21
Warning: TT: invalid function id: 136
Warning: TT: undefined function: 32
Warning: TT: undefined function: 32
Warning: TT: undefined function: 32
Warning: TT: undefined function: 32
Warning: TT: undefined function: 32
Warning: TT: undefined function: 32
Warning: TT: undefined function: 32
Warning: TT: undefined function: 32
Warning: TT: undefined function: 32
Warning: TT: undefined function: 32
Warning: TT: undefined function: 32
Warning: TT: undefined function: 32
Warning: TT: undefined function: 32
Warning: TT: undefined function: 32
Warning: TT: undefined function: 32
Warning: TT: undefined function: 32
Warning: TT: undefined function: 32
Warning: TT: undefined function: 32
Warning: TT: undefined function: 32
Warning: TT: undefined function: 32
  6000/35136 · 5908 com texto · 92 vazios · 0 errosWarning: TT: undefined function: 32
Warning: TT: undefined function: 32
Warning: TT: undefined function: 32
Warning: TT: undefined function: 21
Warning: TT: undefined function: 21
Warning: TT: undefined function: 21
Warning: TT: undefined function: 21
Warning: TT: undefined function: 21
Warning: TT: undefined function: 32
Warning: TT: undefined function: 32
Warning: TT: undefined function: 32
Warning: TT: undefined function: 32
Warning: TT: undefined function: 32
Warning: TT: undefined function: 32
Warning: TT: undefined function: 32
Warning: TT: undefined function: 21
Warning: TT: undefined function: 21
Warning: TT: undefined function: 21
Warning: TT: undefined function: 21
Warning: TT: undefined function: 21
Warning: TT: undefined function: 21
Warning: TT: undefined function: 21
Warning: TT: undefined function: 32
Warning: TT: undefined function: 32
Warning: TT: undefined function: 32
Warning: TT: undefined function: 32
Warning: TT: undefined function: 32
Warning: TT: undefined function: 32
Warning: TT: undefined function: 32
Warning: TT: undefined function: 32
Warning: TT: undefined function: 32
Warning: TT: undefined function: 32
Warning: TT: undefined function: 32
Warning: TT: undefined function: 32
Warning: TT: undefined function: 32
Warning: TT: undefined function: 32
Warning: TT: undefined function: 32
Warning: TT: undefined function: 32
Warning: TT: undefined function: 32
Warning: TT: undefined function: 32
Warning: TT: undefined function: 32
Warning: TT: undefined function: 32
Warning: TT: undefined function: 32
Warning: TT: undefined function: 32
Warning: TT: undefined function: 21
Warning: TT: undefined function: 21
  6100/35136 · 6008 com texto · 92 vazios · 0 errosWarning: TT: undefined function: 32
Warning: TT: undefined function: 32
Warning: TT: undefined function: 32
Warning: TT: undefined function: 32
Warning: TT: undefined function: 32
Warning: TT: undefined function: 32
Warning: TT: undefined function: 21
Warning: TT: undefined function: 21
Warning: TT: undefined function: 21
Warning: TT: undefined function: 21
Warning: TT: undefined function: 21
Warning: TT: undefined function: 32
Warning: TT: undefined function: 32
Warning: TT: undefined function: 32
Warning: TT: undefined function: 32
Warning: TT: undefined function: 32
Warning: TT: undefined function: 32
Warning: TT: undefined function: 32
Warning: TT: undefined function: 32
Warning: TT: undefined function: 32
Warning: TT: undefined function: 32
Warning: TT: undefined function: 32
Warning: TT: undefined function: 32
Warning: TT: undefined function: 32
Warning: TT: undefined function: 32
Warning: TT: undefined function: 32
Warning: TT: undefined function: 32
Warning: TT: undefined function: 32
  6200/35136 · 6103 com texto · 97 vazios · 0 errosWarning: TT: undefined function: 32
Warning: TT: undefined function: 32
Warning: TT: undefined function: 32
Warning: TT: undefined function: 32
Warning: TT: undefined function: 32
Warning: TT: undefined function: 32
Warning: TT: undefined function: 32
Warning: TT: undefined function: 32
Warning: TT: undefined function: 32
Warning: TT: undefined function: 32
Warning: TT: undefined function: 21
Warning: TT: undefined function: 21
Warning: TT: undefined function: 21
Warning: TT: undefined function: 21
Warning: TT: undefined function: 21
Warning: TT: undefined function: 21
Warning: TT: undefined function: 21
Warning: TT: undefined function: 21
Warning: TT: undefined function: 32
Warning: TT: undefined function: 21
Warning: TT: undefined function: 21
Warning: TT: undefined function: 21
Warning: TT: undefined function: 21
Warning: TT: undefined function: 32
Warning: TT: undefined function: 32
Warning: TT: undefined function: 21
Warning: TT: undefined function: 32
Warning: TT: undefined function: 21
Warning: TT: undefined function: 32
Warning: TT: undefined function: 32
Warning: TT: undefined function: 21
Warning: TT: undefined function: 32
Warning: TT: undefined function: 21
Warning: TT: undefined function: 32
Warning: TT: undefined function: 32
Warning: TT: undefined function: 32
Warning: TT: undefined function: 32
Warning: TT: undefined function: 32
Warning: TT: undefined function: 32
Warning: TT: undefined function: 32
Warning: TT: undefined function: 32
Warning: TT: undefined function: 32
Warning: TT: undefined function: 21
Warning: TT: undefined function: 21
Warning: TT: undefined function: 32
Warning: TT: undefined function: 32
Warning: TT: undefined function: 32
Warning: TT: undefined function: 32
Warning: TT: undefined function: 32
Warning: TT: undefined function: 32
Warning: TT: undefined function: 32
Warning: TT: undefined function: 32
Warning: TT: undefined function: 32
Warning: TT: undefined function: 32
Warning: TT: undefined function: 32
Warning: TT: undefined function: 32
Warning: TT: undefined function: 32
Warning: TT: undefined function: 32
Warning: TT: undefined function: 32
Warning: TT: undefined function: 21
Warning: TT: undefined function: 21
Warning: TT: undefined function: 32
Warning: TT: undefined function: 21
Warning: TT: undefined function: 21
  6300/35136 · 6203 com texto · 97 vazios · 0 errosWarning: TT: undefined function: 21
Warning: TT: undefined function: 32
Warning: TT: undefined function: 32
Warning: TT: undefined function: 32
Warning: TT: undefined function: 32
Warning: TT: undefined function: 32
Warning: TT: undefined function: 32
Warning: TT: undefined function: 32
Warning: TT: undefined function: 32
Warning: TT: undefined function: 32
  6400/35136 · 6303 com texto · 97 vazios · 0 errosWarning: TT: undefined function: 32
Warning: TT: undefined function: 32
Warning: TT: undefined function: 32
Warning: TT: undefined function: 32
Warning: TT: undefined function: 32
Warning: TT: undefined function: 32
Warning: TT: undefined function: 32
Warning: TT: undefined function: 32
Warning: TT: undefined function: 32
Warning: TT: undefined function: 32
Warning: TT: undefined function: 32
Warning: TT: undefined function: 32
Warning: TT: undefined function: 32
Warning: TT: undefined function: 32
Warning: TT: undefined function: 32
Warning: TT: undefined function: 32
Warning: TT: undefined function: 32
Warning: TT: undefined function: 32
Warning: TT: undefined function: 32
  6500/35136 · 6403 com texto · 97 vazios · 0 errosWarning: TT: undefined function: 32
Warning: TT: undefined function: 32
Warning: TT: undefined function: 32
Warning: TT: undefined function: 32
Warning: TT: invalid function id: 136
Warning: TT: undefined function: 21
Warning: TT: undefined function: 21
Warning: TT: invalid function id: 136
Warning: TT: undefined function: 21
Warning: TT: undefined function: 32
Warning: TT: undefined function: 32
Warning: TT: undefined function: 32
Warning: TT: undefined function: 32
Warning: TT: undefined function: 21
Warning: TT: undefined function: 21
Warning: TT: undefined function: 21
Warning: TT: undefined function: 21
Warning: TT: undefined function: 21
Warning: TT: undefined function: 32
Warning: TT: undefined function: 32
Warning: TT: undefined function: 32
Warning: TT: undefined function: 32
Warning: TT: undefined function: 32
Warning: TT: undefined function: 32
Warning: TT: undefined function: 32
Warning: TT: undefined function: 32
Warning: TT: undefined function: 32
  6600/35136 · 6503 com texto · 97 vazios · 0 errosWarning: TT: undefined function: 32
Warning: TT: undefined function: 32
Warning: TT: undefined function: 32
Warning: TT: undefined function: 21
Warning: TT: undefined function: 21
Warning: TT: undefined function: 21
Warning: TT: undefined function: 21
Warning: TT: undefined function: 21
Warning: TT: undefined function: 21
Warning: TT: undefined function: 21
Warning: TT: undefined function: 21
Warning: TT: undefined function: 21
Warning: TT: undefined function: 21
Warning: TT: undefined function: 21
Warning: TT: undefined function: 21
Warning: TT: undefined function: 21
Warning: TT: undefined function: 21
Warning: TT: undefined function: 21
Warning: TT: undefined function: 21
Warning: TT: undefined function: 21
Warning: TT: undefined function: 21
Warning: TT: undefined function: 21
Warning: TT: undefined function: 21
Warning: TT: undefined function: 21
Warning: TT: undefined function: 21
Warning: TT: undefined function: 21
Warning: TT: undefined function: 21
Warning: TT: undefined function: 21
Warning: TT: undefined function: 21
Warning: TT: undefined function: 21
Warning: TT: undefined function: 21
Warning: TT: undefined function: 21
Warning: TT: undefined function: 21
Warning: TT: undefined function: 21
Warning: TT: undefined function: 21
Warning: TT: undefined function: 21
Warning: TT: undefined function: 21
Warning: TT: undefined function: 21
Warning: TT: undefined function: 21
Warning: TT: undefined function: 21
Warning: TT: undefined function: 21
Warning: TT: undefined function: 21
Warning: TT: undefined function: 21
Warning: TT: undefined function: 21
Warning: TT: undefined function: 21
Warning: TT: undefined function: 21
Warning: TT: undefined function: 21
Warning: TT: undefined function: 21
Warning: TT: undefined function: 21
Warning: TT: undefined function: 21
Warning: TT: undefined function: 21
Warning: TT: undefined function: 21
Warning: TT: undefined function: 21
Warning: TT: undefined function: 21
Warning: TT: undefined function: 21
Warning: TT: undefined function: 21
Warning: TT: undefined function: 21
Warning: TT: undefined function: 21
Warning: TT: undefined function: 21
Warning: TT: undefined function: 21
Warning: TT: undefined function: 21
Warning: TT: undefined function: 21
Warning: TT: undefined function: 21
Warning: TT: undefined function: 21
Warning: TT: undefined function: 21
Warning: TT: undefined function: 21
Warning: TT: undefined function: 21
Warning: TT: undefined function: 21
Warning: TT: undefined function: 21
Warning: TT: undefined function: 21
Warning: TT: undefined function: 21
Warning: TT: undefined function: 21
Warning: TT: undefined function: 21
Warning: TT: undefined function: 21
Warning: TT: undefined function: 21
Warning: TT: undefined function: 21
Warning: TT: undefined function: 21
Warning: TT: undefined function: 21
Warning: TT: undefined function: 21
Warning: TT: undefined function: 21
Warning: TT: undefined function: 21
Warning: TT: undefined function: 21
Warning: TT: undefined function: 21
Warning: TT: undefined function: 21
Warning: TT: undefined function: 21
Warning: TT: undefined function: 21
Warning: TT: undefined function: 21
Warning: TT: undefined function: 21
Warning: TT: undefined function: 21
Warning: TT: undefined function: 21
Warning: TT: undefined function: 21
  6700/35136 · 6603 com texto · 97 vazios · 0 errosWarning: TT: undefined function: 21
Warning: TT: undefined function: 21
Warning: TT: undefined function: 21
Warning: TT: undefined function: 21
Warning: TT: undefined function: 21
Warning: TT: undefined function: 21
Warning: TT: undefined function: 21
Warning: TT: undefined function: 21
Warning: TT: undefined function: 21
Warning: TT: undefined function: 21
Warning: TT: undefined function: 21
Warning: TT: undefined function: 21
Warning: TT: undefined function: 21
Warning: TT: undefined function: 21
Warning: TT: undefined function: 21
Warning: TT: undefined function: 21
Warning: TT: undefined function: 21
Warning: TT: undefined function: 21
Warning: TT: undefined function: 32
Warning: TT: undefined function: 21
Warning: TT: undefined function: 21
Warning: TT: undefined function: 21
Warning: TT: undefined function: 32
Warning: TT: undefined function: 21
Warning: TT: undefined function: 32
Warning: TT: undefined function: 32
Warning: TT: undefined function: 21
Warning: TT: undefined function: 21
Warning: TT: undefined function: 32
Warning: TT: undefined function: 32
Warning: TT: undefined function: 32
Warning: TT: undefined function: 21
Warning: TT: undefined function: 32
Warning: TT: undefined function: 32
Warning: TT: invalid function id: 136
Warning: TT: undefined function: 32
Warning: TT: invalid function id: 136
Warning: TT: undefined function: 21
Warning: TT: undefined function: 32
Warning: TT: undefined function: 32
Warning: TT: undefined function: 32
Warning: TT: invalid function id: 136
Warning: TT: undefined function: 21
Warning: TT: undefined function: 21
Warning: TT: undefined function: 32
Warning: TT: undefined function: 32
Warning: TT: undefined function: 32
Warning: TT: undefined function: 32
Warning: TT: undefined function: 21
Warning: TT: undefined function: 32
Warning: TT: undefined function: 32
Warning: TT: undefined function: 32
Warning: TT: undefined function: 32
Warning: TT: invalid function id: 136
Warning: TT: invalid function id: 136
Warning: TT: undefined function: 32
Warning: TT: invalid function id: 136
Warning: TT: undefined function: 21
Warning: TT: undefined function: 32
Warning: TT: undefined function: 32
Warning: TT: undefined function: 21
Warning: TT: undefined function: 32
Warning: TT: undefined function: 32
Warning: TT: undefined function: 32
Warning: TT: undefined function: 21
Warning: TT: undefined function: 32
Warning: TT: undefined function: 32
Warning: TT: undefined function: 32
Warning: TT: invalid function id: 136
Warning: TT: invalid function id: 136
Warning: TT: undefined function: 32
Warning: TT: invalid function id: 136
Warning: TT: undefined function: 21
Warning: TT: undefined function: 32
Warning: TT: undefined function: 32
Warning: TT: undefined function: 32
Warning: TT: invalid function id: 136
Warning: TT: undefined function: 21
Warning: TT: undefined function: 32
Warning: TT: undefined function: 32
Warning: TT: undefined function: 32
Warning: TT: invalid function id: 136
  6800/35136 · 6702 com texto · 98 vazios · 0 errosWarning: TT: undefined function: 32
Warning: TT: undefined function: 32
Warning: TT: undefined function: 32
Warning: TT: undefined function: 32
Warning: TT: undefined function: 21
Warning: TT: undefined function: 32
Warning: TT: undefined function: 32
Warning: TT: undefined function: 32
Warning: TT: undefined function: 32
Warning: TT: undefined function: 21
Warning: TT: undefined function: 32
Warning: TT: undefined function: 32
Warning: TT: undefined function: 32
Warning: TT: undefined function: 32
Warning: TT: undefined function: 32
Warning: TT: undefined function: 32
Warning: TT: undefined function: 32
Warning: TT: undefined function: 32
Warning: TT: undefined function: 32
Warning: TT: undefined function: 32
Warning: TT: undefined function: 32
Warning: TT: undefined function: 21
Warning: TT: undefined function: 21
Warning: TT: undefined function: 21
Warning: TT: undefined function: 21
  6900/35136 · 6802 com texto · 98 vazios · 0 erros  7000/35136 · 6901 com texto · 99 vazios · 0 erros  7100/35136 · 6992 com texto · 108 vazios · 0 errosWarning: TT: undefined function: 32
Warning: TT: undefined function: 32
Warning: TT: undefined function: 32
Warning: TT: undefined function: 32
Warning: TT: undefined function: 32
Warning: TT: undefined function: 32
Warning: TT: undefined function: 21
Warning: TT: undefined function: 21
Warning: TT: undefined function: 21
  7200/35136 · 7091 com texto · 109 vazios · 0 errosWarning: TT: undefined function: 32
Warning: TT: undefined function: 32
Warning: TT: undefined function: 32
Warning: TT: undefined function: 32
Warning: TT: undefined function: 21
Warning: TT: undefined function: 21
Warning: TT: undefined function: 21
Warning: TT: undefined function: 32
Warning: TT: undefined function: 32
Warning: TT: undefined function: 21
Warning: TT: undefined function: 32
Warning: TT: undefined function: 32
Warning: TT: undefined function: 32
Warning: TT: undefined function: 32
Warning: TT: undefined function: 32
Warning: TT: undefined function: 32
Warning: TT: undefined function: 32
Warning: TT: undefined function: 32
Warning: TT: undefined function: 32
Warning: TT: undefined function: 32
Warning: TT: undefined function: 32
Warning: TT: undefined function: 32
Warning: TT: undefined function: 32
Warning: TT: undefined function: 32
Warning: TT: undefined function: 32
Warning: TT: undefined function: 32
Warning: TT: undefined function: 32
Warning: TT: undefined function: 32
Warning: TT: undefined function: 32
Warning: TT: undefined function: 32
Warning: TT: undefined function: 32
Warning: TT: undefined function: 32
Warning: TT: undefined function: 32
Warning: TT: undefined function: 32
Warning: TT: undefined function: 32
Warning: TT: undefined function: 32
Warning: TT: undefined function: 32
Warning: TT: undefined function: 32
Warning: TT: undefined function: 32
Warning: TT: undefined function: 32
Warning: TT: undefined function: 32
Warning: TT: undefined function: 32
Warning: TT: undefined function: 32
  7300/35136 · 7191 com texto · 109 vazios · 0 errosWarning: TT: undefined function: 32
Warning: TT: undefined function: 32
Warning: TT: undefined function: 32
Warning: TT: undefined function: 32
Warning: TT: undefined function: 32
Warning: TT: undefined function: 32
Warning: TT: undefined function: 32
  7400/35136 · 7287 com texto · 113 vazios · 0 errosWarning: TT: undefined function: 21
Warning: TT: undefined function: 21
  7500/35136 · 7383 com texto · 117 vazios · 0 erros  7600/35136 · 7483 com texto · 117 vazios · 0 erros  7700/35136 · 7583 com texto · 117 vazios · 0 errosWarning: TT: undefined function: 21
Warning: TT: undefined function: 32
Warning: TT: undefined function: 32
Warning: TT: undefined function: 32
Warning: TT: undefined function: 21
Warning: TT: undefined function: 32
Warning: TT: undefined function: 21
Warning: TT: undefined function: 32
Warning: TT: undefined function: 32
Warning: TT: undefined function: 21
Warning: TT: undefined function: 32
Warning: TT: undefined function: 21
Warning: TT: undefined function: 32
Warning: TT: undefined function: 21
Warning: TT: undefined function: 32
Warning: TT: undefined function: 32
Warning: TT: undefined function: 32
Warning: TT: undefined function: 32
Warning: TT: undefined function: 21
Warning: TT: undefined function: 21
Warning: TT: undefined function: 21
Warning: TT: undefined function: 32
Warning: TT: undefined function: 32
Warning: TT: undefined function: 32
Warning: TT: undefined function: 32
Warning: TT: undefined function: 32
Warning: TT: undefined function: 21
Warning: TT: undefined function: 21
Warning: TT: undefined function: 21
Warning: TT: undefined function: 21
Warning: TT: undefined function: 21
Warning: TT: undefined function: 21
  7800/35136 · 7683 com texto · 117 vazios · 0 errosWarning: TT: undefined function: 32
Warning: TT: undefined function: 32
Warning: TT: undefined function: 32
Warning: TT: undefined function: 32
Warning: TT: undefined function: 32
Warning: TT: undefined function: 32
Warning: TT: undefined function: 32
Warning: TT: undefined function: 21
Warning: TT: undefined function: 21
Warning: TT: undefined function: 21
Warning: TT: undefined function: 21
Warning: TT: undefined function: 21
Warning: TT: undefined function: 21
Warning: TT: undefined function: 32
Warning: TT: undefined function: 21
  7900/35136 · 7779 com texto · 121 vazios · 0 errosWarning: TT: undefined function: 32
Warning: TT: undefined function: 21
Warning: TT: undefined function: 32
Warning: TT: undefined function: 21
Warning: TT: undefined function: 21
Warning: TT: undefined function: 21
Warning: TT: undefined function: 21
Warning: TT: undefined function: 21
Warning: TT: undefined function: 21
Warning: TT: undefined function: 21
Warning: TT: undefined function: 21
Warning: TT: undefined function: 32
Warning: TT: undefined function: 32
Warning: TT: undefined function: 21
Warning: TT: undefined function: 21
Warning: TT: undefined function: 32
Warning: TT: undefined function: 32
Warning: TT: undefined function: 21
Warning: TT: undefined function: 32
Warning: TT: undefined function: 32
Warning: TT: undefined function: 32
Warning: TT: undefined function: 32
Warning: TT: undefined function: 32
Warning: TT: undefined function: 32
Warning: TT: undefined function: 32
Warning: TT: undefined function: 32
Warning: TT: undefined function: 32
Warning: TT: undefined function: 32
Warning: TT: undefined function: 32
Warning: TT: undefined function: 32
Warning: TT: undefined function: 32
Warning: TT: undefined function: 32
Warning: TT: undefined function: 32
Warning: TT: undefined function: 21
Warning: TT: undefined function: 32
Warning: TT: undefined function: 32
Warning: TT: undefined function: 21
Warning: TT: undefined function: 21
Warning: TT: undefined function: 21
Warning: TT: undefined function: 21
Warning: TT: undefined function: 21
Warning: TT: undefined function: 21
Warning: TT: undefined function: 21
Warning: TT: undefined function: 21
Warning: TT: undefined function: 32
Warning: TT: undefined function: 32
Warning: TT: undefined function: 32
Warning: TT: undefined function: 32
Warning: TT: undefined function: 32
Warning: TT: undefined function: 32
Warning: TT: undefined function: 32
Warning: TT: undefined function: 32
Warning: TT: undefined function: 21
Warning: TT: undefined function: 21
Warning: TT: undefined function: 21
Warning: TT: undefined function: 21
Warning: TT: undefined function: 21
Warning: TT: undefined function: 21
Warning: TT: undefined function: 21
Warning: TT: undefined function: 21
Warning: TT: undefined function: 21
Warning: TT: undefined function: 21
Warning: TT: undefined function: 21
Warning: TT: undefined function: 21
Warning: TT: undefined function: 21
Warning: TT: undefined function: 21
Warning: TT: undefined function: 21
Warning: TT: undefined function: 21
Warning: TT: undefined function: 21
Warning: TT: undefined function: 21
Warning: TT: undefined function: 21
Warning: TT: undefined function: 21
Warning: TT: undefined function: 21
Warning: TT: undefined function: 21
Warning: TT: undefined function: 21
Warning: TT: undefined function: 21
Warning: TT: undefined function: 21
Warning: TT: undefined function: 21
Warning: TT: undefined function: 21
Warning: TT: undefined function: 21
Warning: TT: undefined function: 21
Warning: TT: undefined function: 32
Warning: TT: undefined function: 32
  8000/35136 · 7879 com texto · 121 vazios · 0 errosWarning: TT: undefined function: 32
Warning: TT: undefined function: 32
Warning: TT: undefined function: 32
Warning: TT: undefined function: 21
Warning: TT: invalid function id: 136
Warning: TT: undefined function: 21
Warning: TT: undefined function: 21
Warning: TT: invalid function id: 136
Warning: TT: undefined function: 21
Warning: TT: undefined function: 21
Warning: TT: undefined function: 21
Warning: TT: invalid function id: 136
Warning: TT: undefined function: 21
Warning: TT: invalid function id: 136
Warning: TT: undefined function: 21
Warning: TT: invalid function id: 136
Warning: TT: undefined function: 21
Warning: TT: undefined function: 21
Warning: TT: undefined function: 21
Warning: TT: invalid function id: 136
Warning: TT: undefined function: 21
Warning: TT: invalid function id: 136
Warning: TT: undefined function: 21
Warning: TT: undefined function: 21
Warning: TT: undefined function: 32
Warning: TT: undefined function: 32
Warning: TT: undefined function: 32
  8100/35136 · 7979 com texto · 121 vazios · 0 errosWarning: TT: undefined function: 32
Warning: TT: undefined function: 32
Warning: TT: undefined function: 32
Warning: TT: undefined function: 32
Warning: TT: undefined function: 32
Warning: TT: undefined function: 32
Warning: TT: undefined function: 32
Warning: TT: undefined function: 32
Warning: TT: undefined function: 21
Warning: TT: undefined function: 21
Warning: TT: undefined function: 32
Warning: TT: undefined function: 32
Warning: TT: undefined function: 32
Warning: TT: undefined function: 21
Warning: TT: undefined function: 21
Warning: TT: undefined function: 21
Warning: TT: undefined function: 21
Warning: TT: undefined function: 21
Warning: TT: undefined function: 21
Warning: TT: undefined function: 32
Warning: TT: undefined function: 32
Warning: TT: undefined function: 32
Warning: TT: undefined function: 32
  8200/35136 · 8079 com texto · 121 vazios · 0 errosWarning: TT: undefined function: 21
Warning: TT: undefined function: 21
Warning: TT: undefined function: 32
Warning: TT: undefined function: 21
Warning: TT: undefined function: 21
Warning: TT: undefined function: 21
Warning: TT: undefined function: 21
Warning: TT: undefined function: 21
Warning: TT: undefined function: 21
Warning: TT: undefined function: 21
Warning: TT: undefined function: 21
Warning: TT: undefined function: 21
Warning: TT: undefined function: 21
Warning: TT: undefined function: 21
Warning: TT: undefined function: 21
Warning: TT: undefined function: 21
Warning: TT: undefined function: 21
Warning: TT: undefined function: 21
Warning: TT: undefined function: 21
Warning: TT: undefined function: 21
Warning: TT: undefined function: 21
Warning: TT: undefined function: 21
Warning: TT: undefined function: 21
Warning: TT: undefined function: 21
Warning: TT: undefined function: 21
Warning: TT: undefined function: 21
Warning: TT: undefined function: 21
Warning: TT: undefined function: 21
Warning: TT: undefined function: 21
Warning: TT: undefined function: 21
Warning: TT: undefined function: 21
Warning: TT: undefined function: 21
Warning: TT: undefined function: 21
Warning: TT: undefined function: 21
Warning: TT: undefined function: 21
Warning: TT: undefined function: 21
Warning: TT: undefined function: 21
Warning: TT: undefined function: 21
Warning: TT: undefined function: 21
Warning: TT: undefined function: 21
Warning: TT: undefined function: 21
Warning: TT: undefined function: 21
Warning: TT: undefined function: 21
Warning: TT: undefined function: 21
Warning: TT: undefined function: 21
Warning: TT: undefined function: 21
Warning: TT: undefined function: 21
Warning: TT: undefined function: 21
Warning: TT: undefined function: 21
Warning: TT: undefined function: 21
Warning: TT: undefined function: 21
Warning: TT: undefined function: 21
Warning: TT: undefined function: 21
Warning: TT: undefined function: 21
Warning: TT: undefined function: 21
Warning: TT: undefined function: 21
Warning: TT: undefined function: 21
Warning: TT: undefined function: 21
Warning: TT: undefined function: 21
Warning: TT: undefined function: 21
Warning: TT: undefined function: 21
Warning: TT: undefined function: 21
Warning: TT: undefined function: 21
Warning: TT: undefined function: 21
Warning: TT: undefined function: 21
Warning: TT: undefined function: 21
Warning: TT: undefined function: 21
Warning: TT: undefined function: 21
Warning: TT: undefined function: 21
Warning: TT: undefined function: 21
Warning: TT: undefined function: 21
Warning: TT: undefined function: 21
Warning: TT: undefined function: 21
Warning: TT: undefined function: 21
  8300/35136 · 8178 com texto · 122 vazios · 0 errosWarning: TT: undefined function: 21
  8400/35136 · 8278 com texto · 122 vazios · 0 errosWarning: TT: undefined function: 32
Warning: TT: undefined function: 21
Warning: TT: undefined function: 21
Warning: TT: undefined function: 21
Warning: TT: undefined function: 32
Warning: TT: undefined function: 32
Warning: TT: undefined function: 32
Warning: TT: undefined function: 32
Warning: TT: undefined function: 32
Warning: TT: undefined function: 32
Warning: TT: undefined function: 21
Warning: TT: undefined function: 32
Warning: TT: undefined function: 21
Warning: TT: undefined function: 21
Warning: TT: undefined function: 21
Warning: TT: undefined function: 32
Warning: TT: undefined function: 32
Warning: TT: undefined function: 21
Warning: TT: undefined function: 32
Warning: TT: undefined function: 21
Warning: TT: undefined function: 21
Warning: TT: invalid function id: 136
Warning: TT: invalid function id: 136
Warning: TT: undefined function: 21
Warning: TT: undefined function: 32
Warning: TT: undefined function: 32
Warning: TT: undefined function: 32
Warning: TT: undefined function: 32
Warning: TT: undefined function: 21
Warning: TT: undefined function: 32
Warning: TT: invalid function id: 136
Warning: TT: undefined function: 32
Warning: TT: undefined function: 32
Warning: TT: undefined function: 32
Warning: TT: undefined function: 32
Warning: TT: undefined function: 32
Warning: TT: undefined function: 32
Warning: TT: undefined function: 32
Warning: TT: undefined function: 32
  8500/35136 · 8378 com texto · 122 vazios · 0 errosWarning: TT: undefined function: 32
Warning: TT: undefined function: 32
Warning: TT: undefined function: 21
Warning: TT: undefined function: 32
Warning: TT: undefined function: 32
Warning: TT: undefined function: 32
Warning: TT: undefined function: 32
Warning: TT: undefined function: 32
Warning: TT: undefined function: 32
Warning: TT: undefined function: 32
Warning: TT: undefined function: 32
Warning: TT: undefined function: 32
Warning: TT: undefined function: 32
Warning: TT: undefined function: 32
Warning: TT: undefined function: 32
Warning: TT: undefined function: 32
Warning: TT: undefined function: 32
Warning: TT: undefined function: 32
Warning: TT: undefined function: 32
Warning: TT: undefined function: 32
Warning: TT: undefined function: 32
Warning: TT: undefined function: 32
Warning: TT: undefined function: 32
  8600/35136 · 8478 com texto · 122 vazios · 0 errosWarning: TT: undefined function: 21
Warning: TT: undefined function: 21
Warning: TT: undefined function: 32
Warning: TT: undefined function: 32
Warning: TT: undefined function: 32
Warning: TT: undefined function: 32
Warning: TT: undefined function: 32
Warning: TT: undefined function: 32
Warning: TT: undefined function: 32
Warning: TT: undefined function: 21
Warning: TT: undefined function: 32
Warning: TT: undefined function: 21
  8700/35136 · 8578 com texto · 122 vazios · 0 errosWarning: TT: undefined function: 32
Warning: TT: undefined function: 32
Warning: TT: undefined function: 32
Warning: TT: undefined function: 32
Warning: TT: undefined function: 32
Warning: TT: undefined function: 32
Warning: TT: undefined function: 32
Warning: TT: undefined function: 32
Warning: TT: undefined function: 32
Warning: TT: undefined function: 32
Warning: TT: undefined function: 32
Warning: TT: undefined function: 32
Warning: TT: undefined function: 32
Warning: TT: undefined function: 32
Warning: TT: undefined function: 21
Warning: TT: undefined function: 32
Warning: TT: undefined function: 32
Warning: TT: undefined function: 32
Warning: TT: undefined function: 21
Warning: TT: undefined function: 32
Warning: TT: undefined function: 32
Warning: TT: undefined function: 32
Warning: TT: undefined function: 32
Warning: TT: undefined function: 21
Warning: TT: undefined function: 21
Warning: TT: invalid function id: 136
Warning: TT: undefined function: 21
Warning: TT: undefined function: 21
Warning: TT: undefined function: 21
Warning: TT: undefined function: 21
Warning: TT: undefined function: 21
Warning: TT: undefined function: 32
Warning: TT: undefined function: 32
Warning: TT: undefined function: 32
Warning: TT: undefined function: 32
Warning: TT: undefined function: 32
Warning: TT: undefined function: 32
Warning: TT: undefined function: 32
Warning: TT: undefined function: 32
Warning: TT: undefined function: 21
  8800/35136 · 8677 com texto · 123 vazios · 0 errosWarning: TT: invalid function id: 136
Warning: TT: undefined function: 32
Warning: TT: undefined function: 32
Warning: TT: undefined function: 32
Warning: TT: undefined function: 32
Warning: TT: undefined function: 32
Warning: TT: undefined function: 21
Warning: TT: undefined function: 32
Warning: TT: undefined function: 21
Warning: TT: undefined function: 21
Warning: TT: undefined function: 21
Warning: TT: undefined function: 21
Warning: TT: undefined function: 32
Warning: TT: undefined function: 32
  8900/35136 · 8777 com texto · 123 vazios · 0 errosWarning: TT: undefined function: 21
Warning: TT: undefined function: 21
Warning: TT: undefined function: 32
Warning: TT: undefined function: 32
Warning: TT: undefined function: 21
  9000/35136 · 8877 com texto · 123 vazios · 0 errosWarning: TT: undefined function: 32
Warning: TT: undefined function: 32
Warning: TT: undefined function: 32
Warning: TT: undefined function: 32
Warning: TT: undefined function: 32
Warning: TT: undefined function: 32
Warning: TT: undefined function: 32
Warning: TT: undefined function: 32
Warning: TT: undefined function: 32
Warning: TT: undefined function: 32
Warning: TT: undefined function: 32
Warning: TT: undefined function: 32
Warning: TT: undefined function: 32
Warning: TT: undefined function: 32
Warning: TT: undefined function: 32
Warning: TT: undefined function: 32
Warning: TT: undefined function: 32
Warning: TT: undefined function: 32
Warning: TT: undefined function: 32
Warning: TT: undefined function: 32
Warning: TT: undefined function: 21
Warning: TT: undefined function: 32
Warning: TT: undefined function: 32
Warning: TT: undefined function: 32
Warning: TT: undefined function: 32
Warning: TT: undefined function: 32
Warning: TT: undefined function: 32
Warning: TT: undefined function: 32
Warning: TT: undefined function: 32
Warning: TT: undefined function: 32
Warning: TT: undefined function: 32
Warning: TT: undefined function: 32
Warning: TT: undefined function: 32
Warning: TT: undefined function: 32
Warning: TT: undefined function: 32
Warning: TT: undefined function: 32
Warning: TT: undefined function: 32
Warning: TT: undefined function: 32
Warning: TT: undefined function: 32
Warning: TT: undefined function: 32
Warning: TT: undefined function: 32
Warning: TT: undefined function: 32
Warning: TT: undefined function: 32
Warning: TT: undefined function: 32
Warning: TT: undefined function: 21
Warning: TT: undefined function: 21
Warning: TT: undefined function: 21
Warning: TT: undefined function: 21
Warning: TT: undefined function: 32
Warning: TT: undefined function: 32
Warning: TT: undefined function: 21
Warning: TT: undefined function: 21
Warning: TT: undefined function: 32
Warning: TT: invalid function id: 136
Warning: TT: undefined function: 32
Warning: TT: undefined function: 21
Warning: TT: undefined function: 32
Warning: TT: undefined function: 32
Warning: TT: undefined function: 32
Warning: TT: undefined function: 21
Warning: TT: undefined function: 21
Warning: TT: undefined function: 32
Warning: TT: undefined function: 32
  9100/35136 · 8977 com texto · 123 vazios · 0 errosWarning: TT: undefined function: 32
Warning: TT: undefined function: 32
Warning: TT: undefined function: 21
Warning: TT: undefined function: 32
Warning: TT: undefined function: 32
Warning: TT: undefined function: 21
Warning: TT: undefined function: 32
Warning: TT: undefined function: 21
Warning: TT: undefined function: 32
Warning: TT: undefined function: 32
Warning: TT: undefined function: 32
Warning: TT: undefined function: 32
Warning: TT: undefined function: 32
Warning: TT: undefined function: 32
Warning: TT: undefined function: 32
Warning: TT: undefined function: 32
Warning: TT: undefined function: 32
Warning: TT: undefined function: 32
Warning: TT: undefined function: 21
Warning: TT: undefined function: 21
Warning: TT: undefined function: 32
Warning: TT: undefined function: 32
Warning: TT: undefined function: 32
Warning: TT: undefined function: 32
Warning: TT: undefined function: 32
Warning: TT: undefined function: 21
  9200/35136 · 9077 com texto · 123 vazios · 0 errosWarning: TT: undefined function: 32
Warning: TT: undefined function: 32
Warning: TT: undefined function: 32
Warning: TT: undefined function: 32
Warning: TT: undefined function: 32
Warning: TT: undefined function: 32
Warning: TT: undefined function: 32
Warning: TT: undefined function: 21
Warning: TT: undefined function: 21
Warning: TT: undefined function: 21
Warning: TT: undefined function: 21
Warning: TT: undefined function: 21
Warning: TT: undefined function: 21
Warning: TT: undefined function: 21
Warning: TT: undefined function: 21
Warning: TT: undefined function: 32
Warning: TT: undefined function: 21
Warning: TT: undefined function: 21
Warning: TT: undefined function: 21
Warning: TT: undefined function: 21
Warning: TT: undefined function: 32
Warning: TT: undefined function: 21
Warning: TT: undefined function: 21
Warning: TT: undefined function: 21
Warning: TT: undefined function: 21
Warning: TT: undefined function: 21
Warning: TT: undefined function: 21
Warning: TT: undefined function: 21
Warning: TT: undefined function: 21
Warning: TT: undefined function: 21
Warning: TT: undefined function: 21
Warning: TT: invalid function id: 136
Warning: TT: undefined function: 21
Warning: TT: undefined function: 21
  9300/35136 · 9177 com texto · 123 vazios · 0 errosWarning: TT: undefined function: 32
Warning: TT: undefined function: 32
Warning: TT: undefined function: 32
Warning: TT: undefined function: 21
Warning: TT: undefined function: 21
Warning: TT: undefined function: 21
Warning: TT: undefined function: 21
Warning: TT: undefined function: 21
Warning: TT: undefined function: 32
Warning: TT: undefined function: 32
Warning: TT: undefined function: 32
Warning: TT: undefined function: 21
Warning: TT: undefined function: 21
Warning: TT: undefined function: 32
Warning: TT: undefined function: 21
Warning: TT: undefined function: 21
Warning: TT: undefined function: 21
Warning: TT: undefined function: 32
Warning: TT: undefined function: 32
Warning: TT: undefined function: 21
Warning: TT: undefined function: 32
Warning: TT: undefined function: 21
Warning: TT: undefined function: 21
Warning: TT: undefined function: 21
Warning: TT: undefined function: 21
Warning: TT: undefined function: 21
Warning: TT: undefined function: 21
Warning: TT: undefined function: 21
Warning: TT: undefined function: 21
Warning: TT: undefined function: 21
Warning: TT: undefined function: 21
Warning: TT: undefined function: 21
Warning: TT: undefined function: 21
Warning: TT: undefined function: 21
Warning: TT: undefined function: 21
Warning: TT: undefined function: 21
Warning: TT: undefined function: 32
Warning: TT: undefined function: 32
Warning: TT: undefined function: 32
Warning: TT: undefined function: 32
Warning: TT: undefined function: 32
Warning: TT: undefined function: 32
Warning: TT: undefined function: 32
Warning: TT: undefined function: 32
Warning: TT: undefined function: 32
Warning: TT: undefined function: 32
Warning: TT: undefined function: 32
Warning: TT: undefined function: 32
Warning: TT: undefined function: 32
Warning: TT: undefined function: 32
Warning: TT: undefined function: 32
Warning: TT: undefined function: 32
Warning: TT: undefined function: 21
Warning: TT: undefined function: 21
Warning: TT: undefined function: 21
Warning: TT: undefined function: 21
Warning: TT: undefined function: 21
Warning: TT: undefined function: 32
Warning: TT: undefined function: 32
Warning: TT: undefined function: 32
Warning: TT: undefined function: 32
Warning: TT: undefined function: 32
Warning: TT: undefined function: 32
  9400/35136 · 9276 com texto · 124 vazios · 0 errosWarning: TT: undefined function: 32
Warning: TT: undefined function: 21
Warning: TT: undefined function: 21
Warning: TT: undefined function: 21
Warning: TT: undefined function: 21
Warning: TT: undefined function: 21
Warning: TT: undefined function: 21
Warning: TT: undefined function: 21
Warning: TT: undefined function: 21
Warning: TT: undefined function: 21
Warning: TT: undefined function: 21
Warning: TT: undefined function: 21
Warning: TT: undefined function: 21
Warning: TT: undefined function: 21
Warning: TT: undefined function: 21
Warning: TT: undefined function: 21
Warning: TT: undefined function: 32
Warning: TT: undefined function: 32
Warning: TT: undefined function: 32
Warning: TT: undefined function: 32
Warning: TT: undefined function: 32
Warning: TT: undefined function: 32
Warning: TT: undefined function: 32
Warning: TT: undefined function: 32
Warning: TT: undefined function: 32
Warning: TT: undefined function: 32
Warning: TT: undefined function: 32
Warning: TT: undefined function: 32
Warning: TT: undefined function: 32
Warning: TT: undefined function: 32
Warning: TT: undefined function: 32
Warning: TT: undefined function: 32
Warning: TT: undefined function: 32
Warning: TT: undefined function: 32
Warning: TT: undefined function: 32
Warning: TT: undefined function: 32
Warning: TT: undefined function: 32
Warning: TT: undefined function: 32
Warning: TT: undefined function: 32
Warning: TT: undefined function: 32
Warning: TT: undefined function: 32
Warning: TT: undefined function: 32
Warning: TT: undefined function: 32
Warning: TT: undefined function: 32
Warning: TT: undefined function: 21
  9500/35136 · 9376 com texto · 124 vazios · 0 errosWarning: TT: undefined function: 21
Warning: TT: invalid function id: 136
Warning: TT: undefined function: 32
Warning: TT: undefined function: 32
Warning: TT: undefined function: 32
Warning: TT: undefined function: 32
Warning: TT: undefined function: 32
Warning: TT: undefined function: 32
Warning: TT: undefined function: 32
Warning: TT: undefined function: 32
Warning: TT: undefined function: 32
Warning: TT: undefined function: 32
Warning: TT: undefined function: 32
  9600/35136 · 9465 com texto · 135 vazios · 0 errosWarning: TT: undefined function: 32
Warning: TT: undefined function: 32
Warning: TT: undefined function: 32
Warning: TT: undefined function: 32
Warning: TT: undefined function: 32
Warning: TT: undefined function: 32
Warning: TT: undefined function: 32
Warning: TT: undefined function: 32
Warning: TT: undefined function: 32
Warning: TT: undefined function: 32
Warning: TT: undefined function: 32
Warning: TT: undefined function: 32
Warning: TT: undefined function: 32
Warning: TT: undefined function: 21
Warning: TT: undefined function: 21
Warning: TT: undefined function: 32
Warning: TT: undefined function: 21
Warning: TT: undefined function: 21
Warning: TT: undefined function: 32
Warning: TT: undefined function: 32
Warning: TT: undefined function: 32
Warning: TT: undefined function: 32
Warning: TT: undefined function: 32
Warning: TT: undefined function: 32
Warning: TT: undefined function: 32
Warning: TT: undefined function: 21
Warning: TT: undefined function: 21
Warning: TT: undefined function: 32
Warning: TT: undefined function: 32
Warning: TT: undefined function: 32
Warning: TT: undefined function: 32
Warning: TT: undefined function: 21
Warning: TT: undefined function: 21
Warning: TT: undefined function: 21
Warning: TT: undefined function: 21
Warning: TT: undefined function: 21
Warning: TT: undefined function: 32
Warning: TT: undefined function: 21
Warning: TT: undefined function: 21
Warning: TT: undefined function: 21
Warning: TT: undefined function: 21
Warning: TT: undefined function: 21
Warning: TT: undefined function: 21
Warning: TT: undefined function: 21
Warning: TT: undefined function: 21
Warning: TT: undefined function: 32
Warning: TT: undefined function: 21
Warning: TT: undefined function: 32
Warning: TT: undefined function: 32
Warning: TT: undefined function: 32
Warning: TT: undefined function: 32
Warning: TT: undefined function: 32
Warning: TT: undefined function: 32
Warning: TT: undefined function: 32
Warning: TT: undefined function: 32
Warning: TT: undefined function: 32
Warning: TT: undefined function: 32
Warning: TT: undefined function: 32
Warning: TT: undefined function: 21
Warning: TT: undefined function: 32
Warning: TT: undefined function: 32
Warning: TT: undefined function: 32
Warning: TT: undefined function: 32
Warning: TT: undefined function: 32
Warning: TT: undefined function: 21
Warning: TT: undefined function: 32
  9700/35136 · 9563 com texto · 137 vazios · 0 errosWarning: TT: undefined function: 32
  9800/35136 · 9663 com texto · 137 vazios · 0 errosWarning: TT: undefined function: 32
Warning: TT: undefined function: 32
Warning: TT: undefined function: 32
Warning: TT: undefined function: 32
Warning: TT: undefined function: 32
Warning: TT: undefined function: 32
Warning: TT: undefined function: 32
Warning: TT: undefined function: 32
Warning: TT: undefined function: 32
Warning: TT: undefined function: 32
Warning: TT: undefined function: 32
Warning: TT: undefined function: 32
Warning: TT: undefined function: 32
Warning: TT: undefined function: 32
Warning: TT: undefined function: 32
Warning: TT: undefined function: 32
Warning: TT: undefined function: 32
Warning: TT: undefined function: 32
Warning: TT: undefined function: 32
Warning: TT: undefined function: 32
Warning: TT: undefined function: 32
  9900/35136 · 9761 com texto · 139 vazios · 0 errosWarning: TT: undefined function: 21
Warning: TT: undefined function: 32
Warning: TT: undefined function: 32
Warning: TT: undefined function: 32
Warning: TT: undefined function: 32
Warning: TT: undefined function: 32
Warning: TT: undefined function: 32
Warning: TT: undefined function: 32
Warning: TT: undefined function: 32
Warning: TT: undefined function: 32
Warning: TT: undefined function: 32
Warning: TT: undefined function: 21
Warning: TT: undefined function: 21
Warning: TT: undefined function: 21
Warning: TT: undefined function: 21
Warning: TT: undefined function: 21
Warning: TT: undefined function: 21
Warning: TT: undefined function: 21
Warning: TT: undefined function: 21
Warning: TT: undefined function: 21
Warning: TT: undefined function: 21
Warning: TT: undefined function: 21
Warning: TT: undefined function: 21
Warning: TT: undefined function: 21
  10000/35136 · 9861 com texto · 139 vazios · 0 errosWarning: TT: undefined function: 21
Warning: TT: undefined function: 21
Warning: TT: undefined function: 21
Warning: TT: undefined function: 21
Warning: TT: undefined function: 21
Warning: TT: undefined function: 32
Warning: TT: undefined function: 32
Warning: TT: undefined function: 32
Warning: TT: undefined function: 32
Warning: TT: undefined function: 32
Warning: TT: undefined function: 32
Warning: TT: undefined function: 32
Warning: TT: undefined function: 32
Warning: TT: undefined function: 32
Warning: TT: undefined function: 32
Warning: TT: undefined function: 32
Warning: TT: undefined function: 32
Warning: TT: undefined function: 32
Warning: TT: undefined function: 32
Warning: TT: undefined function: 21
Warning: TT: undefined function: 21
Warning: TT: undefined function: 21
Warning: TT: undefined function: 21
Warning: TT: undefined function: 21
Warning: TT: undefined function: 21
Warning: TT: undefined function: 21
Warning: TT: undefined function: 21
Warning: TT: undefined function: 21
Warning: TT: undefined function: 21
Warning: TT: undefined function: 21
Warning: TT: undefined function: 21
Warning: TT: undefined function: 21
Warning: TT: undefined function: 21
Warning: TT: undefined function: 21
Warning: TT: undefined function: 21
Warning: TT: undefined function: 21
Warning: TT: undefined function: 21
Warning: TT: undefined function: 21
Warning: TT: undefined function: 21
Warning: TT: undefined function: 21
Warning: TT: undefined function: 21
Warning: TT: undefined function: 21
Warning: TT: undefined function: 21
Warning: TT: undefined function: 21
Warning: TT: undefined function: 21
Warning: TT: undefined function: 21
Warning: TT: undefined function: 21
Warning: TT: undefined function: 21
Warning: TT: undefined function: 21
Warning: TT: undefined function: 21
Warning: TT: undefined function: 21
Warning: TT: undefined function: 21
Warning: TT: undefined function: 21
Warning: TT: undefined function: 21
  10100/35136 · 9960 com texto · 140 vazios · 0 errosWarning: TT: undefined function: 21
Warning: TT: undefined function: 21
^C==== 15/07/2026 10:24:43,89 :: DOWNLOAD ==== 
(node:15024) Warning: SECURITY WARNING: The SSL modes 'prefer', 'require', and 'verify-ca' are treated as aliases for 'verify-full'.
In the next major version (pg-connection-string v3.0.0 and pg v9.0.0), these modes will adopt standard libpq semantics, which have weaker security guarantees.

To prepare for this change:
- If you want the current behavior, explicitly use 'sslmode=verify-full'
- If you want libpq compatibility now, use 'uselibpqcompat=true&sslmode=require'

See https://www.postgresql.org/docs/current/libpq-ssl.html for libpq SSL mode definitions.
(Use `node --trace-warnings ...` to show where the warning was created)
25.896 documentos a baixar (seleção por plataforma/modalidade) · conc 3
Warning: TT: undefined function: 21
Warning: TT: undefined function: 21
Warning: TT: undefined function: 21
Warning: TT: undefined function: 21
Warning: TT: undefined function: 21
Warning: TT: undefined function: 21
Warning: TT: undefined function: 32
Warning: TT: undefined function: 32
Warning: TT: undefined function: 21
Warning: TT: undefined function: 21
Warning: TT: undefined function: 21
Warning: TT: undefined function: 21
Warning: TT: undefined function: 32
Warning: TT: undefined function: 32
Warning: TT: undefined function: 32
Warning: TT: undefined function: 32
Warning: TT: undefined function: 32
Warning: TT: undefined function: 32
  100/25896 · 91 com texto · 9 vazios · 0 errosWarning: TT: undefined function: 32
Warning: TT: undefined function: 21
Warning: TT: undefined function: 21
Warning: TT: undefined function: 32
Warning: TT: undefined function: 32
Warning: TT: undefined function: 32
Warning: TT: undefined function: 32
Warning: TT: undefined function: 32
Warning: TT: undefined function: 21
Warning: TT: undefined function: 21
Warning: TT: undefined function: 21
Warning: TT: undefined function: 32
Warning: TT: undefined function: 32
Warning: TT: undefined function: 21
Warning: TT: undefined function: 21
Warning: TT: undefined function: 32
Warning: TT: undefined function: 32
Warning: TT: undefined function: 32
Warning: TT: undefined function: 32
Warning: TT: undefined function: 32
Warning: TT: undefined function: 32
Warning: TT: undefined function: 32
Warning: TT: undefined function: 32
  200/25896 · 189 com texto · 11 vazios · 0 errosWarning: TT: ENDF bad stack
Warning: TT: undefined function: 21
Warning: TT: undefined function: 32
Warning: TT: undefined function: 32
Warning: TT: undefined function: 21
Warning: TT: undefined function: 21
Warning: TT: undefined function: 21
Warning: TT: undefined function: 21
Warning: TT: undefined function: 21
Warning: TT: undefined function: 21
Warning: TT: undefined function: 21
Warning: TT: undefined function: 21
Warning: TT: undefined function: 21
Warning: TT: undefined function: 21
Warning: TT: undefined function: 21
Warning: TT: undefined function: 21
Warning: TT: undefined function: 21
Warning: TT: undefined function: 21
Warning: TT: undefined function: 21
Warning: TT: undefined function: 21
Warning: TT: undefined function: 21
Warning: Required "glyf" table is not found -- trying to recover.
Warning: TT: undefined function: 21
Warning: TT: undefined function: 32
Warning: TT: undefined function: 32
Warning: TT: undefined function: 21
Warning: TT: undefined function: 21
Warning: TT: undefined function: 21
Warning: TT: undefined function: 21
Warning: TT: undefined function: 21
Warning: TT: undefined function: 21
Warning: TT: undefined function: 32
Warning: TT: undefined function: 32
Warning: TT: undefined function: 32
Warning: TT: undefined function: 32
Warning: TT: undefined function: 32
Warning: TT: undefined function: 32
Warning: TT: undefined function: 32
Warning: TT: undefined function: 32
Warning: TT: undefined function: 32
Warning: TT: undefined function: 32
Warning: TT: undefined function: 32
Warning: TT: undefined function: 32
Warning: TT: undefined function: 32
Warning: TT: undefined function: 32
Warning: TT: undefined function: 32
Warning: TT: undefined function: 32
  300/25896 · 289 com texto · 11 vazios · 0 errosWarning: TT: undefined function: 21
Warning: TT: undefined function: 32
Warning: TT: undefined function: 32
Warning: TT: undefined function: 32
Warning: TT: undefined function: 21
Warning: TT: undefined function: 21
Warning: TT: undefined function: 32
Warning: TT: undefined function: 32
Warning: TT: invalid function id: 136
Warning: TT: undefined function: 21
Warning: TT: undefined function: 21
Warning: TT: undefined function: 21
Warning: TT: undefined function: 21
Warning: TT: undefined function: 21
Warning: TT: undefined function: 32
Warning: TT: undefined function: 21
Warning: TT: undefined function: 21
Warning: TT: undefined function: 21
Warning: TT: undefined function: 21
Warning: TT: undefined function: 21
Warning: TT: undefined function: 21
Warning: TT: undefined function: 21
Warning: TT: undefined function: 21
Warning: TT: undefined function: 21
Warning: TT: undefined function: 21
Warning: TT: undefined function: 21
Warning: TT: undefined function: 21
Warning: TT: undefined function: 21
Warning: TT: undefined function: 21
Warning: TT: undefined function: 21
Warning: TT: undefined function: 21
Warning: TT: undefined function: 21
Warning: TT: undefined function: 21
Warning: TT: undefined function: 21
Warning: TT: undefined function: 21
Warning: TT: undefined function: 21
Warning: TT: undefined function: 21
Warning: TT: undefined function: 21
Warning: TT: undefined function: 21
Warning: TT: undefined function: 21
Warning: TT: undefined function: 21
Warning: TT: undefined function: 21
Warning: TT: undefined function: 21
Warning: TT: undefined function: 21
Warning: TT: undefined function: 21
Warning: TT: undefined function: 21
Warning: TT: undefined function: 21
Warning: TT: undefined function: 21
Warning: TT: undefined function: 21
  400/25896 · 386 com texto · 14 vazios · 0 errosWarning: TT: undefined function: 32
Warning: TT: undefined function: 21
Warning: TT: undefined function: 21
Warning: TT: undefined function: 21
Warning: TT: undefined function: 32
Warning: TT: undefined function: 32
Warning: TT: undefined function: 32
Warning: TT: undefined function: 32
Warning: TT: undefined function: 32
Warning: TT: undefined function: 32
Warning: TT: undefined function: 32
Warning: TT: undefined function: 32
Warning: TT: undefined function: 32
Warning: TT: undefined function: 32
Warning: TT: undefined function: 21
Warning: TT: undefined function: 32
Warning: TT: undefined function: 32
Warning: TT: undefined function: 32
Warning: TT: undefined function: 32
Warning: TT: undefined function: 32
Warning: TT: undefined function: 32
  500/25896 · 482 com texto · 18 vazios · 0 errosWarning: TT: undefined function: 32
Warning: TT: undefined function: 21
Warning: TT: undefined function: 21
Warning: TT: undefined function: 21
Warning: TT: undefined function: 21
Warning: TT: undefined function: 21
Warning: TT: undefined function: 21
Warning: TT: undefined function: 21
Warning: TT: undefined function: 21
Warning: TT: undefined function: 21
Warning: TT: undefined function: 21
Warning: TT: undefined function: 21
Warning: TT: undefined function: 21
Warning: TT: undefined function: 21
Warning: TT: undefined function: 21
Warning: TT: undefined function: 21
Warning: TT: undefined function: 21
Warning: TT: undefined function: 21
Warning: TT: undefined function: 32
Warning: TT: undefined function: 32
Warning: TT: undefined function: 21
Warning: TT: undefined function: 21
Warning: TT: undefined function: 21
Warning: TT: undefined function: 21
Warning: TT: undefined function: 21
Warning: TT: undefined function: 21
Warning: TT: undefined function: 21
Warning: TT: undefined function: 21
Warning: TT: undefined function: 21
Warning: TT: undefined function: 21
Warning: TT: undefined function: 21
  600/25896 · 580 com texto · 20 vazios · 0 errosWarning: TT: undefined function: 32
Warning: TT: undefined function: 32
Warning: TT: undefined function: 32
Warning: TT: undefined function: 32
Warning: TT: undefined function: 21
Warning: TT: undefined function: 21
Warning: TT: undefined function: 32
Warning: TT: undefined function: 21
Warning: TT: undefined function: 32
Warning: TT: undefined function: 21
Warning: TT: undefined function: 21
Warning: TT: undefined function: 21
Warning: TT: invalid function id: 136
Warning: TT: invalid function id: 136
Warning: TT: undefined function: 21
Warning: TT: undefined function: 21
Warning: TT: undefined function: 21
Warning: TT: undefined function: 32
Warning: TT: undefined function: 32
Warning: TT: undefined function: 21
Warning: TT: undefined function: 21
Warning: TT: undefined function: 21
Warning: TT: undefined function: 21
Warning: TT: undefined function: 21
Warning: TT: undefined function: 21
Warning: TT: undefined function: 21
Warning: TT: undefined function: 21
  700/25896 · 672 com texto · 28 vazios · 0 errosWarning: TT: undefined function: 21
Warning: TT: undefined function: 21
Warning: TT: undefined function: 21
Warning: TT: undefined function: 21
Warning: TT: undefined function: 21
Warning: TT: undefined function: 21
Warning: TT: undefined function: 21
Warning: TT: undefined function: 32
Warning: TT: undefined function: 32
Warning: TT: undefined function: 32
Warning: TT: undefined function: 32
Warning: TT: undefined function: 32
Warning: TT: undefined function: 32
Warning: TT: undefined function: 32
Warning: TT: undefined function: 32
Warning: TT: undefined function: 32
Warning: TT: undefined function: 32
Warning: TT: undefined function: 32
Warning: TT: undefined function: 32
Warning: TT: undefined function: 32
Warning: TT: undefined function: 32
Warning: TT: undefined function: 32
Warning: TT: undefined function: 32
Warning: TT: undefined function: 32
Warning: TT: undefined function: 32
Warning: TT: undefined function: 32
Warning: TT: undefined function: 32
Warning: TT: undefined function: 21
Warning: TT: undefined function: 21
Warning: TT: undefined function: 21
Warning: TT: undefined function: 21
Warning: TT: undefined function: 21
Warning: TT: undefined function: 21
Warning: TT: undefined function: 21
Warning: TT: undefined function: 21
Warning: TT: undefined function: 21
Warning: TT: undefined function: 21
Warning: TT: undefined function: 21
Warning: TT: undefined function: 21
  800/25896 · 770 com texto · 30 vazios · 0 errosWarning: TT: undefined function: 21
Warning: TT: undefined function: 21
Warning: TT: undefined function: 21
Warning: TT: undefined function: 21
Warning: TT: undefined function: 21
Warning: TT: undefined function: 32
Warning: TT: undefined function: 32
Warning: TT: undefined function: 21
Warning: TT: undefined function: 32
Warning: TT: undefined function: 21
Warning: TT: undefined function: 21
Warning: TT: undefined function: 32
Warning: TT: undefined function: 32
Warning: TT: undefined function: 32
Warning: TT: undefined function: 21
Warning: TT: undefined function: 21
Warning: TT: undefined function: 21
Warning: TT: invalid function id: 136
Warning: TT: undefined function: 21
Warning: TT: undefined function: 21
Warning: TT: undefined function: 21
Warning: TT: invalid function id: 136
Warning: TT: undefined function: 21
  900/25896 · 869 com texto · 31 vazios · 0 errosWarning: TT: undefined function: 21
Warning: TT: undefined function: 21
Warning: TT: undefined function: 21
Warning: TT: undefined function: 21
Warning: TT: undefined function: 21
Warning: TT: undefined function: 21
Warning: TT: undefined function: 21
Warning: TT: undefined function: 21
Warning: TT: undefined function: 21
Warning: TT: undefined function: 21
Warning: TT: undefined function: 32
Warning: TT: undefined function: 21
Warning: TT: undefined function: 32
Warning: TT: undefined function: 21
Warning: TT: undefined function: 21
Warning: TT: undefined function: 21
Warning: TT: undefined function: 21
Warning: TT: undefined function: 21
Warning: TT: undefined function: 32
Warning: TT: undefined function: 21
Warning: TT: undefined function: 21
Warning: TT: undefined function: 21
Warning: TT: undefined function: 21
Warning: TT: undefined function: 32
Warning: TT: undefined function: 32
Warning: TT: undefined function: 32
Warning: TT: undefined function: 32
Warning: TT: undefined function: 21
Warning: TT: undefined function: 21
Warning: TT: undefined function: 32
Warning: TT: undefined function: 21
Warning: TT: undefined function: 21
Warning: TT: undefined function: 32
Warning: TT: undefined function: 32
Warning: TT: undefined function: 32
Warning: TT: undefined function: 32
Warning: TT: undefined function: 21
Warning: TT: undefined function: 32
Warning: TT: undefined function: 32
Warning: TT: undefined function: 32
Warning: TT: undefined function: 32
Warning: TT: undefined function: 32
Warning: TT: undefined function: 21
Warning: TT: undefined function: 32
Warning: TT: undefined function: 32
Warning: TT: undefined function: 21
Warning: TT: undefined function: 21
Warning: TT: undefined function: 21
Warning: TT: undefined function: 21
Warning: TT: undefined function: 21
Warning: TT: undefined function: 21
Warning: TT: undefined function: 21
Warning: TT: undefined function: 21
Warning: TT: undefined function: 21
Warning: TT: undefined function: 21
Warning: TT: undefined function: 32
  1000/25896 · 962 com texto · 38 vazios · 0 errosWarning: TT: undefined function: 32
Warning: TT: undefined function: 32
Warning: TT: undefined function: 32
Warning: TT: undefined function: 32
Warning: TT: undefined function: 32
Warning: TT: undefined function: 32
Warning: TT: undefined function: 32
Warning: TT: undefined function: 32
Warning: TT: undefined function: 21
Warning: TT: undefined function: 21
Warning: TT: undefined function: 21
Warning: TT: undefined function: 32
Warning: TT: undefined function: 32
Warning: TT: undefined function: 32
Warning: TT: undefined function: 21
Warning: TT: undefined function: 21
Warning: TT: undefined function: 21
Warning: TT: undefined function: 21
Warning: TT: undefined function: 32
Warning: TT: undefined function: 21
Warning: TT: undefined function: 32
Warning: TT: undefined function: 32
Warning: TT: undefined function: 32
Warning: TT: undefined function: 32
Warning: TT: undefined function: 32
Warning: TT: undefined function: 32
Warning: TT: undefined function: 32
Warning: TT: undefined function: 32
Warning: TT: undefined function: 32
Warning: TT: undefined function: 32
Warning: TT: undefined function: 32
Warning: TT: undefined function: 32
Warning: TT: undefined function: 32
Warning: TT: undefined function: 32
Warning: TT: undefined function: 32
Warning: TT: undefined function: 32
Warning: TT: undefined function: 21
Warning: TT: undefined function: 21
  1100/25896 · 1062 com texto · 38 vazios · 0 errosWarning: TT: undefined function: 32
Warning: TT: undefined function: 21
Warning: TT: undefined function: 21
Warning: TT: undefined function: 32
Warning: TT: undefined function: 32
Warning: TT: undefined function: 21
Warning: TT: undefined function: 21
Warning: TT: undefined function: 21
Warning: TT: undefined function: 21
Warning: TT: undefined function: 32
Warning: TT: undefined function: 32
Warning: TT: undefined function: 32
Warning: TT: undefined function: 32
Warning: TT: undefined function: 32
Warning: TT: undefined function: 32
Warning: TT: undefined function: 32
Warning: TT: undefined function: 32
Warning: TT: undefined function: 21
Warning: TT: undefined function: 32
Warning: TT: undefined function: 21
Warning: TT: undefined function: 21
Warning: TT: undefined function: 21
Warning: TT: undefined function: 32
Warning: TT: undefined function: 21
Warning: TT: undefined function: 32
Warning: TT: undefined function: 32
Warning: TT: undefined function: 32
Warning: TT: undefined function: 32
Warning: TT: undefined function: 32
Warning: TT: undefined function: 32
  1200/25896 · 1162 com texto · 38 vazios · 0 errosWarning: TT: undefined function: 32
Warning: TT: undefined function: 32
Warning: TT: undefined function: 32
Warning: TT: undefined function: 32
Warning: TT: undefined function: 32
Warning: TT: undefined function: 32
Warning: TT: undefined function: 21
Warning: TT: undefined function: 21
Warning: TT: undefined function: 32
Warning: TT: undefined function: 21
Warning: TT: undefined function: 21
Warning: TT: undefined function: 21
Warning: TT: undefined function: 32
Warning: TT: undefined function: 32
Warning: TT: undefined function: 32
Warning: TT: undefined function: 32
Warning: TT: undefined function: 32
Warning: TT: undefined function: 32
Warning: TT: undefined function: 32
Warning: TT: undefined function: 21
Warning: TT: invalid function id: 136
Warning: TT: undefined function: 21
Warning: TT: undefined function: 32
Warning: TT: undefined function: 32
Warning: TT: undefined function: 21
Warning: TT: undefined function: 21
Warning: TT: undefined function: 32
Warning: TT: undefined function: 21
Warning: TT: undefined function: 21
Warning: TT: undefined function: 21
Warning: TT: undefined function: 32
Warning: TT: undefined function: 32
Warning: TT: undefined function: 32
Warning: TT: undefined function: 32
Warning: TT: undefined function: 21
Warning: TT: undefined function: 21
  1300/25896 · 1261 com texto · 39 vazios · 0 errosWarning: TT: undefined function: 21
Warning: TT: undefined function: 32
Warning: TT: undefined function: 32
Warning: TT: undefined function: 32
Warning: TT: undefined function: 32
Warning: TT: undefined function: 32
Warning: TT: undefined function: 32
Warning: TT: undefined function: 32
Warning: TT: undefined function: 32
Warning: TT: undefined function: 32
Warning: TT: undefined function: 32
Warning: TT: undefined function: 32
Warning: TT: undefined function: 32
Warning: TT: undefined function: 32
Warning: TT: undefined function: 32
Warning: TT: undefined function: 32
Warning: TT: undefined function: 32
Warning: TT: undefined function: 32
Warning: TT: undefined function: 32
Warning: TT: undefined function: 32
Warning: TT: undefined function: 32
  1400/25896 · 1361 com texto · 39 vazios · 0 errosWarning: TT: undefined function: 32
Warning: TT: undefined function: 21
Warning: TT: undefined function: 21
Warning: TT: undefined function: 21
Warning: TT: undefined function: 21
Warning: TT: undefined function: 32
Warning: TT: undefined function: 32
Warning: TT: undefined function: 32
Warning: TT: undefined function: 32
Warning: TT: undefined function: 21
Warning: TT: undefined function: 21
Warning: TT: undefined function: 21
Warning: TT: undefined function: 32
Warning: TT: undefined function: 32
Warning: TT: undefined function: 32
Warning: TT: undefined function: 21
Warning: TT: undefined function: 32
Warning: TT: undefined function: 21
Warning: TT: undefined function: 21
Warning: TT: undefined function: 21
Warning: TT: undefined function: 21
Warning: TT: undefined function: 21
Warning: TT: undefined function: 21
Warning: TT: undefined function: 21
Warning: TT: undefined function: 21
Warning: TT: undefined function: 21
Warning: TT: undefined function: 21
Warning: TT: undefined function: 21
Warning: TT: undefined function: 21
Warning: TT: undefined function: 21
Warning: TT: undefined function: 21
Warning: TT: undefined function: 21
Warning: TT: undefined function: 21
Warning: TT: undefined function: 21
Warning: TT: undefined function: 21
Warning: TT: undefined function: 21
Warning: TT: undefined function: 21
  1500/25896 · 1461 com texto · 39 vazios · 0 errosWarning: TT: undefined function: 21
Warning: TT: undefined function: 21
Warning: TT: undefined function: 32
Warning: TT: undefined function: 21
Warning: TT: undefined function: 21
Warning: TT: undefined function: 21
Warning: TT: undefined function: 21
Warning: TT: undefined function: 21
Warning: TT: undefined function: 21
Warning: TT: undefined function: 21
Warning: TT: undefined function: 32
Warning: TT: undefined function: 21
Warning: TT: undefined function: 21
Warning: TT: undefined function: 32
Warning: TT: undefined function: 21
Warning: TT: undefined function: 21
Warning: TT: undefined function: 21
Warning: TT: undefined function: 21
Warning: TT: undefined function: 21
Warning: TT: undefined function: 21
Warning: TT: undefined function: 32
Warning: TT: undefined function: 21
Warning: TT: undefined function: 21
Warning: TT: undefined function: 21
Warning: TT: undefined function: 21
Warning: TT: undefined function: 21
Warning: TT: undefined function: 21
Warning: TT: undefined function: 21
Warning: TT: undefined function: 21
Warning: TT: undefined function: 21
Warning: TT: undefined function: 21
Warning: TT: undefined function: 21
Warning: TT: undefined function: 32
Warning: TT: undefined function: 32
Warning: TT: undefined function: 32
Warning: TT: undefined function: 32
Warning: TT: undefined function: 32
Warning: TT: undefined function: 32
Warning: TT: undefined function: 32
Warning: TT: undefined function: 32
Warning: TT: undefined function: 32
Warning: TT: undefined function: 21
Warning: TT: undefined function: 21
Warning: TT: undefined function: 21
Warning: TT: undefined function: 32
Warning: TT: undefined function: 21
Warning: TT: undefined function: 21
Warning: TT: undefined function: 21
Warning: TT: undefined function: 21
Warning: TT: undefined function: 21
Warning: TT: undefined function: 32
Warning: TT: undefined function: 32
Warning: TT: undefined function: 32
Warning: TT: undefined function: 32
Warning: TT: undefined function: 32
Warning: TT: undefined function: 32
Warning: TT: undefined function: 32
Warning: TT: undefined function: 32
Warning: TT: undefined function: 32
Warning: TT: undefined function: 32
  1600/25896 · 1560 com texto · 40 vazios · 0 errosWarning: TT: undefined function: 32
Warning: TT: undefined function: 32
Warning: TT: undefined function: 32
Warning: TT: undefined function: 32
Warning: TT: undefined function: 32
Warning: TT: undefined function: 32
Warning: TT: undefined function: 32
Warning: TT: undefined function: 32
Warning: TT: undefined function: 32
Warning: TT: undefined function: 32
Warning: TT: undefined function: 21
Warning: TT: undefined function: 32
Warning: TT: undefined function: 32
Warning: TT: undefined function: 32
Warning: TT: undefined function: 32
Warning: TT: undefined function: 32
Warning: TT: undefined function: 32
Warning: TT: undefined function: 32
Warning: TT: undefined function: 32
Warning: TT: undefined function: 32
Warning: TT: undefined function: 32
Warning: TT: undefined function: 32
Warning: TT: undefined function: 32
Warning: TT: undefined function: 21
Warning: TT: undefined function: 21
Warning: TT: undefined function: 32
Warning: TT: undefined function: 32
Warning: TT: undefined function: 32
Warning: TT: undefined function: 32
Warning: TT: undefined function: 32
Warning: TT: undefined function: 21
Warning: TT: undefined function: 21
Warning: TT: undefined function: 32
Warning: TT: undefined function: 21
Warning: TT: undefined function: 32
Warning: TT: undefined function: 32
Warning: TT: undefined function: 32
  1700/25896 · 1656 com texto · 44 vazios · 0 errosWarning: TT: undefined function: 21
Warning: TT: undefined function: 32
Warning: TT: undefined function: 21
Warning: TT: undefined function: 32
Warning: TT: undefined function: 21
Warning: TT: undefined function: 32
Warning: TT: undefined function: 32
Warning: TT: undefined function: 32
Warning: TT: undefined function: 32
Warning: TT: undefined function: 32
Warning: TT: undefined function: 32
Warning: TT: undefined function: 32
Warning: TT: undefined function: 32
Warning: TT: undefined function: 32
Warning: TT: undefined function: 32
Warning: TT: undefined function: 32
Warning: TT: undefined function: 32
Warning: Incorrect 'loca' table length -- attempting to fix it.
Warning: Incorrect 'loca' table length -- attempting to fix it.
Warning: Incorrect 'loca' table length -- attempting to fix it.
Warning: Incorrect 'loca' table length -- attempting to fix it.
Warning: Incorrect 'loca' table length -- attempting to fix it.
Warning: Incorrect 'loca' table length -- attempting to fix it.
Warning: Incorrect 'loca' table length -- attempting to fix it.
Warning: Incorrect 'loca' table length -- attempting to fix it.
Warning: Incorrect 'loca' table length -- attempting to fix it.
Warning: Incorrect 'loca' table length -- attempting to fix it.
Warning: TT: undefined function: 32
Warning: TT: undefined function: 32
Warning: TT: undefined function: 32
Warning: TT: undefined function: 32
Warning: TT: undefined function: 21
Warning: TT: invalid function id: 136
Warning: TT: undefined function: 21
Warning: TT: undefined function: 21
Warning: TT: undefined function: 21
  1800/25896 · 1756 com texto · 44 vazios · 0 errosWarning: TT: undefined function: 21
Warning: TT: undefined function: 21
Warning: TT: undefined function: 21
Warning: TT: undefined function: 32
Warning: TT: undefined function: 32
Warning: TT: undefined function: 32
Warning: TT: undefined function: 32
Warning: TT: undefined function: 21
Warning: TT: undefined function: 21
Warning: TT: undefined function: 21
Warning: TT: undefined function: 21
Warning: TT: undefined function: 21
Warning: TT: undefined function: 21
Warning: TT: undefined function: 21
Warning: TT: undefined function: 21
Warning: TT: undefined function: 21
Warning: TT: undefined function: 21
Warning: TT: undefined function: 21
Warning: TT: undefined function: 21
Warning: TT: undefined function: 21
Warning: TT: undefined function: 21
Warning: TT: undefined function: 21
Warning: TT: undefined function: 21
Warning: TT: undefined function: 21
Warning: TT: undefined function: 21
Warning: TT: undefined function: 21
Warning: TT: undefined function: 21
Warning: TT: undefined function: 21
Warning: TT: undefined function: 21
Warning: TT: undefined function: 21
Warning: TT: undefined function: 21
Warning: TT: undefined function: 21
Warning: TT: undefined function: 21
Warning: TT: undefined function: 21
Warning: TT: undefined function: 21
Warning: TT: undefined function: 21
Warning: TT: undefined function: 21
Warning: TT: undefined function: 21
Warning: TT: undefined function: 32
Warning: TT: undefined function: 21
Warning: TT: undefined function: 21
Warning: TT: undefined function: 21
  1900/25896 · 1856 com texto · 44 vazios · 0 errosWarning: TT: undefined function: 32
Warning: TT: undefined function: 21
Warning: TT: undefined function: 21
Warning: TT: undefined function: 21
Warning: TT: undefined function: 21
Warning: TT: undefined function: 21
Warning: TT: undefined function: 21
Warning: TT: undefined function: 21
Warning: TT: undefined function: 21
Warning: TT: undefined function: 21
Warning: TT: undefined function: 32
Warning: TT: undefined function: 32
Warning: TT: undefined function: 32
Warning: TT: undefined function: 32
Warning: TT: undefined function: 32
Warning: TT: undefined function: 32
Warning: TT: undefined function: 32
Warning: TT: undefined function: 32
Warning: TT: undefined function: 32
Warning: TT: undefined function: 32
Warning: TT: undefined function: 32
Warning: TT: undefined function: 32
Warning: TT: undefined function: 32
Warning: TT: undefined function: 32
Warning: TT: undefined function: 32
Warning: TT: undefined function: 32
Warning: TT: undefined function: 32
Warning: TT: undefined function: 32
Warning: TT: undefined function: 32
Warning: TT: undefined function: 32
Warning: TT: undefined function: 32
Warning: TT: undefined function: 32
Warning: TT: undefined function: 32
Warning: TT: undefined function: 32
Warning: TT: undefined function: 32
Warning: TT: undefined function: 32
Warning: TT: undefined function: 32
Warning: Indexing all PDF objects
Warning: TT: undefined function: 32
Warning: TT: undefined function: 32
Warning: TT: undefined function: 32
Warning: TT: undefined function: 21
Warning: TT: undefined function: 32
  2000/25896 · 1953 com texto · 47 vazios · 0 errosWarning: TT: undefined function: 32
Warning: TT: undefined function: 21
Warning: TT: undefined function: 21
Warning: TT: undefined function: 21
Warning: TT: undefined function: 21
Warning: TT: undefined function: 21
Warning: TT: undefined function: 21
Warning: TT: undefined function: 21
Warning: TT: undefined function: 21
Warning: TT: undefined function: 21
Warning: TT: undefined function: 21
Warning: TT: undefined function: 21
Warning: TT: undefined function: 21
Warning: TT: undefined function: 21
Warning: TT: undefined function: 21
Warning: TT: undefined function: 21
Warning: TT: undefined function: 21
Warning: TT: undefined function: 32
Warning: TT: undefined function: 32
Warning: TT: undefined function: 32
Warning: TT: undefined function: 32
Warning: TT: undefined function: 21
Warning: TT: undefined function: 21
Warning: TT: undefined function: 21
Warning: TT: undefined function: 21
Warning: TT: undefined function: 21
Warning: TT: undefined function: 21
Warning: TT: undefined function: 32
Warning: TT: undefined function: 21
Warning: TT: undefined function: 32
Warning: TT: undefined function: 32
Warning: TT: undefined function: 32
Warning: TT: undefined function: 32
Warning: TT: undefined function: 32
Warning: TT: undefined function: 32
Warning: TT: undefined function: 32
Warning: TT: undefined function: 32
Warning: TT: undefined function: 32
Warning: TT: undefined function: 3
Warning: TT: undefined function: 32
Warning: TT: undefined function: 32
Warning: TT: undefined function: 32
Warning: TT: undefined function: 32
  2100/25896 · 2053 com texto · 47 vazios · 0 errosWarning: TT: undefined function: 21
Warning: TT: undefined function: 21
Warning: TT: undefined function: 21
Warning: TT: undefined function: 21
Warning: TT: undefined function: 32
Warning: TT: undefined function: 32
Warning: TT: undefined function: 32
Warning: TT: undefined function: 32
Warning: TT: undefined function: 32
Warning: TT: undefined function: 32
Warning: TT: undefined function: 32
Warning: TT: undefined function: 32
Warning: TT: undefined function: 32
Warning: TT: undefined function: 32
Warning: TT: undefined function: 21
Warning: TT: undefined function: 21
Warning: TT: undefined function: 32
Warning: TT: undefined function: 21
Warning: TT: undefined function: 21
Warning: TT: undefined function: 21
Warning: TT: undefined function: 21
Warning: TT: invalid function id: 136
Warning: TT: undefined function: 21
Warning: TT: invalid function id: 136
Warning: TT: undefined function: 21
Warning: TT: invalid function id: 136
Warning: TT: undefined function: 21
Warning: TT: invalid function id: 136
Warning: TT: undefined function: 21
Warning: TT: invalid function id: 136
Warning: TT: undefined function: 21
Warning: TT: invalid function id: 136
Warning: TT: undefined function: 21
Warning: TT: undefined function: 21
Warning: TT: undefined function: 21
Warning: TT: undefined function: 21
Warning: TT: undefined function: 21
Warning: TT: undefined function: 21
Warning: TT: undefined function: 21
Warning: TT: undefined function: 21
Warning: TT: undefined function: 21
Warning: TT: undefined function: 32
Warning: TT: undefined function: 32
Warning: TT: undefined function: 32
Warning: TT: undefined function: 32
Warning: TT: undefined function: 32
Warning: TT: undefined function: 32
Warning: TT: undefined function: 32
Warning: TT: undefined function: 32
Warning: TT: undefined function: 32
Warning: TT: undefined function: 32
Warning: TT: undefined function: 32
Warning: TT: undefined function: 32
Warning: TT: undefined function: 32
Warning: TT: undefined function: 21
Warning: TT: undefined function: 32
Warning: TT: undefined function: 32
Warning: TT: undefined function: 32
  2200/25896 · 2150 com texto · 50 vazios · 0 errosWarning: TT: undefined function: 32
Warning: TT: undefined function: 32
Warning: TT: undefined function: 32
Warning: TT: undefined function: 32
Warning: TT: undefined function: 32
Warning: TT: undefined function: 32
Warning: TT: undefined function: 32
Warning: TT: undefined function: 32
Warning: TT: undefined function: 32
Warning: TT: undefined function: 32
Warning: TT: undefined function: 32
Warning: TT: undefined function: 21
Warning: TT: undefined function: 21
Warning: TT: undefined function: 32
Warning: TT: undefined function: 32
Warning: TT: undefined function: 32
Warning: TT: undefined function: 32
Warning: TT: undefined function: 32
Warning: TT: undefined function: 21
Warning: TT: undefined function: 21
Warning: TT: undefined function: 21
Warning: TT: undefined function: 21
Warning: TT: undefined function: 21
Warning: TT: undefined function: 21
Warning: TT: undefined function: 32
Warning: TT: undefined function: 32
Warning: TT: undefined function: 32
Warning: TT: undefined function: 32
Warning: TT: undefined function: 21
Warning: TT: undefined function: 32
Warning: TT: undefined function: 32
Warning: TT: undefined function: 32
Warning: TT: undefined function: 32
Warning: TT: undefined function: 32
Warning: TT: undefined function: 32
Warning: TT: undefined function: 32
Warning: TT: undefined function: 32
Warning: TT: undefined function: 32
Warning: TT: undefined function: 32
Warning: TT: undefined function: 32
Warning: TT: undefined function: 32
Warning: TT: undefined function: 32
Warning: TT: undefined function: 32
Warning: TT: undefined function: 32
Warning: TT: undefined function: 32
Warning: TT: undefined function: 32
Warning: TT: undefined function: 32
Warning: TT: undefined function: 32
Warning: TT: undefined function: 32
Warning: TT: undefined function: 32
Warning: TT: undefined function: 32
Warning: TT: undefined function: 32
Warning: TT: undefined function: 32
  2300/25896 · 2249 com texto · 51 vazios · 0 errosWarning: TT: undefined function: 21
Warning: TT: undefined function: 32
Warning: TT: undefined function: 32
Warning: TT: undefined function: 32
Warning: TT: undefined function: 32
  2400/25896 · 2348 com texto · 52 vazios · 0 errosWarning: TT: undefined function: 32
Warning: TT: undefined function: 32
Warning: TT: undefined function: 32
Warning: TT: undefined function: 32
Warning: TT: undefined function: 32
Warning: TT: undefined function: 32
Warning: TT: invalid function id: 136
Warning: TT: undefined function: 21
Warning: TT: undefined function: 32
Warning: TT: undefined function: 32
Warning: TT: undefined function: 32
Warning: TT: undefined function: 21
Warning: TT: undefined function: 32
Warning: TT: undefined function: 21
Warning: TT: undefined function: 32
  2500/25896 · 2446 com texto · 54 vazios · 0 errosWarning: TT: undefined function: 32
Warning: TT: undefined function: 32
Warning: TT: undefined function: 32
Warning: TT: undefined function: 32
Warning: TT: undefined function: 32
Warning: TT: undefined function: 32
Warning: TT: undefined function: 32
Warning: TT: undefined function: 32
Warning: TT: undefined function: 32
Warning: TT: undefined function: 32
Warning: TT: undefined function: 32
Warning: TT: undefined function: 32
Warning: TT: undefined function: 32
Warning: TT: undefined function: 21
Warning: TT: undefined function: 21
Warning: TT: undefined function: 32
Warning: TT: undefined function: 32
Warning: TT: undefined function: 32
Warning: TT: undefined function: 32
Warning: TT: undefined function: 32
Warning: TT: undefined function: 32
Warning: TT: undefined function: 32
Warning: TT: undefined function: 32
Warning: TT: undefined function: 32
Warning: TT: undefined function: 32
Warning: TT: undefined function: 32
Warning: TT: undefined function: 32
Warning: TT: undefined function: 21
Warning: TT: undefined function: 32
Warning: TT: undefined function: 21
Warning: TT: undefined function: 21
Warning: TT: undefined function: 21
Warning: TT: undefined function: 21
Warning: TT: undefined function: 21
Warning: TT: undefined function: 32
Warning: TT: undefined function: 32
  2600/25896 · 2546 com texto · 54 vazios · 0 errosWarning: TT: undefined function: 32
Warning: TT: undefined function: 32
Warning: TT: undefined function: 32
Warning: TT: undefined function: 32
Warning: TT: undefined function: 32
Warning: TT: undefined function: 32
Warning: TT: undefined function: 32
Warning: TT: undefined function: 32
Warning: TT: undefined function: 32
Warning: TT: undefined function: 21
Warning: TT: undefined function: 32
Warning: TT: undefined function: 32
  2700/25896 · 2636 com texto · 64 vazios · 0 errosWarning: TT: undefined function: 32
Warning: TT: undefined function: 21
Warning: TT: undefined function: 32
Warning: TT: undefined function: 32
Warning: TT: undefined function: 32
Warning: TT: undefined function: 21
  2800/25896 · 2734 com texto · 66 vazios · 0 errosWarning: TT: undefined function: 32
Warning: TT: undefined function: 32
Warning: TT: undefined function: 21
Warning: TT: undefined function: 32
Warning: TT: undefined function: 32
Warning: TT: undefined function: 32
Warning: TT: undefined function: 32
Warning: TT: undefined function: 32
Warning: TT: undefined function: 32
Warning: TT: undefined function: 32
Warning: TT: undefined function: 32
Warning: TT: undefined function: 32
Warning: TT: undefined function: 32
Warning: TT: undefined function: 32
Warning: TT: undefined function: 5
Warning: TT: undefined function: 3
Warning: TT: undefined function: 5
Warning: TT: undefined function: 3
Warning: TT: undefined function: 32
Warning: TT: undefined function: 3
Warning: TT: undefined function: 3
Warning: Required "glyf" table is not found -- trying to recover.
Warning: TT: undefined function: 21
Warning: TT: undefined function: 32
Warning: TT: undefined function: 32
Warning: TT: undefined function: 32
Warning: TT: undefined function: 21
Warning: TT: undefined function: 32
Warning: TT: undefined function: 21
  2900/25896 · 2828 com texto · 72 vazios · 0 errosWarning: TT: undefined function: 21
Warning: TT: undefined function: 21
Warning: TT: undefined function: 32
Warning: TT: undefined function: 21
Warning: TT: undefined function: 32
Warning: TT: undefined function: 21
Warning: TT: undefined function: 32
Warning: TT: undefined function: 32
Warning: TT: undefined function: 32
Warning: TT: undefined function: 32
Warning: TT: undefined function: 32
Warning: TT: undefined function: 32
Warning: TT: undefined function: 21
Warning: TT: undefined function: 32
Warning: TT: undefined function: 32
Warning: TT: undefined function: 32
Warning: TT: undefined function: 32
  3000/25896 · 2928 com texto · 72 vazios · 0 errosWarning: TT: undefined function: 32
Warning: TT: undefined function: 32
Warning: TT: undefined function: 32
Warning: TT: undefined function: 32
Warning: TT: undefined function: 32
Warning: TT: undefined function: 21
Warning: TT: undefined function: 32
Warning: TT: undefined function: 32
Warning: TT: undefined function: 32
Warning: TT: undefined function: 32
Warning: TT: undefined function: 21
Warning: TT: undefined function: 32
Warning: TT: undefined function: 21
Warning: TT: undefined function: 21
Warning: TT: undefined function: 32
Warning: TT: undefined function: 32
Warning: TT: undefined function: 32
Warning: TT: undefined function: 21
Warning: TT: undefined function: 21
Warning: TT: undefined function: 32
Warning: TT: undefined function: 32
Warning: TT: undefined function: 21
Warning: TT: undefined function: 32
Warning: TT: undefined function: 32
Warning: TT: undefined function: 32
Warning: TT: undefined function: 32
Warning: TT: undefined function: 21
Warning: TT: undefined function: 21
Warning: TT: undefined function: 21
Warning: TT: undefined function: 21
Warning: TT: undefined function: 21
Warning: TT: undefined function: 21
Warning: TT: undefined function: 21
Warning: TT: undefined function: 21
Warning: TT: undefined function: 21
Warning: TT: undefined function: 21
Warning: TT: undefined function: 32
Warning: TT: undefined function: 21
Warning: TT: undefined function: 21
Warning: TT: undefined function: 21
Warning: TT: undefined function: 21
Warning: TT: undefined function: 21
Warning: TT: undefined function: 21
Warning: TT: undefined function: 21
Warning: TT: undefined function: 21
Warning: TT: undefined function: 21
Warning: TT: undefined function: 21
Warning: TT: undefined function: 32
Warning: TT: undefined function: 21
Warning: TT: undefined function: 32
Warning: TT: undefined function: 32
Warning: TT: undefined function: 32
Warning: TT: undefined function: 32
Warning: TT: undefined function: 21
Warning: TT: undefined function: 21
Warning: TT: invalid function id: 136
Warning: TT: invalid function id: 136
  3100/25896 · 3026 com texto · 74 vazios · 0 errosWarning: TT: undefined function: 21
Warning: TT: undefined function: 21
Warning: TT: undefined function: 32
Warning: TT: undefined function: 32
Warning: TT: undefined function: 32
Warning: TT: undefined function: 32
Warning: TT: undefined function: 21
Warning: TT: undefined function: 21
Warning: TT: undefined function: 21
Warning: TT: undefined function: 21
Warning: TT: undefined function: 32
Warning: TT: undefined function: 21
Warning: TT: undefined function: 21
Warning: TT: undefined function: 21
Warning: TT: undefined function: 21
Warning: TT: undefined function: 32
Warning: TT: undefined function: 32
Warning: TT: undefined function: 32
Warning: TT: undefined function: 32
Warning: TT: undefined function: 32
Warning: TT: undefined function: 32
Warning: TT: undefined function: 32
Warning: TT: undefined function: 32
Warning: TT: undefined function: 32
Warning: TT: undefined function: 32
Warning: TT: undefined function: 32
Warning: TT: undefined function: 21
Warning: TT: undefined function: 32
Warning: TT: undefined function: 32
Warning: TT: undefined function: 21
Warning: TT: undefined function: 32
Warning: TT: undefined function: 32
Warning: TT: undefined function: 21
Warning: TT: undefined function: 21
Warning: TT: undefined function: 32
Warning: TT: undefined function: 21
Warning: TT: undefined function: 21
Warning: TT: undefined function: 21
Warning: TT: undefined function: 32
Warning: TT: undefined function: 21
Warning: TT: undefined function: 32
Warning: TT: undefined function: 21
Warning: TT: undefined function: 21
Warning: TT: undefined function: 32
Warning: TT: undefined function: 32
Warning: TT: undefined function: 32
Warning: TT: undefined function: 32
Warning: TT: undefined function: 32
Warning: TT: undefined function: 21
Warning: TT: undefined function: 21
Warning: TT: undefined function: 21
Warning: TT: undefined function: 32
  3200/25896 · 3126 com texto · 74 vazios · 0 errosWarning: TT: undefined function: 32
Warning: TT: undefined function: 21
Warning: TT: undefined function: 21
Warning: TT: undefined function: 21
Warning: TT: undefined function: 21
Warning: TT: undefined function: 21
Warning: TT: undefined function: 21
Warning: TT: undefined function: 21
Warning: TT: undefined function: 21
Warning: TT: undefined function: 21
Warning: TT: undefined function: 21
Warning: TT: undefined function: 21
Warning: TT: undefined function: 21
Warning: TT: undefined function: 21
Warning: TT: undefined function: 21
Warning: TT: undefined function: 32
Warning: TT: undefined function: 32
Warning: TT: undefined function: 32
Warning: TT: undefined function: 32
Warning: TT: undefined function: 32
Warning: TT: undefined function: 32
Warning: TT: undefined function: 21
Warning: TT: undefined function: 32
Warning: TT: undefined function: 32
Warning: TT: undefined function: 21
Warning: TT: undefined function: 21
Warning: TT: undefined function: 21
Warning: TT: undefined function: 21
Warning: TT: undefined function: 32
Warning: TT: undefined function: 21
Warning: TT: undefined function: 21
Warning: TT: undefined function: 21
Warning: TT: undefined function: 21
Warning: TT: undefined function: 32
Warning: TT: undefined function: 32
Warning: TT: undefined function: 32
Warning: TT: undefined function: 32
Warning: TT: undefined function: 32
Warning: TT: undefined function: 32
Warning: TT: undefined function: 32
Warning: TT: undefined function: 32
Warning: TT: undefined function: 32
Warning: TT: undefined function: 32
Warning: TT: undefined function: 32
  3300/25896 · 3226 com texto · 74 vazios · 0 errosWarning: TT: undefined function: 32
Warning: TT: undefined function: 32
Warning: TT: undefined function: 21
Warning: TT: undefined function: 21
Warning: TT: undefined function: 32
Warning: TT: undefined function: 21
Warning: TT: undefined function: 32
Warning: TT: undefined function: 21
Warning: TT: undefined function: 32
Warning: TT: undefined function: 32
Warning: TT: undefined function: 32
Warning: TT: undefined function: 32
Warning: TT: undefined function: 21
Warning: TT: undefined function: 32
Warning: TT: undefined function: 32
Warning: TT: undefined function: 32
Warning: TT: undefined function: 32
Warning: TT: undefined function: 32
Warning: TT: undefined function: 32
Warning: TT: undefined function: 21
Warning: TT: undefined function: 21
Warning: TT: undefined function: 32
Warning: TT: undefined function: 32
Warning: TT: undefined function: 21
Warning: TT: undefined function: 21
Warning: TT: undefined function: 32
Warning: TT: undefined function: 32
Warning: TT: undefined function: 32
Warning: TT: undefined function: 32
Warning: TT: undefined function: 32
Warning: TT: undefined function: 32
  3400/25896 · 3320 com texto · 80 vazios · 0 errosWarning: TT: undefined function: 21
Warning: TT: undefined function: 32
Warning: TT: undefined function: 32
Warning: TT: undefined function: 32
Warning: TT: undefined function: 21
Warning: TT: undefined function: 21
Warning: TT: undefined function: 21
Warning: TT: undefined function: 21
Warning: TT: undefined function: 21
Warning: TT: undefined function: 21
Warning: TT: undefined function: 21
Warning: TT: undefined function: 21
Warning: TT: undefined function: 21
Warning: TT: undefined function: 21
Warning: TT: undefined function: 21
Warning: TT: undefined function: 21
Warning: TT: undefined function: 21
Warning: TT: undefined function: 21
Warning: TT: undefined function: 21
Warning: TT: undefined function: 21
Warning: TT: undefined function: 21
Warning: TT: undefined function: 21
Warning: TT: undefined function: 21
Warning: TT: undefined function: 21
Warning: TT: undefined function: 21
Warning: TT: undefined function: 32
Warning: TT: undefined function: 21
Warning: TT: undefined function: 21
Warning: TT: undefined function: 21
Warning: TT: undefined function: 21
Warning: TT: undefined function: 21
Warning: TT: undefined function: 32
Warning: TT: undefined function: 32
Warning: TT: undefined function: 32
Warning: TT: undefined function: 32
Warning: TT: undefined function: 32
Warning: TT: undefined function: 32
Warning: TT: undefined function: 32
Warning: TT: undefined function: 32
Warning: TT: undefined function: 32
Warning: TT: undefined function: 21
Warning: TT: undefined function: 32
Warning: TT: undefined function: 32
Warning: TT: undefined function: 32
Warning: TT: undefined function: 32
Warning: TT: undefined function: 32
Warning: TT: undefined function: 32
  3500/25896 · 3419 com texto · 81 vazios · 0 errosWarning: TT: undefined function: 32
Warning: TT: undefined function: 32
Warning: TT: undefined function: 32
Warning: TT: undefined function: 32
Warning: TT: undefined function: 32
Warning: TT: undefined function: 21
Warning: TT: undefined function: 21
Warning: TT: undefined function: 21
Warning: TT: undefined function: 32
Warning: TT: undefined function: 32
Warning: TT: undefined function: 32
Warning: TT: undefined function: 32
Warning: TT: undefined function: 32
Warning: TT: undefined function: 32
Warning: TT: undefined function: 21
Warning: TT: undefined function: 21
Warning: TT: undefined function: 21
Warning: TT: undefined function: 32
Warning: TT: undefined function: 21
Warning: TT: undefined function: 32
Warning: TT: undefined function: 21
Warning: TT: undefined function: 32
Warning: TT: undefined function: 21
Warning: TT: undefined function: 21
Warning: TT: undefined function: 21
Warning: TT: undefined function: 32
Warning: TT: undefined function: 32
Warning: TT: undefined function: 32
Warning: TT: undefined function: 32
Warning: TT: undefined function: 32
Warning: TT: undefined function: 32
Warning: TT: undefined function: 32
  3600/25896 · 3513 com texto · 87 vazios · 0 errosWarning: TT: undefined function: 32
Warning: TT: undefined function: 32
Warning: TT: undefined function: 32
Warning: TT: undefined function: 32
Warning: TT: invalid function id: 136
Warning: TT: undefined function: 21
Warning: TT: undefined function: 21
Warning: TT: undefined function: 21
Warning: TT: undefined function: 21
Warning: TT: undefined function: 21
Warning: TT: undefined function: 21
Warning: TT: undefined function: 21
Warning: TT: undefined function: 21
Warning: TT: undefined function: 21
Warning: TT: undefined function: 21
  3700/25896 · 3613 com texto · 87 vazios · 0 errosWarning: TT: undefined function: 32
Warning: TT: undefined function: 32
Warning: TT: undefined function: 32
Warning: TT: undefined function: 32
Warning: TT: undefined function: 32
Warning: TT: undefined function: 32
Warning: TT: undefined function: 32
Warning: TT: undefined function: 32
Warning: TT: undefined function: 21
Warning: TT: undefined function: 21
Warning: TT: undefined function: 21
Warning: TT: undefined function: 21
Warning: TT: undefined function: 21
Warning: TT: undefined function: 21
Warning: TT: undefined function: 21
Warning: TT: undefined function: 21
Warning: TT: undefined function: 21
Warning: TT: undefined function: 21
Warning: TT: undefined function: 21
Warning: TT: undefined function: 21
Warning: TT: undefined function: 21
Warning: TT: undefined function: 21
Warning: TT: undefined function: 32
  3800/25896 · 3712 com texto · 88 vazios · 0 errosWarning: TT: undefined function: 32
Warning: TT: undefined function: 32
Warning: TT: undefined function: 32
Warning: TT: undefined function: 32
Warning: TT: undefined function: 21
Warning: TT: undefined function: 32
Warning: TT: undefined function: 32
Warning: TT: undefined function: 32
Warning: TT: undefined function: 32
Warning: TT: undefined function: 32
Warning: TT: undefined function: 21
Warning: TT: undefined function: 32
  3900/25896 · 3812 com texto · 88 vazios · 0 errosWarning: TT: undefined function: 32
Warning: TT: undefined function: 32
Warning: TT: undefined function: 32
  4000/25896 · 3911 com texto · 89 vazios · 0 errosWarning: TT: undefined function: 32
Warning: TT: undefined function: 21
Warning: TT: undefined function: 21
Warning: TT: invalid function id: 136
Warning: TT: undefined function: 32
Warning: TT: undefined function: 32
Warning: TT: undefined function: 32
Warning: TT: undefined function: 32
Warning: TT: undefined function: 32
Warning: TT: undefined function: 32
Warning: TT: undefined function: 32
Warning: TT: undefined function: 32
Warning: TT: undefined function: 32
Warning: TT: undefined function: 32
Warning: TT: undefined function: 32
Warning: TT: undefined function: 32
Warning: TT: undefined function: 32
Warning: TT: undefined function: 32
Warning: TT: undefined function: 32
Warning: TT: undefined function: 32
Warning: TT: undefined function: 32
Warning: TT: undefined function: 32
  4100/25896 · 4008 com texto · 92 vazios · 0 errosWarning: TT: undefined function: 32
Warning: TT: undefined function: 32
Warning: TT: undefined function: 32
Warning: TT: undefined function: 32
  4200/25896 · 4100 com texto · 100 vazios · 0 errosWarning: TT: undefined function: 32
Warning: TT: undefined function: 32
Warning: TT: undefined function: 32
  4300/25896 · 4200 com texto · 100 vazios · 0 errosWarning: TT: undefined function: 21
Warning: TT: undefined function: 21
Warning: TT: undefined function: 32
Warning: TT: undefined function: 32
Warning: TT: undefined function: 32
Warning: TT: undefined function: 32
Warning: TT: undefined function: 32
Warning: TT: undefined function: 21
Warning: TT: undefined function: 32
Warning: TT: undefined function: 32
Warning: TT: undefined function: 32
Warning: TT: undefined function: 32
Warning: TT: undefined function: 21
Warning: TT: undefined function: 21
  4400/25896 · 4300 com texto · 100 vazios · 0 errosWarning: TT: undefined function: 32
Warning: TT: undefined function: 32
Warning: TT: undefined function: 32
Warning: TT: undefined function: 21
Warning: TT: undefined function: 21
Warning: TT: undefined function: 21
Warning: TT: undefined function: 21
Warning: TT: undefined function: 21
Warning: TT: undefined function: 21
Warning: TT: undefined function: 21
Warning: TT: undefined function: 21
Warning: TT: undefined function: 21
Warning: TT: undefined function: 32
Warning: TT: undefined function: 21
Warning: TT: undefined function: 32
Warning: TT: undefined function: 32
Warning: TT: undefined function: 32
Warning: TT: undefined function: 32
Warning: TT: undefined function: 32
Warning: TT: undefined function: 32
  4500/25896 · 4399 com texto · 101 vazios · 0 errosWarning: TT: undefined function: 21
Warning: TT: undefined function: 21
Warning: TT: undefined function: 21
Warning: TT: undefined function: 21
Warning: TT: undefined function: 21
Warning: TT: undefined function: 21
Warning: TT: undefined function: 21
Warning: TT: undefined function: 32
Warning: TT: undefined function: 21
Warning: TT: undefined function: 21
Warning: TT: undefined function: 32
Warning: TT: undefined function: 32
Warning: TT: undefined function: 21
Warning: TT: undefined function: 32
Warning: TT: undefined function: 32
Warning: TT: undefined function: 32
Warning: TT: undefined function: 32
Warning: TT: undefined function: 32
Warning: TT: undefined function: 21
Warning: TT: undefined function: 21
Warning: TT: undefined function: 32
Warning: TT: undefined function: 32
Warning: TT: undefined function: 21
Warning: TT: undefined function: 32
Warning: TT: undefined function: 32
Warning: TT: undefined function: 32
Warning: TT: undefined function: 32
Warning: TT: undefined function: 21
Warning: TT: undefined function: 21
Warning: TT: undefined function: 32
Warning: TT: undefined function: 21
Warning: TT: undefined function: 21
Warning: TT: undefined function: 21
Warning: TT: undefined function: 32
Warning: TT: undefined function: 32
Warning: TT: undefined function: 32
Warning: TT: undefined function: 21
Warning: TT: undefined function: 32
Warning: TT: undefined function: 21
Warning: TT: undefined function: 21
Warning: TT: undefined function: 32
Warning: TT: undefined function: 21
Warning: TT: undefined function: 21
Warning: TT: undefined function: 21
Warning: TT: undefined function: 32
Warning: TT: undefined function: 21
Warning: TT: undefined function: 21
Warning: TT: undefined function: 32
Warning: TT: undefined function: 21
Warning: TT: undefined function: 32
Warning: TT: undefined function: 32
Warning: TT: undefined function: 21
Warning: TT: undefined function: 32
Warning: TT: undefined function: 21
Warning: TT: undefined function: 32
Warning: TT: undefined function: 32
Warning: TT: undefined function: 21
Warning: TT: undefined function: 21
Warning: TT: undefined function: 21
Warning: TT: undefined function: 21
Warning: TT: undefined function: 32
Warning: TT: undefined function: 32
Warning: TT: undefined function: 21
Warning: TT: undefined function: 21
Warning: TT: undefined function: 21
Warning: TT: undefined function: 21
Warning: TT: undefined function: 32
Warning: TT: undefined function: 21
  4600/25896 · 4498 com texto · 102 vazios · 0 errosWarning: TT: undefined function: 21
Warning: TT: undefined function: 21
Warning: TT: undefined function: 21
Warning: TT: undefined function: 21
Warning: TT: undefined function: 21
Warning: TT: undefined function: 21
Warning: TT: undefined function: 21
Warning: TT: undefined function: 32
Warning: TT: undefined function: 32
Warning: TT: undefined function: 21
Warning: TT: undefined function: 21
Warning: TT: undefined function: 21
Warning: TT: undefined function: 32
Warning: TT: undefined function: 21
Warning: TT: undefined function: 32
Warning: TT: undefined function: 32
Warning: TT: undefined function: 32
Warning: TT: undefined function: 32
Warning: TT: undefined function: 32
Warning: TT: undefined function: 21
Warning: TT: undefined function: 32
Warning: TT: undefined function: 21
Warning: TT: undefined function: 32
Warning: TT: undefined function: 32
Warning: TT: undefined function: 21
Warning: TT: undefined function: 32
Warning: TT: undefined function: 32
Warning: TT: undefined function: 32
Warning: TT: undefined function: 32
Warning: TT: undefined function: 32
Warning: TT: undefined function: 32
Warning: TT: undefined function: 32
Warning: TT: undefined function: 32
  4700/25896 · 4597 com texto · 103 vazios · 0 errosWarning: TT: undefined function: 32
Warning: TT: undefined function: 32
Warning: TT: undefined function: 32
Warning: TT: undefined function: 32
  4800/25896 · 4697 com texto · 103 vazios · 0 errosWarning: TT: undefined function: 32
Warning: TT: undefined function: 32
Warning: TT: undefined function: 32
Warning: TT: undefined function: 32
Warning: TT: undefined function: 21
Warning: TT: undefined function: 32
Warning: TT: undefined function: 32
Warning: TT: undefined function: 32
Warning: TT: undefined function: 32
Warning: TT: undefined function: 32
Warning: TT: undefined function: 32
Warning: TT: undefined function: 32
  4900/25896 · 4797 com texto · 103 vazios · 0 errosWarning: TT: undefined function: 32
Warning: TT: undefined function: 32
Warning: TT: undefined function: 32
Warning: TT: undefined function: 32
Warning: TT: undefined function: 32
Warning: TT: undefined function: 32
Warning: TT: undefined function: 32
Warning: TT: undefined function: 32
Warning: TT: undefined function: 32
Warning: TT: undefined function: 32
Warning: TT: undefined function: 32
Warning: TT: undefined function: 32
Warning: TT: undefined function: 21
Warning: TT: undefined function: 21
Warning: TT: undefined function: 21
Warning: TT: undefined function: 21
Warning: TT: undefined function: 21
  5000/25896 · 4897 com texto · 103 vazios · 0 erros  5100/25896 · 4997 com texto · 103 vazios · 0 erros  5200/25896 · 5097 com texto · 103 vazios · 0 erros  5300/25896 · 5196 com texto · 104 vazios · 0 errosWarning: TT: undefined function: 32
  5400/25896 · 5295 com texto · 105 vazios · 0 errosWarning: TT: undefined function: 21
Warning: TT: undefined function: 32
Warning: TT: undefined function: 32
Warning: TT: undefined function: 32
Warning: TT: undefined function: 21
  5500/25896 · 5392 com texto · 108 vazios · 0 errosWarning: TT: undefined function: 21
Warning: TT: undefined function: 21
Warning: TT: undefined function: 21
Warning: TT: undefined function: 21
Warning: TT: undefined function: 21
Warning: TT: undefined function: 32
Warning: TT: undefined function: 32
Warning: TT: undefined function: 32
  5600/25896 · 5492 com texto · 108 vazios · 0 errosWarning: TT: undefined function: 32
Warning: TT: undefined function: 32
Warning: TT: undefined function: 32
Warning: TT: undefined function: 21
Warning: TT: undefined function: 32
Warning: TT: undefined function: 32
Warning: TT: undefined function: 32
Warning: TT: undefined function: 32
Warning: TT: undefined function: 32
Warning: TT: undefined function: 32
Warning: TT: undefined function: 32
Warning: TT: undefined function: 32
Warning: TT: undefined function: 32
Warning: TT: undefined function: 32
Warning: TT: undefined function: 32
  5700/25896 · 5592 com texto · 108 vazios · 0 errosWarning: TT: undefined function: 32
Warning: TT: undefined function: 21
Warning: TT: undefined function: 21
Warning: TT: undefined function: 32
Warning: TT: undefined function: 32
Warning: TT: undefined function: 32
  5800/25896 · 5692 com texto · 108 vazios · 0 errosWarning: TT: undefined function: 21
Warning: TT: undefined function: 21
Warning: TT: undefined function: 32
Warning: TT: undefined function: 32
Warning: TT: undefined function: 32
Warning: TT: undefined function: 32
  5900/25896 · 5792 com texto · 108 vazios · 0 errosWarning: TT: undefined function: 32
Warning: TT: undefined function: 21
Warning: TT: undefined function: 21
Warning: TT: undefined function: 21
Warning: TT: undefined function: 21
Warning: TT: undefined function: 21
Warning: TT: undefined function: 32
Warning: TT: undefined function: 32
Warning: TT: undefined function: 32
Warning: TT: undefined function: 32
Warning: TT: undefined function: 32
Warning: TT: undefined function: 32
Warning: TT: undefined function: 32
Warning: TT: undefined function: 32
Warning: TT: undefined function: 21
Warning: TT: undefined function: 32
Warning: TT: undefined function: 32
Warning: TT: undefined function: 32
Warning: TT: undefined function: 32
Warning: TT: undefined function: 32
Warning: TT: undefined function: 32
Warning: TT: undefined function: 21
Warning: TT: undefined function: 32
Warning: TT: undefined function: 32
  6000/25896 · 5892 com texto · 108 vazios · 0 errosWarning: TT: undefined function: 21
  6100/25896 · 5992 com texto · 108 vazios · 0 errosWarning: TT: undefined function: 21
Warning: TT: undefined function: 21
  6200/25896 · 6076 com texto · 124 vazios · 0 errosWarning: TT: undefined function: 32
Warning: TT: undefined function: 32
Warning: TT: undefined function: 32
Warning: TT: undefined function: 21
Warning: TT: undefined function: 32
Warning: TT: undefined function: 32
Warning: TT: undefined function: 21
Warning: TT: undefined function: 32
Warning: TT: undefined function: 32
Warning: TT: undefined function: 32
Warning: TT: undefined function: 32
Warning: TT: undefined function: 32
Warning: TT: undefined function: 32
Warning: TT: undefined function: 32
Warning: TT: undefined function: 21
Warning: TT: undefined function: 32
Warning: TT: undefined function: 21
Warning: TT: undefined function: 32
Warning: TT: undefined function: 32
Warning: TT: undefined function: 32
Warning: TT: undefined function: 32
Warning: TT: undefined function: 32
Warning: TT: undefined function: 32
Warning: TT: undefined function: 32
Warning: TT: undefined function: 32
Warning: TT: undefined function: 32
Warning: TT: undefined function: 32
Warning: TT: undefined function: 32
Warning: TT: undefined function: 32
Warning: TT: undefined function: 32
Warning: TT: undefined function: 32
Warning: TT: undefined function: 32
Warning: TT: undefined function: 32
Warning: TT: undefined function: 32
Warning: TT: undefined function: 21
Warning: TT: undefined function: 21
Warning: TT: undefined function: 32
Warning: TT: undefined function: 21
Warning: TT: undefined function: 21
Warning: TT: undefined function: 32
Warning: TT: undefined function: 32
Warning: TT: undefined function: 32
Warning: TT: undefined function: 32
Warning: TT: undefined function: 21
Warning: TT: undefined function: 32
Warning: TT: undefined function: 32
Warning: TT: undefined function: 32
Warning: TT: undefined function: 21
Warning: TT: undefined function: 32
Warning: TT: undefined function: 21
Warning: TT: undefined function: 21
Warning: TT: undefined function: 32
Warning: TT: undefined function: 32
Warning: TT: undefined function: 21
Warning: TT: undefined function: 32
Warning: TT: undefined function: 32
Warning: TT: undefined function: 32
Warning: TT: undefined function: 32
Warning: TT: undefined function: 21
Warning: TT: undefined function: 32
Warning: TT: undefined function: 32
Warning: TT: undefined function: 32
Warning: TT: undefined function: 32
Warning: TT: undefined function: 21
Warning: TT: undefined function: 32
Warning: TT: undefined function: 21
Warning: TT: undefined function: 21
Warning: TT: undefined function: 21
Warning: TT: undefined function: 21
Warning: TT: undefined function: 32
Warning: TT: undefined function: 32
Warning: TT: undefined function: 32
Warning: TT: undefined function: 21
Warning: TT: undefined function: 32
Warning: TT: undefined function: 21
Warning: TT: undefined function: 32
Warning: TT: undefined function: 21
Warning: TT: undefined function: 32
Warning: TT: undefined function: 32
Warning: TT: undefined function: 32
Warning: TT: undefined function: 32
Warning: TT: undefined function: 21
Warning: TT: undefined function: 21
Warning: TT: invalid function id: 136
Warning: TT: undefined function: 21
Warning: TT: undefined function: 32
Warning: TT: undefined function: 32
Warning: TT: undefined function: 32
Warning: TT: undefined function: 21
Warning: TT: undefined function: 32
Warning: TT: undefined function: 21
Warning: TT: invalid function id: 136
Warning: TT: undefined function: 21
Warning: TT: undefined function: 32
Warning: TT: undefined function: 32
Warning: TT: undefined function: 32
Warning: TT: undefined function: 32
Warning: TT: undefined function: 32
Warning: TT: undefined function: 32
Warning: TT: undefined function: 32
  6300/25896 · 6165 com texto · 135 vazios · 0 erros^C==== 15/07/2026 11:09:43,91 :: DOWNLOAD ==== 
(node:16540) Warning: SECURITY WARNING: The SSL modes 'prefer', 'require', and 'verify-ca' are treated as aliases for 'verify-full'.
In the next major version (pg-connection-string v3.0.0 and pg v9.0.0), these modes will adopt standard libpq semantics, which have weaker security guarantees.

To prepare for this change:
- If you want the current behavior, explicitly use 'sslmode=verify-full'
- If you want libpq compatibility now, use 'uselibpqcompat=true&sslmode=require'

See https://www.postgresql.org/docs/current/libpq-ssl.html for libpq SSL mode definitions.
(Use `node --trace-warnings ...` to show where the warning was created)
27.875 documentos a baixar (seleção por plataforma/modalidade) · conc 3
Warning: TT: undefined function: 32
Warning: TT: undefined function: 32
Warning: TT: undefined function: 32
Warning: TT: undefined function: 32
Warning: TT: undefined function: 32
Warning: TT: undefined function: 32
Warning: TT: undefined function: 32
Warning: TT: undefined function: 32
Warning: TT: undefined function: 32
Warning: TT: undefined function: 32
Warning: TT: undefined function: 32
Warning: TT: undefined function: 21
Warning: TT: undefined function: 21
Warning: TT: undefined function: 32
Warning: TT: undefined function: 32
Warning: TT: undefined function: 32
Warning: TT: undefined function: 32
Warning: TT: undefined function: 21
Warning: TT: undefined function: 32
Warning: TT: undefined function: 32
Warning: TT: undefined function: 32
Warning: TT: undefined function: 21
Warning: TT: invalid function id: 136
Warning: TT: undefined function: 32
Warning: TT: undefined function: 32
Warning: TT: undefined function: 32
Warning: TT: undefined function: 32
Warning: TT: undefined function: 32
Warning: TT: undefined function: 32
Warning: TT: undefined function: 21
Warning: TT: undefined function: 32
Warning: TT: undefined function: 32
Warning: TT: undefined function: 32
Warning: TT: undefined function: 32
Warning: TT: undefined function: 32
Warning: TT: undefined function: 32
Warning: TT: undefined function: 32
Warning: TT: undefined function: 32
Warning: TT: undefined function: 32
Warning: TT: undefined function: 32
Warning: TT: undefined function: 32
Warning: TT: undefined function: 32
Warning: TT: undefined function: 32
Warning: TT: undefined function: 32
Warning: TT: undefined function: 32
Warning: TT: undefined function: 32
Warning: TT: undefined function: 32
Warning: TT: undefined function: 32
Warning: TT: undefined function: 32
Warning: TT: undefined function: 21
  100/27875 · 98 com texto · 2 vazios · 0 errosWarning: TT: undefined function: 32
Warning: TT: undefined function: 21
Warning: TT: undefined function: 21
Warning: TT: undefined function: 21
Warning: TT: undefined function: 21
Warning: TT: undefined function: 21
Warning: TT: undefined function: 21
Warning: TT: undefined function: 21
Warning: TT: undefined function: 21
Warning: TT: undefined function: 21
Warning: TT: undefined function: 21
  200/27875 · 197 com texto · 3 vazios · 0 errosWarning: TT: invalid function id: 136
Warning: TT: undefined function: 21
Warning: TT: undefined function: 32
Warning: TT: undefined function: 32
Warning: TT: invalid function id: 136
Warning: TT: undefined function: 21
Warning: TT: undefined function: 32
Warning: TT: undefined function: 32
Warning: TT: undefined function: 32
Warning: TT: undefined function: 32
Warning: TT: undefined function: 32
Warning: TT: undefined function: 32
Warning: TT: undefined function: 21
Warning: TT: undefined function: 32
Warning: TT: undefined function: 21
Warning: TT: undefined function: 21
Warning: TT: undefined function: 21
Warning: TT: undefined function: 21
Warning: TT: undefined function: 21
Warning: TT: undefined function: 21
Warning: TT: undefined function: 21
Warning: TT: undefined function: 21
Warning: TT: undefined function: 21
Warning: TT: undefined function: 32
Warning: TT: undefined function: 32
Warning: TT: undefined function: 32
Warning: TT: undefined function: 32
Warning: TT: undefined function: 32
Warning: TT: undefined function: 32
Warning: TT: undefined function: 32
Warning: TT: undefined function: 32
Warning: TT: undefined function: 32
Warning: TT: undefined function: 21
Warning: TT: undefined function: 21
Warning: TT: undefined function: 21
Warning: TT: undefined function: 21
Warning: TT: undefined function: 21
Warning: TT: undefined function: 21
Warning: TT: undefined function: 21
Warning: TT: undefined function: 21
Warning: TT: undefined function: 21
Warning: TT: undefined function: 21
Warning: TT: undefined function: 21
Warning: TT: undefined function: 21
Warning: TT: undefined function: 21
Warning: TT: undefined function: 21
Warning: TT: undefined function: 21
Warning: TT: undefined function: 21
Warning: TT: undefined function: 21
Warning: TT: undefined function: 21
Warning: TT: undefined function: 21
Warning: TT: undefined function: 21
Warning: TT: undefined function: 21
Warning: TT: undefined function: 21
Warning: TT: undefined function: 21
Warning: TT: undefined function: 21
Warning: TT: undefined function: 21
Warning: TT: undefined function: 21
Warning: TT: undefined function: 21
Warning: TT: undefined function: 21
Warning: TT: undefined function: 21
Warning: TT: undefined function: 21
Warning: TT: undefined function: 21
Warning: TT: undefined function: 21
Warning: TT: undefined function: 21
Warning: TT: undefined function: 21
Warning: TT: undefined function: 21
Warning: TT: undefined function: 21
Warning: TT: undefined function: 21
Warning: TT: undefined function: 21
Warning: TT: undefined function: 21
Warning: TT: undefined function: 21
Warning: TT: undefined function: 21
Warning: TT: undefined function: 21
Warning: TT: undefined function: 21
Warning: TT: undefined function: 21
Warning: TT: undefined function: 21
Warning: TT: undefined function: 21
Warning: TT: undefined function: 21
Warning: TT: undefined function: 21
Warning: TT: undefined function: 21
Warning: TT: undefined function: 21
Warning: TT: undefined function: 21
Warning: TT: undefined function: 21
Warning: TT: undefined function: 21
Warning: TT: undefined function: 21
Warning: TT: undefined function: 21
Warning: TT: undefined function: 21
Warning: TT: undefined function: 21
Warning: TT: undefined function: 21
Warning: TT: undefined function: 21
Warning: TT: undefined function: 21
Warning: TT: undefined function: 21
Warning: TT: undefined function: 21
Warning: TT: undefined function: 21
Warning: TT: undefined function: 21
Warning: TT: undefined function: 21
Warning: TT: undefined function: 21
Warning: TT: undefined function: 21
Warning: TT: undefined function: 21
Warning: TT: undefined function: 21
Warning: TT: undefined function: 21
Warning: TT: undefined function: 21
Warning: TT: undefined function: 21
Warning: TT: undefined function: 21
Warning: TT: undefined function: 21
Warning: TT: undefined function: 21
Warning: TT: undefined function: 21
Warning: TT: undefined function: 21
Warning: TT: undefined function: 21
Warning: TT: undefined function: 21
Warning: TT: undefined function: 21
Warning: TT: undefined function: 21
Warning: TT: undefined function: 21
  300/27875 · 294 com texto · 6 vazios · 0 errosWarning: TT: undefined function: 21
Warning: TT: undefined function: 21
Warning: TT: undefined function: 21
Warning: TT: undefined function: 21
Warning: TT: undefined function: 21
Warning: TT: undefined function: 21
Warning: TT: undefined function: 21
Warning: TT: undefined function: 21
Warning: TT: undefined function: 21
Warning: TT: undefined function: 21
Warning: TT: undefined function: 21
Warning: TT: undefined function: 21
Warning: TT: undefined function: 21
Warning: TT: undefined function: 21
Warning: TT: undefined function: 21
Warning: TT: undefined function: 21
Warning: TT: undefined function: 21
Warning: TT: undefined function: 21
Warning: TT: undefined function: 21
Warning: TT: undefined function: 21
Warning: TT: undefined function: 21
Warning: TT: undefined function: 21
Warning: TT: undefined function: 21
Warning: TT: undefined function: 21
Warning: TT: undefined function: 21
Warning: TT: undefined function: 21
Warning: TT: undefined function: 21
Warning: TT: undefined function: 21
Warning: TT: undefined function: 21
Warning: TT: undefined function: 21
Warning: TT: undefined function: 21
Warning: TT: undefined function: 21
Warning: TT: undefined function: 21
Warning: TT: undefined function: 21
Warning: TT: undefined function: 21
Warning: TT: undefined function: 21
Warning: TT: undefined function: 21
Warning: TT: undefined function: 21
Warning: TT: undefined function: 21
Warning: TT: undefined function: 21
Warning: TT: undefined function: 21
Warning: TT: undefined function: 21
Warning: TT: undefined function: 21
Warning: TT: undefined function: 21
Warning: TT: undefined function: 21
Warning: TT: undefined function: 21
Warning: TT: undefined function: 21
Warning: TT: undefined function: 21
Warning: TT: undefined function: 21
Warning: TT: undefined function: 21
Warning: TT: undefined function: 21
Warning: TT: undefined function: 21
Warning: TT: undefined function: 21
Warning: TT: undefined function: 21
Warning: TT: undefined function: 21
Warning: TT: undefined function: 21
Warning: TT: undefined function: 21
Warning: TT: undefined function: 21
Warning: TT: undefined function: 21
Warning: TT: undefined function: 21
Warning: TT: undefined function: 21
Warning: TT: undefined function: 21
Warning: TT: undefined function: 21
Warning: TT: undefined function: 21
Warning: TT: undefined function: 21
Warning: TT: undefined function: 21
Warning: TT: undefined function: 21
Warning: TT: undefined function: 21
Warning: TT: undefined function: 21
Warning: TT: undefined function: 21
Warning: TT: undefined function: 21
Warning: TT: undefined function: 21
Warning: TT: undefined function: 21
Warning: TT: undefined function: 21
Warning: TT: undefined function: 21
Warning: TT: undefined function: 21
Warning: TT: undefined function: 21
Warning: TT: undefined function: 21
Warning: TT: undefined function: 21
Warning: TT: undefined function: 21
Warning: TT: undefined function: 21
Warning: TT: undefined function: 32
Warning: TT: undefined function: 32
Warning: TT: undefined function: 32
Warning: TT: undefined function: 32
Warning: TT: undefined function: 32
Warning: TT: undefined function: 32
Warning: TT: undefined function: 32
Warning: TT: undefined function: 32
Warning: TT: undefined function: 32
Warning: TT: undefined function: 32
Warning: TT: undefined function: 32
Warning: TT: undefined function: 32
  400/27875 · 387 com texto · 13 vazios · 0 errosWarning: TT: undefined function: 32
Warning: TT: undefined function: 32
Warning: TT: undefined function: 21
Warning: TT: undefined function: 21
Warning: TT: undefined function: 21
Warning: TT: undefined function: 32
Warning: TT: undefined function: 32
Warning: TT: undefined function: 32
Warning: TT: undefined function: 32
Warning: TT: undefined function: 32
Warning: TT: undefined function: 32
Warning: TT: undefined function: 32
Warning: TT: undefined function: 32
Warning: TT: undefined function: 32
Warning: TT: undefined function: 21
Warning: TT: undefined function: 32
Warning: TT: undefined function: 21
Warning: TT: undefined function: 32
Warning: TT: undefined function: 21
Warning: TT: undefined function: 21
Warning: TT: undefined function: 21
Warning: TT: undefined function: 21
Warning: TT: undefined function: 21
Warning: TT: undefined function: 21
  500/27875 · 483 com texto · 17 vazios · 0 errosWarning: TT: undefined function: 32
Warning: TT: undefined function: 32
Warning: TT: undefined function: 32
Warning: TT: undefined function: 32
Warning: TT: undefined function: 32
Warning: TT: undefined function: 32
Warning: TT: undefined function: 21
Warning: TT: undefined function: 21
Warning: TT: undefined function: 32
Warning: TT: undefined function: 32
Warning: TT: undefined function: 32
Warning: TT: undefined function: 32
Warning: TT: undefined function: 32
Warning: TT: undefined function: 32
Warning: TT: undefined function: 21
Warning: TT: undefined function: 21
Warning: TT: invalid function id: 136
Warning: TT: undefined function: 21
Warning: TT: undefined function: 21
Warning: TT: undefined function: 21
Warning: TT: undefined function: 21
Warning: TT: undefined function: 32
Warning: TT: undefined function: 32
Warning: TT: undefined function: 32
  600/27875 · 582 com texto · 18 vazios · 0 errosWarning: TT: undefined function: 21
Warning: TT: undefined function: 21
Warning: TT: undefined function: 21
Warning: TT: undefined function: 21
Warning: TT: undefined function: 21
Warning: TT: undefined function: 21
Warning: TT: undefined function: 21
Warning: TT: undefined function: 21
Warning: TT: undefined function: 21
Warning: TT: undefined function: 21
Warning: TT: undefined function: 21
Warning: TT: undefined function: 21
Warning: TT: undefined function: 21
Warning: TT: undefined function: 21
Warning: TT: undefined function: 21
Warning: TT: undefined function: 21
Warning: TT: undefined function: 21
Warning: TT: undefined function: 21
Warning: TT: undefined function: 21
Warning: TT: undefined function: 21
Warning: TT: undefined function: 21
Warning: TT: undefined function: 21
Warning: TT: undefined function: 21
Warning: TT: undefined function: 21
Warning: TT: undefined function: 21
Warning: TT: undefined function: 32
Warning: TT: undefined function: 21
Warning: TT: undefined function: 21
Warning: TT: undefined function: 21
Warning: TT: undefined function: 21
Warning: TT: undefined function: 21
Warning: TT: undefined function: 21
Warning: TT: undefined function: 21
Warning: TT: undefined function: 21
Warning: TT: undefined function: 21
Warning: TT: undefined function: 21
Warning: TT: undefined function: 21
Warning: TT: undefined function: 21
Warning: TT: undefined function: 21
Warning: TT: undefined function: 21
Warning: TT: undefined function: 21
Warning: TT: undefined function: 21
Warning: TT: undefined function: 32
  700/27875 · 682 com texto · 18 vazios · 0 errosWarning: TT: undefined function: 21
Warning: TT: undefined function: 21
Warning: TT: undefined function: 21
Warning: TT: undefined function: 21
Warning: TT: undefined function: 21
Warning: TT: undefined function: 21
Warning: TT: undefined function: 21
Warning: TT: undefined function: 21
Warning: TT: undefined function: 21
Warning: TT: undefined function: 21
Warning: TT: undefined function: 32
Warning: TT: undefined function: 32
Warning: TT: undefined function: 21
Warning: TT: undefined function: 21
Warning: TT: undefined function: 21
Warning: TT: undefined function: 21
Warning: TT: undefined function: 21
Warning: TT: undefined function: 21
Warning: TT: undefined function: 21
Warning: TT: undefined function: 21
Warning: TT: undefined function: 21
Warning: TT: undefined function: 21
Warning: TT: undefined function: 21
Warning: TT: undefined function: 21
Warning: TT: undefined function: 21
Warning: TT: undefined function: 21
Warning: TT: undefined function: 21
Warning: TT: undefined function: 21
Warning: TT: undefined function: 21
Warning: TT: undefined function: 21
Warning: TT: undefined function: 32
Warning: TT: undefined function: 32
Warning: TT: undefined function: 32
Warning: TT: undefined function: 21
Warning: TT: undefined function: 21
Warning: TT: undefined function: 32
Warning: TT: undefined function: 32
Warning: TT: undefined function: 32
Warning: TT: undefined function: 32
Warning: TT: undefined function: 32
Warning: TT: undefined function: 32
Warning: TT: undefined function: 32
  800/27875 · 777 com texto · 23 vazios · 0 errosWarning: TT: undefined function: 21
Warning: TT: undefined function: 21
Warning: TT: undefined function: 32
Warning: TT: undefined function: 21
Warning: TT: undefined function: 32
Warning: TT: undefined function: 32
Warning: TT: undefined function: 21
Warning: TT: undefined function: 32
Warning: TT: undefined function: 32
Warning: TT: undefined function: 32
Warning: TT: undefined function: 21
Warning: TT: undefined function: 21
Warning: TT: undefined function: 21
Warning: TT: undefined function: 21
Warning: TT: undefined function: 21
Warning: TT: undefined function: 32
Warning: TT: undefined function: 32
Warning: TT: undefined function: 32
Warning: TT: undefined function: 32
Warning: TT: undefined function: 32
Warning: TT: undefined function: 32
Warning: TT: undefined function: 32
Warning: TT: undefined function: 32
Warning: TT: undefined function: 32
Warning: TT: undefined function: 32
Warning: TT: undefined function: 32
Warning: TT: undefined function: 32
Warning: TT: undefined function: 32
  900/27875 · 876 com texto · 24 vazios · 0 errosWarning: CCITTFaxStream: Falling back to JS CCITTFax decoder.
Warning: CCITTFaxStream: Falling back to JS CCITTFax decoder.
Warning: CCITTFaxStream: Falling back to JS CCITTFax decoder.
Warning: CCITTFaxStream: Falling back to JS CCITTFax decoder.
Warning: CCITTFaxStream: Falling back to JS CCITTFax decoder.
Warning: CCITTFaxStream: Falling back to JS CCITTFax decoder.
Warning: CCITTFaxStream: Falling back to JS CCITTFax decoder.
Warning: CCITTFaxStream: Falling back to JS CCITTFax decoder.
Warning: CCITTFaxStream: Falling back to JS CCITTFax decoder.
Warning: CCITTFaxStream: Falling back to JS CCITTFax decoder.
Warning: CCITTFaxStream: Falling back to JS CCITTFax decoder.
Warning: CCITTFaxStream: Falling back to JS CCITTFax decoder.
Warning: CCITTFaxStream: Falling back to JS CCITTFax decoder.
Warning: CCITTFaxStream: Falling back to JS CCITTFax decoder.
Warning: CCITTFaxStream: Falling back to JS CCITTFax decoder.
Warning: CCITTFaxStream: Falling back to JS CCITTFax decoder.
Warning: CCITTFaxStream: Falling back to JS CCITTFax decoder.
Warning: CCITTFaxStream: Falling back to JS CCITTFax decoder.
Warning: CCITTFaxStream: Falling back to JS CCITTFax decoder.
Warning: CCITTFaxStream: Falling back to JS CCITTFax decoder.
Warning: CCITTFaxStream: Falling back to JS CCITTFax decoder.
Warning: CCITTFaxStream: Falling back to JS CCITTFax decoder.
Warning: CCITTFaxStream: Falling back to JS CCITTFax decoder.
Warning: CCITTFaxStream: Falling back to JS CCITTFax decoder.
Warning: CCITTFaxStream: Falling back to JS CCITTFax decoder.
Warning: CCITTFaxStream: Falling back to JS CCITTFax decoder.
Warning: CCITTFaxStream: Falling back to JS CCITTFax decoder.
Warning: CCITTFaxStream: Falling back to JS CCITTFax decoder.
Warning: CCITTFaxStream: Falling back to JS CCITTFax decoder.
Warning: CCITTFaxStream: Falling back to JS CCITTFax decoder.
Warning: CCITTFaxStream: Falling back to JS CCITTFax decoder.
Warning: CCITTFaxStream: Falling back to JS CCITTFax decoder.
Warning: CCITTFaxStream: Falling back to JS CCITTFax decoder.
Warning: CCITTFaxStream: Falling back to JS CCITTFax decoder.
Warning: CCITTFaxStream: Falling back to JS CCITTFax decoder.
Warning: CCITTFaxStream: Falling back to JS CCITTFax decoder.
Warning: CCITTFaxStream: Falling back to JS CCITTFax decoder.
Warning: CCITTFaxStream: Falling back to JS CCITTFax decoder.
Warning: CCITTFaxStream: Falling back to JS CCITTFax decoder.
Warning: CCITTFaxStream: Falling back to JS CCITTFax decoder.
Warning: CCITTFaxStream: Falling back to JS CCITTFax decoder.
Warning: CCITTFaxStream: Falling back to JS CCITTFax decoder.
Warning: CCITTFaxStream: Falling back to JS CCITTFax decoder.
Warning: CCITTFaxStream: Falling back to JS CCITTFax decoder.
Warning: CCITTFaxStream: Falling back to JS CCITTFax decoder.
Warning: CCITTFaxStream: Falling back to JS CCITTFax decoder.
Warning: CCITTFaxStream: Falling back to JS CCITTFax decoder.
Warning: CCITTFaxStream: Falling back to JS CCITTFax decoder.
Warning: CCITTFaxStream: Falling back to JS CCITTFax decoder.
Warning: CCITTFaxStream: Falling back to JS CCITTFax decoder.
Warning: CCITTFaxStream: Falling back to JS CCITTFax decoder.
Warning: CCITTFaxStream: Falling back to JS CCITTFax decoder.
Warning: CCITTFaxStream: Falling back to JS CCITTFax decoder.
Warning: CCITTFaxStream: Falling back to JS CCITTFax decoder.
Warning: CCITTFaxStream: Falling back to JS CCITTFax decoder.
Warning: CCITTFaxStream: Falling back to JS CCITTFax decoder.
Warning: CCITTFaxStream: Falling back to JS CCITTFax decoder.
Warning: CCITTFaxStream: Falling back to JS CCITTFax decoder.
Warning: CCITTFaxStream: Falling back to JS CCITTFax decoder.
Warning: CCITTFaxStream: Falling back to JS CCITTFax decoder.
Warning: CCITTFaxStream: Falling back to JS CCITTFax decoder.
Warning: CCITTFaxStream: Falling back to JS CCITTFax decoder.
Warning: CCITTFaxStream: Falling back to JS CCITTFax decoder.
Warning: CCITTFaxStream: Falling back to JS CCITTFax decoder.
Warning: CCITTFaxStream: Falling back to JS CCITTFax decoder.
Warning: CCITTFaxStream: Falling back to JS CCITTFax decoder.
Warning: CCITTFaxStream: Falling back to JS CCITTFax decoder.
Warning: CCITTFaxStream: Falling back to JS CCITTFax decoder.
Warning: CCITTFaxStream: Falling back to JS CCITTFax decoder.
Warning: CCITTFaxStream: Falling back to JS CCITTFax decoder.
Warning: CCITTFaxStream: Falling back to JS CCITTFax decoder.
Warning: CCITTFaxStream: Falling back to JS CCITTFax decoder.
Warning: CCITTFaxStream: Falling back to JS CCITTFax decoder.
Warning: CCITTFaxStream: Falling back to JS CCITTFax decoder.
Warning: CCITTFaxStream: Falling back to JS CCITTFax decoder.
Warning: CCITTFaxStream: Falling back to JS CCITTFax decoder.
Warning: CCITTFaxStream: Falling back to JS CCITTFax decoder.
Warning: CCITTFaxStream: Falling back to JS CCITTFax decoder.
Warning: CCITTFaxStream: Falling back to JS CCITTFax decoder.
Warning: CCITTFaxStream: Falling back to JS CCITTFax decoder.
Warning: CCITTFaxStream: Falling back to JS CCITTFax decoder.
Warning: CCITTFaxStream: Falling back to JS CCITTFax decoder.
Warning: CCITTFaxStream: Falling back to JS CCITTFax decoder.
Warning: CCITTFaxStream: Falling back to JS CCITTFax decoder.
Warning: CCITTFaxStream: Falling back to JS CCITTFax decoder.
Warning: CCITTFaxStream: Falling back to JS CCITTFax decoder.
Warning: CCITTFaxStream: Falling back to JS CCITTFax decoder.
Warning: CCITTFaxStream: Falling back to JS CCITTFax decoder.
Warning: CCITTFaxStream: Falling back to JS CCITTFax decoder.
Warning: CCITTFaxStream: Falling back to JS CCITTFax decoder.
Warning: CCITTFaxStream: Falling back to JS CCITTFax decoder.
Warning: CCITTFaxStream: Falling back to JS CCITTFax decoder.
Warning: CCITTFaxStream: Falling back to JS CCITTFax decoder.
Warning: CCITTFaxStream: Falling back to JS CCITTFax decoder.
Warning: CCITTFaxStream: Falling back to JS CCITTFax decoder.
Warning: CCITTFaxStream: Falling back to JS CCITTFax decoder.
Warning: CCITTFaxStream: Falling back to JS CCITTFax decoder.
Warning: CCITTFaxStream: Falling back to JS CCITTFax decoder.
Warning: CCITTFaxStream: Falling back to JS CCITTFax decoder.
Warning: CCITTFaxStream: Falling back to JS CCITTFax decoder.
Warning: CCITTFaxStream: Falling back to JS CCITTFax decoder.
Warning: CCITTFaxStream: Falling back to JS CCITTFax decoder.
Warning: CCITTFaxStream: Falling back to JS CCITTFax decoder.
Warning: CCITTFaxStream: Falling back to JS CCITTFax decoder.
Warning: CCITTFaxStream: Falling back to JS CCITTFax decoder.
Warning: CCITTFaxStream: Falling back to JS CCITTFax decoder.
Warning: CCITTFaxStream: Falling back to JS CCITTFax decoder.
Warning: CCITTFaxStream: Falling back to JS CCITTFax decoder.
Warning: CCITTFaxStream: Falling back to JS CCITTFax decoder.
Warning: CCITTFaxStream: Falling back to JS CCITTFax decoder.
Warning: CCITTFaxStream: Falling back to JS CCITTFax decoder.
Warning: CCITTFaxStream: Falling back to JS CCITTFax decoder.
Warning: CCITTFaxStream: Falling back to JS CCITTFax decoder.
Warning: CCITTFaxStream: Falling back to JS CCITTFax decoder.
Warning: CCITTFaxStream: Falling back to JS CCITTFax decoder.
Warning: CCITTFaxStream: Falling back to JS CCITTFax decoder.
Warning: CCITTFaxStream: Falling back to JS CCITTFax decoder.
Warning: CCITTFaxStream: Falling back to JS CCITTFax decoder.
Warning: CCITTFaxStream: Falling back to JS CCITTFax decoder.
Warning: CCITTFaxStream: Falling back to JS CCITTFax decoder.
Warning: CCITTFaxStream: Falling back to JS CCITTFax decoder.
Warning: CCITTFaxStream: Falling back to JS CCITTFax decoder.
Warning: CCITTFaxStream: Falling back to JS CCITTFax decoder.
Warning: CCITTFaxStream: Falling back to JS CCITTFax decoder.
Warning: CCITTFaxStream: Falling back to JS CCITTFax decoder.
Warning: CCITTFaxStream: Falling back to JS CCITTFax decoder.
Warning: CCITTFaxStream: Falling back to JS CCITTFax decoder.
Warning: CCITTFaxStream: Falling back to JS CCITTFax decoder.
Warning: CCITTFaxStream: Falling back to JS CCITTFax decoder.
Warning: CCITTFaxStream: Falling back to JS CCITTFax decoder.
Warning: CCITTFaxStream: Falling back to JS CCITTFax decoder.
Warning: CCITTFaxStream: Falling back to JS CCITTFax decoder.
Warning: CCITTFaxStream: Falling back to JS CCITTFax decoder.
Warning: CCITTFaxStream: Falling back to JS CCITTFax decoder.
Warning: CCITTFaxStream: Falling back to JS CCITTFax decoder.
Warning: CCITTFaxStream: Falling back to JS CCITTFax decoder.
Warning: CCITTFaxStream: Falling back to JS CCITTFax decoder.
Warning: CCITTFaxStream: Falling back to JS CCITTFax decoder.
Warning: CCITTFaxStream: Falling back to JS CCITTFax decoder.
Warning: CCITTFaxStream: Falling back to JS CCITTFax decoder.
Warning: CCITTFaxStream: Falling back to JS CCITTFax decoder.
Warning: CCITTFaxStream: Falling back to JS CCITTFax decoder.
Warning: CCITTFaxStream: Falling back to JS CCITTFax decoder.
Warning: CCITTFaxStream: Falling back to JS CCITTFax decoder.
Warning: CCITTFaxStream: Falling back to JS CCITTFax decoder.
Warning: CCITTFaxStream: Falling back to JS CCITTFax decoder.
Warning: CCITTFaxStream: Falling back to JS CCITTFax decoder.
Warning: CCITTFaxStream: Falling back to JS CCITTFax decoder.
Warning: CCITTFaxStream: Falling back to JS CCITTFax decoder.
Warning: CCITTFaxStream: Falling back to JS CCITTFax decoder.
Warning: CCITTFaxStream: Falling back to JS CCITTFax decoder.
Warning: CCITTFaxStream: Falling back to JS CCITTFax decoder.
Warning: CCITTFaxStream: Falling back to JS CCITTFax decoder.
Warning: CCITTFaxStream: Falling back to JS CCITTFax decoder.
Warning: CCITTFaxStream: Falling back to JS CCITTFax decoder.
Warning: CCITTFaxStream: Falling back to JS CCITTFax decoder.
Warning: CCITTFaxStream: Falling back to JS CCITTFax decoder.
Warning: CCITTFaxStream: Falling back to JS CCITTFax decoder.
Warning: CCITTFaxStream: Falling back to JS CCITTFax decoder.
Warning: CCITTFaxStream: Falling back to JS CCITTFax decoder.
Warning: CCITTFaxStream: Falling back to JS CCITTFax decoder.
Warning: CCITTFaxStream: Falling back to JS CCITTFax decoder.
Warning: CCITTFaxStream: Falling back to JS CCITTFax decoder.
Warning: CCITTFaxStream: Falling back to JS CCITTFax decoder.
Warning: CCITTFaxStream: Falling back to JS CCITTFax decoder.
Warning: CCITTFaxStream: Falling back to JS CCITTFax decoder.
Warning: CCITTFaxStream: Falling back to JS CCITTFax decoder.
Warning: CCITTFaxStream: Falling back to JS CCITTFax decoder.
Warning: CCITTFaxStream: Falling back to JS CCITTFax decoder.
Warning: CCITTFaxStream: Falling back to JS CCITTFax decoder.
Warning: CCITTFaxStream: Falling back to JS CCITTFax decoder.
Warning: CCITTFaxStream: Falling back to JS CCITTFax decoder.
Warning: CCITTFaxStream: Falling back to JS CCITTFax decoder.
Warning: CCITTFaxStream: Falling back to JS CCITTFax decoder.
Warning: CCITTFaxStream: Falling back to JS CCITTFax decoder.
Warning: CCITTFaxStream: Falling back to JS CCITTFax decoder.
Warning: CCITTFaxStream: Falling back to JS CCITTFax decoder.
Warning: CCITTFaxStream: Falling back to JS CCITTFax decoder.
Warning: CCITTFaxStream: Falling back to JS CCITTFax decoder.
Warning: CCITTFaxStream: Falling back to JS CCITTFax decoder.
Warning: CCITTFaxStream: Falling back to JS CCITTFax decoder.
Warning: CCITTFaxStream: Falling back to JS CCITTFax decoder.
Warning: CCITTFaxStream: Falling back to JS CCITTFax decoder.
Warning: CCITTFaxStream: Falling back to JS CCITTFax decoder.
Warning: CCITTFaxStream: Falling back to JS CCITTFax decoder.
Warning: CCITTFaxStream: Falling back to JS CCITTFax decoder.
Warning: CCITTFaxStream: Falling back to JS CCITTFax decoder.
Warning: CCITTFaxStream: Falling back to JS CCITTFax decoder.
Warning: CCITTFaxStream: Falling back to JS CCITTFax decoder.
Warning: CCITTFaxStream: Falling back to JS CCITTFax decoder.
Warning: CCITTFaxStream: Falling back to JS CCITTFax decoder.
Warning: CCITTFaxStream: Falling back to JS CCITTFax decoder.
Warning: CCITTFaxStream: Falling back to JS CCITTFax decoder.
Warning: CCITTFaxStream: Falling back to JS CCITTFax decoder.
Warning: CCITTFaxStream: Falling back to JS CCITTFax decoder.
Warning: CCITTFaxStream: Falling back to JS CCITTFax decoder.
Warning: CCITTFaxStream: Falling back to JS CCITTFax decoder.
Warning: CCITTFaxStream: Falling back to JS CCITTFax decoder.
Warning: CCITTFaxStream: Falling back to JS CCITTFax decoder.
Warning: CCITTFaxStream: Falling back to JS CCITTFax decoder.
Warning: CCITTFaxStream: Falling back to JS CCITTFax decoder.
Warning: CCITTFaxStream: Falling back to JS CCITTFax decoder.
Warning: CCITTFaxStream: Falling back to JS CCITTFax decoder.
Warning: CCITTFaxStream: Falling back to JS CCITTFax decoder.
Warning: CCITTFaxStream: Falling back to JS CCITTFax decoder.
Warning: CCITTFaxStream: Falling back to JS CCITTFax decoder.
Warning: CCITTFaxStream: Falling back to JS CCITTFax decoder.
Warning: CCITTFaxStream: Falling back to JS CCITTFax decoder.
Warning: CCITTFaxStream: Falling back to JS CCITTFax decoder.
Warning: CCITTFaxStream: Falling back to JS CCITTFax decoder.
Warning: CCITTFaxStream: Falling back to JS CCITTFax decoder.
Warning: CCITTFaxStream: Falling back to JS CCITTFax decoder.
Warning: CCITTFaxStream: Falling back to JS CCITTFax decoder.
Warning: CCITTFaxStream: Falling back to JS CCITTFax decoder.
Warning: CCITTFaxStream: Falling back to JS CCITTFax decoder.
Warning: CCITTFaxStream: Falling back to JS CCITTFax decoder.
Warning: CCITTFaxStream: Falling back to JS CCITTFax decoder.
Warning: CCITTFaxStream: Falling back to JS CCITTFax decoder.
Warning: CCITTFaxStream: Falling back to JS CCITTFax decoder.
Warning: CCITTFaxStream: Falling back to JS CCITTFax decoder.
Warning: CCITTFaxStream: Falling back to JS CCITTFax decoder.
Warning: CCITTFaxStream: Falling back to JS CCITTFax decoder.
Warning: CCITTFaxStream: Falling back to JS CCITTFax decoder.
Warning: CCITTFaxStream: Falling back to JS CCITTFax decoder.
Warning: CCITTFaxStream: Falling back to JS CCITTFax decoder.
Warning: CCITTFaxStream: Falling back to JS CCITTFax decoder.
Warning: CCITTFaxStream: Falling back to JS CCITTFax decoder.
Warning: CCITTFaxStream: Falling back to JS CCITTFax decoder.
Warning: CCITTFaxStream: Falling back to JS CCITTFax decoder.
Warning: CCITTFaxStream: Falling back to JS CCITTFax decoder.
Warning: CCITTFaxStream: Falling back to JS CCITTFax decoder.
Warning: CCITTFaxStream: Falling back to JS CCITTFax decoder.
Warning: CCITTFaxStream: Falling back to JS CCITTFax decoder.
Warning: CCITTFaxStream: Falling back to JS CCITTFax decoder.
Warning: CCITTFaxStream: Falling back to JS CCITTFax decoder.
Warning: CCITTFaxStream: Falling back to JS CCITTFax decoder.
Warning: CCITTFaxStream: Falling back to JS CCITTFax decoder.
Warning: CCITTFaxStream: Falling back to JS CCITTFax decoder.
Warning: CCITTFaxStream: Falling back to JS CCITTFax decoder.
Warning: CCITTFaxStream: Falling back to JS CCITTFax decoder.
Warning: CCITTFaxStream: Falling back to JS CCITTFax decoder.
Warning: CCITTFaxStream: Falling back to JS CCITTFax decoder.
Warning: CCITTFaxStream: Falling back to JS CCITTFax decoder.
Warning: CCITTFaxStream: Falling back to JS CCITTFax decoder.
Warning: CCITTFaxStream: Falling back to JS CCITTFax decoder.
Warning: CCITTFaxStream: Falling back to JS CCITTFax decoder.
Warning: CCITTFaxStream: Falling back to JS CCITTFax decoder.
Warning: CCITTFaxStream: Falling back to JS CCITTFax decoder.
Warning: CCITTFaxStream: Falling back to JS CCITTFax decoder.
Warning: CCITTFaxStream: Falling back to JS CCITTFax decoder.
Warning: CCITTFaxStream: Falling back to JS CCITTFax decoder.
Warning: CCITTFaxStream: Falling back to JS CCITTFax decoder.
Warning: CCITTFaxStream: Falling back to JS CCITTFax decoder.
Warning: CCITTFaxStream: Falling back to JS CCITTFax decoder.
Warning: CCITTFaxStream: Falling back to JS CCITTFax decoder.
Warning: CCITTFaxStream: Falling back to JS CCITTFax decoder.
Warning: CCITTFaxStream: Falling back to JS CCITTFax decoder.
Warning: CCITTFaxStream: Falling back to JS CCITTFax decoder.
Warning: CCITTFaxStream: Falling back to JS CCITTFax decoder.
Warning: CCITTFaxStream: Falling back to JS CCITTFax decoder.
Warning: CCITTFaxStream: Falling back to JS CCITTFax decoder.
Warning: CCITTFaxStream: Falling back to JS CCITTFax decoder.
Warning: CCITTFaxStream: Falling back to JS CCITTFax decoder.
Warning: CCITTFaxStream: Falling back to JS CCITTFax decoder.
Warning: CCITTFaxStream: Falling back to JS CCITTFax decoder.
Warning: CCITTFaxStream: Falling back to JS CCITTFax decoder.
Warning: CCITTFaxStream: Falling back to JS CCITTFax decoder.
Warning: CCITTFaxStream: Falling back to JS CCITTFax decoder.
Warning: CCITTFaxStream: Falling back to JS CCITTFax decoder.
Warning: CCITTFaxStream: Falling back to JS CCITTFax decoder.
Warning: CCITTFaxStream: Falling back to JS CCITTFax decoder.
Warning: CCITTFaxStream: Falling back to JS CCITTFax decoder.
Warning: CCITTFaxStream: Falling back to JS CCITTFax decoder.
Warning: CCITTFaxStream: Falling back to JS CCITTFax decoder.
Warning: CCITTFaxStream: Falling back to JS CCITTFax decoder.
Warning: CCITTFaxStream: Falling back to JS CCITTFax decoder.
Warning: CCITTFaxStream: Falling back to JS CCITTFax decoder.
Warning: CCITTFaxStream: Falling back to JS CCITTFax decoder.
Warning: CCITTFaxStream: Falling back to JS CCITTFax decoder.
Warning: CCITTFaxStream: Falling back to JS CCITTFax decoder.
Warning: CCITTFaxStream: Falling back to JS CCITTFax decoder.
Warning: CCITTFaxStream: Falling back to JS CCITTFax decoder.
Warning: CCITTFaxStream: Falling back to JS CCITTFax decoder.
Warning: CCITTFaxStream: Falling back to JS CCITTFax decoder.
Warning: CCITTFaxStream: Falling back to JS CCITTFax decoder.
Warning: CCITTFaxStream: Falling back to JS CCITTFax decoder.
Warning: CCITTFaxStream: Falling back to JS CCITTFax decoder.
Warning: CCITTFaxStream: Falling back to JS CCITTFax decoder.
Warning: CCITTFaxStream: Falling back to JS CCITTFax decoder.
Warning: CCITTFaxStream: Falling back to JS CCITTFax decoder.
Warning: CCITTFaxStream: Falling back to JS CCITTFax decoder.
Warning: CCITTFaxStream: Falling back to JS CCITTFax decoder.
Warning: CCITTFaxStream: Falling back to JS CCITTFax decoder.
Warning: CCITTFaxStream: Falling back to JS CCITTFax decoder.
Warning: CCITTFaxStream: Falling back to JS CCITTFax decoder.
Warning: CCITTFaxStream: Falling back to JS CCITTFax decoder.
Warning: CCITTFaxStream: Falling back to JS CCITTFax decoder.
Warning: CCITTFaxStream: Falling back to JS CCITTFax decoder.
Warning: CCITTFaxStream: Falling back to JS CCITTFax decoder.
Warning: CCITTFaxStream: Falling back to JS CCITTFax decoder.
Warning: CCITTFaxStream: Falling back to JS CCITTFax decoder.
Warning: CCITTFaxStream: Falling back to JS CCITTFax decoder.
Warning: CCITTFaxStream: Falling back to JS CCITTFax decoder.
Warning: CCITTFaxStream: Falling back to JS CCITTFax decoder.
Warning: CCITTFaxStream: Falling back to JS CCITTFax decoder.
Warning: CCITTFaxStream: Falling back to JS CCITTFax decoder.
Warning: CCITTFaxStream: Falling back to JS CCITTFax decoder.
Warning: CCITTFaxStream: Falling back to JS CCITTFax decoder.
Warning: CCITTFaxStream: Falling back to JS CCITTFax decoder.
Warning: CCITTFaxStream: Falling back to JS CCITTFax decoder.
Warning: CCITTFaxStream: Falling back to JS CCITTFax decoder.
Warning: CCITTFaxStream: Falling back to JS CCITTFax decoder.
Warning: CCITTFaxStream: Falling back to JS CCITTFax decoder.
Warning: CCITTFaxStream: Falling back to JS CCITTFax decoder.
Warning: CCITTFaxStream: Falling back to JS CCITTFax decoder.
Warning: CCITTFaxStream: Falling back to JS CCITTFax decoder.
Warning: CCITTFaxStream: Falling back to JS CCITTFax decoder.
Warning: CCITTFaxStream: Falling back to JS CCITTFax decoder.
Warning: CCITTFaxStream: Falling back to JS CCITTFax decoder.
Warning: CCITTFaxStream: Falling back to JS CCITTFax decoder.
Warning: CCITTFaxStream: Falling back to JS CCITTFax decoder.
Warning: CCITTFaxStream: Falling back to JS CCITTFax decoder.
Warning: CCITTFaxStream: Falling back to JS CCITTFax decoder.
Warning: CCITTFaxStream: Falling back to JS CCITTFax decoder.
Warning: CCITTFaxStream: Falling back to JS CCITTFax decoder.
Warning: CCITTFaxStream: Falling back to JS CCITTFax decoder.
Warning: CCITTFaxStream: Falling back to JS CCITTFax decoder.
Warning: CCITTFaxStream: Falling back to JS CCITTFax decoder.
Warning: CCITTFaxStream: Falling back to JS CCITTFax decoder.
Warning: CCITTFaxStream: Falling back to JS CCITTFax decoder.
Warning: CCITTFaxStream: Falling back to JS CCITTFax decoder.
Warning: CCITTFaxStream: Falling back to JS CCITTFax decoder.
Warning: CCITTFaxStream: Falling back to JS CCITTFax decoder.
Warning: CCITTFaxStream: Falling back to JS CCITTFax decoder.
Warning: CCITTFaxStream: Falling back to JS CCITTFax decoder.
Warning: CCITTFaxStream: Falling back to JS CCITTFax decoder.
Warning: CCITTFaxStream: Falling back to JS CCITTFax decoder.
Warning: CCITTFaxStream: Falling back to JS CCITTFax decoder.
Warning: CCITTFaxStream: Falling back to JS CCITTFax decoder.
Warning: CCITTFaxStream: Falling back to JS CCITTFax decoder.
Warning: CCITTFaxStream: Falling back to JS CCITTFax decoder.
Warning: CCITTFaxStream: Falling back to JS CCITTFax decoder.
Warning: CCITTFaxStream: Falling back to JS CCITTFax decoder.
Warning: CCITTFaxStream: Falling back to JS CCITTFax decoder.
Warning: CCITTFaxStream: Falling back to JS CCITTFax decoder.
Warning: CCITTFaxStream: Falling back to JS CCITTFax decoder.
Warning: CCITTFaxStream: Falling back to JS CCITTFax decoder.
Warning: CCITTFaxStream: Falling back to JS CCITTFax decoder.
Warning: CCITTFaxStream: Falling back to JS CCITTFax decoder.
Warning: CCITTFaxStream: Falling back to JS CCITTFax decoder.
Warning: CCITTFaxStream: Falling back to JS CCITTFax decoder.
Warning: CCITTFaxStream: Falling back to JS CCITTFax decoder.
Warning: CCITTFaxStream: Falling back to JS CCITTFax decoder.
Warning: CCITTFaxStream: Falling back to JS CCITTFax decoder.
Warning: CCITTFaxStream: Falling back to JS CCITTFax decoder.
  1000/27875 · 976 com texto · 24 vazios · 0 errosWarning: TT: undefined function: 32
Warning: TT: undefined function: 32
Warning: TT: undefined function: 32
Warning: TT: undefined function: 21
Warning: TT: undefined function: 32
Warning: TT: undefined function: 32
Warning: TT: undefined function: 32
Warning: TT: undefined function: 32
Warning: TT: undefined function: 32
Warning: TT: undefined function: 32
Warning: TT: undefined function: 32
Warning: TT: undefined function: 32
Warning: TT: undefined function: 32
Warning: TT: undefined function: 32
Warning: TT: undefined function: 32
Warning: TT: undefined function: 32
Warning: TT: undefined function: 32
Warning: TT: undefined function: 32
Warning: TT: undefined function: 32
Warning: TT: undefined function: 32
Warning: TT: undefined function: 32
Warning: TT: undefined function: 32
Warning: TT: undefined function: 21
Warning: TT: undefined function: 21
Warning: TT: undefined function: 21
Warning: TT: undefined function: 21
Warning: TT: undefined function: 21
Warning: TT: undefined function: 32
Warning: TT: undefined function: 32
Warning: TT: undefined function: 21
Warning: TT: undefined function: 21
Warning: TT: undefined function: 32
Warning: TT: undefined function: 32
Warning: TT: undefined function: 32
Warning: TT: undefined function: 32
Warning: TT: undefined function: 32
Warning: TT: undefined function: 32
Warning: TT: undefined function: 32
Warning: TT: undefined function: 32
Warning: TT: undefined function: 32
Warning: TT: undefined function: 21
Warning: TT: undefined function: 32
Warning: TT: undefined function: 32
Warning: TT: undefined function: 21
  1100/27875 · 1072 com texto · 28 vazios · 0 errosWarning: TT: undefined function: 32
Warning: TT: undefined function: 32
Warning: CCITTFaxStream: Falling back to JS CCITTFax decoder.
Warning: CCITTFaxStream: Falling back to JS CCITTFax decoder.
Warning: CCITTFaxStream: Falling back to JS CCITTFax decoder.
Warning: CCITTFaxStream: Falling back to JS CCITTFax decoder.
Warning: CCITTFaxStream: Falling back to JS CCITTFax decoder.
Warning: CCITTFaxStream: Falling back to JS CCITTFax decoder.
Warning: CCITTFaxStream: Falling back to JS CCITTFax decoder.
Warning: CCITTFaxStream: Falling back to JS CCITTFax decoder.
Warning: CCITTFaxStream: Falling back to JS CCITTFax decoder.
Warning: CCITTFaxStream: Falling back to JS CCITTFax decoder.
Warning: CCITTFaxStream: Falling back to JS CCITTFax decoder.
Warning: CCITTFaxStream: Falling back to JS CCITTFax decoder.
Warning: CCITTFaxStream: Falling back to JS CCITTFax decoder.
Warning: CCITTFaxStream: Falling back to JS CCITTFax decoder.
Warning: CCITTFaxStream: Falling back to JS CCITTFax decoder.
Warning: CCITTFaxStream: Falling back to JS CCITTFax decoder.
Warning: CCITTFaxStream: Falling back to JS CCITTFax decoder.
Warning: CCITTFaxStream: Falling back to JS CCITTFax decoder.
Warning: CCITTFaxStream: Falling back to JS CCITTFax decoder.
Warning: CCITTFaxStream: Falling back to JS CCITTFax decoder.
Warning: CCITTFaxStream: Falling back to JS CCITTFax decoder.
Warning: CCITTFaxStream: Falling back to JS CCITTFax decoder.
Warning: CCITTFaxStream: Falling back to JS CCITTFax decoder.
Warning: CCITTFaxStream: Falling back to JS CCITTFax decoder.
Warning: CCITTFaxStream: Falling back to JS CCITTFax decoder.
Warning: CCITTFaxStream: Falling back to JS CCITTFax decoder.
Warning: CCITTFaxStream: Falling back to JS CCITTFax decoder.
Warning: CCITTFaxStream: Falling back to JS CCITTFax decoder.
Warning: CCITTFaxStream: Falling back to JS CCITTFax decoder.
Warning: CCITTFaxStream: Falling back to JS CCITTFax decoder.
Warning: CCITTFaxStream: Falling back to JS CCITTFax decoder.
Warning: CCITTFaxStream: Falling back to JS CCITTFax decoder.
Warning: CCITTFaxStream: Falling back to JS CCITTFax decoder.
Warning: CCITTFaxStream: Falling back to JS CCITTFax decoder.
Warning: CCITTFaxStream: Falling back to JS CCITTFax decoder.
Warning: CCITTFaxStream: Falling back to JS CCITTFax decoder.
Warning: CCITTFaxStream: Falling back to JS CCITTFax decoder.
Warning: CCITTFaxStream: Falling back to JS CCITTFax decoder.
Warning: CCITTFaxStream: Falling back to JS CCITTFax decoder.
Warning: CCITTFaxStream: Falling back to JS CCITTFax decoder.
Warning: CCITTFaxStream: Falling back to JS CCITTFax decoder.
Warning: CCITTFaxStream: Falling back to JS CCITTFax decoder.
Warning: CCITTFaxStream: Falling back to JS CCITTFax decoder.
Warning: CCITTFaxStream: Falling back to JS CCITTFax decoder.
Warning: CCITTFaxStream: Falling back to JS CCITTFax decoder.
Warning: CCITTFaxStream: Falling back to JS CCITTFax decoder.
Warning: CCITTFaxStream: Falling back to JS CCITTFax decoder.
Warning: CCITTFaxStream: Falling back to JS CCITTFax decoder.
Warning: CCITTFaxStream: Falling back to JS CCITTFax decoder.
Warning: CCITTFaxStream: Falling back to JS CCITTFax decoder.
Warning: CCITTFaxStream: Falling back to JS CCITTFax decoder.
Warning: CCITTFaxStream: Falling back to JS CCITTFax decoder.
Warning: CCITTFaxStream: Falling back to JS CCITTFax decoder.
Warning: CCITTFaxStream: Falling back to JS CCITTFax decoder.
Warning: CCITTFaxStream: Falling back to JS CCITTFax decoder.
Warning: CCITTFaxStream: Falling back to JS CCITTFax decoder.
Warning: CCITTFaxStream: Falling back to JS CCITTFax decoder.
Warning: CCITTFaxStream: Falling back to JS CCITTFax decoder.
Warning: CCITTFaxStream: Falling back to JS CCITTFax decoder.
Warning: CCITTFaxStream: Falling back to JS CCITTFax decoder.
Warning: CCITTFaxStream: Falling back to JS CCITTFax decoder.
Warning: CCITTFaxStream: Falling back to JS CCITTFax decoder.
Warning: CCITTFaxStream: Falling back to JS CCITTFax decoder.
Warning: CCITTFaxStream: Falling back to JS CCITTFax decoder.
Warning: CCITTFaxStream: Falling back to JS CCITTFax decoder.
Warning: CCITTFaxStream: Falling back to JS CCITTFax decoder.
Warning: CCITTFaxStream: Falling back to JS CCITTFax decoder.
Warning: CCITTFaxStream: Falling back to JS CCITTFax decoder.
Warning: CCITTFaxStream: Falling back to JS CCITTFax decoder.
Warning: CCITTFaxStream: Falling back to JS CCITTFax decoder.
Warning: CCITTFaxStream: Falling back to JS CCITTFax decoder.
Warning: CCITTFaxStream: Falling back to JS CCITTFax decoder.
Warning: CCITTFaxStream: Falling back to JS CCITTFax decoder.
Warning: CCITTFaxStream: Falling back to JS CCITTFax decoder.
Warning: CCITTFaxStream: Falling back to JS CCITTFax decoder.
Warning: CCITTFaxStream: Falling back to JS CCITTFax decoder.
Warning: CCITTFaxStream: Falling back to JS CCITTFax decoder.
Warning: CCITTFaxStream: Falling back to JS CCITTFax decoder.
Warning: CCITTFaxStream: Falling back to JS CCITTFax decoder.
Warning: CCITTFaxStream: Falling back to JS CCITTFax decoder.
Warning: CCITTFaxStream: Falling back to JS CCITTFax decoder.
Warning: CCITTFaxStream: Falling back to JS CCITTFax decoder.
Warning: CCITTFaxStream: Falling back to JS CCITTFax decoder.
Warning: CCITTFaxStream: Falling back to JS CCITTFax decoder.
Warning: CCITTFaxStream: Falling back to JS CCITTFax decoder.
Warning: CCITTFaxStream: Falling back to JS CCITTFax decoder.
Warning: CCITTFaxStream: Falling back to JS CCITTFax decoder.
Warning: CCITTFaxStream: Falling back to JS CCITTFax decoder.
Warning: CCITTFaxStream: Falling back to JS CCITTFax decoder.
Warning: CCITTFaxStream: Falling back to JS CCITTFax decoder.
Warning: CCITTFaxStream: Falling back to JS CCITTFax decoder.
Warning: CCITTFaxStream: Falling back to JS CCITTFax decoder.
Warning: CCITTFaxStream: Falling back to JS CCITTFax decoder.
Warning: CCITTFaxStream: Falling back to JS CCITTFax decoder.
Warning: CCITTFaxStream: Falling back to JS CCITTFax decoder.
Warning: CCITTFaxStream: Falling back to JS CCITTFax decoder.
Warning: CCITTFaxStream: Falling back to JS CCITTFax decoder.
Warning: CCITTFaxStream: Falling back to JS CCITTFax decoder.
Warning: CCITTFaxStream: Falling back to JS CCITTFax decoder.
Warning: CCITTFaxStream: Falling back to JS CCITTFax decoder.
Warning: CCITTFaxStream: Falling back to JS CCITTFax decoder.
Warning: CCITTFaxStream: Falling back to JS CCITTFax decoder.
Warning: CCITTFaxStream: Falling back to JS CCITTFax decoder.
Warning: CCITTFaxStream: Falling back to JS CCITTFax decoder.
Warning: CCITTFaxStream: Falling back to JS CCITTFax decoder.
Warning: CCITTFaxStream: Falling back to JS CCITTFax decoder.
Warning: CCITTFaxStream: Falling back to JS CCITTFax decoder.
Warning: CCITTFaxStream: Falling back to JS CCITTFax decoder.
Warning: CCITTFaxStream: Falling back to JS CCITTFax decoder.
Warning: CCITTFaxStream: Falling back to JS CCITTFax decoder.
Warning: CCITTFaxStream: Falling back to JS CCITTFax decoder.
Warning: CCITTFaxStream: Falling back to JS CCITTFax decoder.
Warning: CCITTFaxStream: Falling back to JS CCITTFax decoder.
Warning: CCITTFaxStream: Falling back to JS CCITTFax decoder.
Warning: CCITTFaxStream: Falling back to JS CCITTFax decoder.
Warning: CCITTFaxStream: Falling back to JS CCITTFax decoder.
Warning: CCITTFaxStream: Falling back to JS CCITTFax decoder.
Warning: CCITTFaxStream: Falling back to JS CCITTFax decoder.
Warning: CCITTFaxStream: Falling back to JS CCITTFax decoder.
Warning: CCITTFaxStream: Falling back to JS CCITTFax decoder.
Warning: CCITTFaxStream: Falling back to JS CCITTFax decoder.
Warning: CCITTFaxStream: Falling back to JS CCITTFax decoder.
Warning: CCITTFaxStream: Falling back to JS CCITTFax decoder.
Warning: CCITTFaxStream: Falling back to JS CCITTFax decoder.
Warning: CCITTFaxStream: Falling back to JS CCITTFax decoder.
Warning: CCITTFaxStream: Falling back to JS CCITTFax decoder.
Warning: CCITTFaxStream: Falling back to JS CCITTFax decoder.
Warning: CCITTFaxStream: Falling back to JS CCITTFax decoder.
Warning: CCITTFaxStream: Falling back to JS CCITTFax decoder.
Warning: CCITTFaxStream: Falling back to JS CCITTFax decoder.
Warning: CCITTFaxStream: Falling back to JS CCITTFax decoder.
Warning: CCITTFaxStream: Falling back to JS CCITTFax decoder.
Warning: CCITTFaxStream: Falling back to JS CCITTFax decoder.
Warning: CCITTFaxStream: Falling back to JS CCITTFax decoder.
Warning: CCITTFaxStream: Falling back to JS CCITTFax decoder.
Warning: CCITTFaxStream: Falling back to JS CCITTFax decoder.
Warning: CCITTFaxStream: Falling back to JS CCITTFax decoder.
Warning: CCITTFaxStream: Falling back to JS CCITTFax decoder.
Warning: CCITTFaxStream: Falling back to JS CCITTFax decoder.
Warning: CCITTFaxStream: Falling back to JS CCITTFax decoder.
Warning: CCITTFaxStream: Falling back to JS CCITTFax decoder.
Warning: CCITTFaxStream: Falling back to JS CCITTFax decoder.
Warning: CCITTFaxStream: Falling back to JS CCITTFax decoder.
Warning: CCITTFaxStream: Falling back to JS CCITTFax decoder.
Warning: CCITTFaxStream: Falling back to JS CCITTFax decoder.
Warning: CCITTFaxStream: Falling back to JS CCITTFax decoder.
Warning: CCITTFaxStream: Falling back to JS CCITTFax decoder.
Warning: CCITTFaxStream: Falling back to JS CCITTFax decoder.
Warning: CCITTFaxStream: Falling back to JS CCITTFax decoder.
Warning: CCITTFaxStream: Falling back to JS CCITTFax decoder.
Warning: CCITTFaxStream: Falling back to JS CCITTFax decoder.
Warning: CCITTFaxStream: Falling back to JS CCITTFax decoder.
Warning: CCITTFaxStream: Falling back to JS CCITTFax decoder.
Warning: CCITTFaxStream: Falling back to JS CCITTFax decoder.
Warning: CCITTFaxStream: Falling back to JS CCITTFax decoder.
Warning: CCITTFaxStream: Falling back to JS CCITTFax decoder.
Warning: CCITTFaxStream: Falling back to JS CCITTFax decoder.
Warning: CCITTFaxStream: Falling back to JS CCITTFax decoder.
Warning: CCITTFaxStream: Falling back to JS CCITTFax decoder.
Warning: CCITTFaxStream: Falling back to JS CCITTFax decoder.
Warning: CCITTFaxStream: Falling back to JS CCITTFax decoder.
Warning: CCITTFaxStream: Falling back to JS CCITTFax decoder.
Warning: CCITTFaxStream: Falling back to JS CCITTFax decoder.
Warning: CCITTFaxStream: Falling back to JS CCITTFax decoder.
Warning: CCITTFaxStream: Falling back to JS CCITTFax decoder.
Warning: CCITTFaxStream: Falling back to JS CCITTFax decoder.
Warning: CCITTFaxStream: Falling back to JS CCITTFax decoder.
Warning: CCITTFaxStream: Falling back to JS CCITTFax decoder.
Warning: CCITTFaxStream: Falling back to JS CCITTFax decoder.
Warning: CCITTFaxStream: Falling back to JS CCITTFax decoder.
Warning: CCITTFaxStream: Falling back to JS CCITTFax decoder.
Warning: CCITTFaxStream: Falling back to JS CCITTFax decoder.
Warning: CCITTFaxStream: Falling back to JS CCITTFax decoder.
Warning: CCITTFaxStream: Falling back to JS CCITTFax decoder.
Warning: CCITTFaxStream: Falling back to JS CCITTFax decoder.
Warning: CCITTFaxStream: Falling back to JS CCITTFax decoder.
Warning: CCITTFaxStream: Falling back to JS CCITTFax decoder.
Warning: CCITTFaxStream: Falling back to JS CCITTFax decoder.
Warning: CCITTFaxStream: Falling back to JS CCITTFax decoder.
Warning: CCITTFaxStream: Falling back to JS CCITTFax decoder.
Warning: CCITTFaxStream: Falling back to JS CCITTFax decoder.
Warning: CCITTFaxStream: Falling back to JS CCITTFax decoder.
Warning: CCITTFaxStream: Falling back to JS CCITTFax decoder.
Warning: CCITTFaxStream: Falling back to JS CCITTFax decoder.
Warning: CCITTFaxStream: Falling back to JS CCITTFax decoder.
Warning: CCITTFaxStream: Falling back to JS CCITTFax decoder.
Warning: CCITTFaxStream: Falling back to JS CCITTFax decoder.
Warning: CCITTFaxStream: Falling back to JS CCITTFax decoder.
Warning: CCITTFaxStream: Falling back to JS CCITTFax decoder.
Warning: CCITTFaxStream: Falling back to JS CCITTFax decoder.
Warning: CCITTFaxStream: Falling back to JS CCITTFax decoder.
Warning: CCITTFaxStream: Falling back to JS CCITTFax decoder.
Warning: CCITTFaxStream: Falling back to JS CCITTFax decoder.
Warning: CCITTFaxStream: Falling back to JS CCITTFax decoder.
Warning: CCITTFaxStream: Falling back to JS CCITTFax decoder.
Warning: CCITTFaxStream: Falling back to JS CCITTFax decoder.
Warning: CCITTFaxStream: Falling back to JS CCITTFax decoder.
Warning: CCITTFaxStream: Falling back to JS CCITTFax decoder.
Warning: CCITTFaxStream: Falling back to JS CCITTFax decoder.
Warning: CCITTFaxStream: Falling back to JS CCITTFax decoder.
Warning: CCITTFaxStream: Falling back to JS CCITTFax decoder.
Warning: CCITTFaxStream: Falling back to JS CCITTFax decoder.
Warning: CCITTFaxStream: Falling back to JS CCITTFax decoder.
Warning: CCITTFaxStream: Falling back to JS CCITTFax decoder.
Warning: CCITTFaxStream: Falling back to JS CCITTFax decoder.
Warning: CCITTFaxStream: Falling back to JS CCITTFax decoder.
Warning: CCITTFaxStream: Falling back to JS CCITTFax decoder.
Warning: CCITTFaxStream: Falling back to JS CCITTFax decoder.
Warning: CCITTFaxStream: Falling back to JS CCITTFax decoder.
Warning: CCITTFaxStream: Falling back to JS CCITTFax decoder.
Warning: CCITTFaxStream: Falling back to JS CCITTFax decoder.
Warning: CCITTFaxStream: Falling back to JS CCITTFax decoder.
Warning: CCITTFaxStream: Falling back to JS CCITTFax decoder.
Warning: CCITTFaxStream: Falling back to JS CCITTFax decoder.
Warning: CCITTFaxStream: Falling back to JS CCITTFax decoder.
Warning: CCITTFaxStream: Falling back to JS CCITTFax decoder.
Warning: CCITTFaxStream: Falling back to JS CCITTFax decoder.
Warning: CCITTFaxStream: Falling back to JS CCITTFax decoder.
Warning: CCITTFaxStream: Falling back to JS CCITTFax decoder.
Warning: CCITTFaxStream: Falling back to JS CCITTFax decoder.
Warning: CCITTFaxStream: Falling back to JS CCITTFax decoder.
Warning: CCITTFaxStream: Falling back to JS CCITTFax decoder.
Warning: CCITTFaxStream: Falling back to JS CCITTFax decoder.
Warning: CCITTFaxStream: Falling back to JS CCITTFax decoder.
Warning: CCITTFaxStream: Falling back to JS CCITTFax decoder.
Warning: CCITTFaxStream: Falling back to JS CCITTFax decoder.
Warning: CCITTFaxStream: Falling back to JS CCITTFax decoder.
Warning: CCITTFaxStream: Falling back to JS CCITTFax decoder.
Warning: CCITTFaxStream: Falling back to JS CCITTFax decoder.
Warning: CCITTFaxStream: Falling back to JS CCITTFax decoder.
Warning: CCITTFaxStream: Falling back to JS CCITTFax decoder.
Warning: CCITTFaxStream: Falling back to JS CCITTFax decoder.
Warning: CCITTFaxStream: Falling back to JS CCITTFax decoder.
Warning: CCITTFaxStream: Falling back to JS CCITTFax decoder.
Warning: CCITTFaxStream: Falling back to JS CCITTFax decoder.
Warning: CCITTFaxStream: Falling back to JS CCITTFax decoder.
Warning: CCITTFaxStream: Falling back to JS CCITTFax decoder.
Warning: CCITTFaxStream: Falling back to JS CCITTFax decoder.
Warning: CCITTFaxStream: Falling back to JS CCITTFax decoder.
Warning: CCITTFaxStream: Falling back to JS CCITTFax decoder.
Warning: CCITTFaxStream: Falling back to JS CCITTFax decoder.
Warning: CCITTFaxStream: Falling back to JS CCITTFax decoder.
Warning: CCITTFaxStream: Falling back to JS CCITTFax decoder.
Warning: CCITTFaxStream: Falling back to JS CCITTFax decoder.
Warning: CCITTFaxStream: Falling back to JS CCITTFax decoder.
Warning: CCITTFaxStream: Falling back to JS CCITTFax decoder.
Warning: CCITTFaxStream: Falling back to JS CCITTFax decoder.
Warning: CCITTFaxStream: Falling back to JS CCITTFax decoder.
Warning: CCITTFaxStream: Falling back to JS CCITTFax decoder.
Warning: CCITTFaxStream: Falling back to JS CCITTFax decoder.
Warning: CCITTFaxStream: Falling back to JS CCITTFax decoder.
Warning: CCITTFaxStream: Falling back to JS CCITTFax decoder.
Warning: CCITTFaxStream: Falling back to JS CCITTFax decoder.
Warning: CCITTFaxStream: Falling back to JS CCITTFax decoder.
Warning: CCITTFaxStream: Falling back to JS CCITTFax decoder.
Warning: CCITTFaxStream: Falling back to JS CCITTFax decoder.
Warning: CCITTFaxStream: Falling back to JS CCITTFax decoder.
Warning: CCITTFaxStream: Falling back to JS CCITTFax decoder.
Warning: CCITTFaxStream: Falling back to JS CCITTFax decoder.
Warning: CCITTFaxStream: Falling back to JS CCITTFax decoder.
Warning: CCITTFaxStream: Falling back to JS CCITTFax decoder.
Warning: CCITTFaxStream: Falling back to JS CCITTFax decoder.
Warning: CCITTFaxStream: Falling back to JS CCITTFax decoder.
Warning: CCITTFaxStream: Falling back to JS CCITTFax decoder.
Warning: CCITTFaxStream: Falling back to JS CCITTFax decoder.
Warning: CCITTFaxStream: Falling back to JS CCITTFax decoder.
Warning: CCITTFaxStream: Falling back to JS CCITTFax decoder.
Warning: TT: undefined function: 32
Warning: CCITTFaxStream: Falling back to JS CCITTFax decoder.
Warning: CCITTFaxStream: Falling back to JS CCITTFax decoder.
Warning: CCITTFaxStream: Falling back to JS CCITTFax decoder.
Warning: CCITTFaxStream: Falling back to JS CCITTFax decoder.
Warning: CCITTFaxStream: Falling back to JS CCITTFax decoder.
Warning: CCITTFaxStream: Falling back to JS CCITTFax decoder.
Warning: CCITTFaxStream: Falling back to JS CCITTFax decoder.
Warning: CCITTFaxStream: Falling back to JS CCITTFax decoder.
Warning: CCITTFaxStream: Falling back to JS CCITTFax decoder.
Warning: CCITTFaxStream: Falling back to JS CCITTFax decoder.
Warning: CCITTFaxStream: Falling back to JS CCITTFax decoder.
Warning: CCITTFaxStream: Falling back to JS CCITTFax decoder.
Warning: CCITTFaxStream: Falling back to JS CCITTFax decoder.
Warning: CCITTFaxStream: Falling back to JS CCITTFax decoder.
Warning: CCITTFaxStream: Falling back to JS CCITTFax decoder.
Warning: CCITTFaxStream: Falling back to JS CCITTFax decoder.
Warning: CCITTFaxStream: Falling back to JS CCITTFax decoder.
Warning: CCITTFaxStream: Falling back to JS CCITTFax decoder.
Warning: CCITTFaxStream: Falling back to JS CCITTFax decoder.
Warning: CCITTFaxStream: Falling back to JS CCITTFax decoder.
Warning: CCITTFaxStream: Falling back to JS CCITTFax decoder.
Warning: CCITTFaxStream: Falling back to JS CCITTFax decoder.
Warning: CCITTFaxStream: Falling back to JS CCITTFax decoder.
Warning: CCITTFaxStream: Falling back to JS CCITTFax decoder.
Warning: CCITTFaxStream: Falling back to JS CCITTFax decoder.
Warning: CCITTFaxStream: Falling back to JS CCITTFax decoder.
Warning: CCITTFaxStream: Falling back to JS CCITTFax decoder.
Warning: CCITTFaxStream: Falling back to JS CCITTFax decoder.
Warning: CCITTFaxStream: Falling back to JS CCITTFax decoder.
Warning: CCITTFaxStream: Falling back to JS CCITTFax decoder.
Warning: CCITTFaxStream: Falling back to JS CCITTFax decoder.
Warning: CCITTFaxStream: Falling back to JS CCITTFax decoder.
Warning: CCITTFaxStream: Falling back to JS CCITTFax decoder.
Warning: CCITTFaxStream: Falling back to JS CCITTFax decoder.
Warning: CCITTFaxStream: Falling back to JS CCITTFax decoder.
Warning: CCITTFaxStream: Falling back to JS CCITTFax decoder.
Warning: CCITTFaxStream: Falling back to JS CCITTFax decoder.
Warning: CCITTFaxStream: Falling back to JS CCITTFax decoder.
Warning: CCITTFaxStream: Falling back to JS CCITTFax decoder.
Warning: CCITTFaxStream: Falling back to JS CCITTFax decoder.
Warning: CCITTFaxStream: Falling back to JS CCITTFax decoder.
Warning: CCITTFaxStream: Falling back to JS CCITTFax decoder.
Warning: CCITTFaxStream: Falling back to JS CCITTFax decoder.
Warning: CCITTFaxStream: Falling back to JS CCITTFax decoder.
Warning: CCITTFaxStream: Falling back to JS CCITTFax decoder.
Warning: CCITTFaxStream: Falling back to JS CCITTFax decoder.
Warning: CCITTFaxStream: Falling back to JS CCITTFax decoder.
Warning: CCITTFaxStream: Falling back to JS CCITTFax decoder.
Warning: CCITTFaxStream: Falling back to JS CCITTFax decoder.
Warning: CCITTFaxStream: Falling back to JS CCITTFax decoder.
Warning: CCITTFaxStream: Falling back to JS CCITTFax decoder.
Warning: CCITTFaxStream: Falling back to JS CCITTFax decoder.
Warning: CCITTFaxStream: Falling back to JS CCITTFax decoder.
Warning: CCITTFaxStream: Falling back to JS CCITTFax decoder.
Warning: CCITTFaxStream: Falling back to JS CCITTFax decoder.
Warning: CCITTFaxStream: Falling back to JS CCITTFax decoder.
Warning: CCITTFaxStream: Falling back to JS CCITTFax decoder.
Warning: CCITTFaxStream: Falling back to JS CCITTFax decoder.
Warning: CCITTFaxStream: Falling back to JS CCITTFax decoder.
Warning: CCITTFaxStream: Falling back to JS CCITTFax decoder.
Warning: CCITTFaxStream: Falling back to JS CCITTFax decoder.
Warning: CCITTFaxStream: Falling back to JS CCITTFax decoder.
Warning: CCITTFaxStream: Falling back to JS CCITTFax decoder.
Warning: CCITTFaxStream: Falling back to JS CCITTFax decoder.
Warning: CCITTFaxStream: Falling back to JS CCITTFax decoder.
Warning: CCITTFaxStream: Falling back to JS CCITTFax decoder.
Warning: CCITTFaxStream: Falling back to JS CCITTFax decoder.
Warning: CCITTFaxStream: Falling back to JS CCITTFax decoder.
Warning: CCITTFaxStream: Falling back to JS CCITTFax decoder.
Warning: CCITTFaxStream: Falling back to JS CCITTFax decoder.
Warning: CCITTFaxStream: Falling back to JS CCITTFax decoder.
Warning: CCITTFaxStream: Falling back to JS CCITTFax decoder.
Warning: CCITTFaxStream: Falling back to JS CCITTFax decoder.
Warning: CCITTFaxStream: Falling back to JS CCITTFax decoder.
Warning: CCITTFaxStream: Falling back to JS CCITTFax decoder.
Warning: CCITTFaxStream: Falling back to JS CCITTFax decoder.
Warning: CCITTFaxStream: Falling back to JS CCITTFax decoder.
Warning: CCITTFaxStream: Falling back to JS CCITTFax decoder.
Warning: CCITTFaxStream: Falling back to JS CCITTFax decoder.
Warning: CCITTFaxStream: Falling back to JS CCITTFax decoder.
Warning: CCITTFaxStream: Falling back to JS CCITTFax decoder.
Warning: CCITTFaxStream: Falling back to JS CCITTFax decoder.
Warning: CCITTFaxStream: Falling back to JS CCITTFax decoder.
Warning: CCITTFaxStream: Falling back to JS CCITTFax decoder.
Warning: CCITTFaxStream: Falling back to JS CCITTFax decoder.
Warning: CCITTFaxStream: Falling back to JS CCITTFax decoder.
Warning: CCITTFaxStream: Falling back to JS CCITTFax decoder.
Warning: CCITTFaxStream: Falling back to JS CCITTFax decoder.
Warning: CCITTFaxStream: Falling back to JS CCITTFax decoder.
Warning: CCITTFaxStream: Falling back to JS CCITTFax decoder.
Warning: CCITTFaxStream: Falling back to JS CCITTFax decoder.
Warning: CCITTFaxStream: Falling back to JS CCITTFax decoder.
Warning: CCITTFaxStream: Falling back to JS CCITTFax decoder.
Warning: CCITTFaxStream: Falling back to JS CCITTFax decoder.
Warning: CCITTFaxStream: Falling back to JS CCITTFax decoder.
Warning: CCITTFaxStream: Falling back to JS CCITTFax decoder.
Warning: CCITTFaxStream: Falling back to JS CCITTFax decoder.
Warning: CCITTFaxStream: Falling back to JS CCITTFax decoder.
Warning: CCITTFaxStream: Falling back to JS CCITTFax decoder.
Warning: CCITTFaxStream: Falling back to JS CCITTFax decoder.
Warning: CCITTFaxStream: Falling back to JS CCITTFax decoder.
Warning: CCITTFaxStream: Falling back to JS CCITTFax decoder.
Warning: CCITTFaxStream: Falling back to JS CCITTFax decoder.
Warning: CCITTFaxStream: Falling back to JS CCITTFax decoder.
Warning: CCITTFaxStream: Falling back to JS CCITTFax decoder.
Warning: CCITTFaxStream: Falling back to JS CCITTFax decoder.
Warning: CCITTFaxStream: Falling back to JS CCITTFax decoder.
Warning: CCITTFaxStream: Falling back to JS CCITTFax decoder.
Warning: CCITTFaxStream: Falling back to JS CCITTFax decoder.
Warning: CCITTFaxStream: Falling back to JS CCITTFax decoder.
Warning: CCITTFaxStream: Falling back to JS CCITTFax decoder.
Warning: CCITTFaxStream: Falling back to JS CCITTFax decoder.
Warning: CCITTFaxStream: Falling back to JS CCITTFax decoder.
Warning: CCITTFaxStream: Falling back to JS CCITTFax decoder.
Warning: CCITTFaxStream: Falling back to JS CCITTFax decoder.
Warning: CCITTFaxStream: Falling back to JS CCITTFax decoder.
Warning: CCITTFaxStream: Falling back to JS CCITTFax decoder.
Warning: CCITTFaxStream: Falling back to JS CCITTFax decoder.
Warning: CCITTFaxStream: Falling back to JS CCITTFax decoder.
Warning: CCITTFaxStream: Falling back to JS CCITTFax decoder.
Warning: CCITTFaxStream: Falling back to JS CCITTFax decoder.
Warning: CCITTFaxStream: Falling back to JS CCITTFax decoder.
Warning: CCITTFaxStream: Falling back to JS CCITTFax decoder.
Warning: CCITTFaxStream: Falling back to JS CCITTFax decoder.
Warning: CCITTFaxStream: Falling back to JS CCITTFax decoder.
Warning: CCITTFaxStream: Falling back to JS CCITTFax decoder.
Warning: CCITTFaxStream: Falling back to JS CCITTFax decoder.
Warning: CCITTFaxStream: Falling back to JS CCITTFax decoder.
Warning: CCITTFaxStream: Falling back to JS CCITTFax decoder.
Warning: CCITTFaxStream: Falling back to JS CCITTFax decoder.
Warning: CCITTFaxStream: Falling back to JS CCITTFax decoder.
Warning: CCITTFaxStream: Falling back to JS CCITTFax decoder.
Warning: CCITTFaxStream: Falling back to JS CCITTFax decoder.
Warning: CCITTFaxStream: Falling back to JS CCITTFax decoder.
Warning: CCITTFaxStream: Falling back to JS CCITTFax decoder.
Warning: CCITTFaxStream: Falling back to JS CCITTFax decoder.
Warning: CCITTFaxStream: Falling back to JS CCITTFax decoder.
Warning: CCITTFaxStream: Falling back to JS CCITTFax decoder.
Warning: CCITTFaxStream: Falling back to JS CCITTFax decoder.
Warning: CCITTFaxStream: Falling back to JS CCITTFax decoder.
Warning: CCITTFaxStream: Falling back to JS CCITTFax decoder.
Warning: CCITTFaxStream: Falling back to JS CCITTFax decoder.
Warning: CCITTFaxStream: Falling back to JS CCITTFax decoder.
Warning: CCITTFaxStream: Falling back to JS CCITTFax decoder.
Warning: CCITTFaxStream: Falling back to JS CCITTFax decoder.
Warning: CCITTFaxStream: Falling back to JS CCITTFax decoder.
Warning: CCITTFaxStream: Falling back to JS CCITTFax decoder.
Warning: CCITTFaxStream: Falling back to JS CCITTFax decoder.
Warning: CCITTFaxStream: Falling back to JS CCITTFax decoder.
Warning: CCITTFaxStream: Falling back to JS CCITTFax decoder.
Warning: CCITTFaxStream: Falling back to JS CCITTFax decoder.
Warning: CCITTFaxStream: Falling back to JS CCITTFax decoder.
Warning: CCITTFaxStream: Falling back to JS CCITTFax decoder.
Warning: CCITTFaxStream: Falling back to JS CCITTFax decoder.
Warning: CCITTFaxStream: Falling back to JS CCITTFax decoder.
Warning: CCITTFaxStream: Falling back to JS CCITTFax decoder.
Warning: CCITTFaxStream: Falling back to JS CCITTFax decoder.
Warning: CCITTFaxStream: Falling back to JS CCITTFax decoder.
Warning: CCITTFaxStream: Falling back to JS CCITTFax decoder.
Warning: CCITTFaxStream: Falling back to JS CCITTFax decoder.
Warning: CCITTFaxStream: Falling back to JS CCITTFax decoder.
Warning: CCITTFaxStream: Falling back to JS CCITTFax decoder.
Warning: CCITTFaxStream: Falling back to JS CCITTFax decoder.
Warning: CCITTFaxStream: Falling back to JS CCITTFax decoder.
Warning: CCITTFaxStream: Falling back to JS CCITTFax decoder.
Warning: CCITTFaxStream: Falling back to JS CCITTFax decoder.
Warning: CCITTFaxStream: Falling back to JS CCITTFax decoder.
Warning: CCITTFaxStream: Falling back to JS CCITTFax decoder.
Warning: CCITTFaxStream: Falling back to JS CCITTFax decoder.
Warning: CCITTFaxStream: Falling back to JS CCITTFax decoder.
Warning: CCITTFaxStream: Falling back to JS CCITTFax decoder.
Warning: CCITTFaxStream: Falling back to JS CCITTFax decoder.
Warning: CCITTFaxStream: Falling back to JS CCITTFax decoder.
Warning: CCITTFaxStream: Falling back to JS CCITTFax decoder.
Warning: CCITTFaxStream: Falling back to JS CCITTFax decoder.
Warning: CCITTFaxStream: Falling back to JS CCITTFax decoder.
Warning: CCITTFaxStream: Falling back to JS CCITTFax decoder.
Warning: CCITTFaxStream: Falling back to JS CCITTFax decoder.
Warning: CCITTFaxStream: Falling back to JS CCITTFax decoder.
Warning: CCITTFaxStream: Falling back to JS CCITTFax decoder.
Warning: CCITTFaxStream: Falling back to JS CCITTFax decoder.
Warning: CCITTFaxStream: Falling back to JS CCITTFax decoder.
Warning: CCITTFaxStream: Falling back to JS CCITTFax decoder.
Warning: CCITTFaxStream: Falling back to JS CCITTFax decoder.
Warning: CCITTFaxStream: Falling back to JS CCITTFax decoder.
Warning: CCITTFaxStream: Falling back to JS CCITTFax decoder.
Warning: CCITTFaxStream: Falling back to JS CCITTFax decoder.
Warning: CCITTFaxStream: Falling back to JS CCITTFax decoder.
Warning: CCITTFaxStream: Falling back to JS CCITTFax decoder.
Warning: CCITTFaxStream: Falling back to JS CCITTFax decoder.
Warning: CCITTFaxStream: Falling back to JS CCITTFax decoder.
Warning: CCITTFaxStream: Falling back to JS CCITTFax decoder.
Warning: CCITTFaxStream: Falling back to JS CCITTFax decoder.
Warning: CCITTFaxStream: Falling back to JS CCITTFax decoder.
Warning: CCITTFaxStream: Falling back to JS CCITTFax decoder.
Warning: CCITTFaxStream: Falling back to JS CCITTFax decoder.
Warning: CCITTFaxStream: Falling back to JS CCITTFax decoder.
Warning: CCITTFaxStream: Falling back to JS CCITTFax decoder.
Warning: CCITTFaxStream: Falling back to JS CCITTFax decoder.
Warning: CCITTFaxStream: Falling back to JS CCITTFax decoder.
Warning: CCITTFaxStream: Falling back to JS CCITTFax decoder.
Warning: CCITTFaxStream: Falling back to JS CCITTFax decoder.
Warning: CCITTFaxStream: Falling back to JS CCITTFax decoder.
Warning: CCITTFaxStream: Falling back to JS CCITTFax decoder.
Warning: CCITTFaxStream: Falling back to JS CCITTFax decoder.
Warning: CCITTFaxStream: Falling back to JS CCITTFax decoder.
Warning: CCITTFaxStream: Falling back to JS CCITTFax decoder.
Warning: CCITTFaxStream: Falling back to JS CCITTFax decoder.
Warning: CCITTFaxStream: Falling back to JS CCITTFax decoder.
Warning: CCITTFaxStream: Falling back to JS CCITTFax decoder.
Warning: CCITTFaxStream: Falling back to JS CCITTFax decoder.
Warning: CCITTFaxStream: Falling back to JS CCITTFax decoder.
Warning: CCITTFaxStream: Falling back to JS CCITTFax decoder.
Warning: CCITTFaxStream: Falling back to JS CCITTFax decoder.
Warning: CCITTFaxStream: Falling back to JS CCITTFax decoder.
Warning: CCITTFaxStream: Falling back to JS CCITTFax decoder.
Warning: CCITTFaxStream: Falling back to JS CCITTFax decoder.
Warning: CCITTFaxStream: Falling back to JS CCITTFax decoder.
Warning: CCITTFaxStream: Falling back to JS CCITTFax decoder.
Warning: CCITTFaxStream: Falling back to JS CCITTFax decoder.
Warning: CCITTFaxStream: Falling back to JS CCITTFax decoder.
Warning: CCITTFaxStream: Falling back to JS CCITTFax decoder.
Warning: CCITTFaxStream: Falling back to JS CCITTFax decoder.
Warning: CCITTFaxStream: Falling back to JS CCITTFax decoder.
Warning: CCITTFaxStream: Falling back to JS CCITTFax decoder.
Warning: CCITTFaxStream: Falling back to JS CCITTFax decoder.
Warning: CCITTFaxStream: Falling back to JS CCITTFax decoder.
Warning: CCITTFaxStream: Falling back to JS CCITTFax decoder.
Warning: CCITTFaxStream: Falling back to JS CCITTFax decoder.
Warning: CCITTFaxStream: Falling back to JS CCITTFax decoder.
Warning: CCITTFaxStream: Falling back to JS CCITTFax decoder.
Warning: CCITTFaxStream: Falling back to JS CCITTFax decoder.
Warning: CCITTFaxStream: Falling back to JS CCITTFax decoder.
Warning: CCITTFaxStream: Falling back to JS CCITTFax decoder.
Warning: CCITTFaxStream: Falling back to JS CCITTFax decoder.
Warning: CCITTFaxStream: Falling back to JS CCITTFax decoder.
Warning: CCITTFaxStream: Falling back to JS CCITTFax decoder.
Warning: CCITTFaxStream: Falling back to JS CCITTFax decoder.
Warning: CCITTFaxStream: Falling back to JS CCITTFax decoder.
Warning: CCITTFaxStream: Falling back to JS CCITTFax decoder.
Warning: CCITTFaxStream: Falling back to JS CCITTFax decoder.
Warning: CCITTFaxStream: Falling back to JS CCITTFax decoder.
Warning: CCITTFaxStream: Falling back to JS CCITTFax decoder.
Warning: CCITTFaxStream: Falling back to JS CCITTFax decoder.
Warning: CCITTFaxStream: Falling back to JS CCITTFax decoder.
Warning: CCITTFaxStream: Falling back to JS CCITTFax decoder.
Warning: CCITTFaxStream: Falling back to JS CCITTFax decoder.
Warning: CCITTFaxStream: Falling back to JS CCITTFax decoder.
Warning: CCITTFaxStream: Falling back to JS CCITTFax decoder.
Warning: CCITTFaxStream: Falling back to JS CCITTFax decoder.
Warning: CCITTFaxStream: Falling back to JS CCITTFax decoder.
Warning: CCITTFaxStream: Falling back to JS CCITTFax decoder.
Warning: CCITTFaxStream: Falling back to JS CCITTFax decoder.
Warning: CCITTFaxStream: Falling back to JS CCITTFax decoder.
Warning: CCITTFaxStream: Falling back to JS CCITTFax decoder.
Warning: CCITTFaxStream: Falling back to JS CCITTFax decoder.
Warning: CCITTFaxStream: Falling back to JS CCITTFax decoder.
Warning: CCITTFaxStream: Falling back to JS CCITTFax decoder.
Warning: CCITTFaxStream: Falling back to JS CCITTFax decoder.
Warning: CCITTFaxStream: Falling back to JS CCITTFax decoder.
Warning: CCITTFaxStream: Falling back to JS CCITTFax decoder.
Warning: CCITTFaxStream: Falling back to JS CCITTFax decoder.
Warning: CCITTFaxStream: Falling back to JS CCITTFax decoder.
Warning: CCITTFaxStream: Falling back to JS CCITTFax decoder.
Warning: CCITTFaxStream: Falling back to JS CCITTFax decoder.
Warning: CCITTFaxStream: Falling back to JS CCITTFax decoder.
Warning: CCITTFaxStream: Falling back to JS CCITTFax decoder.
Warning: CCITTFaxStream: Falling back to JS CCITTFax decoder.
Warning: CCITTFaxStream: Falling back to JS CCITTFax decoder.
Warning: CCITTFaxStream: Falling back to JS CCITTFax decoder.
Warning: CCITTFaxStream: Falling back to JS CCITTFax decoder.
Warning: CCITTFaxStream: Falling back to JS CCITTFax decoder.
Warning: CCITTFaxStream: Falling back to JS CCITTFax decoder.
Warning: CCITTFaxStream: Falling back to JS CCITTFax decoder.
Warning: CCITTFaxStream: Falling back to JS CCITTFax decoder.
Warning: CCITTFaxStream: Falling back to JS CCITTFax decoder.
Warning: CCITTFaxStream: Falling back to JS CCITTFax decoder.
Warning: CCITTFaxStream: Falling back to JS CCITTFax decoder.
Warning: CCITTFaxStream: Falling back to JS CCITTFax decoder.
Warning: CCITTFaxStream: Falling back to JS CCITTFax decoder.
Warning: CCITTFaxStream: Falling back to JS CCITTFax decoder.
Warning: CCITTFaxStream: Falling back to JS CCITTFax decoder.
Warning: CCITTFaxStream: Falling back to JS CCITTFax decoder.
Warning: CCITTFaxStream: Falling back to JS CCITTFax decoder.
Warning: CCITTFaxStream: Falling back to JS CCITTFax decoder.
Warning: CCITTFaxStream: Falling back to JS CCITTFax decoder.
Warning: CCITTFaxStream: Falling back to JS CCITTFax decoder.
Warning: CCITTFaxStream: Falling back to JS CCITTFax decoder.
Warning: CCITTFaxStream: Falling back to JS CCITTFax decoder.
Warning: CCITTFaxStream: Falling back to JS CCITTFax decoder.
Warning: CCITTFaxStream: Falling back to JS CCITTFax decoder.
Warning: CCITTFaxStream: Falling back to JS CCITTFax decoder.
Warning: CCITTFaxStream: Falling back to JS CCITTFax decoder.
Warning: CCITTFaxStream: Falling back to JS CCITTFax decoder.
Warning: CCITTFaxStream: Falling back to JS CCITTFax decoder.
Warning: CCITTFaxStream: Falling back to JS CCITTFax decoder.
Warning: CCITTFaxStream: Falling back to JS CCITTFax decoder.
Warning: CCITTFaxStream: Falling back to JS CCITTFax decoder.
Warning: CCITTFaxStream: Falling back to JS CCITTFax decoder.
Warning: CCITTFaxStream: Falling back to JS CCITTFax decoder.
Warning: CCITTFaxStream: Falling back to JS CCITTFax decoder.
Warning: CCITTFaxStream: Falling back to JS CCITTFax decoder.
Warning: CCITTFaxStream: Falling back to JS CCITTFax decoder.
Warning: CCITTFaxStream: Falling back to JS CCITTFax decoder.
Warning: CCITTFaxStream: Falling back to JS CCITTFax decoder.
Warning: CCITTFaxStream: Falling back to JS CCITTFax decoder.
Warning: CCITTFaxStream: Falling back to JS CCITTFax decoder.
Warning: CCITTFaxStream: Falling back to JS CCITTFax decoder.
Warning: CCITTFaxStream: Falling back to JS CCITTFax decoder.
Warning: CCITTFaxStream: Falling back to JS CCITTFax decoder.
Warning: CCITTFaxStream: Falling back to JS CCITTFax decoder.
Warning: CCITTFaxStream: Falling back to JS CCITTFax decoder.
Warning: CCITTFaxStream: Falling back to JS CCITTFax decoder.
Warning: CCITTFaxStream: Falling back to JS CCITTFax decoder.
Warning: CCITTFaxStream: Falling back to JS CCITTFax decoder.
Warning: CCITTFaxStream: Falling back to JS CCITTFax decoder.
Warning: CCITTFaxStream: Falling back to JS CCITTFax decoder.
Warning: CCITTFaxStream: Falling back to JS CCITTFax decoder.
Warning: CCITTFaxStream: Falling back to JS CCITTFax decoder.
Warning: CCITTFaxStream: Falling back to JS CCITTFax decoder.
Warning: CCITTFaxStream: Falling back to JS CCITTFax decoder.
Warning: CCITTFaxStream: Falling back to JS CCITTFax decoder.
Warning: CCITTFaxStream: Falling back to JS CCITTFax decoder.
Warning: CCITTFaxStream: Falling back to JS CCITTFax decoder.
Warning: CCITTFaxStream: Falling back to JS CCITTFax decoder.
Warning: CCITTFaxStream: Falling back to JS CCITTFax decoder.
Warning: CCITTFaxStream: Falling back to JS CCITTFax decoder.
Warning: CCITTFaxStream: Falling back to JS CCITTFax decoder.
Warning: CCITTFaxStream: Falling back to JS CCITTFax decoder.
Warning: CCITTFaxStream: Falling back to JS CCITTFax decoder.
Warning: CCITTFaxStream: Falling back to JS CCITTFax decoder.
Warning: CCITTFaxStream: Falling back to JS CCITTFax decoder.
Warning: CCITTFaxStream: Falling back to JS CCITTFax decoder.
Warning: CCITTFaxStream: Falling back to JS CCITTFax decoder.
Warning: CCITTFaxStream: Falling back to JS CCITTFax decoder.
Warning: CCITTFaxStream: Falling back to JS CCITTFax decoder.
Warning: CCITTFaxStream: Falling back to JS CCITTFax decoder.
Warning: CCITTFaxStream: Falling back to JS CCITTFax decoder.
Warning: CCITTFaxStream: Falling back to JS CCITTFax decoder.
Warning: CCITTFaxStream: Falling back to JS CCITTFax decoder.
Warning: CCITTFaxStream: Falling back to JS CCITTFax decoder.
Warning: CCITTFaxStream: Falling back to JS CCITTFax decoder.
Warning: CCITTFaxStream: Falling back to JS CCITTFax decoder.
Warning: CCITTFaxStream: Falling back to JS CCITTFax decoder.
Warning: CCITTFaxStream: Falling back to JS CCITTFax decoder.
Warning: CCITTFaxStream: Falling back to JS CCITTFax decoder.
Warning: CCITTFaxStream: Falling back to JS CCITTFax decoder.
Warning: CCITTFaxStream: Falling back to JS CCITTFax decoder.
Warning: CCITTFaxStream: Falling back to JS CCITTFax decoder.
Warning: CCITTFaxStream: Falling back to JS CCITTFax decoder.
Warning: CCITTFaxStream: Falling back to JS CCITTFax decoder.
Warning: CCITTFaxStream: Falling back to JS CCITTFax decoder.
Warning: CCITTFaxStream: Falling back to JS CCITTFax decoder.
Warning: CCITTFaxStream: Falling back to JS CCITTFax decoder.
Warning: CCITTFaxStream: Falling back to JS CCITTFax decoder.
Warning: CCITTFaxStream: Falling back to JS CCITTFax decoder.
Warning: CCITTFaxStream: Falling back to JS CCITTFax decoder.
Warning: CCITTFaxStream: Falling back to JS CCITTFax decoder.
Warning: CCITTFaxStream: Falling back to JS CCITTFax decoder.
Warning: CCITTFaxStream: Falling back to JS CCITTFax decoder.
Warning: CCITTFaxStream: Falling back to JS CCITTFax decoder.
Warning: CCITTFaxStream: Falling back to JS CCITTFax decoder.
Warning: CCITTFaxStream: Falling back to JS CCITTFax decoder.
Warning: CCITTFaxStream: Falling back to JS CCITTFax decoder.
Warning: CCITTFaxStream: Falling back to JS CCITTFax decoder.
Warning: CCITTFaxStream: Falling back to JS CCITTFax decoder.
Warning: CCITTFaxStream: Falling back to JS CCITTFax decoder.
Warning: CCITTFaxStream: Falling back to JS CCITTFax decoder.
Warning: CCITTFaxStream: Falling back to JS CCITTFax decoder.
Warning: CCITTFaxStream: Falling back to JS CCITTFax decoder.
Warning: CCITTFaxStream: Falling back to JS CCITTFax decoder.
Warning: CCITTFaxStream: Falling back to JS CCITTFax decoder.
Warning: CCITTFaxStream: Falling back to JS CCITTFax decoder.
Warning: CCITTFaxStream: Falling back to JS CCITTFax decoder.
Warning: CCITTFaxStream: Falling back to JS CCITTFax decoder.
Warning: CCITTFaxStream: Falling back to JS CCITTFax decoder.
Warning: CCITTFaxStream: Falling back to JS CCITTFax decoder.
Warning: CCITTFaxStream: Falling back to JS CCITTFax decoder.
Warning: CCITTFaxStream: Falling back to JS CCITTFax decoder.
Warning: CCITTFaxStream: Falling back to JS CCITTFax decoder.
Warning: CCITTFaxStream: Falling back to JS CCITTFax decoder.
Warning: CCITTFaxStream: Falling back to JS CCITTFax decoder.
Warning: CCITTFaxStream: Falling back to JS CCITTFax decoder.
Warning: CCITTFaxStream: Falling back to JS CCITTFax decoder.
Warning: CCITTFaxStream: Falling back to JS CCITTFax decoder.
Warning: CCITTFaxStream: Falling back to JS CCITTFax decoder.
Warning: CCITTFaxStream: Falling back to JS CCITTFax decoder.
Warning: CCITTFaxStream: Falling back to JS CCITTFax decoder.
Warning: CCITTFaxStream: Falling back to JS CCITTFax decoder.
Warning: CCITTFaxStream: Falling back to JS CCITTFax decoder.
Warning: CCITTFaxStream: Falling back to JS CCITTFax decoder.
Warning: CCITTFaxStream: Falling back to JS CCITTFax decoder.
Warning: CCITTFaxStream: Falling back to JS CCITTFax decoder.
Warning: CCITTFaxStream: Falling back to JS CCITTFax decoder.
Warning: CCITTFaxStream: Falling back to JS CCITTFax decoder.
Warning: CCITTFaxStream: Falling back to JS CCITTFax decoder.
Warning: CCITTFaxStream: Falling back to JS CCITTFax decoder.
Warning: CCITTFaxStream: Falling back to JS CCITTFax decoder.
Warning: CCITTFaxStream: Falling back to JS CCITTFax decoder.
Warning: CCITTFaxStream: Falling back to JS CCITTFax decoder.
Warning: CCITTFaxStream: Falling back to JS CCITTFax decoder.
Warning: CCITTFaxStream: Falling back to JS CCITTFax decoder.
Warning: CCITTFaxStream: Falling back to JS CCITTFax decoder.
Warning: CCITTFaxStream: Falling back to JS CCITTFax decoder.
Warning: CCITTFaxStream: Falling back to JS CCITTFax decoder.
Warning: CCITTFaxStream: Falling back to JS CCITTFax decoder.
Warning: CCITTFaxStream: Falling back to JS CCITTFax decoder.
Warning: CCITTFaxStream: Falling back to JS CCITTFax decoder.
Warning: CCITTFaxStream: Falling back to JS CCITTFax decoder.
Warning: CCITTFaxStream: Falling back to JS CCITTFax decoder.
Warning: CCITTFaxStream: Falling back to JS CCITTFax decoder.
Warning: CCITTFaxStream: Falling back to JS CCITTFax decoder.
Warning: CCITTFaxStream: Falling back to JS CCITTFax decoder.
Warning: CCITTFaxStream: Falling back to JS CCITTFax decoder.
Warning: CCITTFaxStream: Falling back to JS CCITTFax decoder.
Warning: CCITTFaxStream: Falling back to JS CCITTFax decoder.
Warning: CCITTFaxStream: Falling back to JS CCITTFax decoder.
Warning: CCITTFaxStream: Falling back to JS CCITTFax decoder.
Warning: CCITTFaxStream: Falling back to JS CCITTFax decoder.
Warning: CCITTFaxStream: Falling back to JS CCITTFax decoder.
Warning: CCITTFaxStream: Falling back to JS CCITTFax decoder.
Warning: CCITTFaxStream: Falling back to JS CCITTFax decoder.
Warning: CCITTFaxStream: Falling back to JS CCITTFax decoder.
Warning: CCITTFaxStream: Falling back to JS CCITTFax decoder.
Warning: CCITTFaxStream: Falling back to JS CCITTFax decoder.
Warning: CCITTFaxStream: Falling back to JS CCITTFax decoder.
Warning: CCITTFaxStream: Falling back to JS CCITTFax decoder.
Warning: CCITTFaxStream: Falling back to JS CCITTFax decoder.
Warning: CCITTFaxStream: Falling back to JS CCITTFax decoder.
Warning: CCITTFaxStream: Falling back to JS CCITTFax decoder.
Warning: CCITTFaxStream: Falling back to JS CCITTFax decoder.
Warning: CCITTFaxStream: Falling back to JS CCITTFax decoder.
Warning: CCITTFaxStream: Falling back to JS CCITTFax decoder.
Warning: CCITTFaxStream: Falling back to JS CCITTFax decoder.
Warning: CCITTFaxStream: Falling back to JS CCITTFax decoder.
Warning: CCITTFaxStream: Falling back to JS CCITTFax decoder.
Warning: CCITTFaxStream: Falling back to JS CCITTFax decoder.
Warning: CCITTFaxStream: Falling back to JS CCITTFax decoder.
Warning: CCITTFaxStream: Falling back to JS CCITTFax decoder.
Warning: CCITTFaxStream: Falling back to JS CCITTFax decoder.
Warning: CCITTFaxStream: Falling back to JS CCITTFax decoder.
Warning: CCITTFaxStream: Falling back to JS CCITTFax decoder.
Warning: CCITTFaxStream: Falling back to JS CCITTFax decoder.
Warning: CCITTFaxStream: Falling back to JS CCITTFax decoder.
Warning: CCITTFaxStream: Falling back to JS CCITTFax decoder.
Warning: CCITTFaxStream: Falling back to JS CCITTFax decoder.
Warning: CCITTFaxStream: Falling back to JS CCITTFax decoder.
Warning: CCITTFaxStream: Falling back to JS CCITTFax decoder.
Warning: CCITTFaxStream: Falling back to JS CCITTFax decoder.
Warning: CCITTFaxStream: Falling back to JS CCITTFax decoder.
Warning: CCITTFaxStream: Falling back to JS CCITTFax decoder.
Warning: CCITTFaxStream: Falling back to JS CCITTFax decoder.
Warning: CCITTFaxStream: Falling back to JS CCITTFax decoder.
Warning: CCITTFaxStream: Falling back to JS CCITTFax decoder.
Warning: CCITTFaxStream: Falling back to JS CCITTFax decoder.
Warning: CCITTFaxStream: Falling back to JS CCITTFax decoder.
Warning: CCITTFaxStream: Falling back to JS CCITTFax decoder.
Warning: CCITTFaxStream: Falling back to JS CCITTFax decoder.
Warning: CCITTFaxStream: Falling back to JS CCITTFax decoder.
Warning: CCITTFaxStream: Falling back to JS CCITTFax decoder.
Warning: CCITTFaxStream: Falling back to JS CCITTFax decoder.
Warning: CCITTFaxStream: Falling back to JS CCITTFax decoder.
Warning: CCITTFaxStream: Falling back to JS CCITTFax decoder.
Warning: CCITTFaxStream: Falling back to JS CCITTFax decoder.
Warning: CCITTFaxStream: Falling back to JS CCITTFax decoder.
Warning: CCITTFaxStream: Falling back to JS CCITTFax decoder.
Warning: CCITTFaxStream: Falling back to JS CCITTFax decoder.
Warning: CCITTFaxStream: Falling back to JS CCITTFax decoder.
Warning: CCITTFaxStream: Falling back to JS CCITTFax decoder.
Warning: CCITTFaxStream: Falling back to JS CCITTFax decoder.
Warning: CCITTFaxStream: Falling back to JS CCITTFax decoder.
Warning: CCITTFaxStream: Falling back to JS CCITTFax decoder.
Warning: CCITTFaxStream: Falling back to JS CCITTFax decoder.
Warning: CCITTFaxStream: Falling back to JS CCITTFax decoder.
Warning: CCITTFaxStream: Falling back to JS CCITTFax decoder.
Warning: CCITTFaxStream: Falling back to JS CCITTFax decoder.
Warning: CCITTFaxStream: Falling back to JS CCITTFax decoder.
Warning: CCITTFaxStream: Falling back to JS CCITTFax decoder.
Warning: CCITTFaxStream: Falling back to JS CCITTFax decoder.
Warning: CCITTFaxStream: Falling back to JS CCITTFax decoder.
Warning: CCITTFaxStream: Falling back to JS CCITTFax decoder.
Warning: CCITTFaxStream: Falling back to JS CCITTFax decoder.
Warning: CCITTFaxStream: Falling back to JS CCITTFax decoder.
Warning: CCITTFaxStream: Falling back to JS CCITTFax decoder.
Warning: CCITTFaxStream: Falling back to JS CCITTFax decoder.
Warning: CCITTFaxStream: Falling back to JS CCITTFax decoder.
Warning: CCITTFaxStream: Falling back to JS CCITTFax decoder.
Warning: CCITTFaxStream: Falling back to JS CCITTFax decoder.
Warning: CCITTFaxStream: Falling back to JS CCITTFax decoder.
Warning: CCITTFaxStream: Falling back to JS CCITTFax decoder.
Warning: CCITTFaxStream: Falling back to JS CCITTFax decoder.
Warning: CCITTFaxStream: Falling back to JS CCITTFax decoder.
Warning: CCITTFaxStream: Falling back to JS CCITTFax decoder.
Warning: CCITTFaxStream: Falling back to JS CCITTFax decoder.
Warning: CCITTFaxStream: Falling back to JS CCITTFax decoder.
Warning: CCITTFaxStream: Falling back to JS CCITTFax decoder.
Warning: CCITTFaxStream: Falling back to JS CCITTFax decoder.
Warning: CCITTFaxStream: Falling back to JS CCITTFax decoder.
Warning: CCITTFaxStream: Falling back to JS CCITTFax decoder.
Warning: CCITTFaxStream: Falling back to JS CCITTFax decoder.
Warning: CCITTFaxStream: Falling back to JS CCITTFax decoder.
Warning: CCITTFaxStream: Falling back to JS CCITTFax decoder.
Warning: CCITTFaxStream: Falling back to JS CCITTFax decoder.
Warning: CCITTFaxStream: Falling back to JS CCITTFax decoder.
Warning: CCITTFaxStream: Falling back to JS CCITTFax decoder.
Warning: CCITTFaxStream: Falling back to JS CCITTFax decoder.
Warning: CCITTFaxStream: Falling back to JS CCITTFax decoder.
Warning: CCITTFaxStream: Falling back to JS CCITTFax decoder.
Warning: CCITTFaxStream: Falling back to JS CCITTFax decoder.
Warning: CCITTFaxStream: Falling back to JS CCITTFax decoder.
Warning: CCITTFaxStream: Falling back to JS CCITTFax decoder.
Warning: CCITTFaxStream: Falling back to JS CCITTFax decoder.
Warning: CCITTFaxStream: Falling back to JS CCITTFax decoder.
Warning: CCITTFaxStream: Falling back to JS CCITTFax decoder.
Warning: CCITTFaxStream: Falling back to JS CCITTFax decoder.
Warning: CCITTFaxStream: Falling back to JS CCITTFax decoder.
Warning: CCITTFaxStream: Falling back to JS CCITTFax decoder.
Warning: CCITTFaxStream: Falling back to JS CCITTFax decoder.
Warning: CCITTFaxStream: Falling back to JS CCITTFax decoder.
Warning: CCITTFaxStream: Falling back to JS CCITTFax decoder.
Warning: CCITTFaxStream: Falling back to JS CCITTFax decoder.
Warning: CCITTFaxStream: Falling back to JS CCITTFax decoder.
Warning: CCITTFaxStream: Falling back to JS CCITTFax decoder.
Warning: CCITTFaxStream: Falling back to JS CCITTFax decoder.
Warning: CCITTFaxStream: Falling back to JS CCITTFax decoder.
Warning: CCITTFaxStream: Falling back to JS CCITTFax decoder.
Warning: CCITTFaxStream: Falling back to JS CCITTFax decoder.
Warning: CCITTFaxStream: Falling back to JS CCITTFax decoder.
Warning: CCITTFaxStream: Falling back to JS CCITTFax decoder.
Warning: CCITTFaxStream: Falling back to JS CCITTFax decoder.
Warning: CCITTFaxStream: Falling back to JS CCITTFax decoder.
Warning: CCITTFaxStream: Falling back to JS CCITTFax decoder.
Warning: CCITTFaxStream: Falling back to JS CCITTFax decoder.
Warning: CCITTFaxStream: Falling back to JS CCITTFax decoder.
Warning: CCITTFaxStream: Falling back to JS CCITTFax decoder.
Warning: CCITTFaxStream: Falling back to JS CCITTFax decoder.
Warning: CCITTFaxStream: Falling back to JS CCITTFax decoder.
Warning: CCITTFaxStream: Falling back to JS CCITTFax decoder.
Warning: CCITTFaxStream: Falling back to JS CCITTFax decoder.
Warning: CCITTFaxStream: Falling back to JS CCITTFax decoder.
Warning: CCITTFaxStream: Falling back to JS CCITTFax decoder.
Warning: CCITTFaxStream: Falling back to JS CCITTFax decoder.
Warning: CCITTFaxStream: Falling back to JS CCITTFax decoder.
Warning: CCITTFaxStream: Falling back to JS CCITTFax decoder.
Warning: CCITTFaxStream: Falling back to JS CCITTFax decoder.
Warning: CCITTFaxStream: Falling back to JS CCITTFax decoder.
Warning: CCITTFaxStream: Falling back to JS CCITTFax decoder.
Warning: CCITTFaxStream: Falling back to JS CCITTFax decoder.
Warning: CCITTFaxStream: Falling back to JS CCITTFax decoder.
Warning: CCITTFaxStream: Falling back to JS CCITTFax decoder.
Warning: CCITTFaxStream: Falling back to JS CCITTFax decoder.
Warning: CCITTFaxStream: Falling back to JS CCITTFax decoder.
Warning: CCITTFaxStream: Falling back to JS CCITTFax decoder.
Warning: CCITTFaxStream: Falling back to JS CCITTFax decoder.
Warning: CCITTFaxStream: Falling back to JS CCITTFax decoder.
Warning: CCITTFaxStream: Falling back to JS CCITTFax decoder.
Warning: CCITTFaxStream: Falling back to JS CCITTFax decoder.
Warning: CCITTFaxStream: Falling back to JS CCITTFax decoder.
Warning: CCITTFaxStream: Falling back to JS CCITTFax decoder.
Warning: CCITTFaxStream: Falling back to JS CCITTFax decoder.
Warning: CCITTFaxStream: Falling back to JS CCITTFax decoder.
Warning: CCITTFaxStream: Falling back to JS CCITTFax decoder.
Warning: CCITTFaxStream: Falling back to JS CCITTFax decoder.
Warning: CCITTFaxStream: Falling back to JS CCITTFax decoder.
Warning: CCITTFaxStream: Falling back to JS CCITTFax decoder.
Warning: CCITTFaxStream: Falling back to JS CCITTFax decoder.
Warning: CCITTFaxStream: Falling back to JS CCITTFax decoder.
Warning: CCITTFaxStream: Falling back to JS CCITTFax decoder.
Warning: CCITTFaxStream: Falling back to JS CCITTFax decoder.
Warning: CCITTFaxStream: Falling back to JS CCITTFax decoder.
Warning: CCITTFaxStream: Falling back to JS CCITTFax decoder.
Warning: CCITTFaxStream: Falling back to JS CCITTFax decoder.
Warning: CCITTFaxStream: Falling back to JS CCITTFax decoder.
Warning: CCITTFaxStream: Falling back to JS CCITTFax decoder.
Warning: CCITTFaxStream: Falling back to JS CCITTFax decoder.
Warning: CCITTFaxStream: Falling back to JS CCITTFax decoder.
Warning: CCITTFaxStream: Falling back to JS CCITTFax decoder.
Warning: CCITTFaxStream: Falling back to JS CCITTFax decoder.
Warning: CCITTFaxStream: Falling back to JS CCITTFax decoder.
Warning: CCITTFaxStream: Falling back to JS CCITTFax decoder.
Warning: CCITTFaxStream: Falling back to JS CCITTFax decoder.
Warning: CCITTFaxStream: Falling back to JS CCITTFax decoder.
Warning: CCITTFaxStream: Falling back to JS CCITTFax decoder.
Warning: CCITTFaxStream: Falling back to JS CCITTFax decoder.
Warning: CCITTFaxStream: Falling back to JS CCITTFax decoder.
Warning: CCITTFaxStream: Falling back to JS CCITTFax decoder.
Warning: CCITTFaxStream: Falling back to JS CCITTFax decoder.
Warning: CCITTFaxStream: Falling back to JS CCITTFax decoder.
Warning: CCITTFaxStream: Falling back to JS CCITTFax decoder.
Warning: CCITTFaxStream: Falling back to JS CCITTFax decoder.
Warning: CCITTFaxStream: Falling back to JS CCITTFax decoder.
Warning: CCITTFaxStream: Falling back to JS CCITTFax decoder.
Warning: CCITTFaxStream: Falling back to JS CCITTFax decoder.
Warning: CCITTFaxStream: Falling back to JS CCITTFax decoder.
Warning: CCITTFaxStream: Falling back to JS CCITTFax decoder.
Warning: CCITTFaxStream: Falling back to JS CCITTFax decoder.
Warning: CCITTFaxStream: Falling back to JS CCITTFax decoder.
Warning: CCITTFaxStream: Falling back to JS CCITTFax decoder.
Warning: CCITTFaxStream: Falling back to JS CCITTFax decoder.
Warning: CCITTFaxStream: Falling back to JS CCITTFax decoder.
Warning: CCITTFaxStream: Falling back to JS CCITTFax decoder.
Warning: CCITTFaxStream: Falling back to JS CCITTFax decoder.
Warning: CCITTFaxStream: Falling back to JS CCITTFax decoder.
Warning: CCITTFaxStream: Falling back to JS CCITTFax decoder.
Warning: CCITTFaxStream: Falling back to JS CCITTFax decoder.
Warning: CCITTFaxStream: Falling back to JS CCITTFax decoder.
Warning: CCITTFaxStream: Falling back to JS CCITTFax decoder.
Warning: CCITTFaxStream: Falling back to JS CCITTFax decoder.
Warning: CCITTFaxStream: Falling back to JS CCITTFax decoder.
Warning: CCITTFaxStream: Falling back to JS CCITTFax decoder.
Warning: CCITTFaxStream: Falling back to JS CCITTFax decoder.
Warning: CCITTFaxStream: Falling back to JS CCITTFax decoder.
Warning: CCITTFaxStream: Falling back to JS CCITTFax decoder.
Warning: CCITTFaxStream: Falling back to JS CCITTFax decoder.
Warning: CCITTFaxStream: Falling back to JS CCITTFax decoder.
Warning: CCITTFaxStream: Falling back to JS CCITTFax decoder.
Warning: CCITTFaxStream: Falling back to JS CCITTFax decoder.
Warning: CCITTFaxStream: Falling back to JS CCITTFax decoder.
Warning: CCITTFaxStream: Falling back to JS CCITTFax decoder.
Warning: CCITTFaxStream: Falling back to JS CCITTFax decoder.
Warning: CCITTFaxStream: Falling back to JS CCITTFax decoder.
Warning: CCITTFaxStream: Falling back to JS CCITTFax decoder.
Warning: CCITTFaxStream: Falling back to JS CCITTFax decoder.
Warning: CCITTFaxStream: Falling back to JS CCITTFax decoder.
Warning: CCITTFaxStream: Falling back to JS CCITTFax decoder.
Warning: CCITTFaxStream: Falling back to JS CCITTFax decoder.
Warning: CCITTFaxStream: Falling back to JS CCITTFax decoder.
Warning: CCITTFaxStream: Falling back to JS CCITTFax decoder.
Warning: CCITTFaxStream: Falling back to JS CCITTFax decoder.
Warning: CCITTFaxStream: Falling back to JS CCITTFax decoder.
Warning: CCITTFaxStream: Falling back to JS CCITTFax decoder.
Warning: CCITTFaxStream: Falling back to JS CCITTFax decoder.
Warning: CCITTFaxStream: Falling back to JS CCITTFax decoder.
Warning: CCITTFaxStream: Falling back to JS CCITTFax decoder.
Warning: CCITTFaxStream: Falling back to JS CCITTFax decoder.
Warning: CCITTFaxStream: Falling back to JS CCITTFax decoder.
Warning: CCITTFaxStream: Falling back to JS CCITTFax decoder.
Warning: CCITTFaxStream: Falling back to JS CCITTFax decoder.
Warning: CCITTFaxStream: Falling back to JS CCITTFax decoder.
Warning: CCITTFaxStream: Falling back to JS CCITTFax decoder.
Warning: CCITTFaxStream: Falling back to JS CCITTFax decoder.
Warning: CCITTFaxStream: Falling back to JS CCITTFax decoder.
Warning: CCITTFaxStream: Falling back to JS CCITTFax decoder.
Warning: CCITTFaxStream: Falling back to JS CCITTFax decoder.
Warning: CCITTFaxStream: Falling back to JS CCITTFax decoder.
Warning: CCITTFaxStream: Falling back to JS CCITTFax decoder.
Warning: CCITTFaxStream: Falling back to JS CCITTFax decoder.
Warning: CCITTFaxStream: Falling back to JS CCITTFax decoder.
Warning: CCITTFaxStream: Falling back to JS CCITTFax decoder.
Warning: CCITTFaxStream: Falling back to JS CCITTFax decoder.
Warning: CCITTFaxStream: Falling back to JS CCITTFax decoder.
Warning: CCITTFaxStream: Falling back to JS CCITTFax decoder.
Warning: CCITTFaxStream: Falling back to JS CCITTFax decoder.
Warning: CCITTFaxStream: Falling back to JS CCITTFax decoder.
Warning: CCITTFaxStream: Falling back to JS CCITTFax decoder.
Warning: CCITTFaxStream: Falling back to JS CCITTFax decoder.
Warning: CCITTFaxStream: Falling back to JS CCITTFax decoder.
Warning: CCITTFaxStream: Falling back to JS CCITTFax decoder.
Warning: CCITTFaxStream: Falling back to JS CCITTFax decoder.
Warning: CCITTFaxStream: Falling back to JS CCITTFax decoder.
Warning: CCITTFaxStream: Falling back to JS CCITTFax decoder.
Warning: CCITTFaxStream: Falling back to JS CCITTFax decoder.
Warning: CCITTFaxStream: Falling back to JS CCITTFax decoder.
Warning: CCITTFaxStream: Falling back to JS CCITTFax decoder.
Warning: CCITTFaxStream: Falling back to JS CCITTFax decoder.
Warning: CCITTFaxStream: Falling back to JS CCITTFax decoder.
Warning: CCITTFaxStream: Falling back to JS CCITTFax decoder.
Warning: CCITTFaxStream: Falling back to JS CCITTFax decoder.
Warning: CCITTFaxStream: Falling back to JS CCITTFax decoder.
Warning: CCITTFaxStream: Falling back to JS CCITTFax decoder.
Warning: CCITTFaxStream: Falling back to JS CCITTFax decoder.
Warning: CCITTFaxStream: Falling back to JS CCITTFax decoder.
Warning: CCITTFaxStream: Falling back to JS CCITTFax decoder.
Warning: CCITTFaxStream: Falling back to JS CCITTFax decoder.
Warning: CCITTFaxStream: Falling back to JS CCITTFax decoder.
Warning: CCITTFaxStream: Falling back to JS CCITTFax decoder.
Warning: CCITTFaxStream: Falling back to JS CCITTFax decoder.
Warning: CCITTFaxStream: Falling back to JS CCITTFax decoder.
Warning: CCITTFaxStream: Falling back to JS CCITTFax decoder.
Warning: CCITTFaxStream: Falling back to JS CCITTFax decoder.
Warning: CCITTFaxStream: Falling back to JS CCITTFax decoder.
Warning: CCITTFaxStream: Falling back to JS CCITTFax decoder.
Warning: CCITTFaxStream: Falling back to JS CCITTFax decoder.
Warning: CCITTFaxStream: Falling back to JS CCITTFax decoder.
Warning: CCITTFaxStream: Falling back to JS CCITTFax decoder.
Warning: CCITTFaxStream: Falling back to JS CCITTFax decoder.
Warning: CCITTFaxStream: Falling back to JS CCITTFax decoder.
Warning: CCITTFaxStream: Falling back to JS CCITTFax decoder.
Warning: CCITTFaxStream: Falling back to JS CCITTFax decoder.
Warning: CCITTFaxStream: Falling back to JS CCITTFax decoder.
Warning: CCITTFaxStream: Falling back to JS CCITTFax decoder.
Warning: CCITTFaxStream: Falling back to JS CCITTFax decoder.
Warning: CCITTFaxStream: Falling back to JS CCITTFax decoder.
Warning: CCITTFaxStream: Falling back to JS CCITTFax decoder.
Warning: CCITTFaxStream: Falling back to JS CCITTFax decoder.
Warning: CCITTFaxStream: Falling back to JS CCITTFax decoder.
Warning: CCITTFaxStream: Falling back to JS CCITTFax decoder.
Warning: CCITTFaxStream: Falling back to JS CCITTFax decoder.
Warning: CCITTFaxStream: Falling back to JS CCITTFax decoder.
Warning: TT: undefined function: 21
Warning: CCITTFaxStream: Falling back to JS CCITTFax decoder.
Warning: CCITTFaxStream: Falling back to JS CCITTFax decoder.
Warning: CCITTFaxStream: Falling back to JS CCITTFax decoder.
Warning: CCITTFaxStream: Falling back to JS CCITTFax decoder.
Warning: CCITTFaxStream: Falling back to JS CCITTFax decoder.
Warning: CCITTFaxStream: Falling back to JS CCITTFax decoder.
Warning: CCITTFaxStream: Falling back to JS CCITTFax decoder.
Warning: CCITTFaxStream: Falling back to JS CCITTFax decoder.
Warning: CCITTFaxStream: Falling back to JS CCITTFax decoder.
Warning: CCITTFaxStream: Falling back to JS CCITTFax decoder.
Warning: CCITTFaxStream: Falling back to JS CCITTFax decoder.
Warning: CCITTFaxStream: Falling back to JS CCITTFax decoder.
Warning: CCITTFaxStream: Falling back to JS CCITTFax decoder.
Warning: CCITTFaxStream: Falling back to JS CCITTFax decoder.
Warning: CCITTFaxStream: Falling back to JS CCITTFax decoder.
Warning: CCITTFaxStream: Falling back to JS CCITTFax decoder.
Warning: CCITTFaxStream: Falling back to JS CCITTFax decoder.
Warning: CCITTFaxStream: Falling back to JS CCITTFax decoder.
Warning: CCITTFaxStream: Falling back to JS CCITTFax decoder.
Warning: CCITTFaxStream: Falling back to JS CCITTFax decoder.
Warning: CCITTFaxStream: Falling back to JS CCITTFax decoder.
Warning: CCITTFaxStream: Falling back to JS CCITTFax decoder.
Warning: CCITTFaxStream: Falling back to JS CCITTFax decoder.
Warning: CCITTFaxStream: Falling back to JS CCITTFax decoder.
Warning: CCITTFaxStream: Falling back to JS CCITTFax decoder.
Warning: CCITTFaxStream: Falling back to JS CCITTFax decoder.
Warning: CCITTFaxStream: Falling back to JS CCITTFax decoder.
Warning: CCITTFaxStream: Falling back to JS CCITTFax decoder.
Warning: CCITTFaxStream: Falling back to JS CCITTFax decoder.
Warning: CCITTFaxStream: Falling back to JS CCITTFax decoder.
Warning: CCITTFaxStream: Falling back to JS CCITTFax decoder.
Warning: CCITTFaxStream: Falling back to JS CCITTFax decoder.
Warning: CCITTFaxStream: Falling back to JS CCITTFax decoder.
Warning: CCITTFaxStream: Falling back to JS CCITTFax decoder.
Warning: CCITTFaxStream: Falling back to JS CCITTFax decoder.
Warning: CCITTFaxStream: Falling back to JS CCITTFax decoder.
Warning: CCITTFaxStream: Falling back to JS CCITTFax decoder.
Warning: TT: undefined function: 21
Warning: TT: undefined function: 21
Warning: TT: undefined function: 21
Warning: TT: undefined function: 21
Warning: TT: undefined function: 21
Warning: TT: undefined function: 21
Warning: TT: undefined function: 32
Warning: TT: undefined function: 32
Warning: TT: undefined function: 21
Warning: TT: undefined function: 21
Warning: TT: undefined function: 21
Warning: TT: undefined function: 21
Warning: TT: undefined function: 21
Warning: TT: undefined function: 21
Warning: TT: undefined function: 21
Warning: TT: undefined function: 21
Warning: TT: undefined function: 21
Warning: TT: undefined function: 21
Warning: TT: undefined function: 21
Warning: TT: undefined function: 21
  1200/27875 · 1169 com texto · 31 vazios · 0 errosWarning: TT: undefined function: 21
Warning: TT: undefined function: 21
Warning: TT: undefined function: 21
Warning: TT: undefined function: 21
Warning: TT: undefined function: 21
Warning: TT: undefined function: 21
Warning: TT: undefined function: 21
Warning: TT: undefined function: 32
Warning: TT: undefined function: 32
Warning: TT: undefined function: 32
Warning: TT: undefined function: 32
Warning: TT: undefined function: 32
Warning: TT: undefined function: 32
Warning: TT: undefined function: 32
Warning: TT: undefined function: 32
  1300/27875 · 1255 com texto · 45 vazios · 0 errosWarning: TT: undefined function: 21
Warning: TT: undefined function: 21
Warning: TT: undefined function: 21
Warning: TT: undefined function: 32
Warning: TT: undefined function: 32
Warning: TT: undefined function: 32
Warning: TT: undefined function: 32
Warning: TT: undefined function: 32
Warning: TT: undefined function: 32
Warning: TT: undefined function: 32
  1400/27875 · 1351 com texto · 49 vazios · 0 errosWarning: TT: undefined function: 32
Warning: TT: undefined function: 21
Warning: TT: undefined function: 21
Warning: TT: undefined function: 21
Warning: TT: undefined function: 21
Warning: TT: undefined function: 21
Warning: TT: invalid function id: 136
Warning: TT: undefined function: 32
Warning: TT: undefined function: 21
Warning: TT: undefined function: 21
Warning: TT: undefined function: 21
Warning: TT: undefined function: 21
Warning: TT: undefined function: 32
Warning: TT: undefined function: 32
Warning: TT: undefined function: 32
Warning: TT: undefined function: 21
Warning: TT: undefined function: 21
Warning: TT: invalid function id: 136
Warning: TT: invalid function id: 136
Warning: TT: undefined function: 21
Warning: TT: undefined function: 21
Warning: TT: invalid function id: 136
Warning: TT: invalid function id: 136
Warning: TT: undefined function: 21
Warning: TT: undefined function: 21
Warning: TT: invalid function id: 136
Warning: TT: undefined function: 21
Warning: TT: undefined function: 21
Warning: TT: invalid function id: 136
Warning: TT: invalid function id: 136
Warning: TT: undefined function: 32
Warning: TT: undefined function: 32
Warning: TT: undefined function: 32
Warning: TT: undefined function: 21
Warning: TT: undefined function: 32
Warning: TT: undefined function: 32
Warning: TT: undefined function: 21
Warning: TT: undefined function: 21
Warning: TT: undefined function: 21
Warning: TT: undefined function: 21
Warning: TT: undefined function: 32
Warning: TT: undefined function: 21
Warning: TT: undefined function: 21
Warning: TT: undefined function: 21
Warning: TT: undefined function: 21
Warning: TT: undefined function: 21
Warning: TT: undefined function: 32
Warning: TT: undefined function: 32
Warning: TT: undefined function: 32
Warning: TT: undefined function: 32
Warning: TT: undefined function: 32
Warning: TT: undefined function: 32
Warning: TT: undefined function: 32
  1500/27875 · 1451 com texto · 49 vazios · 0 errosWarning: TT: undefined function: 32
Warning: TT: undefined function: 32
Warning: TT: undefined function: 32
Warning: TT: undefined function: 32
Warning: TT: undefined function: 32
Warning: TT: undefined function: 21
Warning: TT: undefined function: 21
Warning: TT: undefined function: 21
Warning: TT: undefined function: 21
Warning: TT: undefined function: 32
Warning: TT: undefined function: 32
Warning: TT: undefined function: 32
Warning: TT: undefined function: 32
Warning: TT: undefined function: 32
Warning: TT: undefined function: 32
Warning: TT: undefined function: 32
Warning: TT: undefined function: 32
Warning: TT: undefined function: 32
Warning: TT: undefined function: 32
Warning: TT: undefined function: 32
Warning: TT: undefined function: 32
Warning: TT: undefined function: 32
Warning: TT: undefined function: 32
Warning: TT: undefined function: 32
Warning: TT: undefined function: 32
Warning: TT: undefined function: 32
Warning: TT: undefined function: 32
Warning: TT: undefined function: 21
Warning: TT: undefined function: 21
Warning: TT: undefined function: 21
Warning: TT: undefined function: 21
Warning: TT: undefined function: 21
Warning: TT: undefined function: 21
Warning: TT: undefined function: 21
Warning: TT: undefined function: 21
Warning: TT: undefined function: 21
Warning: TT: undefined function: 21
Warning: TT: undefined function: 21
Warning: TT: undefined function: 21
Warning: TT: undefined function: 21
Warning: TT: undefined function: 21
Warning: TT: undefined function: 21
Warning: TT: undefined function: 21
Warning: TT: undefined function: 32
Warning: TT: undefined function: 21
Warning: TT: undefined function: 21
Warning: TT: undefined function: 21
Warning: TT: undefined function: 21
Warning: TT: undefined function: 21
  1600/27875 · 1551 com texto · 49 vazios · 0 errosWarning: TT: undefined function: 21
Warning: TT: invalid function id: 136
Warning: TT: undefined function: 21
Warning: TT: undefined function: 21
Warning: TT: undefined function: 32
Warning: TT: undefined function: 32
Warning: TT: undefined function: 32
Warning: TT: undefined function: 32
Warning: TT: undefined function: 32
Warning: TT: undefined function: 32
Warning: CCITTFaxStream: Falling back to JS CCITTFax decoder.
Warning: CCITTFaxStream: Falling back to JS CCITTFax decoder.
Warning: CCITTFaxStream: Falling back to JS CCITTFax decoder.
Warning: CCITTFaxStream: Falling back to JS CCITTFax decoder.
Warning: CCITTFaxStream: Falling back to JS CCITTFax decoder.
Warning: CCITTFaxStream: Falling back to JS CCITTFax decoder.
Warning: CCITTFaxStream: Falling back to JS CCITTFax decoder.
Warning: CCITTFaxStream: Falling back to JS CCITTFax decoder.
Warning: CCITTFaxStream: Falling back to JS CCITTFax decoder.
Warning: CCITTFaxStream: Falling back to JS CCITTFax decoder.
Warning: CCITTFaxStream: Falling back to JS CCITTFax decoder.
Warning: CCITTFaxStream: Falling back to JS CCITTFax decoder.
Warning: CCITTFaxStream: Falling back to JS CCITTFax decoder.
Warning: CCITTFaxStream: Falling back to JS CCITTFax decoder.
Warning: CCITTFaxStream: Falling back to JS CCITTFax decoder.
Warning: CCITTFaxStream: Falling back to JS CCITTFax decoder.
Warning: CCITTFaxStream: Falling back to JS CCITTFax decoder.
Warning: CCITTFaxStream: Falling back to JS CCITTFax decoder.
Warning: CCITTFaxStream: Falling back to JS CCITTFax decoder.
Warning: CCITTFaxStream: Falling back to JS CCITTFax decoder.
Warning: CCITTFaxStream: Falling back to JS CCITTFax decoder.
Warning: CCITTFaxStream: Falling back to JS CCITTFax decoder.
Warning: CCITTFaxStream: Falling back to JS CCITTFax decoder.
Warning: CCITTFaxStream: Falling back to JS CCITTFax decoder.
Warning: CCITTFaxStream: Falling back to JS CCITTFax decoder.
Warning: CCITTFaxStream: Falling back to JS CCITTFax decoder.
Warning: CCITTFaxStream: Falling back to JS CCITTFax decoder.
Warning: CCITTFaxStream: Falling back to JS CCITTFax decoder.
Warning: CCITTFaxStream: Falling back to JS CCITTFax decoder.
Warning: CCITTFaxStream: Falling back to JS CCITTFax decoder.
Warning: CCITTFaxStream: Falling back to JS CCITTFax decoder.
Warning: CCITTFaxStream: Falling back to JS CCITTFax decoder.
Warning: CCITTFaxStream: Falling back to JS CCITTFax decoder.
Warning: CCITTFaxStream: Falling back to JS CCITTFax decoder.
Warning: CCITTFaxStream: Falling back to JS CCITTFax decoder.
Warning: CCITTFaxStream: Falling back to JS CCITTFax decoder.
Warning: CCITTFaxStream: Falling back to JS CCITTFax decoder.
Warning: CCITTFaxStream: Falling back to JS CCITTFax decoder.
Warning: CCITTFaxStream: Falling back to JS CCITTFax decoder.
Warning: CCITTFaxStream: Falling back to JS CCITTFax decoder.
Warning: CCITTFaxStream: Falling back to JS CCITTFax decoder.
Warning: CCITTFaxStream: Falling back to JS CCITTFax decoder.
Warning: CCITTFaxStream: Falling back to JS CCITTFax decoder.
Warning: CCITTFaxStream: Falling back to JS CCITTFax decoder.
Warning: CCITTFaxStream: Falling back to JS CCITTFax decoder.
Warning: CCITTFaxStream: Falling back to JS CCITTFax decoder.
Warning: CCITTFaxStream: Falling back to JS CCITTFax decoder.
Warning: CCITTFaxStream: Falling back to JS CCITTFax decoder.
Warning: CCITTFaxStream: Falling back to JS CCITTFax decoder.
Warning: CCITTFaxStream: Falling back to JS CCITTFax decoder.
Warning: CCITTFaxStream: Falling back to JS CCITTFax decoder.
Warning: CCITTFaxStream: Falling back to JS CCITTFax decoder.
Warning: CCITTFaxStream: Falling back to JS CCITTFax decoder.
Warning: CCITTFaxStream: Falling back to JS CCITTFax decoder.
Warning: CCITTFaxStream: Falling back to JS CCITTFax decoder.
Warning: CCITTFaxStream: Falling back to JS CCITTFax decoder.
Warning: CCITTFaxStream: Falling back to JS CCITTFax decoder.
Warning: CCITTFaxStream: Falling back to JS CCITTFax decoder.
Warning: CCITTFaxStream: Falling back to JS CCITTFax decoder.
Warning: CCITTFaxStream: Falling back to JS CCITTFax decoder.
Warning: CCITTFaxStream: Falling back to JS CCITTFax decoder.
Warning: CCITTFaxStream: Falling back to JS CCITTFax decoder.
Warning: CCITTFaxStream: Falling back to JS CCITTFax decoder.
Warning: CCITTFaxStream: Falling back to JS CCITTFax decoder.
Warning: CCITTFaxStream: Falling back to JS CCITTFax decoder.
Warning: CCITTFaxStream: Falling back to JS CCITTFax decoder.
Warning: CCITTFaxStream: Falling back to JS CCITTFax decoder.
Warning: CCITTFaxStream: Falling back to JS CCITTFax decoder.
Warning: CCITTFaxStream: Falling back to JS CCITTFax decoder.
Warning: CCITTFaxStream: Falling back to JS CCITTFax decoder.
Warning: CCITTFaxStream: Falling back to JS CCITTFax decoder.
Warning: CCITTFaxStream: Falling back to JS CCITTFax decoder.
Warning: CCITTFaxStream: Falling back to JS CCITTFax decoder.
Warning: CCITTFaxStream: Falling back to JS CCITTFax decoder.
Warning: CCITTFaxStream: Falling back to JS CCITTFax decoder.
Warning: CCITTFaxStream: Falling back to JS CCITTFax decoder.
Warning: CCITTFaxStream: Falling back to JS CCITTFax decoder.
Warning: CCITTFaxStream: Falling back to JS CCITTFax decoder.
Warning: CCITTFaxStream: Falling back to JS CCITTFax decoder.
Warning: CCITTFaxStream: Falling back to JS CCITTFax decoder.
Warning: CCITTFaxStream: Falling back to JS CCITTFax decoder.
Warning: CCITTFaxStream: Falling back to JS CCITTFax decoder.
Warning: CCITTFaxStream: Falling back to JS CCITTFax decoder.
Warning: CCITTFaxStream: Falling back to JS CCITTFax decoder.
Warning: CCITTFaxStream: Falling back to JS CCITTFax decoder.
Warning: CCITTFaxStream: Falling back to JS CCITTFax decoder.
Warning: CCITTFaxStream: Falling back to JS CCITTFax decoder.
Warning: CCITTFaxStream: Falling back to JS CCITTFax decoder.
Warning: CCITTFaxStream: Falling back to JS CCITTFax decoder.
Warning: CCITTFaxStream: Falling back to JS CCITTFax decoder.
Warning: CCITTFaxStream: Falling back to JS CCITTFax decoder.
Warning: CCITTFaxStream: Falling back to JS CCITTFax decoder.
Warning: CCITTFaxStream: Falling back to JS CCITTFax decoder.
Warning: CCITTFaxStream: Falling back to JS CCITTFax decoder.
Warning: CCITTFaxStream: Falling back to JS CCITTFax decoder.
Warning: CCITTFaxStream: Falling back to JS CCITTFax decoder.
Warning: CCITTFaxStream: Falling back to JS CCITTFax decoder.
Warning: CCITTFaxStream: Falling back to JS CCITTFax decoder.
Warning: CCITTFaxStream: Falling back to JS CCITTFax decoder.
Warning: CCITTFaxStream: Falling back to JS CCITTFax decoder.
Warning: CCITTFaxStream: Falling back to JS CCITTFax decoder.
Warning: CCITTFaxStream: Falling back to JS CCITTFax decoder.
Warning: CCITTFaxStream: Falling back to JS CCITTFax decoder.
Warning: CCITTFaxStream: Falling back to JS CCITTFax decoder.
Warning: CCITTFaxStream: Falling back to JS CCITTFax decoder.
Warning: CCITTFaxStream: Falling back to JS CCITTFax decoder.
Warning: CCITTFaxStream: Falling back to JS CCITTFax decoder.
Warning: CCITTFaxStream: Falling back to JS CCITTFax decoder.
Warning: CCITTFaxStream: Falling back to JS CCITTFax decoder.
Warning: CCITTFaxStream: Falling back to JS CCITTFax decoder.
Warning: CCITTFaxStream: Falling back to JS CCITTFax decoder.
Warning: CCITTFaxStream: Falling back to JS CCITTFax decoder.
Warning: CCITTFaxStream: Falling back to JS CCITTFax decoder.
Warning: CCITTFaxStream: Falling back to JS CCITTFax decoder.
Warning: CCITTFaxStream: Falling back to JS CCITTFax decoder.
Warning: CCITTFaxStream: Falling back to JS CCITTFax decoder.
Warning: CCITTFaxStream: Falling back to JS CCITTFax decoder.
Warning: CCITTFaxStream: Falling back to JS CCITTFax decoder.
Warning: CCITTFaxStream: Falling back to JS CCITTFax decoder.
Warning: CCITTFaxStream: Falling back to JS CCITTFax decoder.
Warning: CCITTFaxStream: Falling back to JS CCITTFax decoder.
Warning: CCITTFaxStream: Falling back to JS CCITTFax decoder.
Warning: CCITTFaxStream: Falling back to JS CCITTFax decoder.
Warning: CCITTFaxStream: Falling back to JS CCITTFax decoder.
Warning: CCITTFaxStream: Falling back to JS CCITTFax decoder.
Warning: CCITTFaxStream: Falling back to JS CCITTFax decoder.
Warning: CCITTFaxStream: Falling back to JS CCITTFax decoder.
Warning: CCITTFaxStream: Falling back to JS CCITTFax decoder.
Warning: CCITTFaxStream: Falling back to JS CCITTFax decoder.
Warning: CCITTFaxStream: Falling back to JS CCITTFax decoder.
Warning: CCITTFaxStream: Falling back to JS CCITTFax decoder.
Warning: CCITTFaxStream: Falling back to JS CCITTFax decoder.
Warning: CCITTFaxStream: Falling back to JS CCITTFax decoder.
Warning: CCITTFaxStream: Falling back to JS CCITTFax decoder.
Warning: CCITTFaxStream: Falling back to JS CCITTFax decoder.
Warning: CCITTFaxStream: Falling back to JS CCITTFax decoder.
Warning: CCITTFaxStream: Falling back to JS CCITTFax decoder.
Warning: CCITTFaxStream: Falling back to JS CCITTFax decoder.
Warning: CCITTFaxStream: Falling back to JS CCITTFax decoder.
Warning: CCITTFaxStream: Falling back to JS CCITTFax decoder.
Warning: CCITTFaxStream: Falling back to JS CCITTFax decoder.
Warning: CCITTFaxStream: Falling back to JS CCITTFax decoder.
Warning: CCITTFaxStream: Falling back to JS CCITTFax decoder.
Warning: CCITTFaxStream: Falling back to JS CCITTFax decoder.
Warning: CCITTFaxStream: Falling back to JS CCITTFax decoder.
Warning: CCITTFaxStream: Falling back to JS CCITTFax decoder.
Warning: CCITTFaxStream: Falling back to JS CCITTFax decoder.
Warning: CCITTFaxStream: Falling back to JS CCITTFax decoder.
Warning: CCITTFaxStream: Falling back to JS CCITTFax decoder.
Warning: CCITTFaxStream: Falling back to JS CCITTFax decoder.
Warning: CCITTFaxStream: Falling back to JS CCITTFax decoder.
Warning: CCITTFaxStream: Falling back to JS CCITTFax decoder.
Warning: CCITTFaxStream: Falling back to JS CCITTFax decoder.
Warning: CCITTFaxStream: Falling back to JS CCITTFax decoder.
Warning: CCITTFaxStream: Falling back to JS CCITTFax decoder.
Warning: CCITTFaxStream: Falling back to JS CCITTFax decoder.
Warning: CCITTFaxStream: Falling back to JS CCITTFax decoder.
Warning: CCITTFaxStream: Falling back to JS CCITTFax decoder.
Warning: CCITTFaxStream: Falling back to JS CCITTFax decoder.
Warning: CCITTFaxStream: Falling back to JS CCITTFax decoder.
Warning: CCITTFaxStream: Falling back to JS CCITTFax decoder.
Warning: CCITTFaxStream: Falling back to JS CCITTFax decoder.
Warning: CCITTFaxStream: Falling back to JS CCITTFax decoder.
Warning: CCITTFaxStream: Falling back to JS CCITTFax decoder.
Warning: CCITTFaxStream: Falling back to JS CCITTFax decoder.
Warning: CCITTFaxStream: Falling back to JS CCITTFax decoder.
Warning: CCITTFaxStream: Falling back to JS CCITTFax decoder.
Warning: CCITTFaxStream: Falling back to JS CCITTFax decoder.
Warning: CCITTFaxStream: Falling back to JS CCITTFax decoder.
Warning: CCITTFaxStream: Falling back to JS CCITTFax decoder.
Warning: CCITTFaxStream: Falling back to JS CCITTFax decoder.
Warning: CCITTFaxStream: Falling back to JS CCITTFax decoder.
Warning: CCITTFaxStream: Falling back to JS CCITTFax decoder.
Warning: CCITTFaxStream: Falling back to JS CCITTFax decoder.
Warning: CCITTFaxStream: Falling back to JS CCITTFax decoder.
Warning: CCITTFaxStream: Falling back to JS CCITTFax decoder.
Warning: CCITTFaxStream: Falling back to JS CCITTFax decoder.
Warning: CCITTFaxStream: Falling back to JS CCITTFax decoder.
Warning: CCITTFaxStream: Falling back to JS CCITTFax decoder.
Warning: CCITTFaxStream: Falling back to JS CCITTFax decoder.
Warning: CCITTFaxStream: Falling back to JS CCITTFax decoder.
Warning: CCITTFaxStream: Falling back to JS CCITTFax decoder.
Warning: CCITTFaxStream: Falling back to JS CCITTFax decoder.
Warning: CCITTFaxStream: Falling back to JS CCITTFax decoder.
Warning: CCITTFaxStream: Falling back to JS CCITTFax decoder.
Warning: CCITTFaxStream: Falling back to JS CCITTFax decoder.
Warning: CCITTFaxStream: Falling back to JS CCITTFax decoder.
Warning: CCITTFaxStream: Falling back to JS CCITTFax decoder.
Warning: CCITTFaxStream: Falling back to JS CCITTFax decoder.
Warning: CCITTFaxStream: Falling back to JS CCITTFax decoder.
Warning: CCITTFaxStream: Falling back to JS CCITTFax decoder.
Warning: CCITTFaxStream: Falling back to JS CCITTFax decoder.
Warning: CCITTFaxStream: Falling back to JS CCITTFax decoder.
Warning: CCITTFaxStream: Falling back to JS CCITTFax decoder.
Warning: CCITTFaxStream: Falling back to JS CCITTFax decoder.
Warning: CCITTFaxStream: Falling back to JS CCITTFax decoder.
Warning: CCITTFaxStream: Falling back to JS CCITTFax decoder.
Warning: CCITTFaxStream: Falling back to JS CCITTFax decoder.
Warning: CCITTFaxStream: Falling back to JS CCITTFax decoder.
Warning: CCITTFaxStream: Falling back to JS CCITTFax decoder.
Warning: CCITTFaxStream: Falling back to JS CCITTFax decoder.
Warning: CCITTFaxStream: Falling back to JS CCITTFax decoder.
Warning: CCITTFaxStream: Falling back to JS CCITTFax decoder.
Warning: CCITTFaxStream: Falling back to JS CCITTFax decoder.
Warning: CCITTFaxStream: Falling back to JS CCITTFax decoder.
Warning: CCITTFaxStream: Falling back to JS CCITTFax decoder.
Warning: CCITTFaxStream: Falling back to JS CCITTFax decoder.
Warning: CCITTFaxStream: Falling back to JS CCITTFax decoder.
Warning: CCITTFaxStream: Falling back to JS CCITTFax decoder.
Warning: CCITTFaxStream: Falling back to JS CCITTFax decoder.
Warning: CCITTFaxStream: Falling back to JS CCITTFax decoder.
Warning: CCITTFaxStream: Falling back to JS CCITTFax decoder.
Warning: CCITTFaxStream: Falling back to JS CCITTFax decoder.
Warning: CCITTFaxStream: Falling back to JS CCITTFax decoder.
Warning: CCITTFaxStream: Falling back to JS CCITTFax decoder.
Warning: CCITTFaxStream: Falling back to JS CCITTFax decoder.
Warning: CCITTFaxStream: Falling back to JS CCITTFax decoder.
Warning: CCITTFaxStream: Falling back to JS CCITTFax decoder.
Warning: CCITTFaxStream: Falling back to JS CCITTFax decoder.
Warning: CCITTFaxStream: Falling back to JS CCITTFax decoder.
Warning: CCITTFaxStream: Falling back to JS CCITTFax decoder.
Warning: CCITTFaxStream: Falling back to JS CCITTFax decoder.
Warning: CCITTFaxStream: Falling back to JS CCITTFax decoder.
Warning: CCITTFaxStream: Falling back to JS CCITTFax decoder.
Warning: CCITTFaxStream: Falling back to JS CCITTFax decoder.
Warning: CCITTFaxStream: Falling back to JS CCITTFax decoder.
Warning: CCITTFaxStream: Falling back to JS CCITTFax decoder.
Warning: CCITTFaxStream: Falling back to JS CCITTFax decoder.
Warning: CCITTFaxStream: Falling back to JS CCITTFax decoder.
Warning: CCITTFaxStream: Falling back to JS CCITTFax decoder.
Warning: CCITTFaxStream: Falling back to JS CCITTFax decoder.
Warning: CCITTFaxStream: Falling back to JS CCITTFax decoder.
Warning: CCITTFaxStream: Falling back to JS CCITTFax decoder.
Warning: CCITTFaxStream: Falling back to JS CCITTFax decoder.
Warning: CCITTFaxStream: Falling back to JS CCITTFax decoder.
Warning: CCITTFaxStream: Falling back to JS CCITTFax decoder.
Warning: CCITTFaxStream: Falling back to JS CCITTFax decoder.
Warning: CCITTFaxStream: Falling back to JS CCITTFax decoder.
Warning: CCITTFaxStream: Falling back to JS CCITTFax decoder.
Warning: CCITTFaxStream: Falling back to JS CCITTFax decoder.
Warning: CCITTFaxStream: Falling back to JS CCITTFax decoder.
Warning: CCITTFaxStream: Falling back to JS CCITTFax decoder.
Warning: CCITTFaxStream: Falling back to JS CCITTFax decoder.
Warning: CCITTFaxStream: Falling back to JS CCITTFax decoder.
Warning: CCITTFaxStream: Falling back to JS CCITTFax decoder.
Warning: CCITTFaxStream: Falling back to JS CCITTFax decoder.
Warning: CCITTFaxStream: Falling back to JS CCITTFax decoder.
Warning: CCITTFaxStream: Falling back to JS CCITTFax decoder.
Warning: CCITTFaxStream: Falling back to JS CCITTFax decoder.
Warning: CCITTFaxStream: Falling back to JS CCITTFax decoder.
Warning: CCITTFaxStream: Falling back to JS CCITTFax decoder.
Warning: CCITTFaxStream: Falling back to JS CCITTFax decoder.
Warning: CCITTFaxStream: Falling back to JS CCITTFax decoder.
Warning: CCITTFaxStream: Falling back to JS CCITTFax decoder.
Warning: CCITTFaxStream: Falling back to JS CCITTFax decoder.
Warning: CCITTFaxStream: Falling back to JS CCITTFax decoder.
Warning: CCITTFaxStream: Falling back to JS CCITTFax decoder.
Warning: CCITTFaxStream: Falling back to JS CCITTFax decoder.
Warning: CCITTFaxStream: Falling back to JS CCITTFax decoder.
Warning: CCITTFaxStream: Falling back to JS CCITTFax decoder.
Warning: CCITTFaxStream: Falling back to JS CCITTFax decoder.
Warning: CCITTFaxStream: Falling back to JS CCITTFax decoder.
Warning: CCITTFaxStream: Falling back to JS CCITTFax decoder.
Warning: CCITTFaxStream: Falling back to JS CCITTFax decoder.
Warning: CCITTFaxStream: Falling back to JS CCITTFax decoder.
Warning: CCITTFaxStream: Falling back to JS CCITTFax decoder.
Warning: CCITTFaxStream: Falling back to JS CCITTFax decoder.
Warning: CCITTFaxStream: Falling back to JS CCITTFax decoder.
Warning: CCITTFaxStream: Falling back to JS CCITTFax decoder.
Warning: CCITTFaxStream: Falling back to JS CCITTFax decoder.
Warning: CCITTFaxStream: Falling back to JS CCITTFax decoder.
Warning: CCITTFaxStream: Falling back to JS CCITTFax decoder.
Warning: CCITTFaxStream: Falling back to JS CCITTFax decoder.
Warning: CCITTFaxStream: Falling back to JS CCITTFax decoder.
Warning: CCITTFaxStream: Falling back to JS CCITTFax decoder.
Warning: CCITTFaxStream: Falling back to JS CCITTFax decoder.
Warning: CCITTFaxStream: Falling back to JS CCITTFax decoder.
Warning: CCITTFaxStream: Falling back to JS CCITTFax decoder.
Warning: CCITTFaxStream: Falling back to JS CCITTFax decoder.
Warning: CCITTFaxStream: Falling back to JS CCITTFax decoder.
Warning: CCITTFaxStream: Falling back to JS CCITTFax decoder.
Warning: CCITTFaxStream: Falling back to JS CCITTFax decoder.
Warning: CCITTFaxStream: Falling back to JS CCITTFax decoder.
Warning: CCITTFaxStream: Falling back to JS CCITTFax decoder.
Warning: CCITTFaxStream: Falling back to JS CCITTFax decoder.
Warning: CCITTFaxStream: Falling back to JS CCITTFax decoder.
Warning: CCITTFaxStream: Falling back to JS CCITTFax decoder.
Warning: CCITTFaxStream: Falling back to JS CCITTFax decoder.
Warning: CCITTFaxStream: Falling back to JS CCITTFax decoder.
Warning: CCITTFaxStream: Falling back to JS CCITTFax decoder.
Warning: CCITTFaxStream: Falling back to JS CCITTFax decoder.
Warning: CCITTFaxStream: Falling back to JS CCITTFax decoder.
Warning: CCITTFaxStream: Falling back to JS CCITTFax decoder.
Warning: CCITTFaxStream: Falling back to JS CCITTFax decoder.
Warning: CCITTFaxStream: Falling back to JS CCITTFax decoder.
Warning: CCITTFaxStream: Falling back to JS CCITTFax decoder.
Warning: CCITTFaxStream: Falling back to JS CCITTFax decoder.
Warning: CCITTFaxStream: Falling back to JS CCITTFax decoder.
Warning: CCITTFaxStream: Falling back to JS CCITTFax decoder.
Warning: CCITTFaxStream: Falling back to JS CCITTFax decoder.
Warning: CCITTFaxStream: Falling back to JS CCITTFax decoder.
Warning: CCITTFaxStream: Falling back to JS CCITTFax decoder.
Warning: CCITTFaxStream: Falling back to JS CCITTFax decoder.
Warning: CCITTFaxStream: Falling back to JS CCITTFax decoder.
Warning: CCITTFaxStream: Falling back to JS CCITTFax decoder.
Warning: CCITTFaxStream: Falling back to JS CCITTFax decoder.
Warning: CCITTFaxStream: Falling back to JS CCITTFax decoder.
Warning: CCITTFaxStream: Falling back to JS CCITTFax decoder.
Warning: CCITTFaxStream: Falling back to JS CCITTFax decoder.
Warning: CCITTFaxStream: Falling back to JS CCITTFax decoder.
Warning: CCITTFaxStream: Falling back to JS CCITTFax decoder.
Warning: CCITTFaxStream: Falling back to JS CCITTFax decoder.
Warning: CCITTFaxStream: Falling back to JS CCITTFax decoder.
Warning: CCITTFaxStream: Falling back to JS CCITTFax decoder.
Warning: CCITTFaxStream: Falling back to JS CCITTFax decoder.
Warning: CCITTFaxStream: Falling back to JS CCITTFax decoder.
Warning: CCITTFaxStream: Falling back to JS CCITTFax decoder.
Warning: CCITTFaxStream: Falling back to JS CCITTFax decoder.
Warning: CCITTFaxStream: Falling back to JS CCITTFax decoder.
Warning: CCITTFaxStream: Falling back to JS CCITTFax decoder.
Warning: CCITTFaxStream: Falling back to JS CCITTFax decoder.
Warning: CCITTFaxStream: Falling back to JS CCITTFax decoder.
Warning: CCITTFaxStream: Falling back to JS CCITTFax decoder.
Warning: CCITTFaxStream: Falling back to JS CCITTFax decoder.
Warning: CCITTFaxStream: Falling back to JS CCITTFax decoder.
Warning: CCITTFaxStream: Falling back to JS CCITTFax decoder.
Warning: CCITTFaxStream: Falling back to JS CCITTFax decoder.
Warning: CCITTFaxStream: Falling back to JS CCITTFax decoder.
Warning: CCITTFaxStream: Falling back to JS CCITTFax decoder.
Warning: CCITTFaxStream: Falling back to JS CCITTFax decoder.
Warning: CCITTFaxStream: Falling back to JS CCITTFax decoder.
Warning: CCITTFaxStream: Falling back to JS CCITTFax decoder.
Warning: CCITTFaxStream: Falling back to JS CCITTFax decoder.
Warning: CCITTFaxStream: Falling back to JS CCITTFax decoder.
Warning: CCITTFaxStream: Falling back to JS CCITTFax decoder.
Warning: CCITTFaxStream: Falling back to JS CCITTFax decoder.
Warning: CCITTFaxStream: Falling back to JS CCITTFax decoder.
Warning: CCITTFaxStream: Falling back to JS CCITTFax decoder.
Warning: CCITTFaxStream: Falling back to JS CCITTFax decoder.
Warning: CCITTFaxStream: Falling back to JS CCITTFax decoder.
Warning: CCITTFaxStream: Falling back to JS CCITTFax decoder.
Warning: CCITTFaxStream: Falling back to JS CCITTFax decoder.
Warning: CCITTFaxStream: Falling back to JS CCITTFax decoder.
Warning: CCITTFaxStream: Falling back to JS CCITTFax decoder.
Warning: CCITTFaxStream: Falling back to JS CCITTFax decoder.
Warning: CCITTFaxStream: Falling back to JS CCITTFax decoder.
Warning: CCITTFaxStream: Falling back to JS CCITTFax decoder.
Warning: TT: undefined function: 21
Warning: TT: undefined function: 32
Warning: TT: undefined function: 32
Warning: TT: undefined function: 21
Warning: TT: undefined function: 32
Warning: TT: undefined function: 21
Warning: TT: undefined function: 32
Warning: TT: undefined function: 32
Warning: TT: undefined function: 21
Warning: TT: undefined function: 21
Warning: TT: undefined function: 32
Warning: TT: undefined function: 32
Warning: TT: undefined function: 21
Warning: TT: undefined function: 21
Warning: TT: undefined function: 21
Warning: TT: undefined function: 21
Warning: TT: undefined function: 21
Warning: TT: undefined function: 21
Warning: TT: undefined function: 21
Warning: TT: undefined function: 21
Warning: TT: undefined function: 21
Warning: TT: undefined function: 21
Warning: TT: undefined function: 21
Warning: TT: undefined function: 21
Warning: TT: undefined function: 21
Warning: TT: undefined function: 21
Warning: TT: undefined function: 21
  1700/27875 · 1650 com texto · 50 vazios · 0 errosWarning: TT: undefined function: 21
Warning: TT: undefined function: 21
Warning: TT: undefined function: 21
Warning: TT: undefined function: 21
Warning: TT: undefined function: 21
Warning: TT: undefined function: 21
Warning: TT: undefined function: 21
Warning: TT: undefined function: 21
Warning: TT: undefined function: 21
Warning: TT: undefined function: 21
Warning: TT: undefined function: 32
Warning: Indexing all PDF objects
Warning: TT: undefined function: 21
Warning: TT: undefined function: 32
Warning: TT: undefined function: 21
Warning: TT: undefined function: 21
Warning: TT: undefined function: 21
Warning: TT: undefined function: 21
Warning: TT: undefined function: 32
Warning: TT: undefined function: 32
Warning: TT: undefined function: 32
Warning: TT: undefined function: 32
Warning: TT: undefined function: 32
Warning: TT: undefined function: 32
Warning: TT: undefined function: 21
Warning: TT: undefined function: 21
  1800/27875 · 1746 com texto · 54 vazios · 0 errosWarning: TT: undefined function: 32
Warning: TT: undefined function: 32
  1900/27875 · 1846 com texto · 54 vazios · 0 errosWarning: TT: undefined function: 32
Warning: TT: undefined function: 32
Warning: TT: undefined function: 21
Warning: TT: undefined function: 21
Warning: TT: undefined function: 21
Warning: TT: undefined function: 21
Warning: TT: undefined function: 21
Warning: TT: undefined function: 21
Warning: TT: undefined function: 21
Warning: TT: undefined function: 21
Warning: TT: undefined function: 21
Warning: TT: undefined function: 21
Warning: TT: undefined function: 21
Warning: TT: undefined function: 21
Warning: TT: undefined function: 21
Warning: TT: invalid function id: 136
Warning: TT: undefined function: 21
Warning: TT: undefined function: 32
Warning: TT: undefined function: 32
Warning: TT: undefined function: 32
Warning: TT: undefined function: 21
Warning: TT: undefined function: 32
Warning: TT: undefined function: 32
Warning: TT: undefined function: 32
Warning: TT: undefined function: 21
Warning: TT: undefined function: 21
Warning: TT: invalid function id: 136
Warning: TT: invalid function id: 136
Warning: TT: undefined function: 21
Warning: TT: undefined function: 21
Warning: TT: invalid function id: 136
Warning: TT: undefined function: 32
Warning: TT: undefined function: 32
Warning: TT: undefined function: 21
Warning: TT: undefined function: 21
Warning: TT: invalid function id: 136
Warning: TT: invalid function id: 136
Warning: TT: undefined function: 21
Warning: TT: undefined function: 21
Warning: TT: undefined function: 21
Warning: TT: undefined function: 21
Warning: TT: undefined function: 21
Warning: TT: undefined function: 32
Warning: TT: undefined function: 32
Warning: TT: undefined function: 32
Warning: TT: undefined function: 32
Warning: TT: undefined function: 32
Warning: TT: undefined function: 21
Warning: TT: undefined function: 21
Warning: TT: undefined function: 32
Warning: TT: undefined function: 32
Warning: TT: undefined function: 32
Warning: TT: undefined function: 32
  2000/27875 · 1945 com texto · 55 vazios · 0 errosWarning: TT: undefined function: 32
Warning: TT: undefined function: 32
Warning: TT: undefined function: 32
Warning: TT: undefined function: 32
Warning: TT: undefined function: 21
Warning: TT: undefined function: 21
Warning: TT: undefined function: 32
Warning: TT: undefined function: 21
Warning: TT: undefined function: 21
Warning: TT: undefined function: 21
Warning: TT: undefined function: 21
Warning: TT: undefined function: 32
Warning: TT: undefined function: 32
Warning: TT: undefined function: 32
Warning: TT: undefined function: 32
Warning: TT: undefined function: 32
Warning: TT: undefined function: 32
Warning: TT: undefined function: 21
Warning: TT: undefined function: 32
Warning: TT: undefined function: 32
Warning: TT: undefined function: 21
Warning: TT: undefined function: 32
Warning: TT: undefined function: 32
Warning: TT: undefined function: 32
Warning: TT: undefined function: 32
Warning: TT: undefined function: 32
Warning: TT: undefined function: 32
Warning: TT: undefined function: 21
Warning: TT: undefined function: 21
Warning: TT: undefined function: 21
Warning: TT: undefined function: 21
Warning: TT: undefined function: 21
Warning: TT: undefined function: 21
Warning: TT: undefined function: 21
Warning: TT: undefined function: 21
Warning: TT: undefined function: 21
Warning: TT: undefined function: 21
Warning: TT: undefined function: 21
Warning: TT: undefined function: 21
Warning: TT: undefined function: 21
Warning: TT: undefined function: 32
  2100/27875 · 2044 com texto · 56 vazios · 0 errosWarning: TT: undefined function: 32
Warning: TT: undefined function: 32
Warning: TT: undefined function: 32
Warning: TT: undefined function: 32
Warning: TT: undefined function: 32
Warning: TT: undefined function: 32
Warning: TT: undefined function: 32
Warning: TT: undefined function: 21
Warning: TT: undefined function: 32
Warning: TT: undefined function: 32
Warning: TT: undefined function: 32
Warning: TT: undefined function: 32
Warning: TT: undefined function: 32
Warning: TT: undefined function: 32
Warning: TT: undefined function: 32
Warning: TT: undefined function: 21
Warning: TT: undefined function: 21
Warning: TT: undefined function: 32
Warning: TT: undefined function: 32
Warning: TT: undefined function: 32
Warning: TT: undefined function: 32
Warning: TT: undefined function: 32
Warning: TT: undefined function: 32
Warning: TT: undefined function: 21
Warning: TT: undefined function: 21
Warning: TT: undefined function: 21
Warning: TT: undefined function: 21
Warning: TT: undefined function: 21
Warning: TT: undefined function: 21
Warning: TT: invalid function id: 136
Warning: TT: undefined function: 32
Warning: TT: undefined function: 21
Warning: TT: invalid function id: 136
Warning: TT: undefined function: 32
Warning: TT: undefined function: 32
Warning: TT: undefined function: 21
Warning: TT: undefined function: 21
Warning: TT: undefined function: 32
Warning: TT: undefined function: 32
  2200/27875 · 2125 com texto · 75 vazios · 0 errosWarning: TT: undefined function: 32
Warning: TT: undefined function: 32
Warning: TT: undefined function: 32
Warning: TT: undefined function: 32
Warning: TT: undefined function: 32
Warning: TT: undefined function: 32
Warning: TT: undefined function: 32
Warning: TT: undefined function: 32
Warning: TT: undefined function: 32
Warning: TT: undefined function: 32
Warning: TT: undefined function: 32
Warning: TT: undefined function: 21
Warning: TT: undefined function: 32
Warning: TT: undefined function: 32
  2300/27875 · 2213 com texto · 87 vazios · 0 errosWarning: TT: undefined function: 32
Warning: TT: undefined function: 21
Warning: TT: undefined function: 32
Warning: TT: undefined function: 21
Warning: TT: undefined function: 32
Warning: TT: undefined function: 21
Warning: TT: undefined function: 21
Warning: TT: undefined function: 21
Warning: TT: undefined function: 21
Warning: TT: undefined function: 21
Warning: TT: undefined function: 21
Warning: TT: undefined function: 21
Warning: TT: undefined function: 21
Warning: TT: invalid function id: 136
Warning: TT: undefined function: 21
Warning: TT: undefined function: 21
Warning: TT: undefined function: 21
Warning: TT: undefined function: 21
Warning: TT: invalid function id: 136
Warning: TT: undefined function: 21
Warning: TT: undefined function: 21
Warning: TT: undefined function: 21
Warning: TT: undefined function: 21
Warning: TT: undefined function: 21
Warning: TT: undefined function: 21
  2400/27875 · 2312 com texto · 88 vazios · 0 errosWarning: TT: undefined function: 21
Warning: TT: undefined function: 21
Warning: TT: undefined function: 21
Warning: TT: undefined function: 21
Warning: TT: undefined function: 21
Warning: TT: undefined function: 21
Warning: TT: undefined function: 21
Warning: TT: undefined function: 21
Warning: TT: invalid function id: 136
Warning: TT: undefined function: 21
Warning: TT: undefined function: 21
Warning: TT: invalid function id: 136
Warning: TT: invalid function id: 136
Warning: TT: undefined function: 21
Warning: TT: undefined function: 21
Warning: TT: invalid function id: 136
Warning: TT: invalid function id: 136
Warning: TT: undefined function: 32
Warning: TT: undefined function: 21
Warning: TT: undefined function: 21
Warning: TT: undefined function: 21
Warning: TT: undefined function: 21
Warning: TT: undefined function: 21
Warning: TT: undefined function: 21
Warning: TT: undefined function: 21
Warning: TT: undefined function: 21
Warning: TT: undefined function: 21
Warning: TT: undefined function: 21
Warning: TT: undefined function: 21
Warning: TT: undefined function: 21
Warning: TT: undefined function: 21
Warning: TT: undefined function: 21
Warning: TT: undefined function: 21
Warning: TT: undefined function: 21
Warning: TT: undefined function: 32
Warning: TT: undefined function: 32
Warning: TT: undefined function: 32
Warning: TT: undefined function: 32
Warning: TT: undefined function: 32
Warning: TT: undefined function: 21
Warning: TT: invalid function id: 136
Warning: TT: undefined function: 21
Warning: TT: invalid function id: 136
Warning: TT: invalid function id: 136
Warning: TT: undefined function: 21
Warning: TT: undefined function: 32
Warning: TT: undefined function: 32
Warning: TT: undefined function: 32
Warning: TT: undefined function: 32
Warning: TT: undefined function: 32
Warning: TT: undefined function: 32
Warning: TT: undefined function: 32
Warning: TT: undefined function: 32
Warning: TT: undefined function: 32
Warning: TT: undefined function: 32
Warning: TT: undefined function: 32
Warning: TT: undefined function: 32
Warning: TT: undefined function: 32
Warning: TT: undefined function: 32
Warning: TT: undefined function: 32
Warning: TT: undefined function: 32
Warning: TT: undefined function: 32
Warning: TT: undefined function: 32
Warning: TT: undefined function: 32
Warning: TT: undefined function: 32
Warning: TT: undefined function: 32
Warning: TT: undefined function: 32
Warning: TT: undefined function: 32
Warning: TT: undefined function: 32
Warning: TT: undefined function: 32
Warning: TT: undefined function: 32
Warning: TT: undefined function: 32
Warning: TT: undefined function: 32
Warning: TT: undefined function: 32
Warning: TT: undefined function: 32
Warning: TT: undefined function: 32
Warning: TT: undefined function: 32
Warning: TT: undefined function: 32
Warning: TT: undefined function: 32
Warning: TT: undefined function: 32
  2500/27875 · 2412 com texto · 88 vazios · 0 errosWarning: TT: undefined function: 32
Warning: TT: undefined function: 32
Warning: TT: undefined function: 32
Warning: TT: undefined function: 32
Warning: TT: undefined function: 32
Warning: TT: undefined function: 32
Warning: TT: undefined function: 32
Warning: TT: undefined function: 32
Warning: TT: undefined function: 32
Warning: TT: undefined function: 32
Warning: TT: undefined function: 32
Warning: TT: undefined function: 32
Warning: TT: undefined function: 32
Warning: TT: undefined function: 32
Warning: TT: undefined function: 32
Warning: TT: undefined function: 32
Warning: TT: undefined function: 32
Warning: TT: undefined function: 32
Warning: TT: undefined function: 32
Warning: TT: undefined function: 32
Warning: TT: undefined function: 32
Warning: TT: undefined function: 32
Warning: TT: undefined function: 32
Warning: TT: undefined function: 32
Warning: TT: undefined function: 32
Warning: TT: undefined function: 32
Warning: TT: undefined function: 32
Warning: TT: undefined function: 32
Warning: TT: undefined function: 32
Warning: TT: undefined function: 32
Warning: TT: undefined function: 32
Warning: TT: undefined function: 32
Warning: TT: undefined function: 32
Warning: TT: undefined function: 32
Warning: TT: undefined function: 32
Warning: TT: undefined function: 32
Warning: TT: undefined function: 32
Warning: TT: undefined function: 32
Warning: TT: undefined function: 32
Warning: TT: undefined function: 32
Warning: TT: undefined function: 32
Warning: TT: undefined function: 32
Warning: TT: undefined function: 32
Warning: TT: undefined function: 32
Warning: TT: undefined function: 32
Warning: TT: undefined function: 32
Warning: TT: undefined function: 32
Warning: TT: undefined function: 32
Warning: TT: undefined function: 32
Warning: TT: undefined function: 32
Warning: TT: undefined function: 32
Warning: TT: undefined function: 32
Warning: TT: undefined function: 32
Warning: TT: undefined function: 32
Warning: TT: undefined function: 32
Warning: TT: undefined function: 32
Warning: TT: undefined function: 32
Warning: TT: undefined function: 32
Warning: TT: undefined function: 32
Warning: TT: undefined function: 32
Warning: TT: undefined function: 32
Warning: TT: undefined function: 32
Warning: TT: undefined function: 32
Warning: TT: undefined function: 21
Warning: TT: invalid function id: 136
Warning: TT: undefined function: 21
Warning: TT: invalid function id: 136
Warning: TT: undefined function: 21
Warning: TT: undefined function: 21
Warning: TT: undefined function: 21
Warning: TT: undefined function: 21
Warning: TT: undefined function: 21
Warning: TT: undefined function: 32
Warning: TT: undefined function: 21
Warning: TT: undefined function: 32
Warning: TT: undefined function: 21
Warning: TT: undefined function: 32
Warning: TT: undefined function: 32
Warning: TT: undefined function: 21
Warning: TT: undefined function: 21
Warning: TT: undefined function: 21
Warning: TT: undefined function: 21
Warning: TT: undefined function: 21
Warning: TT: undefined function: 21
Warning: TT: undefined function: 21
Warning: TT: undefined function: 21
Warning: TT: undefined function: 21
Warning: TT: undefined function: 21
Warning: TT: undefined function: 21
Warning: TT: undefined function: 21
Warning: TT: undefined function: 21
Warning: TT: undefined function: 21
Warning: TT: invalid function id: 136
Warning: TT: undefined function: 32
Warning: TT: undefined function: 21
Warning: TT: undefined function: 21
Warning: TT: undefined function: 21
Warning: TT: undefined function: 21
Warning: TT: undefined function: 21
Warning: TT: undefined function: 21
Warning: TT: undefined function: 21
Warning: TT: undefined function: 32
Warning: TT: undefined function: 32
Warning: TT: undefined function: 32
Warning: TT: undefined function: 32
Warning: TT: undefined function: 32
Warning: TT: undefined function: 32
Warning: TT: undefined function: 21
Warning: TT: undefined function: 21
Warning: TT: undefined function: 21
Warning: TT: undefined function: 21
Warning: TT: undefined function: 21
Warning: TT: undefined function: 21
Warning: TT: undefined function: 21
Warning: TT: undefined function: 21
Warning: TT: undefined function: 21
  2600/27875 · 2512 com texto · 88 vazios · 0 errosWarning: TT: undefined function: 21
Warning: TT: undefined function: 21
Warning: TT: undefined function: 21
Warning: TT: undefined function: 21
Warning: TT: undefined function: 21
Warning: TT: undefined function: 21
Warning: TT: undefined function: 21
Warning: TT: undefined function: 21
Warning: TT: undefined function: 21
Warning: TT: undefined function: 21
Warning: TT: undefined function: 21
Warning: TT: undefined function: 21
Warning: TT: undefined function: 21
Warning: TT: undefined function: 21
Warning: TT: undefined function: 21
Warning: TT: undefined function: 21
Warning: TT: undefined function: 21
Warning: TT: undefined function: 21
Warning: TT: undefined function: 21
Warning: TT: undefined function: 21
Warning: TT: undefined function: 21
Warning: TT: undefined function: 32
Warning: TT: undefined function: 32
Warning: TT: undefined function: 21
Warning: TT: undefined function: 32
Warning: TT: undefined function: 21
Warning: TT: undefined function: 21
Warning: TT: undefined function: 21
Warning: TT: undefined function: 32
Warning: TT: undefined function: 32
  2700/27875 · 2612 com texto · 88 vazios · 0 errosWarning: TT: undefined function: 32
Warning: TT: undefined function: 21
Warning: TT: undefined function: 21
Warning: TT: undefined function: 21
Warning: TT: undefined function: 21
Warning: TT: undefined function: 21
Warning: TT: undefined function: 21
Warning: TT: undefined function: 21
Warning: TT: undefined function: 21
Warning: TT: undefined function: 21
Warning: TT: undefined function: 21
Warning: TT: undefined function: 21
Warning: TT: undefined function: 32
Warning: TT: undefined function: 32
Warning: TT: undefined function: 32
Warning: TT: undefined function: 21
Warning: TT: undefined function: 32
Warning: TT: undefined function: 21
Warning: TT: undefined function: 21
Warning: TT: invalid function id: 136
Warning: TT: invalid function id: 136
Warning: TT: undefined function: 32
Warning: TT: undefined function: 21
Warning: TT: undefined function: 21
Warning: TT: invalid function id: 136
Warning: TT: invalid function id: 136
Warning: TT: undefined function: 21
Warning: TT: undefined function: 21
Warning: TT: invalid function id: 136
Warning: TT: invalid function id: 136
Warning: TT: undefined function: 21
Warning: TT: undefined function: 32
Warning: TT: undefined function: 21
Warning: TT: undefined function: 21
Warning: TT: undefined function: 32
Warning: TT: undefined function: 32
Warning: TT: undefined function: 21
Warning: TT: undefined function: 32
Warning: TT: undefined function: 32
Warning: TT: undefined function: 32
Warning: TT: undefined function: 32
Warning: TT: undefined function: 32
Warning: TT: undefined function: 32
Warning: TT: undefined function: 32
Warning: TT: undefined function: 21
Warning: TT: undefined function: 32
Warning: TT: undefined function: 32
  2800/27875 · 2711 com texto · 89 vazios · 0 errosWarning: TT: undefined function: 21
Warning: TT: undefined function: 32
Warning: TT: undefined function: 32
Warning: TT: undefined function: 32
Warning: TT: undefined function: 32
Warning: TT: undefined function: 21
Warning: TT: undefined function: 21
  2900/27875 · 2809 com texto · 91 vazios · 0 errosWarning: TT: undefined function: 32
Warning: TT: undefined function: 32
Warning: TT: undefined function: 32
Warning: TT: undefined function: 21
Warning: TT: undefined function: 21
Warning: TT: undefined function: 32
  3000/27875 · 2909 com texto · 91 vazios · 0 errosWarning: TT: undefined function: 32
Warning: TT: undefined function: 32
Warning: TT: undefined function: 32
Warning: TT: undefined function: 32
Warning: TT: undefined function: 32
Warning: TT: undefined function: 32
Warning: TT: undefined function: 32
Warning: TT: undefined function: 32
Warning: TT: undefined function: 32
Warning: TT: undefined function: 32
Warning: TT: undefined function: 32
Warning: TT: undefined function: 32
Warning: TT: undefined function: 32
Warning: TT: undefined function: 32
Warning: TT: undefined function: 32
Warning: TT: undefined function: 32
Warning: TT: undefined function: 32
Warning: TT: undefined function: 32
Warning: TT: undefined function: 32
Warning: TT: undefined function: 32
Warning: TT: undefined function: 32
Warning: TT: undefined function: 32
Warning: TT: undefined function: 32
Warning: TT: undefined function: 21
Warning: TT: undefined function: 21
Warning: TT: undefined function: 21
  3100/27875 · 3009 com texto · 91 vazios · 0 errosWarning: TT: undefined function: 32
Warning: TT: undefined function: 32
Warning: TT: undefined function: 32
  3200/27875 · 3106 com texto · 94 vazios · 0 errosWarning: TT: undefined function: 32
Warning: TT: undefined function: 32
Warning: TT: undefined function: 32
Warning: TT: undefined function: 32
  3300/27875 · 3206 com texto · 94 vazios · 0 errosWarning: TT: undefined function: 32
Warning: TT: undefined function: 21
Warning: TT: undefined function: 32
Warning: TT: undefined function: 21
Warning: TT: undefined function: 21
Warning: TT: undefined function: 21
Warning: TT: undefined function: 21
Warning: TT: undefined function: 21
Warning: TT: undefined function: 21
  3400/27875 · 3306 com texto · 94 vazios · 0 errosWarning: TT: undefined function: 21
Warning: TT: undefined function: 21
Warning: TT: undefined function: 32
Warning: TT: undefined function: 32
Warning: TT: undefined function: 32
Warning: TT: undefined function: 32
Warning: TT: undefined function: 32
Warning: TT: undefined function: 32
Warning: TT: undefined function: 32
Warning: TT: undefined function: 32
Warning: TT: undefined function: 32
Warning: TT: undefined function: 32
Warning: TT: undefined function: 32
Warning: TT: undefined function: 32
Warning: TT: undefined function: 32
Warning: TT: undefined function: 32
Warning: TT: undefined function: 32
Warning: TT: undefined function: 32
Warning: TT: undefined function: 32
Warning: TT: undefined function: 32
Warning: TT: undefined function: 32
Warning: TT: undefined function: 21
Warning: TT: undefined function: 32
Warning: TT: undefined function: 32
Warning: TT: undefined function: 21
Warning: TT: undefined function: 32
Warning: TT: undefined function: 32
Warning: TT: undefined function: 21
Warning: TT: undefined function: 21
Warning: TT: undefined function: 21
Warning: TT: undefined function: 21
Warning: TT: undefined function: 21
Warning: TT: invalid function id: 136
Warning: TT: undefined function: 21
Warning: TT: undefined function: 21
Warning: TT: undefined function: 32
Warning: TT: undefined function: 32
Warning: TT: undefined function: 32
Warning: TT: undefined function: 32
Warning: TT: undefined function: 32
Warning: TT: undefined function: 21
Warning: TT: undefined function: 21
Warning: TT: undefined function: 32
Warning: TT: undefined function: 32
Warning: TT: undefined function: 32
Warning: TT: undefined function: 32
Warning: TT: undefined function: 32
Warning: TT: undefined function: 32
Warning: TT: undefined function: 32
Warning: TT: undefined function: 32
Warning: TT: undefined function: 32
Warning: TT: undefined function: 32
Warning: TT: undefined function: 32
Warning: TT: undefined function: 32
Warning: TT: undefined function: 32
Warning: TT: undefined function: 32
Warning: TT: undefined function: 32
Warning: TT: undefined function: 32
Warning: TT: undefined function: 32
Warning: TT: undefined function: 32
Warning: TT: undefined function: 32
Warning: TT: undefined function: 32
Warning: TT: undefined function: 21
Warning: TT: undefined function: 21
Warning: TT: undefined function: 21
Warning: TT: undefined function: 21
Warning: TT: undefined function: 21
Warning: TT: undefined function: 32
Warning: TT: undefined function: 21
Warning: TT: undefined function: 21
Warning: TT: undefined function: 21
Warning: TT: undefined function: 21
Warning: TT: undefined function: 32
Warning: TT: undefined function: 32
Warning: TT: undefined function: 21
Warning: TT: undefined function: 32
Warning: TT: undefined function: 21
Warning: TT: undefined function: 21
Warning: TT: undefined function: 21
Warning: TT: undefined function: 21
Warning: TT: undefined function: 21
Warning: TT: undefined function: 21
Warning: TT: undefined function: 32
Warning: TT: undefined function: 32
Warning: TT: undefined function: 32
Warning: TT: undefined function: 32
Warning: TT: undefined function: 32
Warning: TT: undefined function: 32
Warning: TT: undefined function: 21
Warning: TT: undefined function: 32
Warning: TT: undefined function: 32
Warning: TT: undefined function: 21
Warning: TT: undefined function: 21
Warning: TT: undefined function: 21
Warning: TT: undefined function: 21
Warning: TT: undefined function: 21
Warning: TT: undefined function: 32
Warning: TT: undefined function: 32
Warning: TT: undefined function: 32
Warning: TT: undefined function: 32
Warning: TT: undefined function: 32
Warning: TT: undefined function: 32
Warning: TT: undefined function: 32
Warning: TT: undefined function: 32
Warning: TT: undefined function: 32
Warning: TT: undefined function: 32
Warning: TT: undefined function: 32
Warning: TT: undefined function: 32
Warning: TT: undefined function: 21
Warning: TT: undefined function: 21
Warning: TT: undefined function: 21
Warning: TT: undefined function: 21
Warning: TT: undefined function: 21
Warning: TT: undefined function: 21
Warning: TT: undefined function: 32
  3500/27875 · 3400 com texto · 100 vazios · 0 errosWarning: TT: undefined function: 21
Warning: CCITTFaxStream: Falling back to JS CCITTFax decoder.
Warning: CCITTFaxStream: Falling back to JS CCITTFax decoder.
Warning: CCITTFaxStream: Falling back to JS CCITTFax decoder.
Warning: CCITTFaxStream: Falling back to JS CCITTFax decoder.
Warning: CCITTFaxStream: Falling back to JS CCITTFax decoder.
Warning: CCITTFaxStream: Falling back to JS CCITTFax decoder.
Warning: CCITTFaxStream: Falling back to JS CCITTFax decoder.
Warning: CCITTFaxStream: Falling back to JS CCITTFax decoder.
Warning: CCITTFaxStream: Falling back to JS CCITTFax decoder.
Warning: CCITTFaxStream: Falling back to JS CCITTFax decoder.
Warning: CCITTFaxStream: Falling back to JS CCITTFax decoder.
Warning: CCITTFaxStream: Falling back to JS CCITTFax decoder.
Warning: CCITTFaxStream: Falling back to JS CCITTFax decoder.
Warning: CCITTFaxStream: Falling back to JS CCITTFax decoder.
Warning: CCITTFaxStream: Falling back to JS CCITTFax decoder.
Warning: CCITTFaxStream: Falling back to JS CCITTFax decoder.
Warning: CCITTFaxStream: Falling back to JS CCITTFax decoder.
Warning: CCITTFaxStream: Falling back to JS CCITTFax decoder.
Warning: CCITTFaxStream: Falling back to JS CCITTFax decoder.
Warning: CCITTFaxStream: Falling back to JS CCITTFax decoder.
Warning: CCITTFaxStream: Falling back to JS CCITTFax decoder.
Warning: CCITTFaxStream: Falling back to JS CCITTFax decoder.
Warning: CCITTFaxStream: Falling back to JS CCITTFax decoder.
Warning: CCITTFaxStream: Falling back to JS CCITTFax decoder.
Warning: CCITTFaxStream: Falling back to JS CCITTFax decoder.
Warning: CCITTFaxStream: Falling back to JS CCITTFax decoder.
Warning: CCITTFaxStream: Falling back to JS CCITTFax decoder.
Warning: CCITTFaxStream: Falling back to JS CCITTFax decoder.
Warning: CCITTFaxStream: Falling back to JS CCITTFax decoder.
Warning: CCITTFaxStream: Falling back to JS CCITTFax decoder.
Warning: CCITTFaxStream: Falling back to JS CCITTFax decoder.
Warning: CCITTFaxStream: Falling back to JS CCITTFax decoder.
Warning: CCITTFaxStream: Falling back to JS CCITTFax decoder.
Warning: CCITTFaxStream: Falling back to JS CCITTFax decoder.
Warning: CCITTFaxStream: Falling back to JS CCITTFax decoder.
Warning: CCITTFaxStream: Falling back to JS CCITTFax decoder.
Warning: CCITTFaxStream: Falling back to JS CCITTFax decoder.
Warning: CCITTFaxStream: Falling back to JS CCITTFax decoder.
Warning: CCITTFaxStream: Falling back to JS CCITTFax decoder.
Warning: CCITTFaxStream: Falling back to JS CCITTFax decoder.
Warning: CCITTFaxStream: Falling back to JS CCITTFax decoder.
Warning: CCITTFaxStream: Falling back to JS CCITTFax decoder.
Warning: CCITTFaxStream: Falling back to JS CCITTFax decoder.
Warning: CCITTFaxStream: Falling back to JS CCITTFax decoder.
Warning: CCITTFaxStream: Falling back to JS CCITTFax decoder.
Warning: CCITTFaxStream: Falling back to JS CCITTFax decoder.
Warning: CCITTFaxStream: Falling back to JS CCITTFax decoder.
Warning: CCITTFaxStream: Falling back to JS CCITTFax decoder.
Warning: CCITTFaxStream: Falling back to JS CCITTFax decoder.
Warning: CCITTFaxStream: Falling back to JS CCITTFax decoder.
Warning: CCITTFaxStream: Falling back to JS CCITTFax decoder.
Warning: CCITTFaxStream: Falling back to JS CCITTFax decoder.
Warning: CCITTFaxStream: Falling back to JS CCITTFax decoder.
Warning: CCITTFaxStream: Falling back to JS CCITTFax decoder.
Warning: CCITTFaxStream: Falling back to JS CCITTFax decoder.
Warning: CCITTFaxStream: Falling back to JS CCITTFax decoder.
Warning: CCITTFaxStream: Falling back to JS CCITTFax decoder.
Warning: CCITTFaxStream: Falling back to JS CCITTFax decoder.
Warning: CCITTFaxStream: Falling back to JS CCITTFax decoder.
Warning: CCITTFaxStream: Falling back to JS CCITTFax decoder.
Warning: CCITTFaxStream: Falling back to JS CCITTFax decoder.
Warning: CCITTFaxStream: Falling back to JS CCITTFax decoder.
Warning: CCITTFaxStream: Falling back to JS CCITTFax decoder.
Warning: CCITTFaxStream: Falling back to JS CCITTFax decoder.
Warning: CCITTFaxStream: Falling back to JS CCITTFax decoder.
Warning: CCITTFaxStream: Falling back to JS CCITTFax decoder.
Warning: CCITTFaxStream: Falling back to JS CCITTFax decoder.
Warning: CCITTFaxStream: Falling back to JS CCITTFax decoder.
Warning: CCITTFaxStream: Falling back to JS CCITTFax decoder.
Warning: CCITTFaxStream: Falling back to JS CCITTFax decoder.
Warning: CCITTFaxStream: Falling back to JS CCITTFax decoder.
Warning: CCITTFaxStream: Falling back to JS CCITTFax decoder.
Warning: CCITTFaxStream: Falling back to JS CCITTFax decoder.
Warning: CCITTFaxStream: Falling back to JS CCITTFax decoder.
Warning: CCITTFaxStream: Falling back to JS CCITTFax decoder.
Warning: CCITTFaxStream: Falling back to JS CCITTFax decoder.
Warning: CCITTFaxStream: Falling back to JS CCITTFax decoder.
Warning: CCITTFaxStream: Falling back to JS CCITTFax decoder.
Warning: CCITTFaxStream: Falling back to JS CCITTFax decoder.
Warning: CCITTFaxStream: Falling back to JS CCITTFax decoder.
Warning: CCITTFaxStream: Falling back to JS CCITTFax decoder.
Warning: CCITTFaxStream: Falling back to JS CCITTFax decoder.
Warning: CCITTFaxStream: Falling back to JS CCITTFax decoder.
Warning: CCITTFaxStream: Falling back to JS CCITTFax decoder.
Warning: CCITTFaxStream: Falling back to JS CCITTFax decoder.
Warning: CCITTFaxStream: Falling back to JS CCITTFax decoder.
Warning: CCITTFaxStream: Falling back to JS CCITTFax decoder.
Warning: CCITTFaxStream: Falling back to JS CCITTFax decoder.
Warning: CCITTFaxStream: Falling back to JS CCITTFax decoder.
Warning: CCITTFaxStream: Falling back to JS CCITTFax decoder.
Warning: CCITTFaxStream: Falling back to JS CCITTFax decoder.
Warning: CCITTFaxStream: Falling back to JS CCITTFax decoder.
Warning: CCITTFaxStream: Falling back to JS CCITTFax decoder.
Warning: CCITTFaxStream: Falling back to JS CCITTFax decoder.
Warning: CCITTFaxStream: Falling back to JS CCITTFax decoder.
Warning: CCITTFaxStream: Falling back to JS CCITTFax decoder.
Warning: CCITTFaxStream: Falling back to JS CCITTFax decoder.
Warning: CCITTFaxStream: Falling back to JS CCITTFax decoder.
Warning: CCITTFaxStream: Falling back to JS CCITTFax decoder.
Warning: CCITTFaxStream: Falling back to JS CCITTFax decoder.
Warning: CCITTFaxStream: Falling back to JS CCITTFax decoder.
Warning: CCITTFaxStream: Falling back to JS CCITTFax decoder.
Warning: CCITTFaxStream: Falling back to JS CCITTFax decoder.
Warning: CCITTFaxStream: Falling back to JS CCITTFax decoder.
Warning: CCITTFaxStream: Falling back to JS CCITTFax decoder.
Warning: CCITTFaxStream: Falling back to JS CCITTFax decoder.
Warning: CCITTFaxStream: Falling back to JS CCITTFax decoder.
Warning: CCITTFaxStream: Falling back to JS CCITTFax decoder.
Warning: CCITTFaxStream: Falling back to JS CCITTFax decoder.
Warning: CCITTFaxStream: Falling back to JS CCITTFax decoder.
Warning: CCITTFaxStream: Falling back to JS CCITTFax decoder.
Warning: CCITTFaxStream: Falling back to JS CCITTFax decoder.
Warning: CCITTFaxStream: Falling back to JS CCITTFax decoder.
Warning: CCITTFaxStream: Falling back to JS CCITTFax decoder.
Warning: CCITTFaxStream: Falling back to JS CCITTFax decoder.
Warning: CCITTFaxStream: Falling back to JS CCITTFax decoder.
Warning: CCITTFaxStream: Falling back to JS CCITTFax decoder.
Warning: CCITTFaxStream: Falling back to JS CCITTFax decoder.
Warning: CCITTFaxStream: Falling back to JS CCITTFax decoder.
Warning: CCITTFaxStream: Falling back to JS CCITTFax decoder.
Warning: CCITTFaxStream: Falling back to JS CCITTFax decoder.
Warning: CCITTFaxStream: Falling back to JS CCITTFax decoder.
Warning: CCITTFaxStream: Falling back to JS CCITTFax decoder.
Warning: CCITTFaxStream: Falling back to JS CCITTFax decoder.
Warning: CCITTFaxStream: Falling back to JS CCITTFax decoder.
Warning: CCITTFaxStream: Falling back to JS CCITTFax decoder.
Warning: CCITTFaxStream: Falling back to JS CCITTFax decoder.
Warning: CCITTFaxStream: Falling back to JS CCITTFax decoder.
Warning: CCITTFaxStream: Falling back to JS CCITTFax decoder.
Warning: CCITTFaxStream: Falling back to JS CCITTFax decoder.
Warning: CCITTFaxStream: Falling back to JS CCITTFax decoder.
Warning: CCITTFaxStream: Falling back to JS CCITTFax decoder.
Warning: CCITTFaxStream: Falling back to JS CCITTFax decoder.
Warning: CCITTFaxStream: Falling back to JS CCITTFax decoder.
Warning: CCITTFaxStream: Falling back to JS CCITTFax decoder.
Warning: CCITTFaxStream: Falling back to JS CCITTFax decoder.
Warning: CCITTFaxStream: Falling back to JS CCITTFax decoder.
Warning: CCITTFaxStream: Falling back to JS CCITTFax decoder.
Warning: CCITTFaxStream: Falling back to JS CCITTFax decoder.
Warning: CCITTFaxStream: Falling back to JS CCITTFax decoder.
Warning: CCITTFaxStream: Falling back to JS CCITTFax decoder.
Warning: CCITTFaxStream: Falling back to JS CCITTFax decoder.
Warning: CCITTFaxStream: Falling back to JS CCITTFax decoder.
Warning: CCITTFaxStream: Falling back to JS CCITTFax decoder.
Warning: CCITTFaxStream: Falling back to JS CCITTFax decoder.
Warning: CCITTFaxStream: Falling back to JS CCITTFax decoder.
Warning: CCITTFaxStream: Falling back to JS CCITTFax decoder.
Warning: CCITTFaxStream: Falling back to JS CCITTFax decoder.
Warning: CCITTFaxStream: Falling back to JS CCITTFax decoder.
Warning: CCITTFaxStream: Falling back to JS CCITTFax decoder.
Warning: CCITTFaxStream: Falling back to JS CCITTFax decoder.
Warning: CCITTFaxStream: Falling back to JS CCITTFax decoder.
Warning: CCITTFaxStream: Falling back to JS CCITTFax decoder.
Warning: CCITTFaxStream: Falling back to JS CCITTFax decoder.
Warning: CCITTFaxStream: Falling back to JS CCITTFax decoder.
Warning: CCITTFaxStream: Falling back to JS CCITTFax decoder.
Warning: CCITTFaxStream: Falling back to JS CCITTFax decoder.
Warning: CCITTFaxStream: Falling back to JS CCITTFax decoder.
Warning: CCITTFaxStream: Falling back to JS CCITTFax decoder.
Warning: CCITTFaxStream: Falling back to JS CCITTFax decoder.
Warning: CCITTFaxStream: Falling back to JS CCITTFax decoder.
Warning: CCITTFaxStream: Falling back to JS CCITTFax decoder.
Warning: CCITTFaxStream: Falling back to JS CCITTFax decoder.
Warning: CCITTFaxStream: Falling back to JS CCITTFax decoder.
Warning: CCITTFaxStream: Falling back to JS CCITTFax decoder.
Warning: CCITTFaxStream: Falling back to JS CCITTFax decoder.
Warning: CCITTFaxStream: Falling back to JS CCITTFax decoder.
Warning: CCITTFaxStream: Falling back to JS CCITTFax decoder.
Warning: CCITTFaxStream: Falling back to JS CCITTFax decoder.
Warning: CCITTFaxStream: Falling back to JS CCITTFax decoder.
Warning: CCITTFaxStream: Falling back to JS CCITTFax decoder.
Warning: CCITTFaxStream: Falling back to JS CCITTFax decoder.
Warning: CCITTFaxStream: Falling back to JS CCITTFax decoder.
Warning: CCITTFaxStream: Falling back to JS CCITTFax decoder.
Warning: CCITTFaxStream: Falling back to JS CCITTFax decoder.
Warning: CCITTFaxStream: Falling back to JS CCITTFax decoder.
Warning: CCITTFaxStream: Falling back to JS CCITTFax decoder.
Warning: CCITTFaxStream: Falling back to JS CCITTFax decoder.
Warning: CCITTFaxStream: Falling back to JS CCITTFax decoder.
Warning: CCITTFaxStream: Falling back to JS CCITTFax decoder.
Warning: CCITTFaxStream: Falling back to JS CCITTFax decoder.
Warning: CCITTFaxStream: Falling back to JS CCITTFax decoder.
Warning: CCITTFaxStream: Falling back to JS CCITTFax decoder.
Warning: CCITTFaxStream: Falling back to JS CCITTFax decoder.
Warning: CCITTFaxStream: Falling back to JS CCITTFax decoder.
Warning: CCITTFaxStream: Falling back to JS CCITTFax decoder.
Warning: CCITTFaxStream: Falling back to JS CCITTFax decoder.
Warning: CCITTFaxStream: Falling back to JS CCITTFax decoder.
Warning: CCITTFaxStream: Falling back to JS CCITTFax decoder.
Warning: CCITTFaxStream: Falling back to JS CCITTFax decoder.
Warning: CCITTFaxStream: Falling back to JS CCITTFax decoder.
Warning: CCITTFaxStream: Falling back to JS CCITTFax decoder.
Warning: CCITTFaxStream: Falling back to JS CCITTFax decoder.
Warning: CCITTFaxStream: Falling back to JS CCITTFax decoder.
Warning: CCITTFaxStream: Falling back to JS CCITTFax decoder.
Warning: CCITTFaxStream: Falling back to JS CCITTFax decoder.
Warning: CCITTFaxStream: Falling back to JS CCITTFax decoder.
Warning: CCITTFaxStream: Falling back to JS CCITTFax decoder.
Warning: CCITTFaxStream: Falling back to JS CCITTFax decoder.
Warning: CCITTFaxStream: Falling back to JS CCITTFax decoder.
Warning: CCITTFaxStream: Falling back to JS CCITTFax decoder.
Warning: CCITTFaxStream: Falling back to JS CCITTFax decoder.
Warning: CCITTFaxStream: Falling back to JS CCITTFax decoder.
Warning: CCITTFaxStream: Falling back to JS CCITTFax decoder.
Warning: CCITTFaxStream: Falling back to JS CCITTFax decoder.
Warning: CCITTFaxStream: Falling back to JS CCITTFax decoder.
Warning: CCITTFaxStream: Falling back to JS CCITTFax decoder.
Warning: CCITTFaxStream: Falling back to JS CCITTFax decoder.
Warning: CCITTFaxStream: Falling back to JS CCITTFax decoder.
Warning: CCITTFaxStream: Falling back to JS CCITTFax decoder.
Warning: CCITTFaxStream: Falling back to JS CCITTFax decoder.
Warning: CCITTFaxStream: Falling back to JS CCITTFax decoder.
Warning: CCITTFaxStream: Falling back to JS CCITTFax decoder.
Warning: CCITTFaxStream: Falling back to JS CCITTFax decoder.
Warning: CCITTFaxStream: Falling back to JS CCITTFax decoder.
Warning: CCITTFaxStream: Falling back to JS CCITTFax decoder.
Warning: CCITTFaxStream: Falling back to JS CCITTFax decoder.
Warning: CCITTFaxStream: Falling back to JS CCITTFax decoder.
Warning: CCITTFaxStream: Falling back to JS CCITTFax decoder.
Warning: CCITTFaxStream: Falling back to JS CCITTFax decoder.
Warning: CCITTFaxStream: Falling back to JS CCITTFax decoder.
Warning: CCITTFaxStream: Falling back to JS CCITTFax decoder.
Warning: CCITTFaxStream: Falling back to JS CCITTFax decoder.
Warning: CCITTFaxStream: Falling back to JS CCITTFax decoder.
Warning: CCITTFaxStream: Falling back to JS CCITTFax decoder.
Warning: CCITTFaxStream: Falling back to JS CCITTFax decoder.
Warning: CCITTFaxStream: Falling back to JS CCITTFax decoder.
Warning: CCITTFaxStream: Falling back to JS CCITTFax decoder.
Warning: CCITTFaxStream: Falling back to JS CCITTFax decoder.
Warning: CCITTFaxStream: Falling back to JS CCITTFax decoder.
Warning: CCITTFaxStream: Falling back to JS CCITTFax decoder.
Warning: CCITTFaxStream: Falling back to JS CCITTFax decoder.
Warning: CCITTFaxStream: Falling back to JS CCITTFax decoder.
Warning: CCITTFaxStream: Falling back to JS CCITTFax decoder.
Warning: CCITTFaxStream: Falling back to JS CCITTFax decoder.
Warning: CCITTFaxStream: Falling back to JS CCITTFax decoder.
Warning: CCITTFaxStream: Falling back to JS CCITTFax decoder.
Warning: CCITTFaxStream: Falling back to JS CCITTFax decoder.
Warning: CCITTFaxStream: Falling back to JS CCITTFax decoder.
Warning: CCITTFaxStream: Falling back to JS CCITTFax decoder.
Warning: CCITTFaxStream: Falling back to JS CCITTFax decoder.
Warning: CCITTFaxStream: Falling back to JS CCITTFax decoder.
Warning: CCITTFaxStream: Falling back to JS CCITTFax decoder.
Warning: CCITTFaxStream: Falling back to JS CCITTFax decoder.
Warning: CCITTFaxStream: Falling back to JS CCITTFax decoder.
Warning: CCITTFaxStream: Falling back to JS CCITTFax decoder.
Warning: CCITTFaxStream: Falling back to JS CCITTFax decoder.
Warning: CCITTFaxStream: Falling back to JS CCITTFax decoder.
Warning: CCITTFaxStream: Falling back to JS CCITTFax decoder.
Warning: CCITTFaxStream: Falling back to JS CCITTFax decoder.
Warning: CCITTFaxStream: Falling back to JS CCITTFax decoder.
Warning: CCITTFaxStream: Falling back to JS CCITTFax decoder.
Warning: CCITTFaxStream: Falling back to JS CCITTFax decoder.
Warning: CCITTFaxStream: Falling back to JS CCITTFax decoder.
Warning: CCITTFaxStream: Falling back to JS CCITTFax decoder.
Warning: CCITTFaxStream: Falling back to JS CCITTFax decoder.
Warning: CCITTFaxStream: Falling back to JS CCITTFax decoder.
Warning: CCITTFaxStream: Falling back to JS CCITTFax decoder.
Warning: CCITTFaxStream: Falling back to JS CCITTFax decoder.
Warning: CCITTFaxStream: Falling back to JS CCITTFax decoder.
Warning: CCITTFaxStream: Falling back to JS CCITTFax decoder.
Warning: CCITTFaxStream: Falling back to JS CCITTFax decoder.
Warning: CCITTFaxStream: Falling back to JS CCITTFax decoder.
Warning: CCITTFaxStream: Falling back to JS CCITTFax decoder.
Warning: CCITTFaxStream: Falling back to JS CCITTFax decoder.
Warning: CCITTFaxStream: Falling back to JS CCITTFax decoder.
Warning: CCITTFaxStream: Falling back to JS CCITTFax decoder.
Warning: CCITTFaxStream: Falling back to JS CCITTFax decoder.
Warning: CCITTFaxStream: Falling back to JS CCITTFax decoder.
Warning: CCITTFaxStream: Falling back to JS CCITTFax decoder.
Warning: CCITTFaxStream: Falling back to JS CCITTFax decoder.
Warning: CCITTFaxStream: Falling back to JS CCITTFax decoder.
Warning: CCITTFaxStream: Falling back to JS CCITTFax decoder.
Warning: CCITTFaxStream: Falling back to JS CCITTFax decoder.
Warning: CCITTFaxStream: Falling back to JS CCITTFax decoder.
Warning: CCITTFaxStream: Falling back to JS CCITTFax decoder.
Warning: CCITTFaxStream: Falling back to JS CCITTFax decoder.
Warning: CCITTFaxStream: Falling back to JS CCITTFax decoder.
Warning: CCITTFaxStream: Falling back to JS CCITTFax decoder.
Warning: CCITTFaxStream: Falling back to JS CCITTFax decoder.
Warning: CCITTFaxStream: Falling back to JS CCITTFax decoder.
Warning: CCITTFaxStream: Falling back to JS CCITTFax decoder.
Warning: CCITTFaxStream: Falling back to JS CCITTFax decoder.
Warning: CCITTFaxStream: Falling back to JS CCITTFax decoder.
Warning: CCITTFaxStream: Falling back to JS CCITTFax decoder.
Warning: CCITTFaxStream: Falling back to JS CCITTFax decoder.
Warning: CCITTFaxStream: Falling back to JS CCITTFax decoder.
Warning: CCITTFaxStream: Falling back to JS CCITTFax decoder.
Warning: CCITTFaxStream: Falling back to JS CCITTFax decoder.
Warning: CCITTFaxStream: Falling back to JS CCITTFax decoder.
Warning: CCITTFaxStream: Falling back to JS CCITTFax decoder.
Warning: CCITTFaxStream: Falling back to JS CCITTFax decoder.
Warning: CCITTFaxStream: Falling back to JS CCITTFax decoder.
Warning: CCITTFaxStream: Falling back to JS CCITTFax decoder.
Warning: CCITTFaxStream: Falling back to JS CCITTFax decoder.
Warning: CCITTFaxStream: Falling back to JS CCITTFax decoder.
Warning: CCITTFaxStream: Falling back to JS CCITTFax decoder.
Warning: CCITTFaxStream: Falling back to JS CCITTFax decoder.
Warning: CCITTFaxStream: Falling back to JS CCITTFax decoder.
Warning: CCITTFaxStream: Falling back to JS CCITTFax decoder.
Warning: CCITTFaxStream: Falling back to JS CCITTFax decoder.
Warning: CCITTFaxStream: Falling back to JS CCITTFax decoder.
Warning: CCITTFaxStream: Falling back to JS CCITTFax decoder.
Warning: CCITTFaxStream: Falling back to JS CCITTFax decoder.
Warning: CCITTFaxStream: Falling back to JS CCITTFax decoder.
Warning: CCITTFaxStream: Falling back to JS CCITTFax decoder.
Warning: CCITTFaxStream: Falling back to JS CCITTFax decoder.
Warning: CCITTFaxStream: Falling back to JS CCITTFax decoder.
Warning: CCITTFaxStream: Falling back to JS CCITTFax decoder.
Warning: CCITTFaxStream: Falling back to JS CCITTFax decoder.
Warning: CCITTFaxStream: Falling back to JS CCITTFax decoder.
Warning: CCITTFaxStream: Falling back to JS CCITTFax decoder.
Warning: CCITTFaxStream: Falling back to JS CCITTFax decoder.
Warning: CCITTFaxStream: Falling back to JS CCITTFax decoder.
Warning: CCITTFaxStream: Falling back to JS CCITTFax decoder.
Warning: CCITTFaxStream: Falling back to JS CCITTFax decoder.
Warning: CCITTFaxStream: Falling back to JS CCITTFax decoder.
Warning: CCITTFaxStream: Falling back to JS CCITTFax decoder.
Warning: CCITTFaxStream: Falling back to JS CCITTFax decoder.
Warning: CCITTFaxStream: Falling back to JS CCITTFax decoder.
Warning: CCITTFaxStream: Falling back to JS CCITTFax decoder.
Warning: CCITTFaxStream: Falling back to JS CCITTFax decoder.
Warning: CCITTFaxStream: Falling back to JS CCITTFax decoder.
Warning: CCITTFaxStream: Falling back to JS CCITTFax decoder.
Warning: CCITTFaxStream: Falling back to JS CCITTFax decoder.
Warning: CCITTFaxStream: Falling back to JS CCITTFax decoder.
Warning: CCITTFaxStream: Falling back to JS CCITTFax decoder.
Warning: CCITTFaxStream: Falling back to JS CCITTFax decoder.
Warning: CCITTFaxStream: Falling back to JS CCITTFax decoder.
Warning: CCITTFaxStream: Falling back to JS CCITTFax decoder.
Warning: CCITTFaxStream: Falling back to JS CCITTFax decoder.
Warning: CCITTFaxStream: Falling back to JS CCITTFax decoder.
Warning: CCITTFaxStream: Falling back to JS CCITTFax decoder.
Warning: CCITTFaxStream: Falling back to JS CCITTFax decoder.
Warning: CCITTFaxStream: Falling back to JS CCITTFax decoder.
Warning: CCITTFaxStream: Falling back to JS CCITTFax decoder.
Warning: CCITTFaxStream: Falling back to JS CCITTFax decoder.
Warning: CCITTFaxStream: Falling back to JS CCITTFax decoder.
Warning: CCITTFaxStream: Falling back to JS CCITTFax decoder.
Warning: CCITTFaxStream: Falling back to JS CCITTFax decoder.
Warning: CCITTFaxStream: Falling back to JS CCITTFax decoder.
Warning: CCITTFaxStream: Falling back to JS CCITTFax decoder.
Warning: CCITTFaxStream: Falling back to JS CCITTFax decoder.
Warning: CCITTFaxStream: Falling back to JS CCITTFax decoder.
Warning: CCITTFaxStream: Falling back to JS CCITTFax decoder.
Warning: CCITTFaxStream: Falling back to JS CCITTFax decoder.
Warning: CCITTFaxStream: Falling back to JS CCITTFax decoder.
Warning: CCITTFaxStream: Falling back to JS CCITTFax decoder.
Warning: CCITTFaxStream: Falling back to JS CCITTFax decoder.
Warning: CCITTFaxStream: Falling back to JS CCITTFax decoder.
Warning: CCITTFaxStream: Falling back to JS CCITTFax decoder.
Warning: CCITTFaxStream: Falling back to JS CCITTFax decoder.
Warning: CCITTFaxStream: Falling back to JS CCITTFax decoder.
Warning: CCITTFaxStream: Falling back to JS CCITTFax decoder.
Warning: CCITTFaxStream: Falling back to JS CCITTFax decoder.
Warning: CCITTFaxStream: Falling back to JS CCITTFax decoder.
Warning: CCITTFaxStream: Falling back to JS CCITTFax decoder.
Warning: CCITTFaxStream: Falling back to JS CCITTFax decoder.
Warning: CCITTFaxStream: Falling back to JS CCITTFax decoder.
Warning: CCITTFaxStream: Falling back to JS CCITTFax decoder.
Warning: CCITTFaxStream: Falling back to JS CCITTFax decoder.
Warning: CCITTFaxStream: Falling back to JS CCITTFax decoder.
Warning: CCITTFaxStream: Falling back to JS CCITTFax decoder.
Warning: CCITTFaxStream: Falling back to JS CCITTFax decoder.
Warning: CCITTFaxStream: Falling back to JS CCITTFax decoder.
Warning: CCITTFaxStream: Falling back to JS CCITTFax decoder.
Warning: CCITTFaxStream: Falling back to JS CCITTFax decoder.
Warning: CCITTFaxStream: Falling back to JS CCITTFax decoder.
Warning: CCITTFaxStream: Falling back to JS CCITTFax decoder.
Warning: CCITTFaxStream: Falling back to JS CCITTFax decoder.
Warning: CCITTFaxStream: Falling back to JS CCITTFax decoder.
Warning: CCITTFaxStream: Falling back to JS CCITTFax decoder.
Warning: CCITTFaxStream: Falling back to JS CCITTFax decoder.
Warning: CCITTFaxStream: Falling back to JS CCITTFax decoder.
Warning: CCITTFaxStream: Falling back to JS CCITTFax decoder.
Warning: CCITTFaxStream: Falling back to JS CCITTFax decoder.
Warning: CCITTFaxStream: Falling back to JS CCITTFax decoder.
Warning: CCITTFaxStream: Falling back to JS CCITTFax decoder.
Warning: CCITTFaxStream: Falling back to JS CCITTFax decoder.
Warning: CCITTFaxStream: Falling back to JS CCITTFax decoder.
Warning: CCITTFaxStream: Falling back to JS CCITTFax decoder.
Warning: CCITTFaxStream: Falling back to JS CCITTFax decoder.
Warning: CCITTFaxStream: Falling back to JS CCITTFax decoder.
Warning: CCITTFaxStream: Falling back to JS CCITTFax decoder.
Warning: CCITTFaxStream: Falling back to JS CCITTFax decoder.
Warning: CCITTFaxStream: Falling back to JS CCITTFax decoder.
Warning: CCITTFaxStream: Falling back to JS CCITTFax decoder.
Warning: CCITTFaxStream: Falling back to JS CCITTFax decoder.
Warning: CCITTFaxStream: Falling back to JS CCITTFax decoder.
Warning: CCITTFaxStream: Falling back to JS CCITTFax decoder.
Warning: CCITTFaxStream: Falling back to JS CCITTFax decoder.
Warning: CCITTFaxStream: Falling back to JS CCITTFax decoder.
Warning: CCITTFaxStream: Falling back to JS CCITTFax decoder.
Warning: CCITTFaxStream: Falling back to JS CCITTFax decoder.
Warning: CCITTFaxStream: Falling back to JS CCITTFax decoder.
Warning: CCITTFaxStream: Falling back to JS CCITTFax decoder.
Warning: CCITTFaxStream: Falling back to JS CCITTFax decoder.
Warning: CCITTFaxStream: Falling back to JS CCITTFax decoder.
Warning: CCITTFaxStream: Falling back to JS CCITTFax decoder.
Warning: CCITTFaxStream: Falling back to JS CCITTFax decoder.
Warning: CCITTFaxStream: Falling back to JS CCITTFax decoder.
Warning: CCITTFaxStream: Falling back to JS CCITTFax decoder.
Warning: CCITTFaxStream: Falling back to JS CCITTFax decoder.
Warning: CCITTFaxStream: Falling back to JS CCITTFax decoder.
Warning: CCITTFaxStream: Falling back to JS CCITTFax decoder.
Warning: CCITTFaxStream: Falling back to JS CCITTFax decoder.
Warning: CCITTFaxStream: Falling back to JS CCITTFax decoder.
Warning: CCITTFaxStream: Falling back to JS CCITTFax decoder.
Warning: CCITTFaxStream: Falling back to JS CCITTFax decoder.
Warning: CCITTFaxStream: Falling back to JS CCITTFax decoder.
Warning: CCITTFaxStream: Falling back to JS CCITTFax decoder.
Warning: CCITTFaxStream: Falling back to JS CCITTFax decoder.
Warning: CCITTFaxStream: Falling back to JS CCITTFax decoder.
Warning: CCITTFaxStream: Falling back to JS CCITTFax decoder.
Warning: CCITTFaxStream: Falling back to JS CCITTFax decoder.
Warning: CCITTFaxStream: Falling back to JS CCITTFax decoder.
Warning: CCITTFaxStream: Falling back to JS CCITTFax decoder.
Warning: CCITTFaxStream: Falling back to JS CCITTFax decoder.
Warning: CCITTFaxStream: Falling back to JS CCITTFax decoder.
Warning: CCITTFaxStream: Falling back to JS CCITTFax decoder.
Warning: CCITTFaxStream: Falling back to JS CCITTFax decoder.
Warning: CCITTFaxStream: Falling back to JS CCITTFax decoder.
Warning: CCITTFaxStream: Falling back to JS CCITTFax decoder.
Warning: CCITTFaxStream: Falling back to JS CCITTFax decoder.
Warning: CCITTFaxStream: Falling back to JS CCITTFax decoder.
Warning: CCITTFaxStream: Falling back to JS CCITTFax decoder.
Warning: CCITTFaxStream: Falling back to JS CCITTFax decoder.
Warning: CCITTFaxStream: Falling back to JS CCITTFax decoder.
Warning: CCITTFaxStream: Falling back to JS CCITTFax decoder.
Warning: CCITTFaxStream: Falling back to JS CCITTFax decoder.
Warning: CCITTFaxStream: Falling back to JS CCITTFax decoder.
Warning: CCITTFaxStream: Falling back to JS CCITTFax decoder.
Warning: CCITTFaxStream: Falling back to JS CCITTFax decoder.
Warning: CCITTFaxStream: Falling back to JS CCITTFax decoder.
Warning: CCITTFaxStream: Falling back to JS CCITTFax decoder.
Warning: CCITTFaxStream: Falling back to JS CCITTFax decoder.
Warning: CCITTFaxStream: Falling back to JS CCITTFax decoder.
Warning: CCITTFaxStream: Falling back to JS CCITTFax decoder.
Warning: CCITTFaxStream: Falling back to JS CCITTFax decoder.
Warning: CCITTFaxStream: Falling back to JS CCITTFax decoder.
Warning: CCITTFaxStream: Falling back to JS CCITTFax decoder.
Warning: CCITTFaxStream: Falling back to JS CCITTFax decoder.
Warning: CCITTFaxStream: Falling back to JS CCITTFax decoder.
Warning: CCITTFaxStream: Falling back to JS CCITTFax decoder.
Warning: CCITTFaxStream: Falling back to JS CCITTFax decoder.
Warning: CCITTFaxStream: Falling back to JS CCITTFax decoder.
Warning: CCITTFaxStream: Falling back to JS CCITTFax decoder.
Warning: CCITTFaxStream: Falling back to JS CCITTFax decoder.
Warning: CCITTFaxStream: Falling back to JS CCITTFax decoder.
Warning: CCITTFaxStream: Falling back to JS CCITTFax decoder.
Warning: CCITTFaxStream: Falling back to JS CCITTFax decoder.
Warning: CCITTFaxStream: Falling back to JS CCITTFax decoder.
Warning: CCITTFaxStream: Falling back to JS CCITTFax decoder.
Warning: CCITTFaxStream: Falling back to JS CCITTFax decoder.
Warning: CCITTFaxStream: Falling back to JS CCITTFax decoder.
Warning: CCITTFaxStream: Falling back to JS CCITTFax decoder.
Warning: CCITTFaxStream: Falling back to JS CCITTFax decoder.
Warning: CCITTFaxStream: Falling back to JS CCITTFax decoder.
Warning: CCITTFaxStream: Falling back to JS CCITTFax decoder.
Warning: CCITTFaxStream: Falling back to JS CCITTFax decoder.
Warning: CCITTFaxStream: Falling back to JS CCITTFax decoder.
Warning: CCITTFaxStream: Falling back to JS CCITTFax decoder.
Warning: CCITTFaxStream: Falling back to JS CCITTFax decoder.
Warning: CCITTFaxStream: Falling back to JS CCITTFax decoder.
Warning: CCITTFaxStream: Falling back to JS CCITTFax decoder.
Warning: CCITTFaxStream: Falling back to JS CCITTFax decoder.
Warning: CCITTFaxStream: Falling back to JS CCITTFax decoder.
Warning: CCITTFaxStream: Falling back to JS CCITTFax decoder.
Warning: CCITTFaxStream: Falling back to JS CCITTFax decoder.
Warning: CCITTFaxStream: Falling back to JS CCITTFax decoder.
Warning: CCITTFaxStream: Falling back to JS CCITTFax decoder.
Warning: CCITTFaxStream: Falling back to JS CCITTFax decoder.
Warning: CCITTFaxStream: Falling back to JS CCITTFax decoder.
Warning: CCITTFaxStream: Falling back to JS CCITTFax decoder.
Warning: CCITTFaxStream: Falling back to JS CCITTFax decoder.
Warning: CCITTFaxStream: Falling back to JS CCITTFax decoder.
Warning: CCITTFaxStream: Falling back to JS CCITTFax decoder.
Warning: CCITTFaxStream: Falling back to JS CCITTFax decoder.
Warning: CCITTFaxStream: Falling back to JS CCITTFax decoder.
Warning: CCITTFaxStream: Falling back to JS CCITTFax decoder.
Warning: CCITTFaxStream: Falling back to JS CCITTFax decoder.
Warning: CCITTFaxStream: Falling back to JS CCITTFax decoder.
Warning: CCITTFaxStream: Falling back to JS CCITTFax decoder.
Warning: CCITTFaxStream: Falling back to JS CCITTFax decoder.
Warning: CCITTFaxStream: Falling back to JS CCITTFax decoder.
Warning: CCITTFaxStream: Falling back to JS CCITTFax decoder.
Warning: CCITTFaxStream: Falling back to JS CCITTFax decoder.
Warning: CCITTFaxStream: Falling back to JS CCITTFax decoder.
Warning: CCITTFaxStream: Falling back to JS CCITTFax decoder.
Warning: CCITTFaxStream: Falling back to JS CCITTFax decoder.
Warning: CCITTFaxStream: Falling back to JS CCITTFax decoder.
Warning: CCITTFaxStream: Falling back to JS CCITTFax decoder.
Warning: CCITTFaxStream: Falling back to JS CCITTFax decoder.
Warning: CCITTFaxStream: Falling back to JS CCITTFax decoder.
Warning: CCITTFaxStream: Falling back to JS CCITTFax decoder.
Warning: CCITTFaxStream: Falling back to JS CCITTFax decoder.
Warning: CCITTFaxStream: Falling back to JS CCITTFax decoder.
Warning: CCITTFaxStream: Falling back to JS CCITTFax decoder.
Warning: CCITTFaxStream: Falling back to JS CCITTFax decoder.
Warning: CCITTFaxStream: Falling back to JS CCITTFax decoder.
Warning: CCITTFaxStream: Falling back to JS CCITTFax decoder.
Warning: CCITTFaxStream: Falling back to JS CCITTFax decoder.
Warning: CCITTFaxStream: Falling back to JS CCITTFax decoder.
Warning: CCITTFaxStream: Falling back to JS CCITTFax decoder.
Warning: CCITTFaxStream: Falling back to JS CCITTFax decoder.
Warning: CCITTFaxStream: Falling back to JS CCITTFax decoder.
Warning: CCITTFaxStream: Falling back to JS CCITTFax decoder.
Warning: CCITTFaxStream: Falling back to JS CCITTFax decoder.
Warning: CCITTFaxStream: Falling back to JS CCITTFax decoder.
Warning: CCITTFaxStream: Falling back to JS CCITTFax decoder.
Warning: CCITTFaxStream: Falling back to JS CCITTFax decoder.
Warning: CCITTFaxStream: Falling back to JS CCITTFax decoder.
Warning: CCITTFaxStream: Falling back to JS CCITTFax decoder.
Warning: CCITTFaxStream: Falling back to JS CCITTFax decoder.
Warning: CCITTFaxStream: Falling back to JS CCITTFax decoder.
Warning: CCITTFaxStream: Falling back to JS CCITTFax decoder.
Warning: CCITTFaxStream: Falling back to JS CCITTFax decoder.
Warning: CCITTFaxStream: Falling back to JS CCITTFax decoder.
Warning: CCITTFaxStream: Falling back to JS CCITTFax decoder.
Warning: CCITTFaxStream: Falling back to JS CCITTFax decoder.
Warning: CCITTFaxStream: Falling back to JS CCITTFax decoder.
Warning: CCITTFaxStream: Falling back to JS CCITTFax decoder.
Warning: CCITTFaxStream: Falling back to JS CCITTFax decoder.
Warning: CCITTFaxStream: Falling back to JS CCITTFax decoder.
Warning: CCITTFaxStream: Falling back to JS CCITTFax decoder.
Warning: CCITTFaxStream: Falling back to JS CCITTFax decoder.
Warning: CCITTFaxStream: Falling back to JS CCITTFax decoder.
Warning: CCITTFaxStream: Falling back to JS CCITTFax decoder.
Warning: CCITTFaxStream: Falling back to JS CCITTFax decoder.
Warning: CCITTFaxStream: Falling back to JS CCITTFax decoder.
Warning: CCITTFaxStream: Falling back to JS CCITTFax decoder.
Warning: CCITTFaxStream: Falling back to JS CCITTFax decoder.
Warning: CCITTFaxStream: Falling back to JS CCITTFax decoder.
Warning: CCITTFaxStream: Falling back to JS CCITTFax decoder.
Warning: CCITTFaxStream: Falling back to JS CCITTFax decoder.
Warning: CCITTFaxStream: Falling back to JS CCITTFax decoder.
Warning: CCITTFaxStream: Falling back to JS CCITTFax decoder.
Warning: CCITTFaxStream: Falling back to JS CCITTFax decoder.
Warning: CCITTFaxStream: Falling back to JS CCITTFax decoder.
Warning: CCITTFaxStream: Falling back to JS CCITTFax decoder.
Warning: CCITTFaxStream: Falling back to JS CCITTFax decoder.
Warning: CCITTFaxStream: Falling back to JS CCITTFax decoder.
Warning: CCITTFaxStream: Falling back to JS CCITTFax decoder.
Warning: CCITTFaxStream: Falling back to JS CCITTFax decoder.
Warning: CCITTFaxStream: Falling back to JS CCITTFax decoder.
Warning: CCITTFaxStream: Falling back to JS CCITTFax decoder.
Warning: CCITTFaxStream: Falling back to JS CCITTFax decoder.
Warning: CCITTFaxStream: Falling back to JS CCITTFax decoder.
Warning: CCITTFaxStream: Falling back to JS CCITTFax decoder.
Warning: CCITTFaxStream: Falling back to JS CCITTFax decoder.
Warning: CCITTFaxStream: Falling back to JS CCITTFax decoder.
Warning: CCITTFaxStream: Falling back to JS CCITTFax decoder.
Warning: CCITTFaxStream: Falling back to JS CCITTFax decoder.
Warning: CCITTFaxStream: Falling back to JS CCITTFax decoder.
Warning: CCITTFaxStream: Falling back to JS CCITTFax decoder.
Warning: CCITTFaxStream: Falling back to JS CCITTFax decoder.
Warning: CCITTFaxStream: Falling back to JS CCITTFax decoder.
Warning: CCITTFaxStream: Falling back to JS CCITTFax decoder.
Warning: CCITTFaxStream: Falling back to JS CCITTFax decoder.
Warning: CCITTFaxStream: Falling back to JS CCITTFax decoder.
Warning: CCITTFaxStream: Falling back to JS CCITTFax decoder.
Warning: CCITTFaxStream: Falling back to JS CCITTFax decoder.
Warning: CCITTFaxStream: Falling back to JS CCITTFax decoder.
Warning: CCITTFaxStream: Falling back to JS CCITTFax decoder.
Warning: CCITTFaxStream: Falling back to JS CCITTFax decoder.
Warning: CCITTFaxStream: Falling back to JS CCITTFax decoder.
Warning: CCITTFaxStream: Falling back to JS CCITTFax decoder.
Warning: CCITTFaxStream: Falling back to JS CCITTFax decoder.
Warning: CCITTFaxStream: Falling back to JS CCITTFax decoder.
Warning: CCITTFaxStream: Falling back to JS CCITTFax decoder.
Warning: CCITTFaxStream: Falling back to JS CCITTFax decoder.
Warning: CCITTFaxStream: Falling back to JS CCITTFax decoder.
Warning: CCITTFaxStream: Falling back to JS CCITTFax decoder.
Warning: CCITTFaxStream: Falling back to JS CCITTFax decoder.
Warning: CCITTFaxStream: Falling back to JS CCITTFax decoder.
Warning: CCITTFaxStream: Falling back to JS CCITTFax decoder.
Warning: CCITTFaxStream: Falling back to JS CCITTFax decoder.
Warning: CCITTFaxStream: Falling back to JS CCITTFax decoder.
Warning: CCITTFaxStream: Falling back to JS CCITTFax decoder.
Warning: CCITTFaxStream: Falling back to JS CCITTFax decoder.
Warning: CCITTFaxStream: Falling back to JS CCITTFax decoder.
Warning: CCITTFaxStream: Falling back to JS CCITTFax decoder.
Warning: CCITTFaxStream: Falling back to JS CCITTFax decoder.
Warning: CCITTFaxStream: Falling back to JS CCITTFax decoder.
Warning: CCITTFaxStream: Falling back to JS CCITTFax decoder.
Warning: CCITTFaxStream: Falling back to JS CCITTFax decoder.
Warning: CCITTFaxStream: Falling back to JS CCITTFax decoder.
Warning: CCITTFaxStream: Falling back to JS CCITTFax decoder.
Warning: CCITTFaxStream: Falling back to JS CCITTFax decoder.
Warning: CCITTFaxStream: Falling back to JS CCITTFax decoder.
Warning: CCITTFaxStream: Falling back to JS CCITTFax decoder.
Warning: CCITTFaxStream: Falling back to JS CCITTFax decoder.
Warning: CCITTFaxStream: Falling back to JS CCITTFax decoder.
Warning: CCITTFaxStream: Falling back to JS CCITTFax decoder.
Warning: CCITTFaxStream: Falling back to JS CCITTFax decoder.
Warning: CCITTFaxStream: Falling back to JS CCITTFax decoder.
Warning: CCITTFaxStream: Falling back to JS CCITTFax decoder.
Warning: CCITTFaxStream: Falling back to JS CCITTFax decoder.
Warning: CCITTFaxStream: Falling back to JS CCITTFax decoder.
Warning: CCITTFaxStream: Falling back to JS CCITTFax decoder.
Warning: CCITTFaxStream: Falling back to JS CCITTFax decoder.
Warning: CCITTFaxStream: Falling back to JS CCITTFax decoder.
Warning: CCITTFaxStream: Falling back to JS CCITTFax decoder.
Warning: CCITTFaxStream: Falling back to JS CCITTFax decoder.
Warning: CCITTFaxStream: Falling back to JS CCITTFax decoder.
Warning: CCITTFaxStream: Falling back to JS CCITTFax decoder.
Warning: CCITTFaxStream: Falling back to JS CCITTFax decoder.
Warning: CCITTFaxStream: Falling back to JS CCITTFax decoder.
Warning: CCITTFaxStream: Falling back to JS CCITTFax decoder.
Warning: CCITTFaxStream: Falling back to JS CCITTFax decoder.
Warning: CCITTFaxStream: Falling back to JS CCITTFax decoder.
Warning: CCITTFaxStream: Falling back to JS CCITTFax decoder.
Warning: CCITTFaxStream: Falling back to JS CCITTFax decoder.
Warning: CCITTFaxStream: Falling back to JS CCITTFax decoder.
Warning: CCITTFaxStream: Falling back to JS CCITTFax decoder.
Warning: CCITTFaxStream: Falling back to JS CCITTFax decoder.
Warning: CCITTFaxStream: Falling back to JS CCITTFax decoder.
Warning: CCITTFaxStream: Falling back to JS CCITTFax decoder.
Warning: CCITTFaxStream: Falling back to JS CCITTFax decoder.
Warning: CCITTFaxStream: Falling back to JS CCITTFax decoder.
Warning: CCITTFaxStream: Falling back to JS CCITTFax decoder.
Warning: CCITTFaxStream: Falling back to JS CCITTFax decoder.
Warning: CCITTFaxStream: Falling back to JS CCITTFax decoder.
Warning: CCITTFaxStream: Falling back to JS CCITTFax decoder.
Warning: CCITTFaxStream: Falling back to JS CCITTFax decoder.
Warning: CCITTFaxStream: Falling back to JS CCITTFax decoder.
Warning: CCITTFaxStream: Falling back to JS CCITTFax decoder.
Warning: CCITTFaxStream: Falling back to JS CCITTFax decoder.
Warning: CCITTFaxStream: Falling back to JS CCITTFax decoder.
Warning: CCITTFaxStream: Falling back to JS CCITTFax decoder.
Warning: CCITTFaxStream: Falling back to JS CCITTFax decoder.
Warning: CCITTFaxStream: Falling back to JS CCITTFax decoder.
Warning: CCITTFaxStream: Falling back to JS CCITTFax decoder.
Warning: CCITTFaxStream: Falling back to JS CCITTFax decoder.
Warning: CCITTFaxStream: Falling back to JS CCITTFax decoder.
Warning: CCITTFaxStream: Falling back to JS CCITTFax decoder.
Warning: CCITTFaxStream: Falling back to JS CCITTFax decoder.
Warning: CCITTFaxStream: Falling back to JS CCITTFax decoder.
Warning: CCITTFaxStream: Falling back to JS CCITTFax decoder.
Warning: CCITTFaxStream: Falling back to JS CCITTFax decoder.
Warning: CCITTFaxStream: Falling back to JS CCITTFax decoder.
Warning: CCITTFaxStream: Falling back to JS CCITTFax decoder.
Warning: CCITTFaxStream: Falling back to JS CCITTFax decoder.
Warning: CCITTFaxStream: Falling back to JS CCITTFax decoder.
Warning: CCITTFaxStream: Falling back to JS CCITTFax decoder.
Warning: CCITTFaxStream: Falling back to JS CCITTFax decoder.
Warning: CCITTFaxStream: Falling back to JS CCITTFax decoder.
Warning: CCITTFaxStream: Falling back to JS CCITTFax decoder.
Warning: CCITTFaxStream: Falling back to JS CCITTFax decoder.
Warning: CCITTFaxStream: Falling back to JS CCITTFax decoder.
Warning: CCITTFaxStream: Falling back to JS CCITTFax decoder.
Warning: CCITTFaxStream: Falling back to JS CCITTFax decoder.
Warning: CCITTFaxStream: Falling back to JS CCITTFax decoder.
Warning: CCITTFaxStream: Falling back to JS CCITTFax decoder.
Warning: CCITTFaxStream: Falling back to JS CCITTFax decoder.
Warning: CCITTFaxStream: Falling back to JS CCITTFax decoder.
Warning: CCITTFaxStream: Falling back to JS CCITTFax decoder.
Warning: CCITTFaxStream: Falling back to JS CCITTFax decoder.
Warning: CCITTFaxStream: Falling back to JS CCITTFax decoder.
Warning: CCITTFaxStream: Falling back to JS CCITTFax decoder.
Warning: CCITTFaxStream: Falling back to JS CCITTFax decoder.
Warning: CCITTFaxStream: Falling back to JS CCITTFax decoder.
Warning: CCITTFaxStream: Falling back to JS CCITTFax decoder.
Warning: CCITTFaxStream: Falling back to JS CCITTFax decoder.
Warning: CCITTFaxStream: Falling back to JS CCITTFax decoder.
Warning: CCITTFaxStream: Falling back to JS CCITTFax decoder.
Warning: CCITTFaxStream: Falling back to JS CCITTFax decoder.
Warning: CCITTFaxStream: Falling back to JS CCITTFax decoder.
Warning: TT: undefined function: 21
Warning: TT: undefined function: 21
Warning: TT: undefined function: 21
Warning: TT: undefined function: 32
Warning: TT: undefined function: 32
  3600/27875 · 3498 com texto · 102 vazios · 0 errosWarning: TT: undefined function: 32
Warning: TT: undefined function: 32
Warning: TT: undefined function: 32
Warning: TT: undefined function: 21
Warning: TT: undefined function: 32
Warning: TT: undefined function: 32
Warning: TT: undefined function: 32
Warning: TT: undefined function: 32
Warning: TT: undefined function: 32
Warning: TT: undefined function: 32
Warning: TT: undefined function: 21
Warning: TT: undefined function: 32
Warning: TT: undefined function: 21
Warning: CCITTFaxStream: Falling back to JS CCITTFax decoder.
Warning: CCITTFaxStream: Falling back to JS CCITTFax decoder.
Warning: CCITTFaxStream: Falling back to JS CCITTFax decoder.
Warning: CCITTFaxStream: Falling back to JS CCITTFax decoder.
Warning: CCITTFaxStream: Falling back to JS CCITTFax decoder.
Warning: CCITTFaxStream: Falling back to JS CCITTFax decoder.
Warning: CCITTFaxStream: Falling back to JS CCITTFax decoder.
Warning: CCITTFaxStream: Falling back to JS CCITTFax decoder.
Warning: CCITTFaxStream: Falling back to JS CCITTFax decoder.
Warning: CCITTFaxStream: Falling back to JS CCITTFax decoder.
Warning: CCITTFaxStream: Falling back to JS CCITTFax decoder.
Warning: CCITTFaxStream: Falling back to JS CCITTFax decoder.
Warning: CCITTFaxStream: Falling back to JS CCITTFax decoder.
Warning: CCITTFaxStream: Falling back to JS CCITTFax decoder.
Warning: CCITTFaxStream: Falling back to JS CCITTFax decoder.
Warning: CCITTFaxStream: Falling back to JS CCITTFax decoder.
Warning: CCITTFaxStream: Falling back to JS CCITTFax decoder.
Warning: CCITTFaxStream: Falling back to JS CCITTFax decoder.
Warning: CCITTFaxStream: Falling back to JS CCITTFax decoder.
Warning: CCITTFaxStream: Falling back to JS CCITTFax decoder.
Warning: CCITTFaxStream: Falling back to JS CCITTFax decoder.
Warning: CCITTFaxStream: Falling back to JS CCITTFax decoder.
Warning: CCITTFaxStream: Falling back to JS CCITTFax decoder.
Warning: CCITTFaxStream: Falling back to JS CCITTFax decoder.
Warning: CCITTFaxStream: Falling back to JS CCITTFax decoder.
Warning: CCITTFaxStream: Falling back to JS CCITTFax decoder.
Warning: CCITTFaxStream: Falling back to JS CCITTFax decoder.
Warning: CCITTFaxStream: Falling back to JS CCITTFax decoder.
Warning: CCITTFaxStream: Falling back to JS CCITTFax decoder.
Warning: CCITTFaxStream: Falling back to JS CCITTFax decoder.
Warning: CCITTFaxStream: Falling back to JS CCITTFax decoder.
Warning: CCITTFaxStream: Falling back to JS CCITTFax decoder.
Warning: CCITTFaxStream: Falling back to JS CCITTFax decoder.
Warning: CCITTFaxStream: Falling back to JS CCITTFax decoder.
Warning: CCITTFaxStream: Falling back to JS CCITTFax decoder.
Warning: CCITTFaxStream: Falling back to JS CCITTFax decoder.
Warning: CCITTFaxStream: Falling back to JS CCITTFax decoder.
Warning: CCITTFaxStream: Falling back to JS CCITTFax decoder.
Warning: CCITTFaxStream: Falling back to JS CCITTFax decoder.
Warning: CCITTFaxStream: Falling back to JS CCITTFax decoder.
Warning: CCITTFaxStream: Falling back to JS CCITTFax decoder.
Warning: CCITTFaxStream: Falling back to JS CCITTFax decoder.
Warning: CCITTFaxStream: Falling back to JS CCITTFax decoder.
Warning: CCITTFaxStream: Falling back to JS CCITTFax decoder.
Warning: CCITTFaxStream: Falling back to JS CCITTFax decoder.
Warning: CCITTFaxStream: Falling back to JS CCITTFax decoder.
Warning: CCITTFaxStream: Falling back to JS CCITTFax decoder.
Warning: CCITTFaxStream: Falling back to JS CCITTFax decoder.
Warning: CCITTFaxStream: Falling back to JS CCITTFax decoder.
Warning: CCITTFaxStream: Falling back to JS CCITTFax decoder.
Warning: CCITTFaxStream: Falling back to JS CCITTFax decoder.
Warning: CCITTFaxStream: Falling back to JS CCITTFax decoder.
Warning: CCITTFaxStream: Falling back to JS CCITTFax decoder.
Warning: CCITTFaxStream: Falling back to JS CCITTFax decoder.
Warning: CCITTFaxStream: Falling back to JS CCITTFax decoder.
Warning: CCITTFaxStream: Falling back to JS CCITTFax decoder.
Warning: CCITTFaxStream: Falling back to JS CCITTFax decoder.
Warning: CCITTFaxStream: Falling back to JS CCITTFax decoder.
Warning: CCITTFaxStream: Falling back to JS CCITTFax decoder.
Warning: CCITTFaxStream: Falling back to JS CCITTFax decoder.
Warning: CCITTFaxStream: Falling back to JS CCITTFax decoder.
Warning: CCITTFaxStream: Falling back to JS CCITTFax decoder.
Warning: CCITTFaxStream: Falling back to JS CCITTFax decoder.
Warning: CCITTFaxStream: Falling back to JS CCITTFax decoder.
Warning: CCITTFaxStream: Falling back to JS CCITTFax decoder.
Warning: CCITTFaxStream: Falling back to JS CCITTFax decoder.
Warning: CCITTFaxStream: Falling back to JS CCITTFax decoder.
Warning: CCITTFaxStream: Falling back to JS CCITTFax decoder.
Warning: CCITTFaxStream: Falling back to JS CCITTFax decoder.
Warning: CCITTFaxStream: Falling back to JS CCITTFax decoder.
Warning: CCITTFaxStream: Falling back to JS CCITTFax decoder.
Warning: CCITTFaxStream: Falling back to JS CCITTFax decoder.
Warning: CCITTFaxStream: Falling back to JS CCITTFax decoder.
Warning: CCITTFaxStream: Falling back to JS CCITTFax decoder.
Warning: CCITTFaxStream: Falling back to JS CCITTFax decoder.
Warning: CCITTFaxStream: Falling back to JS CCITTFax decoder.
Warning: CCITTFaxStream: Falling back to JS CCITTFax decoder.
Warning: CCITTFaxStream: Falling back to JS CCITTFax decoder.
Warning: CCITTFaxStream: Falling back to JS CCITTFax decoder.
Warning: CCITTFaxStream: Falling back to JS CCITTFax decoder.
Warning: CCITTFaxStream: Falling back to JS CCITTFax decoder.
Warning: CCITTFaxStream: Falling back to JS CCITTFax decoder.
Warning: CCITTFaxStream: Falling back to JS CCITTFax decoder.
Warning: CCITTFaxStream: Falling back to JS CCITTFax decoder.
Warning: CCITTFaxStream: Falling back to JS CCITTFax decoder.
Warning: CCITTFaxStream: Falling back to JS CCITTFax decoder.
Warning: CCITTFaxStream: Falling back to JS CCITTFax decoder.
Warning: CCITTFaxStream: Falling back to JS CCITTFax decoder.
Warning: CCITTFaxStream: Falling back to JS CCITTFax decoder.
Warning: CCITTFaxStream: Falling back to JS CCITTFax decoder.
Warning: CCITTFaxStream: Falling back to JS CCITTFax decoder.
Warning: CCITTFaxStream: Falling back to JS CCITTFax decoder.
Warning: CCITTFaxStream: Falling back to JS CCITTFax decoder.
Warning: CCITTFaxStream: Falling back to JS CCITTFax decoder.
Warning: CCITTFaxStream: Falling back to JS CCITTFax decoder.
Warning: CCITTFaxStream: Falling back to JS CCITTFax decoder.
Warning: CCITTFaxStream: Falling back to JS CCITTFax decoder.
Warning: CCITTFaxStream: Falling back to JS CCITTFax decoder.
Warning: CCITTFaxStream: Falling back to JS CCITTFax decoder.
Warning: CCITTFaxStream: Falling back to JS CCITTFax decoder.
Warning: CCITTFaxStream: Falling back to JS CCITTFax decoder.
Warning: CCITTFaxStream: Falling back to JS CCITTFax decoder.
Warning: CCITTFaxStream: Falling back to JS CCITTFax decoder.
Warning: CCITTFaxStream: Falling back to JS CCITTFax decoder.
Warning: CCITTFaxStream: Falling back to JS CCITTFax decoder.
Warning: CCITTFaxStream: Falling back to JS CCITTFax decoder.
Warning: CCITTFaxStream: Falling back to JS CCITTFax decoder.
Warning: CCITTFaxStream: Falling back to JS CCITTFax decoder.
Warning: CCITTFaxStream: Falling back to JS CCITTFax decoder.
Warning: CCITTFaxStream: Falling back to JS CCITTFax decoder.
Warning: CCITTFaxStream: Falling back to JS CCITTFax decoder.
Warning: CCITTFaxStream: Falling back to JS CCITTFax decoder.
Warning: CCITTFaxStream: Falling back to JS CCITTFax decoder.
Warning: CCITTFaxStream: Falling back to JS CCITTFax decoder.
Warning: CCITTFaxStream: Falling back to JS CCITTFax decoder.
Warning: CCITTFaxStream: Falling back to JS CCITTFax decoder.
Warning: CCITTFaxStream: Falling back to JS CCITTFax decoder.
Warning: CCITTFaxStream: Falling back to JS CCITTFax decoder.
Warning: CCITTFaxStream: Falling back to JS CCITTFax decoder.
Warning: CCITTFaxStream: Falling back to JS CCITTFax decoder.
Warning: CCITTFaxStream: Falling back to JS CCITTFax decoder.
Warning: CCITTFaxStream: Falling back to JS CCITTFax decoder.
Warning: CCITTFaxStream: Falling back to JS CCITTFax decoder.
Warning: CCITTFaxStream: Falling back to JS CCITTFax decoder.
Warning: CCITTFaxStream: Falling back to JS CCITTFax decoder.
Warning: CCITTFaxStream: Falling back to JS CCITTFax decoder.
Warning: CCITTFaxStream: Falling back to JS CCITTFax decoder.
Warning: CCITTFaxStream: Falling back to JS CCITTFax decoder.
Warning: CCITTFaxStream: Falling back to JS CCITTFax decoder.
Warning: CCITTFaxStream: Falling back to JS CCITTFax decoder.
Warning: CCITTFaxStream: Falling back to JS CCITTFax decoder.
Warning: CCITTFaxStream: Falling back to JS CCITTFax decoder.
Warning: CCITTFaxStream: Falling back to JS CCITTFax decoder.
Warning: CCITTFaxStream: Falling back to JS CCITTFax decoder.
Warning: CCITTFaxStream: Falling back to JS CCITTFax decoder.
Warning: CCITTFaxStream: Falling back to JS CCITTFax decoder.
Warning: CCITTFaxStream: Falling back to JS CCITTFax decoder.
Warning: CCITTFaxStream: Falling back to JS CCITTFax decoder.
Warning: CCITTFaxStream: Falling back to JS CCITTFax decoder.
Warning: CCITTFaxStream: Falling back to JS CCITTFax decoder.
Warning: CCITTFaxStream: Falling back to JS CCITTFax decoder.
Warning: CCITTFaxStream: Falling back to JS CCITTFax decoder.
Warning: CCITTFaxStream: Falling back to JS CCITTFax decoder.
Warning: CCITTFaxStream: Falling back to JS CCITTFax decoder.
Warning: CCITTFaxStream: Falling back to JS CCITTFax decoder.
Warning: CCITTFaxStream: Falling back to JS CCITTFax decoder.
Warning: CCITTFaxStream: Falling back to JS CCITTFax decoder.
Warning: CCITTFaxStream: Falling back to JS CCITTFax decoder.
Warning: CCITTFaxStream: Falling back to JS CCITTFax decoder.
Warning: CCITTFaxStream: Falling back to JS CCITTFax decoder.
Warning: CCITTFaxStream: Falling back to JS CCITTFax decoder.
Warning: CCITTFaxStream: Falling back to JS CCITTFax decoder.
Warning: CCITTFaxStream: Falling back to JS CCITTFax decoder.
Warning: CCITTFaxStream: Falling back to JS CCITTFax decoder.
Warning: CCITTFaxStream: Falling back to JS CCITTFax decoder.
Warning: CCITTFaxStream: Falling back to JS CCITTFax decoder.
Warning: CCITTFaxStream: Falling back to JS CCITTFax decoder.
Warning: CCITTFaxStream: Falling back to JS CCITTFax decoder.
Warning: CCITTFaxStream: Falling back to JS CCITTFax decoder.
Warning: CCITTFaxStream: Falling back to JS CCITTFax decoder.
Warning: CCITTFaxStream: Falling back to JS CCITTFax decoder.
Warning: CCITTFaxStream: Falling back to JS CCITTFax decoder.
Warning: CCITTFaxStream: Falling back to JS CCITTFax decoder.
Warning: CCITTFaxStream: Falling back to JS CCITTFax decoder.
Warning: CCITTFaxStream: Falling back to JS CCITTFax decoder.
Warning: CCITTFaxStream: Falling back to JS CCITTFax decoder.
Warning: CCITTFaxStream: Falling back to JS CCITTFax decoder.
Warning: CCITTFaxStream: Falling back to JS CCITTFax decoder.
Warning: CCITTFaxStream: Falling back to JS CCITTFax decoder.
Warning: CCITTFaxStream: Falling back to JS CCITTFax decoder.
Warning: CCITTFaxStream: Falling back to JS CCITTFax decoder.
Warning: CCITTFaxStream: Falling back to JS CCITTFax decoder.
Warning: CCITTFaxStream: Falling back to JS CCITTFax decoder.
Warning: CCITTFaxStream: Falling back to JS CCITTFax decoder.
Warning: CCITTFaxStream: Falling back to JS CCITTFax decoder.
Warning: CCITTFaxStream: Falling back to JS CCITTFax decoder.
Warning: CCITTFaxStream: Falling back to JS CCITTFax decoder.
Warning: CCITTFaxStream: Falling back to JS CCITTFax decoder.
Warning: CCITTFaxStream: Falling back to JS CCITTFax decoder.
Warning: CCITTFaxStream: Falling back to JS CCITTFax decoder.
Warning: CCITTFaxStream: Falling back to JS CCITTFax decoder.
Warning: CCITTFaxStream: Falling back to JS CCITTFax decoder.
Warning: CCITTFaxStream: Falling back to JS CCITTFax decoder.
Warning: CCITTFaxStream: Falling back to JS CCITTFax decoder.
Warning: CCITTFaxStream: Falling back to JS CCITTFax decoder.
Warning: CCITTFaxStream: Falling back to JS CCITTFax decoder.
Warning: CCITTFaxStream: Falling back to JS CCITTFax decoder.
Warning: CCITTFaxStream: Falling back to JS CCITTFax decoder.
Warning: CCITTFaxStream: Falling back to JS CCITTFax decoder.
Warning: CCITTFaxStream: Falling back to JS CCITTFax decoder.
Warning: CCITTFaxStream: Falling back to JS CCITTFax decoder.
Warning: CCITTFaxStream: Falling back to JS CCITTFax decoder.
Warning: CCITTFaxStream: Falling back to JS CCITTFax decoder.
Warning: CCITTFaxStream: Falling back to JS CCITTFax decoder.
Warning: CCITTFaxStream: Falling back to JS CCITTFax decoder.
Warning: CCITTFaxStream: Falling back to JS CCITTFax decoder.
Warning: CCITTFaxStream: Falling back to JS CCITTFax decoder.
Warning: CCITTFaxStream: Falling back to JS CCITTFax decoder.
Warning: CCITTFaxStream: Falling back to JS CCITTFax decoder.
Warning: CCITTFaxStream: Falling back to JS CCITTFax decoder.
Warning: CCITTFaxStream: Falling back to JS CCITTFax decoder.
Warning: CCITTFaxStream: Falling back to JS CCITTFax decoder.
Warning: CCITTFaxStream: Falling back to JS CCITTFax decoder.
Warning: CCITTFaxStream: Falling back to JS CCITTFax decoder.
Warning: CCITTFaxStream: Falling back to JS CCITTFax decoder.
Warning: CCITTFaxStream: Falling back to JS CCITTFax decoder.
Warning: CCITTFaxStream: Falling back to JS CCITTFax decoder.
Warning: CCITTFaxStream: Falling back to JS CCITTFax decoder.
Warning: CCITTFaxStream: Falling back to JS CCITTFax decoder.
Warning: CCITTFaxStream: Falling back to JS CCITTFax decoder.
Warning: CCITTFaxStream: Falling back to JS CCITTFax decoder.
Warning: CCITTFaxStream: Falling back to JS CCITTFax decoder.
Warning: CCITTFaxStream: Falling back to JS CCITTFax decoder.
Warning: CCITTFaxStream: Falling back to JS CCITTFax decoder.
Warning: CCITTFaxStream: Falling back to JS CCITTFax decoder.
Warning: CCITTFaxStream: Falling back to JS CCITTFax decoder.
Warning: CCITTFaxStream: Falling back to JS CCITTFax decoder.
Warning: CCITTFaxStream: Falling back to JS CCITTFax decoder.
Warning: CCITTFaxStream: Falling back to JS CCITTFax decoder.
Warning: CCITTFaxStream: Falling back to JS CCITTFax decoder.
Warning: CCITTFaxStream: Falling back to JS CCITTFax decoder.
Warning: CCITTFaxStream: Falling back to JS CCITTFax decoder.
Warning: CCITTFaxStream: Falling back to JS CCITTFax decoder.
Warning: CCITTFaxStream: Falling back to JS CCITTFax decoder.
Warning: CCITTFaxStream: Falling back to JS CCITTFax decoder.
Warning: CCITTFaxStream: Falling back to JS CCITTFax decoder.
Warning: CCITTFaxStream: Falling back to JS CCITTFax decoder.
Warning: CCITTFaxStream: Falling back to JS CCITTFax decoder.
Warning: CCITTFaxStream: Falling back to JS CCITTFax decoder.
Warning: CCITTFaxStream: Falling back to JS CCITTFax decoder.
Warning: CCITTFaxStream: Falling back to JS CCITTFax decoder.
Warning: CCITTFaxStream: Falling back to JS CCITTFax decoder.
Warning: CCITTFaxStream: Falling back to JS CCITTFax decoder.
Warning: CCITTFaxStream: Falling back to JS CCITTFax decoder.
Warning: CCITTFaxStream: Falling back to JS CCITTFax decoder.
Warning: CCITTFaxStream: Falling back to JS CCITTFax decoder.
Warning: CCITTFaxStream: Falling back to JS CCITTFax decoder.
Warning: CCITTFaxStream: Falling back to JS CCITTFax decoder.
Warning: CCITTFaxStream: Falling back to JS CCITTFax decoder.
Warning: CCITTFaxStream: Falling back to JS CCITTFax decoder.
Warning: CCITTFaxStream: Falling back to JS CCITTFax decoder.
Warning: CCITTFaxStream: Falling back to JS CCITTFax decoder.
Warning: CCITTFaxStream: Falling back to JS CCITTFax decoder.
Warning: CCITTFaxStream: Falling back to JS CCITTFax decoder.
Warning: CCITTFaxStream: Falling back to JS CCITTFax decoder.
Warning: CCITTFaxStream: Falling back to JS CCITTFax decoder.
Warning: CCITTFaxStream: Falling back to JS CCITTFax decoder.
Warning: CCITTFaxStream: Falling back to JS CCITTFax decoder.
Warning: CCITTFaxStream: Falling back to JS CCITTFax decoder.
Warning: CCITTFaxStream: Falling back to JS CCITTFax decoder.
Warning: CCITTFaxStream: Falling back to JS CCITTFax decoder.
Warning: CCITTFaxStream: Falling back to JS CCITTFax decoder.
Warning: CCITTFaxStream: Falling back to JS CCITTFax decoder.
Warning: CCITTFaxStream: Falling back to JS CCITTFax decoder.
Warning: CCITTFaxStream: Falling back to JS CCITTFax decoder.
Warning: CCITTFaxStream: Falling back to JS CCITTFax decoder.
Warning: CCITTFaxStream: Falling back to JS CCITTFax decoder.
Warning: CCITTFaxStream: Falling back to JS CCITTFax decoder.
Warning: CCITTFaxStream: Falling back to JS CCITTFax decoder.
Warning: CCITTFaxStream: Falling back to JS CCITTFax decoder.
Warning: CCITTFaxStream: Falling back to JS CCITTFax decoder.
Warning: CCITTFaxStream: Falling back to JS CCITTFax decoder.
Warning: CCITTFaxStream: Falling back to JS CCITTFax decoder.
Warning: CCITTFaxStream: Falling back to JS CCITTFax decoder.
Warning: CCITTFaxStream: Falling back to JS CCITTFax decoder.
Warning: CCITTFaxStream: Falling back to JS CCITTFax decoder.
Warning: CCITTFaxStream: Falling back to JS CCITTFax decoder.
Warning: CCITTFaxStream: Falling back to JS CCITTFax decoder.
Warning: CCITTFaxStream: Falling back to JS CCITTFax decoder.
Warning: CCITTFaxStream: Falling back to JS CCITTFax decoder.
Warning: CCITTFaxStream: Falling back to JS CCITTFax decoder.
Warning: CCITTFaxStream: Falling back to JS CCITTFax decoder.
Warning: CCITTFaxStream: Falling back to JS CCITTFax decoder.
Warning: CCITTFaxStream: Falling back to JS CCITTFax decoder.
Warning: CCITTFaxStream: Falling back to JS CCITTFax decoder.
Warning: CCITTFaxStream: Falling back to JS CCITTFax decoder.
Warning: CCITTFaxStream: Falling back to JS CCITTFax decoder.
Warning: CCITTFaxStream: Falling back to JS CCITTFax decoder.
Warning: CCITTFaxStream: Falling back to JS CCITTFax decoder.
Warning: CCITTFaxStream: Falling back to JS CCITTFax decoder.
Warning: CCITTFaxStream: Falling back to JS CCITTFax decoder.
Warning: CCITTFaxStream: Falling back to JS CCITTFax decoder.
Warning: CCITTFaxStream: Falling back to JS CCITTFax decoder.
Warning: CCITTFaxStream: Falling back to JS CCITTFax decoder.
Warning: CCITTFaxStream: Falling back to JS CCITTFax decoder.
Warning: CCITTFaxStream: Falling back to JS CCITTFax decoder.
Warning: CCITTFaxStream: Falling back to JS CCITTFax decoder.
Warning: CCITTFaxStream: Falling back to JS CCITTFax decoder.
Warning: CCITTFaxStream: Falling back to JS CCITTFax decoder.
Warning: CCITTFaxStream: Falling back to JS CCITTFax decoder.
Warning: CCITTFaxStream: Falling back to JS CCITTFax decoder.
Warning: CCITTFaxStream: Falling back to JS CCITTFax decoder.
Warning: CCITTFaxStream: Falling back to JS CCITTFax decoder.
Warning: CCITTFaxStream: Falling back to JS CCITTFax decoder.
Warning: CCITTFaxStream: Falling back to JS CCITTFax decoder.
Warning: CCITTFaxStream: Falling back to JS CCITTFax decoder.
Warning: CCITTFaxStream: Falling back to JS CCITTFax decoder.
Warning: CCITTFaxStream: Falling back to JS CCITTFax decoder.
Warning: CCITTFaxStream: Falling back to JS CCITTFax decoder.
Warning: CCITTFaxStream: Falling back to JS CCITTFax decoder.
Warning: CCITTFaxStream: Falling back to JS CCITTFax decoder.
Warning: CCITTFaxStream: Falling back to JS CCITTFax decoder.
Warning: CCITTFaxStream: Falling back to JS CCITTFax decoder.
Warning: CCITTFaxStream: Falling back to JS CCITTFax decoder.
Warning: CCITTFaxStream: Falling back to JS CCITTFax decoder.
Warning: CCITTFaxStream: Falling back to JS CCITTFax decoder.
Warning: CCITTFaxStream: Falling back to JS CCITTFax decoder.
Warning: CCITTFaxStream: Falling back to JS CCITTFax decoder.
Warning: CCITTFaxStream: Falling back to JS CCITTFax decoder.
Warning: CCITTFaxStream: Falling back to JS CCITTFax decoder.
Warning: CCITTFaxStream: Falling back to JS CCITTFax decoder.
Warning: CCITTFaxStream: Falling back to JS CCITTFax decoder.
Warning: CCITTFaxStream: Falling back to JS CCITTFax decoder.
Warning: CCITTFaxStream: Falling back to JS CCITTFax decoder.
Warning: CCITTFaxStream: Falling back to JS CCITTFax decoder.
Warning: CCITTFaxStream: Falling back to JS CCITTFax decoder.
Warning: CCITTFaxStream: Falling back to JS CCITTFax decoder.
Warning: CCITTFaxStream: Falling back to JS CCITTFax decoder.
Warning: CCITTFaxStream: Falling back to JS CCITTFax decoder.
Warning: CCITTFaxStream: Falling back to JS CCITTFax decoder.
Warning: CCITTFaxStream: Falling back to JS CCITTFax decoder.
Warning: CCITTFaxStream: Falling back to JS CCITTFax decoder.
Warning: CCITTFaxStream: Falling back to JS CCITTFax decoder.
Warning: CCITTFaxStream: Falling back to JS CCITTFax decoder.
Warning: CCITTFaxStream: Falling back to JS CCITTFax decoder.
Warning: CCITTFaxStream: Falling back to JS CCITTFax decoder.
Warning: CCITTFaxStream: Falling back to JS CCITTFax decoder.
Warning: CCITTFaxStream: Falling back to JS CCITTFax decoder.
Warning: CCITTFaxStream: Falling back to JS CCITTFax decoder.
Warning: CCITTFaxStream: Falling back to JS CCITTFax decoder.
Warning: CCITTFaxStream: Falling back to JS CCITTFax decoder.
Warning: CCITTFaxStream: Falling back to JS CCITTFax decoder.
Warning: CCITTFaxStream: Falling back to JS CCITTFax decoder.
Warning: CCITTFaxStream: Falling back to JS CCITTFax decoder.
Warning: CCITTFaxStream: Falling back to JS CCITTFax decoder.
Warning: CCITTFaxStream: Falling back to JS CCITTFax decoder.
Warning: CCITTFaxStream: Falling back to JS CCITTFax decoder.
Warning: CCITTFaxStream: Falling back to JS CCITTFax decoder.
Warning: TT: undefined function: 21
Warning: TT: undefined function: 21
Warning: TT: undefined function: 21
Warning: TT: undefined function: 21
Warning: TT: undefined function: 21
Warning: TT: undefined function: 21
Warning: TT: undefined function: 21
Warning: TT: undefined function: 21
Warning: TT: undefined function: 21
Warning: TT: undefined function: 21
Warning: TT: undefined function: 21
Warning: TT: undefined function: 21
Warning: TT: undefined function: 21
Warning: TT: undefined function: 21
Warning: TT: undefined function: 21
Warning: TT: undefined function: 21
Warning: TT: undefined function: 21
Warning: TT: undefined function: 21
Warning: TT: undefined function: 21
Warning: TT: undefined function: 21
Warning: TT: undefined function: 21
  3700/27875 · 3594 com texto · 106 vazios · 0 errosWarning: TT: undefined function: 32
Warning: TT: undefined function: 32
Warning: TT: undefined function: 32
Warning: TT: undefined function: 32
Warning: TT: undefined function: 32
Warning: TT: undefined function: 32
Warning: TT: undefined function: 32
Warning: TT: undefined function: 32
Warning: TT: undefined function: 32
Warning: TT: undefined function: 32
Warning: TT: undefined function: 32
Warning: TT: undefined function: 32
Warning: TT: undefined function: 32
Warning: TT: undefined function: 32
Warning: TT: undefined function: 32
  3800/27875 · 3673 com texto · 127 vazios · 0 errosWarning: TT: undefined function: 32
Warning: TT: undefined function: 32
Warning: TT: undefined function: 32
Warning: TT: undefined function: 21
Warning: TT: undefined function: 21
Warning: TT: undefined function: 21
Warning: TT: undefined function: 32
Warning: TT: undefined function: 32
Warning: TT: undefined function: 32
  3900/27875 · 3771 com texto · 129 vazios · 0 errosWarning: TT: undefined function: 21
Warning: TT: undefined function: 21
Warning: TT: undefined function: 21
Warning: TT: undefined function: 21
Warning: TT: invalid function id: 136
Warning: TT: invalid function id: 136
Warning: TT: undefined function: 21
Warning: TT: undefined function: 21
Warning: TT: undefined function: 21
Warning: TT: undefined function: 21
Warning: TT: invalid function id: 136
Warning: TT: undefined function: 21
Warning: TT: undefined function: 21
Warning: TT: invalid function id: 136
Warning: TT: invalid function id: 136
Warning: TT: undefined function: 21
Warning: TT: undefined function: 21
Warning: TT: invalid function id: 136
Warning: TT: invalid function id: 136
Warning: TT: undefined function: 32
Warning: TT: undefined function: 32
Warning: TT: undefined function: 32
Warning: TT: undefined function: 32
Warning: TT: undefined function: 21
Warning: TT: undefined function: 21
Warning: TT: undefined function: 21
Warning: TT: undefined function: 21
Warning: TT: undefined function: 21
Warning: TT: undefined function: 21
Warning: TT: undefined function: 21
Warning: TT: undefined function: 21
Warning: TT: undefined function: 21
Warning: TT: undefined function: 21
Warning: TT: undefined function: 21
Warning: TT: undefined function: 21
Warning: TT: undefined function: 21
Warning: TT: undefined function: 21
Warning: TT: undefined function: 21
Warning: TT: undefined function: 21
Warning: TT: undefined function: 21
Warning: TT: undefined function: 32
Warning: TT: undefined function: 32
Warning: TT: undefined function: 32
Warning: TT: undefined function: 21
Warning: TT: undefined function: 21
Warning: TT: undefined function: 21
Warning: TT: undefined function: 21
Warning: TT: undefined function: 21
Warning: TT: undefined function: 21
Warning: TT: undefined function: 21
  4000/27875 · 3871 com texto · 129 vazios · 0 errosWarning: TT: undefined function: 32
Warning: TT: undefined function: 32
Warning: TT: undefined function: 21
Warning: TT: undefined function: 32
Warning: TT: undefined function: 32
Warning: TT: undefined function: 21
Warning: TT: undefined function: 21
Warning: TT: undefined function: 21
Warning: TT: undefined function: 21
Warning: TT: undefined function: 21
Warning: TT: undefined function: 21
Warning: TT: undefined function: 21
Warning: TT: undefined function: 21
Warning: TT: undefined function: 21
Warning: TT: undefined function: 21
Warning: TT: undefined function: 21
Warning: TT: undefined function: 32
Warning: TT: undefined function: 32
Warning: TT: undefined function: 21
Warning: TT: invalid function id: 136
Warning: TT: undefined function: 21
Warning: TT: invalid function id: 136
Warning: TT: undefined function: 21
Warning: TT: invalid function id: 136
Warning: TT: undefined function: 21
Warning: TT: undefined function: 21
Warning: TT: undefined function: 21
Warning: TT: undefined function: 21
Warning: TT: undefined function: 32
Warning: TT: undefined function: 32
Warning: TT: undefined function: 32
Warning: TT: undefined function: 32
Warning: TT: undefined function: 32
  4100/27875 · 3969 com texto · 131 vazios · 0 errosWarning: TT: undefined function: 32
Warning: TT: undefined function: 32
Warning: TT: undefined function: 32
Warning: TT: undefined function: 32
Warning: TT: undefined function: 32
Warning: TT: undefined function: 21
Warning: TT: undefined function: 21
Warning: TT: undefined function: 21
Warning: TT: undefined function: 21
Warning: TT: undefined function: 32
Warning: TT: undefined function: 21
Warning: TT: undefined function: 21
Warning: TT: undefined function: 21
Warning: TT: undefined function: 21
Warning: TT: undefined function: 21
Warning: TT: undefined function: 21
Warning: TT: undefined function: 32
Warning: TT: undefined function: 32
Warning: TT: undefined function: 21
Warning: TT: invalid function id: 136
Warning: TT: undefined function: 21
Warning: TT: undefined function: 21
Warning: TT: invalid function id: 136
Warning: TT: invalid function id: 136
  4200/27875 · 4069 com texto · 131 vazios · 0 errosWarning: TT: undefined function: 32
Warning: TT: undefined function: 21
Warning: TT: undefined function: 32
Warning: TT: undefined function: 32
Warning: TT: undefined function: 32
Warning: TT: undefined function: 32
Warning: TT: undefined function: 32
Warning: TT: undefined function: 32
Warning: TT: undefined function: 21
Warning: TT: undefined function: 21
Warning: TT: undefined function: 32
Warning: TT: undefined function: 32
Warning: TT: undefined function: 32
Warning: TT: undefined function: 32
Warning: TT: undefined function: 32
Warning: TT: undefined function: 32
Warning: TT: undefined function: 32
Warning: TT: undefined function: 32
Warning: TT: undefined function: 21
Warning: TT: undefined function: 32
Warning: TT: undefined function: 21
Warning: TT: undefined function: 21
Warning: TT: undefined function: 32
Warning: TT: undefined function: 21
Warning: TT: undefined function: 21
Warning: TT: undefined function: 21
Warning: TT: undefined function: 21
Warning: TT: undefined function: 21
Warning: TT: undefined function: 32
Warning: TT: undefined function: 32
Warning: TT: undefined function: 32
Warning: TT: undefined function: 32
Warning: TT: undefined function: 32
Warning: TT: undefined function: 32
Warning: TT: undefined function: 32
Warning: TT: undefined function: 32
Warning: TT: undefined function: 21
Warning: TT: undefined function: 21
Warning: TT: undefined function: 21
Warning: TT: undefined function: 21
Warning: TT: undefined function: 21
Warning: TT: undefined function: 21
Warning: TT: undefined function: 32
Warning: TT: undefined function: 32
Warning: TT: undefined function: 32
Warning: TT: undefined function: 32
Warning: TT: undefined function: 21
  4300/27875 · 4166 com texto · 134 vazios · 0 errosWarning: TT: undefined function: 21
Warning: TT: undefined function: 32
Warning: TT: undefined function: 21
Warning: TT: undefined function: 21
Warning: TT: undefined function: 32
Warning: TT: undefined function: 32
Warning: TT: undefined function: 32
Warning: TT: undefined function: 32
Warning: TT: undefined function: 32
Warning: TT: undefined function: 21
Warning: TT: undefined function: 21
Warning: TT: undefined function: 32
Warning: TT: undefined function: 32
Warning: TT: undefined function: 32
Warning: TT: undefined function: 21
Warning: TT: undefined function: 21
Warning: TT: undefined function: 32
Warning: TT: undefined function: 21
Warning: TT: undefined function: 32
Warning: TT: undefined function: 32
Warning: TT: undefined function: 32
  4400/27875 · 4266 com texto · 134 vazios · 0 errosWarning: TT: undefined function: 32
Warning: TT: undefined function: 32
Warning: TT: undefined function: 32
Warning: TT: undefined function: 32
Warning: TT: undefined function: 32
Warning: TT: undefined function: 32
Warning: TT: undefined function: 32
Warning: TT: undefined function: 32
Warning: TT: undefined function: 32
Warning: TT: undefined function: 32
Warning: TT: undefined function: 21
Warning: TT: invalid function id: 136
Warning: TT: undefined function: 21
Warning: TT: invalid function id: 136
Warning: TT: undefined function: 21
Warning: TT: undefined function: 21
Warning: TT: undefined function: 32
Warning: TT: undefined function: 21
Warning: TT: undefined function: 32
Warning: TT: undefined function: 21
  4500/27875 · 4366 com texto · 134 vazios · 0 errosWarning: TT: undefined function: 32
Warning: TT: undefined function: 21
Warning: TT: undefined function: 21
Warning: TT: undefined function: 32
Warning: TT: undefined function: 32
Warning: TT: undefined function: 32
Warning: TT: undefined function: 21
Warning: TT: undefined function: 32
Warning: TT: undefined function: 32
Warning: TT: undefined function: 21
Warning: TT: undefined function: 21
Warning: TT: undefined function: 21
Warning: TT: undefined function: 21
Warning: TT: undefined function: 21
Warning: TT: undefined function: 21
Warning: TT: undefined function: 21
Warning: TT: undefined function: 21
Warning: TT: undefined function: 21
Warning: TT: undefined function: 21
Warning: TT: undefined function: 21
Warning: TT: undefined function: 21
Warning: TT: undefined function: 21
Warning: TT: undefined function: 21
Warning: TT: undefined function: 21
Warning: TT: undefined function: 21
Warning: TT: undefined function: 21
Warning: TT: undefined function: 32
Warning: TT: undefined function: 21
Warning: TT: undefined function: 21
Warning: TT: undefined function: 32
Warning: TT: undefined function: 21
Warning: TT: invalid function id: 136
Warning: TT: invalid function id: 136
Warning: TT: undefined function: 21
Warning: TT: undefined function: 32
Warning: TT: undefined function: 32
Warning: TT: undefined function: 32
Warning: TT: invalid function id: 136
Warning: TT: undefined function: 21
Warning: TT: undefined function: 21
Warning: TT: undefined function: 32
Warning: TT: undefined function: 32
Warning: TT: undefined function: 32
Warning: TT: undefined function: 32
Warning: TT: undefined function: 32
Warning: TT: undefined function: 32
Warning: TT: invalid function id: 136
Warning: TT: invalid function id: 136
Warning: TT: undefined function: 21
Warning: TT: undefined function: 32
Warning: TT: undefined function: 32
Warning: TT: undefined function: 32
Warning: TT: invalid function id: 136
Warning: TT: undefined function: 21
Warning: TT: undefined function: 32
Warning: TT: undefined function: 32
Warning: TT: undefined function: 32
Warning: TT: invalid function id: 136
Warning: TT: undefined function: 21
Warning: TT: undefined function: 32
Warning: TT: undefined function: 32
Warning: TT: undefined function: 32
Warning: TT: invalid function id: 136
Warning: TT: undefined function: 21
Warning: TT: undefined function: 32
Warning: TT: undefined function: 32
Warning: TT: undefined function: 32
Warning: TT: invalid function id: 136
Warning: TT: undefined function: 21
Warning: TT: undefined function: 32
Warning: TT: undefined function: 32
Warning: TT: undefined function: 32
Warning: TT: invalid function id: 136
Warning: TT: undefined function: 21
Warning: TT: undefined function: 32
Warning: TT: undefined function: 32
Warning: TT: undefined function: 32
Warning: TT: invalid function id: 136
Warning: TT: undefined function: 21
Warning: TT: undefined function: 32
Warning: TT: undefined function: 32
Warning: TT: undefined function: 32
Warning: TT: invalid function id: 136
Warning: TT: undefined function: 32
Warning: TT: undefined function: 21
Warning: TT: undefined function: 32
Warning: TT: undefined function: 32
Warning: TT: invalid function id: 136
Warning: TT: undefined function: 21
Warning: TT: undefined function: 32
Warning: TT: undefined function: 32
Warning: TT: undefined function: 32
Warning: TT: invalid function id: 136
Warning: TT: undefined function: 21
Warning: TT: undefined function: 32
Warning: TT: undefined function: 32
Warning: TT: undefined function: 21
Warning: TT: undefined function: 32
Warning: TT: undefined function: 32
Warning: TT: undefined function: 32
Warning: TT: invalid function id: 136
Warning: TT: undefined function: 32
Warning: TT: invalid function id: 136
Warning: TT: undefined function: 21
Warning: TT: undefined function: 32
Warning: TT: undefined function: 32
Warning: TT: undefined function: 32
Warning: TT: invalid function id: 136
Warning: TT: undefined function: 21
Warning: TT: undefined function: 32
Warning: TT: undefined function: 32
Warning: TT: undefined function: 32
Warning: TT: invalid function id: 136
Warning: TT: undefined function: 21
Warning: TT: undefined function: 32
Warning: TT: undefined function: 32
Warning: TT: undefined function: 32
Warning: TT: invalid function id: 136
Warning: TT: undefined function: 21
Warning: TT: undefined function: 32
Warning: TT: undefined function: 32
Warning: TT: undefined function: 32
Warning: TT: invalid function id: 136
Warning: TT: undefined function: 21
Warning: TT: undefined function: 32
Warning: TT: undefined function: 32
Warning: TT: undefined function: 32
Warning: TT: invalid function id: 136
Warning: TT: undefined function: 21
Warning: TT: undefined function: 32
Warning: TT: undefined function: 32
Warning: TT: undefined function: 32
Warning: TT: invalid function id: 136
Warning: TT: undefined function: 32
Warning: TT: undefined function: 21
Warning: TT: undefined function: 32
Warning: TT: undefined function: 32
Warning: TT: invalid function id: 136
Warning: TT: undefined function: 21
Warning: TT: undefined function: 32
Warning: TT: undefined function: 32
Warning: TT: undefined function: 32
Warning: TT: invalid function id: 136
Warning: TT: undefined function: 32
Warning: TT: undefined function: 21
Warning: TT: undefined function: 32
Warning: TT: undefined function: 32
Warning: TT: invalid function id: 136
Warning: TT: undefined function: 21
Warning: TT: undefined function: 32
Warning: TT: undefined function: 32
Warning: TT: undefined function: 32
Warning: TT: invalid function id: 136
Warning: TT: undefined function: 21
Warning: TT: undefined function: 32
  4600/27875 · 4466 com texto · 134 vazios · 0 errosWarning: TT: undefined function: 32
Warning: TT: undefined function: 32
Warning: TT: invalid function id: 136
Warning: TT: undefined function: 21
Warning: TT: undefined function: 32
Warning: TT: undefined function: 32
Warning: TT: undefined function: 32
Warning: TT: invalid function id: 136
Warning: TT: undefined function: 21
Warning: TT: undefined function: 32
Warning: TT: undefined function: 32
Warning: TT: undefined function: 32
Warning: TT: invalid function id: 136
Warning: TT: undefined function: 21
Warning: TT: undefined function: 32
Warning: TT: undefined function: 32
Warning: TT: undefined function: 32
Warning: TT: invalid function id: 136
Warning: TT: undefined function: 21
Warning: TT: undefined function: 32
Warning: TT: undefined function: 32
Warning: TT: undefined function: 32
Warning: TT: invalid function id: 136
Warning: TT: undefined function: 32
Warning: TT: undefined function: 21
Warning: TT: undefined function: 32
Warning: TT: undefined function: 32
Warning: TT: invalid function id: 136
Warning: TT: undefined function: 21
Warning: TT: undefined function: 32
Warning: TT: undefined function: 32
Warning: TT: undefined function: 32
Warning: TT: invalid function id: 136
Warning: TT: undefined function: 21
Warning: TT: undefined function: 32
Warning: TT: undefined function: 32
Warning: TT: undefined function: 32
Warning: TT: invalid function id: 136
Warning: TT: undefined function: 21
Warning: TT: undefined function: 32
Warning: TT: undefined function: 32
Warning: TT: undefined function: 32
Warning: TT: undefined function: 21
Warning: TT: undefined function: 32
Warning: TT: undefined function: 32
Warning: TT: invalid function id: 136
Warning: TT: undefined function: 32
Warning: TT: invalid function id: 136
Warning: TT: undefined function: 21
Warning: TT: undefined function: 32
Warning: TT: undefined function: 32
Warning: TT: undefined function: 32
Warning: TT: invalid function id: 136
Warning: TT: undefined function: 21
Warning: TT: undefined function: 32
Warning: TT: undefined function: 32
Warning: TT: undefined function: 32
Warning: TT: invalid function id: 136
Warning: TT: undefined function: 21
Warning: TT: undefined function: 32
Warning: TT: undefined function: 32
Warning: TT: undefined function: 21
Warning: TT: undefined function: 32
Warning: TT: undefined function: 32
Warning: TT: undefined function: 32
Warning: TT: invalid function id: 136
Warning: TT: undefined function: 32
Warning: TT: invalid function id: 136
Warning: TT: undefined function: 21
Warning: TT: undefined function: 32
Warning: TT: undefined function: 32
Warning: TT: undefined function: 32
Warning: TT: invalid function id: 136
Warning: TT: undefined function: 21
Warning: TT: undefined function: 32
Warning: TT: undefined function: 32
Warning: TT: undefined function: 32
Warning: TT: invalid function id: 136
Warning: TT: undefined function: 21
Warning: TT: undefined function: 32
Warning: TT: undefined function: 32
Warning: TT: undefined function: 21
Warning: TT: undefined function: 32
Warning: TT: undefined function: 32
Warning: TT: undefined function: 32
Warning: TT: undefined function: 32
Warning: TT: invalid function id: 136
Warning: TT: invalid function id: 136
Warning: TT: undefined function: 21
Warning: TT: undefined function: 32
Warning: TT: undefined function: 32
Warning: TT: undefined function: 32
Warning: TT: invalid function id: 136
Warning: TT: undefined function: 21
Warning: TT: undefined function: 32
Warning: TT: undefined function: 32
Warning: TT: undefined function: 21
Warning: TT: undefined function: 32
Warning: TT: undefined function: 32
Warning: TT: undefined function: 32
Warning: TT: invalid function id: 136
Warning: TT: undefined function: 32
Warning: TT: invalid function id: 136
Warning: TT: undefined function: 21
Warning: TT: undefined function: 32
Warning: TT: undefined function: 32
Warning: TT: undefined function: 32
Warning: TT: invalid function id: 136
Warning: TT: undefined function: 21
Warning: TT: undefined function: 32
Warning: TT: undefined function: 32
Warning: TT: undefined function: 32
Warning: TT: invalid function id: 136
Warning: TT: undefined function: 21
Warning: TT: undefined function: 32
Warning: TT: undefined function: 32
Warning: TT: undefined function: 32
Warning: TT: invalid function id: 136
Warning: TT: undefined function: 21
Warning: TT: undefined function: 32
Warning: TT: undefined function: 32
Warning: TT: undefined function: 32
Warning: TT: invalid function id: 136
Warning: TT: undefined function: 21
Warning: TT: undefined function: 32
Warning: TT: undefined function: 32
Warning: TT: undefined function: 32
Warning: TT: invalid function id: 136
Warning: TT: undefined function: 32
Warning: TT: undefined function: 21
Warning: TT: undefined function: 32
Warning: TT: undefined function: 32
Warning: TT: invalid function id: 136
Warning: TT: undefined function: 32
Warning: TT: undefined function: 21
Warning: TT: undefined function: 32
Warning: TT: undefined function: 32
Warning: TT: invalid function id: 136
Warning: TT: undefined function: 21
Warning: TT: undefined function: 32
Warning: TT: undefined function: 32
Warning: TT: undefined function: 32
Warning: TT: invalid function id: 136
Warning: TT: undefined function: 21
Warning: TT: undefined function: 32
Warning: TT: undefined function: 32
Warning: TT: undefined function: 21
Warning: TT: undefined function: 32
Warning: TT: undefined function: 32
Warning: TT: undefined function: 32
Warning: TT: invalid function id: 136
Warning: TT: undefined function: 32
Warning: TT: invalid function id: 136
Warning: TT: undefined function: 21
Warning: TT: undefined function: 32
Warning: TT: undefined function: 32
Warning: TT: undefined function: 32
Warning: TT: invalid function id: 136
Warning: TT: undefined function: 32
Warning: TT: undefined function: 21
Warning: TT: undefined function: 32
Warning: TT: undefined function: 32
Warning: TT: invalid function id: 136
Warning: TT: undefined function: 21
Warning: TT: undefined function: 32
Warning: TT: undefined function: 32
Warning: TT: undefined function: 32
Warning: TT: invalid function id: 136
Warning: TT: undefined function: 21
Warning: TT: undefined function: 32
Warning: TT: undefined function: 32
Warning: TT: undefined function: 32
Warning: TT: invalid function id: 136
Warning: TT: undefined function: 21
Warning: TT: undefined function: 32
Warning: TT: undefined function: 32
Warning: TT: undefined function: 32
Warning: TT: invalid function id: 136
Warning: TT: undefined function: 21
Warning: TT: undefined function: 32
Warning: TT: undefined function: 32
Warning: TT: undefined function: 32
Warning: TT: invalid function id: 136
Warning: TT: undefined function: 21
Warning: TT: undefined function: 32
Warning: TT: undefined function: 32
Warning: TT: undefined function: 32
Warning: TT: invalid function id: 136
Warning: TT: undefined function: 21
Warning: TT: undefined function: 32
Warning: TT: undefined function: 32
Warning: TT: undefined function: 32
Warning: TT: invalid function id: 136
Warning: TT: undefined function: 32
Warning: TT: undefined function: 21
Warning: TT: undefined function: 32
Warning: TT: undefined function: 32
Warning: TT: invalid function id: 136
Warning: TT: undefined function: 21
Warning: TT: undefined function: 32
Warning: TT: undefined function: 32
Warning: TT: undefined function: 32
Warning: TT: invalid function id: 136
Warning: TT: undefined function: 21
Warning: TT: undefined function: 32
Warning: TT: undefined function: 32
Warning: TT: undefined function: 32
Warning: TT: invalid function id: 136
Warning: TT: undefined function: 21
Warning: TT: undefined function: 32
Warning: TT: undefined function: 32
Warning: TT: undefined function: 32
Warning: TT: invalid function id: 136
Warning: TT: undefined function: 21
Warning: TT: undefined function: 32
Warning: TT: undefined function: 32
Warning: TT: undefined function: 32
Warning: TT: invalid function id: 136
Warning: TT: undefined function: 21
Warning: TT: undefined function: 32
Warning: TT: undefined function: 32
Warning: TT: undefined function: 32
Warning: TT: invalid function id: 136
Warning: TT: undefined function: 21
Warning: TT: undefined function: 32
Warning: TT: undefined function: 32
Warning: TT: undefined function: 32
Warning: TT: invalid function id: 136
Warning: TT: undefined function: 21
Warning: TT: undefined function: 32
Warning: TT: undefined function: 32
Warning: TT: undefined function: 32
Warning: TT: invalid function id: 136
Warning: TT: undefined function: 21
Warning: TT: undefined function: 32
Warning: TT: undefined function: 32
Warning: TT: undefined function: 32
Warning: TT: invalid function id: 136
Warning: TT: undefined function: 21
Warning: TT: undefined function: 32
Warning: TT: undefined function: 32
Warning: TT: undefined function: 32
Warning: TT: invalid function id: 136
Warning: TT: undefined function: 21
Warning: TT: undefined function: 32
Warning: TT: undefined function: 32
Warning: TT: undefined function: 32
Warning: TT: invalid function id: 136
Warning: TT: undefined function: 21
Warning: TT: undefined function: 32
Warning: TT: undefined function: 32
Warning: TT: undefined function: 32
Warning: TT: invalid function id: 136
Warning: TT: undefined function: 21
Warning: TT: undefined function: 32
Warning: TT: undefined function: 32
Warning: TT: undefined function: 32
Warning: TT: invalid function id: 136
Warning: TT: undefined function: 21
Warning: TT: undefined function: 32
Warning: TT: undefined function: 32
Warning: TT: undefined function: 32
Warning: TT: invalid function id: 136
Warning: TT: undefined function: 21
Warning: TT: undefined function: 32
Warning: TT: undefined function: 32
Warning: TT: undefined function: 32
Warning: TT: invalid function id: 136
Warning: TT: undefined function: 21
Warning: TT: undefined function: 32
Warning: TT: undefined function: 32
Warning: TT: undefined function: 32
Warning: TT: invalid function id: 136
Warning: TT: undefined function: 21
Warning: TT: undefined function: 32
Warning: TT: undefined function: 32
Warning: TT: undefined function: 32
Warning: TT: invalid function id: 136
Warning: TT: undefined function: 21
Warning: TT: undefined function: 32
Warning: TT: undefined function: 32
Warning: TT: undefined function: 32
Warning: TT: invalid function id: 136
Warning: TT: undefined function: 32
Warning: TT: undefined function: 21
Warning: TT: undefined function: 21
Warning: TT: undefined function: 21
Warning: TT: undefined function: 21
Warning: TT: undefined function: 21
Warning: TT: undefined function: 21
Warning: TT: undefined function: 21
Warning: TT: undefined function: 21
Warning: TT: undefined function: 21
Warning: TT: undefined function: 21
  4700/27875 · 4566 com texto · 134 vazios · 0 errosWarning: TT: undefined function: 32
Warning: TT: undefined function: 32
Warning: TT: undefined function: 32
Warning: TT: undefined function: 32
Warning: TT: undefined function: 32
Warning: TT: undefined function: 21
Warning: TT: undefined function: 32
Warning: TT: undefined function: 21
Warning: TT: undefined function: 32
Warning: TT: undefined function: 32
Warning: TT: undefined function: 32
Warning: TT: undefined function: 21
Warning: TT: undefined function: 21
Warning: TT: undefined function: 32
Warning: TT: undefined function: 21
Warning: TT: undefined function: 32
Warning: TT: undefined function: 21
Warning: TT: undefined function: 21
Warning: TT: undefined function: 32
Warning: TT: undefined function: 21
Warning: TT: undefined function: 32
Warning: TT: undefined function: 32
Warning: TT: undefined function: 32
Warning: TT: undefined function: 32
Warning: TT: undefined function: 32
Warning: TT: undefined function: 32
Warning: TT: undefined function: 32
Warning: TT: undefined function: 32
Warning: TT: undefined function: 32
Warning: TT: undefined function: 32
Warning: TT: undefined function: 21
Warning: TT: undefined function: 32
Warning: TT: undefined function: 32
Warning: TT: undefined function: 32
Warning: TT: undefined function: 32
Warning: TT: undefined function: 32
Warning: TT: undefined function: 32
Warning: TT: undefined function: 32
  4800/27875 · 4666 com texto · 134 vazios · 0 errosWarning: TT: undefined function: 21
Warning: TT: undefined function: 32
Warning: TT: undefined function: 32
Warning: TT: undefined function: 32
Warning: TT: undefined function: 32
Warning: TT: undefined function: 32
Warning: TT: undefined function: 32
  4900/27875 · 4765 com texto · 135 vazios · 0 errosWarning: TT: undefined function: 21
Warning: TT: undefined function: 32
Warning: TT: undefined function: 32
Warning: TT: undefined function: 32
Warning: TT: undefined function: 32
Warning: TT: undefined function: 32
Warning: TT: undefined function: 32
Warning: TT: undefined function: 21
Warning: TT: undefined function: 32
Warning: TT: undefined function: 32
Warning: TT: undefined function: 32
Warning: TT: undefined function: 32
Warning: TT: undefined function: 32
Warning: TT: undefined function: 32
Warning: TT: undefined function: 32
Warning: TT: undefined function: 32
  5000/27875 · 4864 com texto · 136 vazios · 0 errosWarning: TT: undefined function: 32
  5100/27875 · 4960 com texto · 140 vazios · 0 errosWarning: TT: undefined function: 3
  5200/27875 · 5060 com texto · 140 vazios · 0 errosWarning: TT: undefined function: 21
Warning: TT: undefined function: 32
Warning: TT: undefined function: 21
Warning: TT: undefined function: 21
Warning: TT: undefined function: 21
Warning: TT: undefined function: 21
Warning: TT: undefined function: 32
Warning: TT: undefined function: 32
Warning: TT: undefined function: 32
Warning: TT: undefined function: 32
  5300/27875 · 5160 com texto · 140 vazios · 0 errosWarning: TT: undefined function: 32
Warning: TT: undefined function: 32
Warning: TT: undefined function: 32
Warning: TT: undefined function: 32
Warning: TT: undefined function: 32
Warning: TT: undefined function: 32
Warning: TT: undefined function: 21
Warning: TT: undefined function: 32
Warning: TT: undefined function: 21
Warning: TT: undefined function: 32
Warning: TT: undefined function: 32
Warning: TT: undefined function: 32
Warning: TT: undefined function: 32
Warning: TT: undefined function: 32
Warning: TT: undefined function: 32
Warning: TT: undefined function: 32
Warning: TT: undefined function: 32
Warning: TT: undefined function: 32
Warning: TT: undefined function: 32
Warning: TT: undefined function: 32
Warning: TT: undefined function: 32
Warning: TT: undefined function: 32
Warning: TT: undefined function: 32
Warning: TT: undefined function: 21
Warning: TT: undefined function: 32
Warning: TT: undefined function: 32
Warning: TT: undefined function: 32
Warning: TT: undefined function: 21
Warning: TT: undefined function: 32
Warning: TT: undefined function: 32
Warning: TT: undefined function: 32
Warning: TT: undefined function: 32
Warning: TT: undefined function: 32
Warning: TT: undefined function: 32
Warning: TT: undefined function: 32
Warning: TT: undefined function: 32
Warning: TT: undefined function: 32
Warning: TT: undefined function: 32
Warning: TT: undefined function: 32
Warning: TT: undefined function: 32
Warning: TT: undefined function: 32
Warning: TT: undefined function: 32
Warning: TT: undefined function: 32
Warning: TT: undefined function: 32
Warning: TT: undefined function: 32
Warning: TT: undefined function: 32
Warning: TT: undefined function: 21
Warning: TT: undefined function: 21
Warning: TT: undefined function: 32
Warning: TT: undefined function: 32
Warning: TT: undefined function: 32
Warning: TT: undefined function: 21
Warning: TT: undefined function: 21
Warning: TT: undefined function: 21
Warning: TT: undefined function: 21
Warning: TT: undefined function: 21
Warning: TT: undefined function: 21
  5400/27875 · 5260 com texto · 140 vazios · 0 errosWarning: TT: undefined function: 21
Warning: TT: undefined function: 21
Warning: TT: undefined function: 21
Warning: TT: undefined function: 21
Warning: TT: undefined function: 21
Warning: TT: undefined function: 32
Warning: TT: undefined function: 32
Warning: TT: undefined function: 32
Warning: TT: undefined function: 32
Warning: TT: undefined function: 32
Warning: TT: undefined function: 32
Warning: TT: undefined function: 32
Warning: TT: undefined function: 32
Warning: TT: undefined function: 32
Warning: TT: undefined function: 21
Warning: TT: undefined function: 32
Warning: TT: undefined function: 21
Warning: TT: undefined function: 21
Warning: TT: undefined function: 21
Warning: TT: undefined function: 21
Warning: TT: undefined function: 21
Warning: TT: undefined function: 21
Warning: TT: undefined function: 32
Warning: TT: undefined function: 32
Warning: TT: undefined function: 32
Warning: TT: undefined function: 21
Warning: TT: undefined function: 32
Warning: TT: undefined function: 21
Warning: TT: undefined function: 32
Warning: TT: undefined function: 32
Warning: TT: undefined function: 21
Warning: TT: undefined function: 21
Warning: TT: undefined function: 21
Warning: TT: undefined function: 32
Warning: TT: undefined function: 21
Warning: TT: undefined function: 21
Warning: TT: undefined function: 32
Warning: TT: undefined function: 21
Warning: TT: undefined function: 21
Warning: TT: undefined function: 21
Warning: TT: undefined function: 21
Warning: TT: undefined function: 32
Warning: TT: undefined function: 32
Warning: TT: undefined function: 21
Warning: TT: undefined function: 21
Warning: TT: undefined function: 21
Warning: TT: undefined function: 21
Warning: TT: undefined function: 21
  5500/27875 · 5360 com texto · 140 vazios · 0 errosWarning: TT: undefined function: 32
Warning: TT: undefined function: 32
Warning: TT: undefined function: 32
Warning: TT: undefined function: 32
Warning: TT: undefined function: 32
  5600/27875 · 5457 com texto · 143 vazios · 0 errosWarning: TT: undefined function: 32
Warning: TT: undefined function: 32
Warning: TT: undefined function: 32
Warning: TT: undefined function: 32
Warning: TT: undefined function: 32
Warning: TT: undefined function: 32
Warning: TT: undefined function: 32
Warning: TT: undefined function: 21
Warning: TT: undefined function: 21
  5700/27875 · 5557 com texto · 143 vazios · 0 erros  5800/27875 · 5657 com texto · 143 vazios · 0 erros^C==== 15/07/2026 11:54:43,95 :: DOWNLOAD ==== 
(node:19940) Warning: SECURITY WARNING: The SSL modes 'prefer', 'require', and 'verify-ca' are treated as aliases for 'verify-full'.
In the next major version (pg-connection-string v3.0.0 and pg v9.0.0), these modes will adopt standard libpq semantics, which have weaker security guarantees.

To prepare for this change:
- If you want the current behavior, explicitly use 'sslmode=verify-full'
- If you want libpq compatibility now, use 'uselibpqcompat=true&sslmode=require'

See https://www.postgresql.org/docs/current/libpq-ssl.html for libpq SSL mode definitions.
(Use `node --trace-warnings ...` to show where the warning was created)
31.024 documentos a baixar (seleção por plataforma/modalidade) · conc 3
Warning: TT: undefined function: 32
Warning: TT: undefined function: 32
Warning: Empty "FlateDecode" stream.
Warning: Empty "FlateDecode" stream.
Warning: Empty "FlateDecode" stream.
Warning: Empty "FlateDecode" stream.
Warning: TT: undefined function: 32
Warning: TT: undefined function: 32
Warning: TT: undefined function: 32
Warning: TT: undefined function: 32
Warning: TT: undefined function: 21
Warning: TT: undefined function: 32
Warning: TT: undefined function: 32
Warning: TT: undefined function: 32
Warning: TT: undefined function: 32
Warning: TT: undefined function: 32
Warning: TT: undefined function: 32
Warning: TT: undefined function: 32
Warning: TT: undefined function: 32
Warning: TT: undefined function: 32
Warning: TT: undefined function: 32
Warning: TT: undefined function: 32
Warning: TT: undefined function: 32
Warning: TT: undefined function: 32
Warning: TT: undefined function: 21
Warning: TT: undefined function: 32
Warning: TT: undefined function: 21
Warning: TT: undefined function: 21
Warning: TT: undefined function: 21
Warning: TT: undefined function: 21
Warning: TT: undefined function: 21
Warning: TT: undefined function: 21
Warning: TT: undefined function: 21
Warning: TT: undefined function: 21
  100/31024 · 96 com texto · 4 vazios · 0 errosWarning: TT: undefined function: 32
Warning: TT: undefined function: 32
Warning: TT: undefined function: 32
Warning: TT: undefined function: 21
Warning: TT: undefined function: 32
Warning: TT: undefined function: 32
Warning: TT: undefined function: 32
Warning: TT: undefined function: 32
Warning: TT: undefined function: 32
Warning: TT: undefined function: 32
Warning: TT: undefined function: 21
Warning: TT: undefined function: 32
Warning: TT: undefined function: 21
Warning: TT: undefined function: 32
Warning: TT: undefined function: 32
Warning: TT: undefined function: 21
Warning: TT: undefined function: 32
Warning: TT: undefined function: 21
Warning: TT: undefined function: 21
Warning: Required "glyf" table is not found -- trying to recover.
Warning: Indexing all PDF objects
Warning: FormatError: Required "loca" table is not found
Warning: Unknown command "x1".
Warning: getTextContent - ignoring errors during "GetTextContent: page 3" task: "FormatError: Illegal character: 41".
  200/31024 · 192 com texto · 8 vazios · 0 errosWarning: TT: undefined function: 32
Warning: TT: undefined function: 32
Warning: TT: undefined function: 32
Warning: TT: undefined function: 32
Warning: TT: undefined function: 21
Warning: TT: invalid function id: 136
Warning: TT: undefined function: 21
Warning: TT: undefined function: 21
Warning: TT: undefined function: 21
Warning: TT: undefined function: 32
Warning: TT: undefined function: 32
Warning: TT: undefined function: 32
Warning: TT: undefined function: 21
Warning: TT: undefined function: 32
Warning: TT: undefined function: 32
Warning: TT: undefined function: 32
Warning: TT: undefined function: 21
Warning: TT: invalid function id: 136
Warning: TT: undefined function: 21
  300/31024 · 291 com texto · 9 vazios · 0 errosWarning: TT: undefined function: 21
Warning: TT: undefined function: 21
Warning: TT: undefined function: 21
Warning: TT: undefined function: 21
Warning: TT: undefined function: 32
Warning: TT: undefined function: 21
Warning: TT: undefined function: 32
  400/31024 · 389 com texto · 11 vazios · 0 errosWarning: TT: undefined function: 21
Warning: TT: undefined function: 21
Warning: TT: undefined function: 21
Warning: TT: undefined function: 21
Warning: TT: undefined function: 21
Warning: TT: undefined function: 21
Warning: TT: undefined function: 21
Warning: TT: undefined function: 21
Warning: TT: undefined function: 21
Warning: TT: undefined function: 21
Warning: TT: undefined function: 21
Warning: Required "glyf" table is not found -- trying to recover.
Warning: Required "glyf" table is not found -- trying to recover.
Warning: TT: undefined function: 21
Warning: TT: undefined function: 21
Warning: TT: undefined function: 21
Warning: TT: undefined function: 32
Warning: TT: undefined function: 32
  500/31024 · 482 com texto · 18 vazios · 0 errosWarning: TT: undefined function: 32
Warning: TT: undefined function: 32
Warning: TT: undefined function: 21
Warning: TT: undefined function: 32
Warning: TT: undefined function: 21
Warning: TT: invalid function id: 136
Warning: TT: undefined function: 32
Warning: TT: undefined function: 32
Warning: TT: undefined function: 32
Warning: TT: undefined function: 32
Warning: TT: undefined function: 21
Warning: TT: undefined function: 32
Warning: TT: undefined function: 32
Warning: TT: undefined function: 21
Warning: TT: undefined function: 21
Warning: TT: undefined function: 32
Warning: TT: undefined function: 32
Warning: TT: undefined function: 32
Warning: TT: undefined function: 21
Warning: TT: undefined function: 21
Warning: TT: invalid function id: 136
Warning: TT: undefined function: 32
Warning: TT: undefined function: 32
Warning: TT: undefined function: 32
Warning: TT: undefined function: 32
Warning: TT: undefined function: 32
Warning: TT: undefined function: 32
Warning: TT: undefined function: 32
Warning: TT: undefined function: 32
Warning: TT: undefined function: 32
Warning: TT: undefined function: 32
Warning: TT: undefined function: 32
Warning: TT: undefined function: 32
Warning: TT: undefined function: 32
Warning: TT: invalid function id: 136
Warning: TT: undefined function: 32
Warning: TT: undefined function: 21
Warning: TT: undefined function: 32
Warning: TT: undefined function: 32
Warning: TT: undefined function: 32
Warning: TT: undefined function: 32
Warning: TT: undefined function: 32
Warning: TT: undefined function: 32
Warning: TT: undefined function: 32
Warning: TT: undefined function: 32
Warning: TT: undefined function: 32
Warning: TT: undefined function: 21
Warning: TT: undefined function: 21
Warning: TT: undefined function: 21
Warning: TT: undefined function: 21
Warning: TT: undefined function: 32
Warning: TT: undefined function: 21
Warning: TT: undefined function: 21
Warning: TT: undefined function: 21
  600/31024 · 579 com texto · 21 vazios · 0 errosWarning: TT: undefined function: 21
Warning: TT: undefined function: 32
Warning: TT: undefined function: 32
Warning: TT: undefined function: 32
Warning: TT: undefined function: 32
Warning: TT: undefined function: 32
Warning: TT: undefined function: 32
Warning: TT: undefined function: 32
Warning: TT: undefined function: 32
Warning: TT: undefined function: 21
Warning: TT: undefined function: 21
Warning: TT: undefined function: 32
Warning: TT: undefined function: 32
Warning: TT: undefined function: 32
Warning: TT: undefined function: 32
Warning: TT: undefined function: 32
Warning: TT: undefined function: 32
Warning: TT: undefined function: 32
Warning: TT: undefined function: 32
Warning: TT: undefined function: 32
  700/31024 · 674 com texto · 26 vazios · 0 errosWarning: TT: undefined function: 32
Warning: TT: undefined function: 32
Warning: TT: undefined function: 32
Warning: TT: undefined function: 32
Warning: TT: undefined function: 32
Warning: TT: undefined function: 32
Warning: TT: undefined function: 32
Warning: TT: undefined function: 32
Warning: TT: undefined function: 32
Warning: TT: undefined function: 32
Warning: TT: undefined function: 21
Warning: TT: invalid function id: 136
Warning: TT: undefined function: 32
Warning: TT: undefined function: 32
Warning: TT: undefined function: 32
Warning: TT: undefined function: 32
Warning: TT: undefined function: 32
Warning: TT: undefined function: 32
Warning: TT: undefined function: 32
Warning: TT: undefined function: 32
Warning: TT: undefined function: 21
Warning: TT: undefined function: 21
Warning: TT: undefined function: 21
Warning: TT: undefined function: 32
Warning: TT: undefined function: 21
Warning: TT: undefined function: 21
Warning: TT: undefined function: 21
Warning: TT: undefined function: 32
Warning: TT: undefined function: 21
Warning: TT: undefined function: 21
Warning: TT: undefined function: 21
Warning: TT: undefined function: 21
Warning: TT: undefined function: 21
Warning: TT: undefined function: 21
Warning: TT: undefined function: 32
Warning: TT: undefined function: 21
Warning: TT: invalid function id: 136
Warning: TT: undefined function: 21
Warning: TT: undefined function: 32
Warning: TT: undefined function: 32
  800/31024 · 772 com texto · 28 vazios · 0 errosWarning: TT: undefined function: 21
Warning: TT: undefined function: 21
Warning: TT: undefined function: 21
Warning: TT: undefined function: 21
Warning: TT: undefined function: 21
Warning: TT: undefined function: 32
Warning: TT: undefined function: 32
Warning: TT: undefined function: 32
Warning: TT: undefined function: 21
Warning: TT: undefined function: 21
Warning: TT: undefined function: 32
Warning: TT: undefined function: 32
Warning: TT: undefined function: 32
Warning: TT: undefined function: 21
Warning: TT: undefined function: 32
Warning: TT: undefined function: 32
Warning: TT: undefined function: 21
Warning: TT: undefined function: 32
Warning: TT: undefined function: 32
Warning: TT: undefined function: 21
Warning: TT: undefined function: 32
Warning: TT: undefined function: 21
Warning: TT: undefined function: 32
  900/31024 · 870 com texto · 30 vazios · 0 errosWarning: TT: undefined function: 21
Warning: TT: undefined function: 32
  1000/31024 · 966 com texto · 34 vazios · 0 errosWarning: TT: undefined function: 32
Warning: TT: undefined function: 21
Warning: TT: undefined function: 32
Warning: TT: undefined function: 32
Warning: TT: undefined function: 21
Warning: TT: invalid function id: 136
Warning: TT: undefined function: 21
Warning: TT: undefined function: 32
Warning: TT: undefined function: 32
Warning: TT: undefined function: 32
Warning: TT: undefined function: 32
Warning: TT: undefined function: 32
  1100/31024 · 1059 com texto · 41 vazios · 0 errosWarning: TT: undefined function: 32
Warning: TT: undefined function: 32
Warning: TT: undefined function: 32
Warning: TT: undefined function: 32
Warning: TT: undefined function: 32
Warning: TT: undefined function: 21
Warning: TT: undefined function: 21
Warning: TT: invalid function id: 136
Warning: TT: undefined function: 32
Warning: TT: undefined function: 32
Warning: TT: undefined function: 21
Warning: TT: undefined function: 21
Warning: Indexing all PDF objects
  1200/31024 · 1148 com texto · 52 vazios · 0 errosWarning: TT: undefined function: 32
Warning: TT: undefined function: 32
Warning: TT: undefined function: 21
Warning: TT: invalid function id: 136
Warning: TT: undefined function: 21
Warning: TT: undefined function: 32
Warning: TT: undefined function: 32
Warning: TT: undefined function: 32
Warning: TT: undefined function: 32
Warning: TT: undefined function: 32
Warning: TT: undefined function: 32
Warning: TT: undefined function: 32
  1300/31024 · 1244 com texto · 56 vazios · 0 errosWarning: TT: undefined function: 32
Warning: TT: undefined function: 32
Warning: TT: undefined function: 32
Warning: TT: undefined function: 32
Warning: TT: undefined function: 21
Warning: TT: undefined function: 21
Warning: TT: undefined function: 21
Warning: TT: undefined function: 21
Warning: TT: undefined function: 21
Warning: TT: undefined function: 32
Warning: TT: undefined function: 32
Warning: TT: undefined function: 32
Warning: TT: undefined function: 21
Warning: TT: undefined function: 21
Warning: TT: undefined function: 21
  1400/31024 · 1337 com texto · 63 vazios · 0 errosWarning: TT: undefined function: 32
Warning: TT: undefined function: 32
Warning: TT: undefined function: 32
Warning: TT: undefined function: 32
Warning: TT: undefined function: 32
Warning: TT: undefined function: 32
Warning: TT: undefined function: 32
^C==== 15/07/2026 12:09:43,94 :: DOWNLOAD ==== 
(node:8984) Warning: SECURITY WARNING: The SSL modes 'prefer', 'require', and 'verify-ca' are treated as aliases for 'verify-full'.
In the next major version (pg-connection-string v3.0.0 and pg v9.0.0), these modes will adopt standard libpq semantics, which have weaker security guarantees.

To prepare for this change:
- If you want the current behavior, explicitly use 'sslmode=verify-full'
- If you want libpq compatibility now, use 'uselibpqcompat=true&sslmode=require'

See https://www.postgresql.org/docs/current/libpq-ssl.html for libpq SSL mode definitions.
(Use `node --trace-warnings ...` to show where the warning was created)
29.542 documentos a baixar (seleção por plataforma/modalidade) · conc 3
  100/29542 · 100 com texto · 0 vazios · 0 errosWarning: TT: undefined function: 21
Warning: TT: undefined function: 21
Warning: TT: undefined function: 21
Warning: TT: undefined function: 21
Warning: TT: undefined function: 21
Warning: TT: undefined function: 21
Warning: TT: undefined function: 21
Warning: TT: invalid function id: 136
Warning: TT: invalid function id: 136
Warning: TT: undefined function: 21
Warning: TT: undefined function: 21
Warning: TT: invalid function id: 136
Warning: TT: invalid function id: 136
Warning: TT: undefined function: 21
Warning: TT: undefined function: 32
Warning: TT: undefined function: 32
Warning: TT: undefined function: 32
Warning: TT: undefined function: 21
Warning: TT: undefined function: 32
Warning: TT: undefined function: 32
Warning: TT: undefined function: 21
Warning: TT: invalid function id: 136
Warning: TT: undefined function: 32
Warning: TT: undefined function: 21
Warning: TT: undefined function: 32
Warning: TT: undefined function: 32
Warning: TT: undefined function: 32
Warning: TT: undefined function: 32
Warning: TT: undefined function: 32
Warning: TT: undefined function: 32
Warning: TT: undefined function: 32
Warning: TT: undefined function: 32
Warning: TT: undefined function: 21
  200/29542 · 196 com texto · 4 vazios · 0 errosWarning: TT: undefined function: 32
Warning: TT: undefined function: 32
Warning: TT: undefined function: 32
Warning: TT: undefined function: 32
Warning: TT: undefined function: 32
Warning: TT: undefined function: 32
Warning: TT: undefined function: 32
Warning: TT: undefined function: 32
Warning: TT: undefined function: 32
Warning: TT: undefined function: 32
Warning: TT: undefined function: 32
Warning: TT: undefined function: 32
Warning: TT: undefined function: 21
Warning: TT: invalid function id: 136
Warning: TT: undefined function: 21
Warning: TT: undefined function: 32
Warning: TT: undefined function: 21
Warning: TT: undefined function: 21
Warning: TT: undefined function: 21
Warning: TT: undefined function: 21
Warning: TT: undefined function: 21
Warning: TT: undefined function: 21
Warning: TT: undefined function: 21
Warning: TT: undefined function: 21
Warning: TT: undefined function: 21
Warning: TT: undefined function: 21
Warning: TT: undefined function: 21
Warning: TT: invalid function id: 136
Warning: TT: invalid function id: 136
  300/29542 · 288 com texto · 12 vazios · 0 errosWarning: TT: undefined function: 21
Warning: TT: undefined function: 21
Warning: TT: undefined function: 21
Warning: TT: undefined function: 21
Warning: TT: undefined function: 32
Warning: TT: undefined function: 21
Warning: TT: undefined function: 32
Warning: TT: undefined function: 32
Warning: TT: undefined function: 32
Warning: TT: undefined function: 21
  400/29542 · 380 com texto · 20 vazios · 0 erros  500/29542 · 478 com texto · 22 vazios · 0 errosWarning: TT: undefined function: 32
Warning: TT: undefined function: 32
Warning: TT: undefined function: 21
  600/29542 · 576 com texto · 24 vazios · 0 errosWarning: TT: undefined function: 3
Warning: TT: undefined function: 32
Warning: TT: undefined function: 21
Warning: TT: undefined function: 32
Warning: TT: undefined function: 32
Warning: TT: undefined function: 32
Warning: TT: undefined function: 32
Warning: TT: undefined function: 21
Warning: TT: undefined function: 21
Warning: TT: undefined function: 21
Warning: TT: undefined function: 21
Warning: TT: undefined function: 21
  700/29542 · 674 com texto · 26 vazios · 0 errosWarning: TT: undefined function: 21
Warning: TT: undefined function: 21
Warning: TT: undefined function: 32
Warning: TT: undefined function: 21
Warning: TT: undefined function: 21
Warning: TT: undefined function: 21
Warning: TT: undefined function: 21
Warning: TT: undefined function: 32
Warning: TT: undefined function: 21
Warning: TT: undefined function: 21
Warning: TT: undefined function: 21
Warning: TT: undefined function: 21
Warning: TT: undefined function: 32
Warning: TT: undefined function: 21
Warning: TT: undefined function: 32
Warning: TT: undefined function: 32
Warning: TT: undefined function: 32
Warning: TT: undefined function: 32
Warning: TT: undefined function: 32
Warning: TT: undefined function: 32
Warning: TT: undefined function: 21
Warning: TT: undefined function: 21
Warning: TT: undefined function: 32
Warning: TT: undefined function: 21
Warning: TT: undefined function: 21
Warning: TT: undefined function: 32
Warning: TT: undefined function: 21
Warning: TT: undefined function: 32
Warning: TT: undefined function: 21
Warning: TT: undefined function: 32
Warning: TT: undefined function: 32
Warning: TT: undefined function: 32
Warning: TT: undefined function: 32
Warning: TT: undefined function: 21
Warning: TT: undefined function: 21
Warning: TT: undefined function: 21
Warning: TT: undefined function: 21
Warning: TT: undefined function: 21
Warning: TT: undefined function: 21
Warning: TT: undefined function: 21
Warning: TT: undefined function: 21
Warning: TT: undefined function: 21
Warning: TT: undefined function: 21
Warning: TT: undefined function: 21
Warning: TT: undefined function: 21
Warning: TT: undefined function: 21
Warning: TT: undefined function: 21
Warning: TT: undefined function: 21
Warning: TT: undefined function: 32
Warning: TT: undefined function: 21
Warning: TT: undefined function: 32
  800/29542 · 774 com texto · 26 vazios · 0 errosWarning: TT: undefined function: 21
Warning: TT: undefined function: 32
Warning: TT: undefined function: 32
Warning: TT: undefined function: 21
Warning: TT: undefined function: 21
Warning: TT: undefined function: 21
Warning: TT: undefined function: 21
Warning: TT: undefined function: 21
Warning: TT: undefined function: 32
Warning: TT: undefined function: 32
Warning: TT: undefined function: 21
Warning: TT: undefined function: 21
Warning: TT: undefined function: 21
Warning: TT: undefined function: 21
Warning: TT: undefined function: 21
Warning: TT: undefined function: 32
Warning: TT: undefined function: 21
Warning: TT: undefined function: 21
  900/29542 · 863 com texto · 37 vazios · 0 errosWarning: TT: undefined function: 32
Warning: TT: undefined function: 32
Warning: TT: undefined function: 32
Warning: TT: undefined function: 32
Warning: TT: undefined function: 32
Warning: TT: undefined function: 32
Warning: TT: undefined function: 32
Warning: TT: undefined function: 32
Warning: TT: undefined function: 32
Warning: TT: undefined function: 32
Warning: TT: undefined function: 32
Warning: TT: undefined function: 32
  1000/29542 · 955 com texto · 45 vazios · 0 errosWarning: TT: undefined function: 32
Warning: TT: undefined function: 32
Warning: TT: undefined function: 32
Warning: TT: undefined function: 32
Warning: TT: undefined function: 32
Warning: TT: undefined function: 32
Warning: TT: undefined function: 32
Warning: TT: undefined function: 21
Warning: TT: undefined function: 32
Warning: TT: undefined function: 32
Warning: TT: undefined function: 32
Warning: TT: undefined function: 21
Warning: TT: invalid function id: 136
Warning: TT: undefined function: 32
Warning: TT: undefined function: 32
Warning: TT: undefined function: 32
Warning: TT: undefined function: 21
Warning: TT: undefined function: 32
Warning: TT: undefined function: 32
Warning: TT: undefined function: 21
Warning: TT: undefined function: 32
  1100/29542 · 1055 com texto · 45 vazios · 0 errosWarning: TT: undefined function: 32
Warning: TT: undefined function: 21
Warning: TT: undefined function: 32
Warning: TT: undefined function: 21
Warning: TT: undefined function: 21
  1200/29542 · 1155 com texto · 45 vazios · 0 erros  1300/29542 · 1255 com texto · 45 vazios · 0 erros  1400/29542 · 1352 com texto · 48 vazios · 0 errosWarning: TT: undefined function: 21
Warning: TT: undefined function: 21
Warning: TT: undefined function: 32
Warning: TT: undefined function: 32
Warning: TT: undefined function: 21
Warning: TT: undefined function: 32
Warning: TT: undefined function: 21
Warning: TT: undefined function: 21
Warning: TT: undefined function: 21
Warning: TT: undefined function: 21
Warning: TT: undefined function: 21
Warning: TT: undefined function: 21
Warning: TT: undefined function: 21
Warning: TT: undefined function: 21
Warning: TT: undefined function: 21
Warning: TT: undefined function: 32
Warning: TT: undefined function: 32
Warning: TT: undefined function: 32
Warning: TT: undefined function: 32
Warning: TT: undefined function: 32
Warning: TT: undefined function: 32
Warning: TT: undefined function: 32
Warning: TT: undefined function: 32
Warning: TT: undefined function: 21
Warning: TT: undefined function: 21
Warning: TT: undefined function: 21
Warning: TT: undefined function: 21
Warning: TT: undefined function: 21
Warning: TT: undefined function: 32
Warning: TT: undefined function: 32
  1500/29542 · 1451 com texto · 49 vazios · 0 errosWarning: TT: undefined function: 21
Warning: TT: undefined function: 21
Warning: TT: undefined function: 32
Warning: TT: undefined function: 32
Warning: TT: undefined function: 32
Warning: TT: undefined function: 32
Warning: TT: undefined function: 32
Warning: TT: undefined function: 32
  1600/29542 · 1551 com texto · 49 vazios · 0 errosWarning: TT: undefined function: 32
Warning: TT: undefined function: 21
Warning: TT: undefined function: 32
Warning: TT: undefined function: 32
Warning: TT: undefined function: 32
Warning: TT: undefined function: 32
Warning: TT: undefined function: 32
Warning: TT: undefined function: 32
Warning: TT: undefined function: 32
  1700/29542 · 1651 com texto · 49 vazios · 0 errosWarning: TT: undefined function: 21
Warning: TT: undefined function: 21
Warning: TT: undefined function: 21
Warning: TT: undefined function: 21
Warning: TT: undefined function: 21
Warning: TT: undefined function: 32
Warning: TT: undefined function: 21
Warning: TT: undefined function: 32
Warning: TT: undefined function: 21
Warning: TT: undefined function: 32
  1800/29542 · 1751 com texto · 49 vazios · 0 errosWarning: TT: undefined function: 32
Warning: TT: undefined function: 32
Warning: TT: undefined function: 32
Warning: TT: undefined function: 21
Warning: TT: undefined function: 32
Warning: TT: undefined function: 21
Warning: TT: undefined function: 32
Warning: TT: undefined function: 32
Warning: TT: undefined function: 32
Warning: TT: undefined function: 32
Warning: TT: undefined function: 21
Warning: TT: undefined function: 21
Warning: TT: undefined function: 32
  1900/29542 · 1851 com texto · 49 vazios · 0 errosWarning: TT: undefined function: 32
Warning: Required "glyf" table is not found -- trying to recover.
Warning: Required "glyf" table is not found -- trying to recover.
  2000/29542 · 1949 com texto · 51 vazios · 0 errosWarning: TT: undefined function: 21
Warning: TT: undefined function: 21
Warning: TT: undefined function: 21
Warning: TT: invalid function id: 136
Warning: TT: invalid function id: 136
Warning: TT: undefined function: 32
Warning: TT: undefined function: 21
Warning: TT: undefined function: 21
Warning: TT: undefined function: 21
Warning: TT: undefined function: 21
Warning: TT: undefined function: 32
Warning: TT: undefined function: 32
  2100/29542 · 2031 com texto · 69 vazios · 0 errosWarning: TT: undefined function: 32
Warning: TT: undefined function: 21
Warning: TT: undefined function: 32
Warning: TT: undefined function: 21
Warning: TT: undefined function: 21
Warning: TT: undefined function: 21
Warning: TT: undefined function: 32
Warning: TT: undefined function: 32
Warning: TT: undefined function: 32
Warning: TT: undefined function: 32
Warning: TT: undefined function: 32
Warning: TT: undefined function: 32
Warning: TT: undefined function: 32
Warning: TT: undefined function: 32
Warning: TT: undefined function: 32
Warning: TT: undefined function: 21
Warning: TT: undefined function: 21
Warning: TT: undefined function: 32
Warning: TT: undefined function: 32
Warning: TT: undefined function: 21
Warning: TT: undefined function: 32
Warning: TT: undefined function: 21
Warning: TT: undefined function: 21
Warning: TT: invalid function id: 136
Warning: TT: undefined function: 32
Warning: TT: undefined function: 32
Warning: TT: undefined function: 32
Warning: TT: undefined function: 21
Warning: TT: invalid function id: 136
Warning: TT: undefined function: 32
Warning: TT: undefined function: 21
Warning: TT: undefined function: 32
Warning: TT: undefined function: 21
Warning: TT: undefined function: 32
Warning: TT: undefined function: 32
Warning: TT: undefined function: 32
Warning: TT: undefined function: 21
Warning: TT: undefined function: 21
Warning: TT: undefined function: 32
Warning: TT: undefined function: 21
Warning: TT: undefined function: 21
Warning: TT: undefined function: 21
Warning: TT: undefined function: 21
Warning: TT: invalid function id: 136
Warning: TT: invalid function id: 136
Warning: TT: undefined function: 32
Warning: CCITTFaxStream: Falling back to JS CCITTFax decoder.
Warning: CCITTFaxStream: Falling back to JS CCITTFax decoder.
Warning: CCITTFaxStream: Falling back to JS CCITTFax decoder.
Warning: CCITTFaxStream: Falling back to JS CCITTFax decoder.
Warning: TT: undefined function: 32
Warning: CCITTFaxStream: Falling back to JS CCITTFax decoder.
Warning: CCITTFaxStream: Falling back to JS CCITTFax decoder.
Warning: CCITTFaxStream: Falling back to JS CCITTFax decoder.
Warning: CCITTFaxStream: Falling back to JS CCITTFax decoder.
Warning: CCITTFaxStream: Falling back to JS CCITTFax decoder.
Warning: CCITTFaxStream: Falling back to JS CCITTFax decoder.
Warning: CCITTFaxStream: Falling back to JS CCITTFax decoder.
Warning: CCITTFaxStream: Falling back to JS CCITTFax decoder.
Warning: CCITTFaxStream: Falling back to JS CCITTFax decoder.
Warning: CCITTFaxStream: Falling back to JS CCITTFax decoder.
Warning: CCITTFaxStream: Falling back to JS CCITTFax decoder.
Warning: CCITTFaxStream: Falling back to JS CCITTFax decoder.
Warning: CCITTFaxStream: Falling back to JS CCITTFax decoder.
Warning: CCITTFaxStream: Falling back to JS CCITTFax decoder.
Warning: CCITTFaxStream: Falling back to JS CCITTFax decoder.
Warning: TT: undefined function: 21
Warning: CCITTFaxStream: Falling back to JS CCITTFax decoder.
Warning: CCITTFaxStream: Falling back to JS CCITTFax decoder.
Warning: CCITTFaxStream: Falling back to JS CCITTFax decoder.
Warning: CCITTFaxStream: Falling back to JS CCITTFax decoder.
Warning: CCITTFaxStream: Falling back to JS CCITTFax decoder.
Warning: CCITTFaxStream: Falling back to JS CCITTFax decoder.
Warning: CCITTFaxStream: Falling back to JS CCITTFax decoder.
Warning: CCITTFaxStream: Falling back to JS CCITTFax decoder.
Warning: CCITTFaxStream: Falling back to JS CCITTFax decoder.
Warning: CCITTFaxStream: Falling back to JS CCITTFax decoder.
Warning: CCITTFaxStream: Falling back to JS CCITTFax decoder.
Warning: CCITTFaxStream: Falling back to JS CCITTFax decoder.
Warning: CCITTFaxStream: Falling back to JS CCITTFax decoder.
Warning: CCITTFaxStream: Falling back to JS CCITTFax decoder.
Warning: CCITTFaxStream: Falling back to JS CCITTFax decoder.
Warning: CCITTFaxStream: Falling back to JS CCITTFax decoder.
Warning: CCITTFaxStream: Falling back to JS CCITTFax decoder.
Warning: CCITTFaxStream: Falling back to JS CCITTFax decoder.
Warning: CCITTFaxStream: Falling back to JS CCITTFax decoder.
Warning: CCITTFaxStream: Falling back to JS CCITTFax decoder.
Warning: CCITTFaxStream: Falling back to JS CCITTFax decoder.
Warning: CCITTFaxStream: Falling back to JS CCITTFax decoder.
Warning: CCITTFaxStream: Falling back to JS CCITTFax decoder.
Warning: CCITTFaxStream: Falling back to JS CCITTFax decoder.
Warning: CCITTFaxStream: Falling back to JS CCITTFax decoder.
Warning: CCITTFaxStream: Falling back to JS CCITTFax decoder.
Warning: CCITTFaxStream: Falling back to JS CCITTFax decoder.
Warning: CCITTFaxStream: Falling back to JS CCITTFax decoder.
Warning: CCITTFaxStream: Falling back to JS CCITTFax decoder.
Warning: CCITTFaxStream: Falling back to JS CCITTFax decoder.
Warning: CCITTFaxStream: Falling back to JS CCITTFax decoder.
Warning: CCITTFaxStream: Falling back to JS CCITTFax decoder.
Warning: CCITTFaxStream: Falling back to JS CCITTFax decoder.
Warning: CCITTFaxStream: Falling back to JS CCITTFax decoder.
Warning: CCITTFaxStream: Falling back to JS CCITTFax decoder.
Warning: CCITTFaxStream: Falling back to JS CCITTFax decoder.
Warning: CCITTFaxStream: Falling back to JS CCITTFax decoder.
Warning: CCITTFaxStream: Falling back to JS CCITTFax decoder.
Warning: CCITTFaxStream: Falling back to JS CCITTFax decoder.
Warning: CCITTFaxStream: Falling back to JS CCITTFax decoder.
Warning: CCITTFaxStream: Falling back to JS CCITTFax decoder.
Warning: CCITTFaxStream: Falling back to JS CCITTFax decoder.
Warning: CCITTFaxStream: Falling back to JS CCITTFax decoder.
Warning: CCITTFaxStream: Falling back to JS CCITTFax decoder.
Warning: CCITTFaxStream: Falling back to JS CCITTFax decoder.
Warning: CCITTFaxStream: Falling back to JS CCITTFax decoder.
Warning: CCITTFaxStream: Falling back to JS CCITTFax decoder.
Warning: CCITTFaxStream: Falling back to JS CCITTFax decoder.
Warning: CCITTFaxStream: Falling back to JS CCITTFax decoder.
Warning: CCITTFaxStream: Falling back to JS CCITTFax decoder.
Warning: CCITTFaxStream: Falling back to JS CCITTFax decoder.
Warning: CCITTFaxStream: Falling back to JS CCITTFax decoder.
Warning: CCITTFaxStream: Falling back to JS CCITTFax decoder.
Warning: CCITTFaxStream: Falling back to JS CCITTFax decoder.
Warning: CCITTFaxStream: Falling back to JS CCITTFax decoder.
Warning: CCITTFaxStream: Falling back to JS CCITTFax decoder.
Warning: CCITTFaxStream: Falling back to JS CCITTFax decoder.
Warning: CCITTFaxStream: Falling back to JS CCITTFax decoder.
Warning: CCITTFaxStream: Falling back to JS CCITTFax decoder.
Warning: CCITTFaxStream: Falling back to JS CCITTFax decoder.
Warning: CCITTFaxStream: Falling back to JS CCITTFax decoder.
Warning: CCITTFaxStream: Falling back to JS CCITTFax decoder.
Warning: CCITTFaxStream: Falling back to JS CCITTFax decoder.
Warning: CCITTFaxStream: Falling back to JS CCITTFax decoder.
Warning: CCITTFaxStream: Falling back to JS CCITTFax decoder.
Warning: CCITTFaxStream: Falling back to JS CCITTFax decoder.
Warning: CCITTFaxStream: Falling back to JS CCITTFax decoder.
Warning: CCITTFaxStream: Falling back to JS CCITTFax decoder.
Warning: CCITTFaxStream: Falling back to JS CCITTFax decoder.
Warning: CCITTFaxStream: Falling back to JS CCITTFax decoder.
Warning: CCITTFaxStream: Falling back to JS CCITTFax decoder.
Warning: CCITTFaxStream: Falling back to JS CCITTFax decoder.
Warning: CCITTFaxStream: Falling back to JS CCITTFax decoder.
Warning: CCITTFaxStream: Falling back to JS CCITTFax decoder.
Warning: CCITTFaxStream: Falling back to JS CCITTFax decoder.
Warning: CCITTFaxStream: Falling back to JS CCITTFax decoder.
Warning: CCITTFaxStream: Falling back to JS CCITTFax decoder.
Warning: CCITTFaxStream: Falling back to JS CCITTFax decoder.
Warning: CCITTFaxStream: Falling back to JS CCITTFax decoder.
Warning: CCITTFaxStream: Falling back to JS CCITTFax decoder.
Warning: CCITTFaxStream: Falling back to JS CCITTFax decoder.
Warning: CCITTFaxStream: Falling back to JS CCITTFax decoder.
Warning: CCITTFaxStream: Falling back to JS CCITTFax decoder.
Warning: CCITTFaxStream: Falling back to JS CCITTFax decoder.
Warning: CCITTFaxStream: Falling back to JS CCITTFax decoder.
Warning: CCITTFaxStream: Falling back to JS CCITTFax decoder.
Warning: CCITTFaxStream: Falling back to JS CCITTFax decoder.
Warning: CCITTFaxStream: Falling back to JS CCITTFax decoder.
Warning: CCITTFaxStream: Falling back to JS CCITTFax decoder.
Warning: CCITTFaxStream: Falling back to JS CCITTFax decoder.
Warning: CCITTFaxStream: Falling back to JS CCITTFax decoder.
Warning: CCITTFaxStream: Falling back to JS CCITTFax decoder.
Warning: CCITTFaxStream: Falling back to JS CCITTFax decoder.
Warning: CCITTFaxStream: Falling back to JS CCITTFax decoder.
Warning: CCITTFaxStream: Falling back to JS CCITTFax decoder.
Warning: CCITTFaxStream: Falling back to JS CCITTFax decoder.
Warning: CCITTFaxStream: Falling back to JS CCITTFax decoder.
Warning: CCITTFaxStream: Falling back to JS CCITTFax decoder.
Warning: CCITTFaxStream: Falling back to JS CCITTFax decoder.
Warning: CCITTFaxStream: Falling back to JS CCITTFax decoder.
Warning: CCITTFaxStream: Falling back to JS CCITTFax decoder.
Warning: CCITTFaxStream: Falling back to JS CCITTFax decoder.
Warning: CCITTFaxStream: Falling back to JS CCITTFax decoder.
Warning: CCITTFaxStream: Falling back to JS CCITTFax decoder.
Warning: CCITTFaxStream: Falling back to JS CCITTFax decoder.
Warning: CCITTFaxStream: Falling back to JS CCITTFax decoder.
Warning: CCITTFaxStream: Falling back to JS CCITTFax decoder.
Warning: CCITTFaxStream: Falling back to JS CCITTFax decoder.
Warning: CCITTFaxStream: Falling back to JS CCITTFax decoder.
Warning: CCITTFaxStream: Falling back to JS CCITTFax decoder.
Warning: CCITTFaxStream: Falling back to JS CCITTFax decoder.
Warning: CCITTFaxStream: Falling back to JS CCITTFax decoder.
Warning: CCITTFaxStream: Falling back to JS CCITTFax decoder.
Warning: CCITTFaxStream: Falling back to JS CCITTFax decoder.
Warning: CCITTFaxStream: Falling back to JS CCITTFax decoder.
Warning: CCITTFaxStream: Falling back to JS CCITTFax decoder.
Warning: CCITTFaxStream: Falling back to JS CCITTFax decoder.
Warning: CCITTFaxStream: Falling back to JS CCITTFax decoder.
Warning: CCITTFaxStream: Falling back to JS CCITTFax decoder.
Warning: CCITTFaxStream: Falling back to JS CCITTFax decoder.
Warning: CCITTFaxStream: Falling back to JS CCITTFax decoder.
Warning: CCITTFaxStream: Falling back to JS CCITTFax decoder.
Warning: CCITTFaxStream: Falling back to JS CCITTFax decoder.
Warning: CCITTFaxStream: Falling back to JS CCITTFax decoder.
Warning: CCITTFaxStream: Falling back to JS CCITTFax decoder.
Warning: CCITTFaxStream: Falling back to JS CCITTFax decoder.
Warning: CCITTFaxStream: Falling back to JS CCITTFax decoder.
Warning: CCITTFaxStream: Falling back to JS CCITTFax decoder.
Warning: CCITTFaxStream: Falling back to JS CCITTFax decoder.
Warning: CCITTFaxStream: Falling back to JS CCITTFax decoder.
Warning: CCITTFaxStream: Falling back to JS CCITTFax decoder.
Warning: CCITTFaxStream: Falling back to JS CCITTFax decoder.
Warning: CCITTFaxStream: Falling back to JS CCITTFax decoder.
Warning: CCITTFaxStream: Falling back to JS CCITTFax decoder.
Warning: CCITTFaxStream: Falling back to JS CCITTFax decoder.
Warning: CCITTFaxStream: Falling back to JS CCITTFax decoder.
Warning: CCITTFaxStream: Falling back to JS CCITTFax decoder.
Warning: CCITTFaxStream: Falling back to JS CCITTFax decoder.
Warning: CCITTFaxStream: Falling back to JS CCITTFax decoder.
Warning: CCITTFaxStream: Falling back to JS CCITTFax decoder.
Warning: CCITTFaxStream: Falling back to JS CCITTFax decoder.
Warning: CCITTFaxStream: Falling back to JS CCITTFax decoder.
Warning: CCITTFaxStream: Falling back to JS CCITTFax decoder.
Warning: CCITTFaxStream: Falling back to JS CCITTFax decoder.
Warning: CCITTFaxStream: Falling back to JS CCITTFax decoder.
Warning: CCITTFaxStream: Falling back to JS CCITTFax decoder.
Warning: CCITTFaxStream: Falling back to JS CCITTFax decoder.
Warning: CCITTFaxStream: Falling back to JS CCITTFax decoder.
Warning: CCITTFaxStream: Falling back to JS CCITTFax decoder.
Warning: CCITTFaxStream: Falling back to JS CCITTFax decoder.
Warning: CCITTFaxStream: Falling back to JS CCITTFax decoder.
Warning: CCITTFaxStream: Falling back to JS CCITTFax decoder.
Warning: CCITTFaxStream: Falling back to JS CCITTFax decoder.
Warning: CCITTFaxStream: Falling back to JS CCITTFax decoder.
Warning: CCITTFaxStream: Falling back to JS CCITTFax decoder.
Warning: CCITTFaxStream: Falling back to JS CCITTFax decoder.
Warning: CCITTFaxStream: Falling back to JS CCITTFax decoder.
Warning: CCITTFaxStream: Falling back to JS CCITTFax decoder.
Warning: CCITTFaxStream: Falling back to JS CCITTFax decoder.
Warning: CCITTFaxStream: Falling back to JS CCITTFax decoder.
Warning: CCITTFaxStream: Falling back to JS CCITTFax decoder.
Warning: CCITTFaxStream: Falling back to JS CCITTFax decoder.
Warning: CCITTFaxStream: Falling back to JS CCITTFax decoder.
Warning: CCITTFaxStream: Falling back to JS CCITTFax decoder.
Warning: CCITTFaxStream: Falling back to JS CCITTFax decoder.
Warning: CCITTFaxStream: Falling back to JS CCITTFax decoder.
Warning: CCITTFaxStream: Falling back to JS CCITTFax decoder.
Warning: CCITTFaxStream: Falling back to JS CCITTFax decoder.
Warning: CCITTFaxStream: Falling back to JS CCITTFax decoder.
Warning: CCITTFaxStream: Falling back to JS CCITTFax decoder.
Warning: CCITTFaxStream: Falling back to JS CCITTFax decoder.
Warning: CCITTFaxStream: Falling back to JS CCITTFax decoder.
Warning: CCITTFaxStream: Falling back to JS CCITTFax decoder.
Warning: CCITTFaxStream: Falling back to JS CCITTFax decoder.
Warning: CCITTFaxStream: Falling back to JS CCITTFax decoder.
Warning: CCITTFaxStream: Falling back to JS CCITTFax decoder.
Warning: CCITTFaxStream: Falling back to JS CCITTFax decoder.
Warning: CCITTFaxStream: Falling back to JS CCITTFax decoder.
Warning: CCITTFaxStream: Falling back to JS CCITTFax decoder.
Warning: CCITTFaxStream: Falling back to JS CCITTFax decoder.
Warning: CCITTFaxStream: Falling back to JS CCITTFax decoder.
Warning: CCITTFaxStream: Falling back to JS CCITTFax decoder.
Warning: CCITTFaxStream: Falling back to JS CCITTFax decoder.
Warning: CCITTFaxStream: Falling back to JS CCITTFax decoder.
Warning: CCITTFaxStream: Falling back to JS CCITTFax decoder.
Warning: CCITTFaxStream: Falling back to JS CCITTFax decoder.
Warning: CCITTFaxStream: Falling back to JS CCITTFax decoder.
Warning: CCITTFaxStream: Falling back to JS CCITTFax decoder.
Warning: CCITTFaxStream: Falling back to JS CCITTFax decoder.
Warning: CCITTFaxStream: Falling back to JS CCITTFax decoder.
Warning: CCITTFaxStream: Falling back to JS CCITTFax decoder.
Warning: CCITTFaxStream: Falling back to JS CCITTFax decoder.
Warning: CCITTFaxStream: Falling back to JS CCITTFax decoder.
Warning: CCITTFaxStream: Falling back to JS CCITTFax decoder.
Warning: CCITTFaxStream: Falling back to JS CCITTFax decoder.
Warning: CCITTFaxStream: Falling back to JS CCITTFax decoder.
Warning: CCITTFaxStream: Falling back to JS CCITTFax decoder.
Warning: CCITTFaxStream: Falling back to JS CCITTFax decoder.
Warning: CCITTFaxStream: Falling back to JS CCITTFax decoder.
Warning: CCITTFaxStream: Falling back to JS CCITTFax decoder.
Warning: CCITTFaxStream: Falling back to JS CCITTFax decoder.
Warning: CCITTFaxStream: Falling back to JS CCITTFax decoder.
Warning: CCITTFaxStream: Falling back to JS CCITTFax decoder.
Warning: CCITTFaxStream: Falling back to JS CCITTFax decoder.
Warning: CCITTFaxStream: Falling back to JS CCITTFax decoder.
Warning: CCITTFaxStream: Falling back to JS CCITTFax decoder.
Warning: CCITTFaxStream: Falling back to JS CCITTFax decoder.
Warning: CCITTFaxStream: Falling back to JS CCITTFax decoder.
Warning: CCITTFaxStream: Falling back to JS CCITTFax decoder.
Warning: CCITTFaxStream: Falling back to JS CCITTFax decoder.
Warning: CCITTFaxStream: Falling back to JS CCITTFax decoder.
Warning: CCITTFaxStream: Falling back to JS CCITTFax decoder.
Warning: CCITTFaxStream: Falling back to JS CCITTFax decoder.
Warning: CCITTFaxStream: Falling back to JS CCITTFax decoder.
Warning: CCITTFaxStream: Falling back to JS CCITTFax decoder.
Warning: CCITTFaxStream: Falling back to JS CCITTFax decoder.
Warning: CCITTFaxStream: Falling back to JS CCITTFax decoder.
Warning: CCITTFaxStream: Falling back to JS CCITTFax decoder.
Warning: CCITTFaxStream: Falling back to JS CCITTFax decoder.
Warning: CCITTFaxStream: Falling back to JS CCITTFax decoder.
Warning: CCITTFaxStream: Falling back to JS CCITTFax decoder.
Warning: CCITTFaxStream: Falling back to JS CCITTFax decoder.
Warning: CCITTFaxStream: Falling back to JS CCITTFax decoder.
Warning: CCITTFaxStream: Falling back to JS CCITTFax decoder.
Warning: CCITTFaxStream: Falling back to JS CCITTFax decoder.
Warning: CCITTFaxStream: Falling back to JS CCITTFax decoder.
Warning: CCITTFaxStream: Falling back to JS CCITTFax decoder.
Warning: CCITTFaxStream: Falling back to JS CCITTFax decoder.
Warning: CCITTFaxStream: Falling back to JS CCITTFax decoder.
Warning: CCITTFaxStream: Falling back to JS CCITTFax decoder.
Warning: CCITTFaxStream: Falling back to JS CCITTFax decoder.
Warning: CCITTFaxStream: Falling back to JS CCITTFax decoder.
Warning: CCITTFaxStream: Falling back to JS CCITTFax decoder.
Warning: CCITTFaxStream: Falling back to JS CCITTFax decoder.
Warning: CCITTFaxStream: Falling back to JS CCITTFax decoder.
Warning: CCITTFaxStream: Falling back to JS CCITTFax decoder.
Warning: CCITTFaxStream: Falling back to JS CCITTFax decoder.
Warning: CCITTFaxStream: Falling back to JS CCITTFax decoder.
Warning: CCITTFaxStream: Falling back to JS CCITTFax decoder.
Warning: CCITTFaxStream: Falling back to JS CCITTFax decoder.
Warning: CCITTFaxStream: Falling back to JS CCITTFax decoder.
Warning: CCITTFaxStream: Falling back to JS CCITTFax decoder.
Warning: CCITTFaxStream: Falling back to JS CCITTFax decoder.
Warning: CCITTFaxStream: Falling back to JS CCITTFax decoder.
Warning: CCITTFaxStream: Falling back to JS CCITTFax decoder.
Warning: CCITTFaxStream: Falling back to JS CCITTFax decoder.
Warning: CCITTFaxStream: Falling back to JS CCITTFax decoder.
Warning: CCITTFaxStream: Falling back to JS CCITTFax decoder.
Warning: CCITTFaxStream: Falling back to JS CCITTFax decoder.
Warning: CCITTFaxStream: Falling back to JS CCITTFax decoder.
Warning: CCITTFaxStream: Falling back to JS CCITTFax decoder.
Warning: CCITTFaxStream: Falling back to JS CCITTFax decoder.
Warning: CCITTFaxStream: Falling back to JS CCITTFax decoder.
Warning: CCITTFaxStream: Falling back to JS CCITTFax decoder.
Warning: CCITTFaxStream: Falling back to JS CCITTFax decoder.
Warning: CCITTFaxStream: Falling back to JS CCITTFax decoder.
Warning: CCITTFaxStream: Falling back to JS CCITTFax decoder.
Warning: CCITTFaxStream: Falling back to JS CCITTFax decoder.
Warning: CCITTFaxStream: Falling back to JS CCITTFax decoder.
Warning: CCITTFaxStream: Falling back to JS CCITTFax decoder.
Warning: CCITTFaxStream: Falling back to JS CCITTFax decoder.
Warning: CCITTFaxStream: Falling back to JS CCITTFax decoder.
Warning: CCITTFaxStream: Falling back to JS CCITTFax decoder.
Warning: CCITTFaxStream: Falling back to JS CCITTFax decoder.
Warning: CCITTFaxStream: Falling back to JS CCITTFax decoder.
Warning: CCITTFaxStream: Falling back to JS CCITTFax decoder.
Warning: CCITTFaxStream: Falling back to JS CCITTFax decoder.
Warning: CCITTFaxStream: Falling back to JS CCITTFax decoder.
Warning: CCITTFaxStream: Falling back to JS CCITTFax decoder.
Warning: CCITTFaxStream: Falling back to JS CCITTFax decoder.
Warning: CCITTFaxStream: Falling back to JS CCITTFax decoder.
Warning: CCITTFaxStream: Falling back to JS CCITTFax decoder.
Warning: CCITTFaxStream: Falling back to JS CCITTFax decoder.
Warning: CCITTFaxStream: Falling back to JS CCITTFax decoder.
Warning: CCITTFaxStream: Falling back to JS CCITTFax decoder.
Warning: CCITTFaxStream: Falling back to JS CCITTFax decoder.
Warning: CCITTFaxStream: Falling back to JS CCITTFax decoder.
Warning: CCITTFaxStream: Falling back to JS CCITTFax decoder.
Warning: CCITTFaxStream: Falling back to JS CCITTFax decoder.
Warning: CCITTFaxStream: Falling back to JS CCITTFax decoder.
Warning: CCITTFaxStream: Falling back to JS CCITTFax decoder.
Warning: CCITTFaxStream: Falling back to JS CCITTFax decoder.
Warning: CCITTFaxStream: Falling back to JS CCITTFax decoder.
Warning: CCITTFaxStream: Falling back to JS CCITTFax decoder.
Warning: CCITTFaxStream: Falling back to JS CCITTFax decoder.
Warning: CCITTFaxStream: Falling back to JS CCITTFax decoder.
Warning: CCITTFaxStream: Falling back to JS CCITTFax decoder.
Warning: CCITTFaxStream: Falling back to JS CCITTFax decoder.
Warning: CCITTFaxStream: Falling back to JS CCITTFax decoder.
Warning: CCITTFaxStream: Falling back to JS CCITTFax decoder.
Warning: CCITTFaxStream: Falling back to JS CCITTFax decoder.
Warning: CCITTFaxStream: Falling back to JS CCITTFax decoder.
Warning: CCITTFaxStream: Falling back to JS CCITTFax decoder.
Warning: CCITTFaxStream: Falling back to JS CCITTFax decoder.
Warning: CCITTFaxStream: Falling back to JS CCITTFax decoder.
Warning: CCITTFaxStream: Falling back to JS CCITTFax decoder.
Warning: CCITTFaxStream: Falling back to JS CCITTFax decoder.
Warning: CCITTFaxStream: Falling back to JS CCITTFax decoder.
Warning: CCITTFaxStream: Falling back to JS CCITTFax decoder.
Warning: CCITTFaxStream: Falling back to JS CCITTFax decoder.
Warning: CCITTFaxStream: Falling back to JS CCITTFax decoder.
Warning: CCITTFaxStream: Falling back to JS CCITTFax decoder.
Warning: CCITTFaxStream: Falling back to JS CCITTFax decoder.
Warning: CCITTFaxStream: Falling back to JS CCITTFax decoder.
Warning: CCITTFaxStream: Falling back to JS CCITTFax decoder.
Warning: CCITTFaxStream: Falling back to JS CCITTFax decoder.
Warning: CCITTFaxStream: Falling back to JS CCITTFax decoder.
Warning: CCITTFaxStream: Falling back to JS CCITTFax decoder.
Warning: CCITTFaxStream: Falling back to JS CCITTFax decoder.
Warning: CCITTFaxStream: Falling back to JS CCITTFax decoder.
Warning: CCITTFaxStream: Falling back to JS CCITTFax decoder.
Warning: CCITTFaxStream: Falling back to JS CCITTFax decoder.
Warning: CCITTFaxStream: Falling back to JS CCITTFax decoder.
Warning: CCITTFaxStream: Falling back to JS CCITTFax decoder.
Warning: CCITTFaxStream: Falling back to JS CCITTFax decoder.
Warning: CCITTFaxStream: Falling back to JS CCITTFax decoder.
Warning: CCITTFaxStream: Falling back to JS CCITTFax decoder.
Warning: CCITTFaxStream: Falling back to JS CCITTFax decoder.
Warning: CCITTFaxStream: Falling back to JS CCITTFax decoder.
Warning: CCITTFaxStream: Falling back to JS CCITTFax decoder.
Warning: CCITTFaxStream: Falling back to JS CCITTFax decoder.
Warning: CCITTFaxStream: Falling back to JS CCITTFax decoder.
Warning: CCITTFaxStream: Falling back to JS CCITTFax decoder.
Warning: CCITTFaxStream: Falling back to JS CCITTFax decoder.
Warning: CCITTFaxStream: Falling back to JS CCITTFax decoder.
Warning: CCITTFaxStream: Falling back to JS CCITTFax decoder.
Warning: CCITTFaxStream: Falling back to JS CCITTFax decoder.
Warning: CCITTFaxStream: Falling back to JS CCITTFax decoder.
Warning: CCITTFaxStream: Falling back to JS CCITTFax decoder.
Warning: CCITTFaxStream: Falling back to JS CCITTFax decoder.
Warning: CCITTFaxStream: Falling back to JS CCITTFax decoder.
Warning: CCITTFaxStream: Falling back to JS CCITTFax decoder.
Warning: CCITTFaxStream: Falling back to JS CCITTFax decoder.
Warning: CCITTFaxStream: Falling back to JS CCITTFax decoder.
Warning: CCITTFaxStream: Falling back to JS CCITTFax decoder.
Warning: CCITTFaxStream: Falling back to JS CCITTFax decoder.
Warning: CCITTFaxStream: Falling back to JS CCITTFax decoder.
Warning: CCITTFaxStream: Falling back to JS CCITTFax decoder.
Warning: CCITTFaxStream: Falling back to JS CCITTFax decoder.
Warning: CCITTFaxStream: Falling back to JS CCITTFax decoder.
Warning: CCITTFaxStream: Falling back to JS CCITTFax decoder.
Warning: CCITTFaxStream: Falling back to JS CCITTFax decoder.
Warning: CCITTFaxStream: Falling back to JS CCITTFax decoder.
Warning: CCITTFaxStream: Falling back to JS CCITTFax decoder.
Warning: CCITTFaxStream: Falling back to JS CCITTFax decoder.
Warning: CCITTFaxStream: Falling back to JS CCITTFax decoder.
Warning: CCITTFaxStream: Falling back to JS CCITTFax decoder.
Warning: CCITTFaxStream: Falling back to JS CCITTFax decoder.
Warning: CCITTFaxStream: Falling back to JS CCITTFax decoder.
Warning: CCITTFaxStream: Falling back to JS CCITTFax decoder.
Warning: CCITTFaxStream: Falling back to JS CCITTFax decoder.
Warning: CCITTFaxStream: Falling back to JS CCITTFax decoder.
Warning: CCITTFaxStream: Falling back to JS CCITTFax decoder.
Warning: CCITTFaxStream: Falling back to JS CCITTFax decoder.
Warning: CCITTFaxStream: Falling back to JS CCITTFax decoder.
Warning: CCITTFaxStream: Falling back to JS CCITTFax decoder.
Warning: CCITTFaxStream: Falling back to JS CCITTFax decoder.
Warning: CCITTFaxStream: Falling back to JS CCITTFax decoder.
Warning: CCITTFaxStream: Falling back to JS CCITTFax decoder.
Warning: CCITTFaxStream: Falling back to JS CCITTFax decoder.
Warning: CCITTFaxStream: Falling back to JS CCITTFax decoder.
Warning: CCITTFaxStream: Falling back to JS CCITTFax decoder.
Warning: CCITTFaxStream: Falling back to JS CCITTFax decoder.
Warning: CCITTFaxStream: Falling back to JS CCITTFax decoder.
Warning: CCITTFaxStream: Falling back to JS CCITTFax decoder.
Warning: CCITTFaxStream: Falling back to JS CCITTFax decoder.
Warning: CCITTFaxStream: Falling back to JS CCITTFax decoder.
Warning: CCITTFaxStream: Falling back to JS CCITTFax decoder.
Warning: CCITTFaxStream: Falling back to JS CCITTFax decoder.
Warning: CCITTFaxStream: Falling back to JS CCITTFax decoder.
Warning: CCITTFaxStream: Falling back to JS CCITTFax decoder.
Warning: CCITTFaxStream: Falling back to JS CCITTFax decoder.
Warning: CCITTFaxStream: Falling back to JS CCITTFax decoder.
Warning: CCITTFaxStream: Falling back to JS CCITTFax decoder.
Warning: CCITTFaxStream: Falling back to JS CCITTFax decoder.
Warning: CCITTFaxStream: Falling back to JS CCITTFax decoder.
Warning: CCITTFaxStream: Falling back to JS CCITTFax decoder.
Warning: CCITTFaxStream: Falling back to JS CCITTFax decoder.
Warning: CCITTFaxStream: Falling back to JS CCITTFax decoder.
Warning: CCITTFaxStream: Falling back to JS CCITTFax decoder.
Warning: CCITTFaxStream: Falling back to JS CCITTFax decoder.
Warning: CCITTFaxStream: Falling back to JS CCITTFax decoder.
Warning: CCITTFaxStream: Falling back to JS CCITTFax decoder.
Warning: CCITTFaxStream: Falling back to JS CCITTFax decoder.
Warning: CCITTFaxStream: Falling back to JS CCITTFax decoder.
Warning: CCITTFaxStream: Falling back to JS CCITTFax decoder.
Warning: CCITTFaxStream: Falling back to JS CCITTFax decoder.
Warning: CCITTFaxStream: Falling back to JS CCITTFax decoder.
Warning: CCITTFaxStream: Falling back to JS CCITTFax decoder.
Warning: CCITTFaxStream: Falling back to JS CCITTFax decoder.
Warning: CCITTFaxStream: Falling back to JS CCITTFax decoder.
Warning: CCITTFaxStream: Falling back to JS CCITTFax decoder.
Warning: CCITTFaxStream: Falling back to JS CCITTFax decoder.
Warning: CCITTFaxStream: Falling back to JS CCITTFax decoder.
Warning: CCITTFaxStream: Falling back to JS CCITTFax decoder.
Warning: CCITTFaxStream: Falling back to JS CCITTFax decoder.
Warning: CCITTFaxStream: Falling back to JS CCITTFax decoder.
Warning: CCITTFaxStream: Falling back to JS CCITTFax decoder.
Warning: CCITTFaxStream: Falling back to JS CCITTFax decoder.
Warning: CCITTFaxStream: Falling back to JS CCITTFax decoder.
Warning: CCITTFaxStream: Falling back to JS CCITTFax decoder.
Warning: CCITTFaxStream: Falling back to JS CCITTFax decoder.
Warning: CCITTFaxStream: Falling back to JS CCITTFax decoder.
Warning: CCITTFaxStream: Falling back to JS CCITTFax decoder.
Warning: CCITTFaxStream: Falling back to JS CCITTFax decoder.
Warning: CCITTFaxStream: Falling back to JS CCITTFax decoder.
Warning: CCITTFaxStream: Falling back to JS CCITTFax decoder.
Warning: CCITTFaxStream: Falling back to JS CCITTFax decoder.
Warning: CCITTFaxStream: Falling back to JS CCITTFax decoder.
Warning: CCITTFaxStream: Falling back to JS CCITTFax decoder.
Warning: CCITTFaxStream: Falling back to JS CCITTFax decoder.
Warning: CCITTFaxStream: Falling back to JS CCITTFax decoder.
Warning: CCITTFaxStream: Falling back to JS CCITTFax decoder.
Warning: CCITTFaxStream: Falling back to JS CCITTFax decoder.
Warning: CCITTFaxStream: Falling back to JS CCITTFax decoder.
Warning: CCITTFaxStream: Falling back to JS CCITTFax decoder.
Warning: CCITTFaxStream: Falling back to JS CCITTFax decoder.
Warning: CCITTFaxStream: Falling back to JS CCITTFax decoder.
Warning: CCITTFaxStream: Falling back to JS CCITTFax decoder.
Warning: CCITTFaxStream: Falling back to JS CCITTFax decoder.
Warning: CCITTFaxStream: Falling back to JS CCITTFax decoder.
Warning: CCITTFaxStream: Falling back to JS CCITTFax decoder.
Warning: CCITTFaxStream: Falling back to JS CCITTFax decoder.
Warning: CCITTFaxStream: Falling back to JS CCITTFax decoder.
Warning: CCITTFaxStream: Falling back to JS CCITTFax decoder.
Warning: CCITTFaxStream: Falling back to JS CCITTFax decoder.
Warning: CCITTFaxStream: Falling back to JS CCITTFax decoder.
Warning: CCITTFaxStream: Falling back to JS CCITTFax decoder.
Warning: CCITTFaxStream: Falling back to JS CCITTFax decoder.
Warning: CCITTFaxStream: Falling back to JS CCITTFax decoder.
Warning: CCITTFaxStream: Falling back to JS CCITTFax decoder.
Warning: CCITTFaxStream: Falling back to JS CCITTFax decoder.
Warning: CCITTFaxStream: Falling back to JS CCITTFax decoder.
Warning: CCITTFaxStream: Falling back to JS CCITTFax decoder.
Warning: CCITTFaxStream: Falling back to JS CCITTFax decoder.
Warning: CCITTFaxStream: Falling back to JS CCITTFax decoder.
Warning: CCITTFaxStream: Falling back to JS CCITTFax decoder.
Warning: CCITTFaxStream: Falling back to JS CCITTFax decoder.
Warning: CCITTFaxStream: Falling back to JS CCITTFax decoder.
Warning: CCITTFaxStream: Falling back to JS CCITTFax decoder.
Warning: CCITTFaxStream: Falling back to JS CCITTFax decoder.
Warning: CCITTFaxStream: Falling back to JS CCITTFax decoder.
Warning: CCITTFaxStream: Falling back to JS CCITTFax decoder.
Warning: CCITTFaxStream: Falling back to JS CCITTFax decoder.
Warning: CCITTFaxStream: Falling back to JS CCITTFax decoder.
Warning: CCITTFaxStream: Falling back to JS CCITTFax decoder.
Warning: CCITTFaxStream: Falling back to JS CCITTFax decoder.
Warning: CCITTFaxStream: Falling back to JS CCITTFax decoder.
Warning: CCITTFaxStream: Falling back to JS CCITTFax decoder.
Warning: CCITTFaxStream: Falling back to JS CCITTFax decoder.
Warning: CCITTFaxStream: Falling back to JS CCITTFax decoder.
Warning: CCITTFaxStream: Falling back to JS CCITTFax decoder.
Warning: CCITTFaxStream: Falling back to JS CCITTFax decoder.
Warning: CCITTFaxStream: Falling back to JS CCITTFax decoder.
Warning: CCITTFaxStream: Falling back to JS CCITTFax decoder.
Warning: CCITTFaxStream: Falling back to JS CCITTFax decoder.
Warning: CCITTFaxStream: Falling back to JS CCITTFax decoder.
Warning: CCITTFaxStream: Falling back to JS CCITTFax decoder.
Warning: CCITTFaxStream: Falling back to JS CCITTFax decoder.
Warning: CCITTFaxStream: Falling back to JS CCITTFax decoder.
Warning: CCITTFaxStream: Falling back to JS CCITTFax decoder.
Warning: CCITTFaxStream: Falling back to JS CCITTFax decoder.
Warning: CCITTFaxStream: Falling back to JS CCITTFax decoder.
Warning: CCITTFaxStream: Falling back to JS CCITTFax decoder.
Warning: CCITTFaxStream: Falling back to JS CCITTFax decoder.
Warning: CCITTFaxStream: Falling back to JS CCITTFax decoder.
Warning: CCITTFaxStream: Falling back to JS CCITTFax decoder.
Warning: CCITTFaxStream: Falling back to JS CCITTFax decoder.
Warning: CCITTFaxStream: Falling back to JS CCITTFax decoder.
Warning: CCITTFaxStream: Falling back to JS CCITTFax decoder.
Warning: CCITTFaxStream: Falling back to JS CCITTFax decoder.
Warning: CCITTFaxStream: Falling back to JS CCITTFax decoder.
Warning: CCITTFaxStream: Falling back to JS CCITTFax decoder.
Warning: CCITTFaxStream: Falling back to JS CCITTFax decoder.
Warning: CCITTFaxStream: Falling back to JS CCITTFax decoder.
Warning: CCITTFaxStream: Falling back to JS CCITTFax decoder.
Warning: CCITTFaxStream: Falling back to JS CCITTFax decoder.
Warning: CCITTFaxStream: Falling back to JS CCITTFax decoder.
Warning: CCITTFaxStream: Falling back to JS CCITTFax decoder.
Warning: CCITTFaxStream: Falling back to JS CCITTFax decoder.
Warning: CCITTFaxStream: Falling back to JS CCITTFax decoder.
Warning: CCITTFaxStream: Falling back to JS CCITTFax decoder.
Warning: CCITTFaxStream: Falling back to JS CCITTFax decoder.
Warning: CCITTFaxStream: Falling back to JS CCITTFax decoder.
Warning: CCITTFaxStream: Falling back to JS CCITTFax decoder.
Warning: CCITTFaxStream: Falling back to JS CCITTFax decoder.
Warning: CCITTFaxStream: Falling back to JS CCITTFax decoder.
Warning: CCITTFaxStream: Falling back to JS CCITTFax decoder.
Warning: CCITTFaxStream: Falling back to JS CCITTFax decoder.
Warning: CCITTFaxStream: Falling back to JS CCITTFax decoder.
Warning: CCITTFaxStream: Falling back to JS CCITTFax decoder.
Warning: CCITTFaxStream: Falling back to JS CCITTFax decoder.
Warning: CCITTFaxStream: Falling back to JS CCITTFax decoder.
Warning: CCITTFaxStream: Falling back to JS CCITTFax decoder.
Warning: CCITTFaxStream: Falling back to JS CCITTFax decoder.
Warning: CCITTFaxStream: Falling back to JS CCITTFax decoder.
Warning: CCITTFaxStream: Falling back to JS CCITTFax decoder.
Warning: CCITTFaxStream: Falling back to JS CCITTFax decoder.
Warning: CCITTFaxStream: Falling back to JS CCITTFax decoder.
Warning: CCITTFaxStream: Falling back to JS CCITTFax decoder.
Warning: CCITTFaxStream: Falling back to JS CCITTFax decoder.
Warning: CCITTFaxStream: Falling back to JS CCITTFax decoder.
Warning: CCITTFaxStream: Falling back to JS CCITTFax decoder.
Warning: CCITTFaxStream: Falling back to JS CCITTFax decoder.
Warning: CCITTFaxStream: Falling back to JS CCITTFax decoder.
Warning: CCITTFaxStream: Falling back to JS CCITTFax decoder.
Warning: CCITTFaxStream: Falling back to JS CCITTFax decoder.
Warning: CCITTFaxStream: Falling back to JS CCITTFax decoder.
Warning: CCITTFaxStream: Falling back to JS CCITTFax decoder.
Warning: CCITTFaxStream: Falling back to JS CCITTFax decoder.
Warning: CCITTFaxStream: Falling back to JS CCITTFax decoder.
Warning: CCITTFaxStream: Falling back to JS CCITTFax decoder.
Warning: CCITTFaxStream: Falling back to JS CCITTFax decoder.
Warning: CCITTFaxStream: Falling back to JS CCITTFax decoder.
Warning: CCITTFaxStream: Falling back to JS CCITTFax decoder.
Warning: CCITTFaxStream: Falling back to JS CCITTFax decoder.
Warning: CCITTFaxStream: Falling back to JS CCITTFax decoder.
Warning: CCITTFaxStream: Falling back to JS CCITTFax decoder.
Warning: CCITTFaxStream: Falling back to JS CCITTFax decoder.
Warning: CCITTFaxStream: Falling back to JS CCITTFax decoder.
Warning: CCITTFaxStream: Falling back to JS CCITTFax decoder.
Warning: CCITTFaxStream: Falling back to JS CCITTFax decoder.
Warning: CCITTFaxStream: Falling back to JS CCITTFax decoder.
Warning: CCITTFaxStream: Falling back to JS CCITTFax decoder.
Warning: CCITTFaxStream: Falling back to JS CCITTFax decoder.
Warning: CCITTFaxStream: Falling back to JS CCITTFax decoder.
Warning: CCITTFaxStream: Falling back to JS CCITTFax decoder.
Warning: CCITTFaxStream: Falling back to JS CCITTFax decoder.
Warning: CCITTFaxStream: Falling back to JS CCITTFax decoder.
Warning: CCITTFaxStream: Falling back to JS CCITTFax decoder.
Warning: CCITTFaxStream: Falling back to JS CCITTFax decoder.
Warning: CCITTFaxStream: Falling back to JS CCITTFax decoder.
Warning: CCITTFaxStream: Falling back to JS CCITTFax decoder.
Warning: CCITTFaxStream: Falling back to JS CCITTFax decoder.
Warning: CCITTFaxStream: Falling back to JS CCITTFax decoder.
Warning: CCITTFaxStream: Falling back to JS CCITTFax decoder.
Warning: CCITTFaxStream: Falling back to JS CCITTFax decoder.
Warning: CCITTFaxStream: Falling back to JS CCITTFax decoder.
Warning: CCITTFaxStream: Falling back to JS CCITTFax decoder.
Warning: CCITTFaxStream: Falling back to JS CCITTFax decoder.
Warning: CCITTFaxStream: Falling back to JS CCITTFax decoder.
Warning: CCITTFaxStream: Falling back to JS CCITTFax decoder.
Warning: CCITTFaxStream: Falling back to JS CCITTFax decoder.
Warning: CCITTFaxStream: Falling back to JS CCITTFax decoder.
Warning: CCITTFaxStream: Falling back to JS CCITTFax decoder.
Warning: CCITTFaxStream: Falling back to JS CCITTFax decoder.
Warning: CCITTFaxStream: Falling back to JS CCITTFax decoder.
Warning: CCITTFaxStream: Falling back to JS CCITTFax decoder.
Warning: CCITTFaxStream: Falling back to JS CCITTFax decoder.
Warning: CCITTFaxStream: Falling back to JS CCITTFax decoder.
Warning: CCITTFaxStream: Falling back to JS CCITTFax decoder.
Warning: CCITTFaxStream: Falling back to JS CCITTFax decoder.
Warning: CCITTFaxStream: Falling back to JS CCITTFax decoder.
Warning: CCITTFaxStream: Falling back to JS CCITTFax decoder.
Warning: CCITTFaxStream: Falling back to JS CCITTFax decoder.
Warning: CCITTFaxStream: Falling back to JS CCITTFax decoder.
Warning: CCITTFaxStream: Falling back to JS CCITTFax decoder.
Warning: CCITTFaxStream: Falling back to JS CCITTFax decoder.
Warning: CCITTFaxStream: Falling back to JS CCITTFax decoder.
Warning: CCITTFaxStream: Falling back to JS CCITTFax decoder.
Warning: CCITTFaxStream: Falling back to JS CCITTFax decoder.
Warning: CCITTFaxStream: Falling back to JS CCITTFax decoder.
Warning: CCITTFaxStream: Falling back to JS CCITTFax decoder.
Warning: CCITTFaxStream: Falling back to JS CCITTFax decoder.
Warning: CCITTFaxStream: Falling back to JS CCITTFax decoder.
Warning: CCITTFaxStream: Falling back to JS CCITTFax decoder.
Warning: CCITTFaxStream: Falling back to JS CCITTFax decoder.
Warning: CCITTFaxStream: Falling back to JS CCITTFax decoder.
Warning: CCITTFaxStream: Falling back to JS CCITTFax decoder.
Warning: CCITTFaxStream: Falling back to JS CCITTFax decoder.
Warning: CCITTFaxStream: Falling back to JS CCITTFax decoder.
Warning: CCITTFaxStream: Falling back to JS CCITTFax decoder.
Warning: CCITTFaxStream: Falling back to JS CCITTFax decoder.
Warning: CCITTFaxStream: Falling back to JS CCITTFax decoder.
Warning: CCITTFaxStream: Falling back to JS CCITTFax decoder.
Warning: CCITTFaxStream: Falling back to JS CCITTFax decoder.
Warning: CCITTFaxStream: Falling back to JS CCITTFax decoder.
Warning: CCITTFaxStream: Falling back to JS CCITTFax decoder.
Warning: CCITTFaxStream: Falling back to JS CCITTFax decoder.
Warning: CCITTFaxStream: Falling back to JS CCITTFax decoder.
Warning: CCITTFaxStream: Falling back to JS CCITTFax decoder.
Warning: CCITTFaxStream: Falling back to JS CCITTFax decoder.
Warning: CCITTFaxStream: Falling back to JS CCITTFax decoder.
Warning: CCITTFaxStream: Falling back to JS CCITTFax decoder.
Warning: CCITTFaxStream: Falling back to JS CCITTFax decoder.
Warning: CCITTFaxStream: Falling back to JS CCITTFax decoder.
Warning: CCITTFaxStream: Falling back to JS CCITTFax decoder.
Warning: CCITTFaxStream: Falling back to JS CCITTFax decoder.
Warning: CCITTFaxStream: Falling back to JS CCITTFax decoder.
Warning: CCITTFaxStream: Falling back to JS CCITTFax decoder.
Warning: CCITTFaxStream: Falling back to JS CCITTFax decoder.
Warning: CCITTFaxStream: Falling back to JS CCITTFax decoder.
Warning: CCITTFaxStream: Falling back to JS CCITTFax decoder.
Warning: CCITTFaxStream: Falling back to JS CCITTFax decoder.
Warning: CCITTFaxStream: Falling back to JS CCITTFax decoder.
Warning: CCITTFaxStream: Falling back to JS CCITTFax decoder.
Warning: CCITTFaxStream: Falling back to JS CCITTFax decoder.
Warning: CCITTFaxStream: Falling back to JS CCITTFax decoder.
Warning: CCITTFaxStream: Falling back to JS CCITTFax decoder.
Warning: CCITTFaxStream: Falling back to JS CCITTFax decoder.
Warning: CCITTFaxStream: Falling back to JS CCITTFax decoder.
Warning: CCITTFaxStream: Falling back to JS CCITTFax decoder.
Warning: CCITTFaxStream: Falling back to JS CCITTFax decoder.
Warning: CCITTFaxStream: Falling back to JS CCITTFax decoder.
Warning: CCITTFaxStream: Falling back to JS CCITTFax decoder.
Warning: CCITTFaxStream: Falling back to JS CCITTFax decoder.
Warning: CCITTFaxStream: Falling back to JS CCITTFax decoder.
Warning: CCITTFaxStream: Falling back to JS CCITTFax decoder.
Warning: CCITTFaxStream: Falling back to JS CCITTFax decoder.
Warning: CCITTFaxStream: Falling back to JS CCITTFax decoder.
Warning: CCITTFaxStream: Falling back to JS CCITTFax decoder.
Warning: CCITTFaxStream: Falling back to JS CCITTFax decoder.
Warning: CCITTFaxStream: Falling back to JS CCITTFax decoder.
Warning: CCITTFaxStream: Falling back to JS CCITTFax decoder.
Warning: CCITTFaxStream: Falling back to JS CCITTFax decoder.
Warning: CCITTFaxStream: Falling back to JS CCITTFax decoder.
Warning: CCITTFaxStream: Falling back to JS CCITTFax decoder.
Warning: CCITTFaxStream: Falling back to JS CCITTFax decoder.
Warning: CCITTFaxStream: Falling back to JS CCITTFax decoder.
Warning: CCITTFaxStream: Falling back to JS CCITTFax decoder.
Warning: CCITTFaxStream: Falling back to JS CCITTFax decoder.
Warning: CCITTFaxStream: Falling back to JS CCITTFax decoder.
Warning: CCITTFaxStream: Falling back to JS CCITTFax decoder.
Warning: CCITTFaxStream: Falling back to JS CCITTFax decoder.
Warning: CCITTFaxStream: Falling back to JS CCITTFax decoder.
Warning: CCITTFaxStream: Falling back to JS CCITTFax decoder.
Warning: CCITTFaxStream: Falling back to JS CCITTFax decoder.
Warning: CCITTFaxStream: Falling back to JS CCITTFax decoder.
Warning: CCITTFaxStream: Falling back to JS CCITTFax decoder.
Warning: CCITTFaxStream: Falling back to JS CCITTFax decoder.
Warning: CCITTFaxStream: Falling back to JS CCITTFax decoder.
Warning: CCITTFaxStream: Falling back to JS CCITTFax decoder.
Warning: CCITTFaxStream: Falling back to JS CCITTFax decoder.
Warning: CCITTFaxStream: Falling back to JS CCITTFax decoder.
Warning: CCITTFaxStream: Falling back to JS CCITTFax decoder.
Warning: CCITTFaxStream: Falling back to JS CCITTFax decoder.
Warning: CCITTFaxStream: Falling back to JS CCITTFax decoder.
Warning: CCITTFaxStream: Falling back to JS CCITTFax decoder.
Warning: CCITTFaxStream: Falling back to JS CCITTFax decoder.
Warning: CCITTFaxStream: Falling back to JS CCITTFax decoder.
Warning: CCITTFaxStream: Falling back to JS CCITTFax decoder.
Warning: CCITTFaxStream: Falling back to JS CCITTFax decoder.
Warning: CCITTFaxStream: Falling back to JS CCITTFax decoder.
Warning: CCITTFaxStream: Falling back to JS CCITTFax decoder.
Warning: CCITTFaxStream: Falling back to JS CCITTFax decoder.
Warning: CCITTFaxStream: Falling back to JS CCITTFax decoder.
Warning: CCITTFaxStream: Falling back to JS CCITTFax decoder.
Warning: CCITTFaxStream: Falling back to JS CCITTFax decoder.
Warning: CCITTFaxStream: Falling back to JS CCITTFax decoder.
Warning: CCITTFaxStream: Falling back to JS CCITTFax decoder.
Warning: CCITTFaxStream: Falling back to JS CCITTFax decoder.
Warning: CCITTFaxStream: Falling back to JS CCITTFax decoder.
Warning: CCITTFaxStream: Falling back to JS CCITTFax decoder.
Warning: CCITTFaxStream: Falling back to JS CCITTFax decoder.
Warning: CCITTFaxStream: Falling back to JS CCITTFax decoder.
Warning: CCITTFaxStream: Falling back to JS CCITTFax decoder.
Warning: CCITTFaxStream: Falling back to JS CCITTFax decoder.
Warning: CCITTFaxStream: Falling back to JS CCITTFax decoder.
Warning: CCITTFaxStream: Falling back to JS CCITTFax decoder.
Warning: CCITTFaxStream: Falling back to JS CCITTFax decoder.
Warning: CCITTFaxStream: Falling back to JS CCITTFax decoder.
Warning: CCITTFaxStream: Falling back to JS CCITTFax decoder.
Warning: CCITTFaxStream: Falling back to JS CCITTFax decoder.
Warning: CCITTFaxStream: Falling back to JS CCITTFax decoder.
Warning: CCITTFaxStream: Falling back to JS CCITTFax decoder.
Warning: CCITTFaxStream: Falling back to JS CCITTFax decoder.
Warning: CCITTFaxStream: Falling back to JS CCITTFax decoder.
Warning: CCITTFaxStream: Falling back to JS CCITTFax decoder.
Warning: CCITTFaxStream: Falling back to JS CCITTFax decoder.
Warning: CCITTFaxStream: Falling back to JS CCITTFax decoder.
Warning: CCITTFaxStream: Falling back to JS CCITTFax decoder.
Warning: CCITTFaxStream: Falling back to JS CCITTFax decoder.
Warning: CCITTFaxStream: Falling back to JS CCITTFax decoder.
Warning: CCITTFaxStream: Falling back to JS CCITTFax decoder.
Warning: CCITTFaxStream: Falling back to JS CCITTFax decoder.
Warning: CCITTFaxStream: Falling back to JS CCITTFax decoder.
Warning: CCITTFaxStream: Falling back to JS CCITTFax decoder.
Warning: CCITTFaxStream: Falling back to JS CCITTFax decoder.
Warning: CCITTFaxStream: Falling back to JS CCITTFax decoder.
Warning: CCITTFaxStream: Falling back to JS CCITTFax decoder.
Warning: CCITTFaxStream: Falling back to JS CCITTFax decoder.
Warning: CCITTFaxStream: Falling back to JS CCITTFax decoder.
Warning: CCITTFaxStream: Falling back to JS CCITTFax decoder.
Warning: CCITTFaxStream: Falling back to JS CCITTFax decoder.
Warning: CCITTFaxStream: Falling back to JS CCITTFax decoder.
Warning: CCITTFaxStream: Falling back to JS CCITTFax decoder.
Warning: CCITTFaxStream: Falling back to JS CCITTFax decoder.
Warning: CCITTFaxStream: Falling back to JS CCITTFax decoder.
Warning: CCITTFaxStream: Falling back to JS CCITTFax decoder.
Warning: CCITTFaxStream: Falling back to JS CCITTFax decoder.
Warning: CCITTFaxStream: Falling back to JS CCITTFax decoder.
Warning: CCITTFaxStream: Falling back to JS CCITTFax decoder.
Warning: CCITTFaxStream: Falling back to JS CCITTFax decoder.
Warning: CCITTFaxStream: Falling back to JS CCITTFax decoder.
Warning: CCITTFaxStream: Falling back to JS CCITTFax decoder.
Warning: CCITTFaxStream: Falling back to JS CCITTFax decoder.
Warning: CCITTFaxStream: Falling back to JS CCITTFax decoder.
Warning: CCITTFaxStream: Falling back to JS CCITTFax decoder.
Warning: CCITTFaxStream: Falling back to JS CCITTFax decoder.
Warning: CCITTFaxStream: Falling back to JS CCITTFax decoder.
Warning: CCITTFaxStream: Falling back to JS CCITTFax decoder.
Warning: CCITTFaxStream: Falling back to JS CCITTFax decoder.
Warning: CCITTFaxStream: Falling back to JS CCITTFax decoder.
Warning: CCITTFaxStream: Falling back to JS CCITTFax decoder.
Warning: CCITTFaxStream: Falling back to JS CCITTFax decoder.
Warning: CCITTFaxStream: Falling back to JS CCITTFax decoder.
Warning: CCITTFaxStream: Falling back to JS CCITTFax decoder.
Warning: CCITTFaxStream: Falling back to JS CCITTFax decoder.
Warning: CCITTFaxStream: Falling back to JS CCITTFax decoder.
Warning: CCITTFaxStream: Falling back to JS CCITTFax decoder.
Warning: CCITTFaxStream: Falling back to JS CCITTFax decoder.
Warning: CCITTFaxStream: Falling back to JS CCITTFax decoder.
Warning: CCITTFaxStream: Falling back to JS CCITTFax decoder.
Warning: CCITTFaxStream: Falling back to JS CCITTFax decoder.
Warning: CCITTFaxStream: Falling back to JS CCITTFax decoder.
Warning: CCITTFaxStream: Falling back to JS CCITTFax decoder.
Warning: CCITTFaxStream: Falling back to JS CCITTFax decoder.
Warning: CCITTFaxStream: Falling back to JS CCITTFax decoder.
Warning: CCITTFaxStream: Falling back to JS CCITTFax decoder.
Warning: CCITTFaxStream: Falling back to JS CCITTFax decoder.
Warning: CCITTFaxStream: Falling back to JS CCITTFax decoder.
Warning: CCITTFaxStream: Falling back to JS CCITTFax decoder.
Warning: CCITTFaxStream: Falling back to JS CCITTFax decoder.
Warning: CCITTFaxStream: Falling back to JS CCITTFax decoder.
Warning: CCITTFaxStream: Falling back to JS CCITTFax decoder.
Warning: CCITTFaxStream: Falling back to JS CCITTFax decoder.
Warning: CCITTFaxStream: Falling back to JS CCITTFax decoder.
Warning: CCITTFaxStream: Falling back to JS CCITTFax decoder.
Warning: CCITTFaxStream: Falling back to JS CCITTFax decoder.
Warning: CCITTFaxStream: Falling back to JS CCITTFax decoder.
Warning: CCITTFaxStream: Falling back to JS CCITTFax decoder.
Warning: CCITTFaxStream: Falling back to JS CCITTFax decoder.
Warning: CCITTFaxStream: Falling back to JS CCITTFax decoder.
Warning: CCITTFaxStream: Falling back to JS CCITTFax decoder.
Warning: CCITTFaxStream: Falling back to JS CCITTFax decoder.
Warning: CCITTFaxStream: Falling back to JS CCITTFax decoder.
Warning: CCITTFaxStream: Falling back to JS CCITTFax decoder.
Warning: CCITTFaxStream: Falling back to JS CCITTFax decoder.
Warning: CCITTFaxStream: Falling back to JS CCITTFax decoder.
Warning: CCITTFaxStream: Falling back to JS CCITTFax decoder.
Warning: CCITTFaxStream: Falling back to JS CCITTFax decoder.
Warning: CCITTFaxStream: Falling back to JS CCITTFax decoder.
Warning: CCITTFaxStream: Falling back to JS CCITTFax decoder.
Warning: CCITTFaxStream: Falling back to JS CCITTFax decoder.
Warning: CCITTFaxStream: Falling back to JS CCITTFax decoder.
Warning: CCITTFaxStream: Falling back to JS CCITTFax decoder.
Warning: CCITTFaxStream: Falling back to JS CCITTFax decoder.
Warning: CCITTFaxStream: Falling back to JS CCITTFax decoder.
Warning: CCITTFaxStream: Falling back to JS CCITTFax decoder.
Warning: CCITTFaxStream: Falling back to JS CCITTFax decoder.
Warning: CCITTFaxStream: Falling back to JS CCITTFax decoder.
Warning: CCITTFaxStream: Falling back to JS CCITTFax decoder.
Warning: CCITTFaxStream: Falling back to JS CCITTFax decoder.
Warning: CCITTFaxStream: Falling back to JS CCITTFax decoder.
Warning: CCITTFaxStream: Falling back to JS CCITTFax decoder.
Warning: CCITTFaxStream: Falling back to JS CCITTFax decoder.
Warning: CCITTFaxStream: Falling back to JS CCITTFax decoder.
Warning: CCITTFaxStream: Falling back to JS CCITTFax decoder.
Warning: CCITTFaxStream: Falling back to JS CCITTFax decoder.
Warning: CCITTFaxStream: Falling back to JS CCITTFax decoder.
Warning: CCITTFaxStream: Falling back to JS CCITTFax decoder.
Warning: CCITTFaxStream: Falling back to JS CCITTFax decoder.
Warning: CCITTFaxStream: Falling back to JS CCITTFax decoder.
Warning: CCITTFaxStream: Falling back to JS CCITTFax decoder.
Warning: CCITTFaxStream: Falling back to JS CCITTFax decoder.
Warning: CCITTFaxStream: Falling back to JS CCITTFax decoder.
Warning: CCITTFaxStream: Falling back to JS CCITTFax decoder.
Warning: CCITTFaxStream: Falling back to JS CCITTFax decoder.
Warning: CCITTFaxStream: Falling back to JS CCITTFax decoder.
Warning: CCITTFaxStream: Falling back to JS CCITTFax decoder.
Warning: CCITTFaxStream: Falling back to JS CCITTFax decoder.
Warning: CCITTFaxStream: Falling back to JS CCITTFax decoder.
Warning: CCITTFaxStream: Falling back to JS CCITTFax decoder.
Warning: CCITTFaxStream: Falling back to JS CCITTFax decoder.
Warning: CCITTFaxStream: Falling back to JS CCITTFax decoder.
Warning: CCITTFaxStream: Falling back to JS CCITTFax decoder.
Warning: CCITTFaxStream: Falling back to JS CCITTFax decoder.
Warning: CCITTFaxStream: Falling back to JS CCITTFax decoder.
Warning: CCITTFaxStream: Falling back to JS CCITTFax decoder.
Warning: CCITTFaxStream: Falling back to JS CCITTFax decoder.
Warning: CCITTFaxStream: Falling back to JS CCITTFax decoder.
Warning: CCITTFaxStream: Falling back to JS CCITTFax decoder.
Warning: CCITTFaxStream: Falling back to JS CCITTFax decoder.
Warning: CCITTFaxStream: Falling back to JS CCITTFax decoder.
Warning: CCITTFaxStream: Falling back to JS CCITTFax decoder.
Warning: CCITTFaxStream: Falling back to JS CCITTFax decoder.
Warning: CCITTFaxStream: Falling back to JS CCITTFax decoder.
Warning: CCITTFaxStream: Falling back to JS CCITTFax decoder.
Warning: CCITTFaxStream: Falling back to JS CCITTFax decoder.
Warning: CCITTFaxStream: Falling back to JS CCITTFax decoder.
Warning: CCITTFaxStream: Falling back to JS CCITTFax decoder.
Warning: CCITTFaxStream: Falling back to JS CCITTFax decoder.
Warning: CCITTFaxStream: Falling back to JS CCITTFax decoder.
Warning: CCITTFaxStream: Falling back to JS CCITTFax decoder.
Warning: CCITTFaxStream: Falling back to JS CCITTFax decoder.
Warning: CCITTFaxStream: Falling back to JS CCITTFax decoder.
Warning: CCITTFaxStream: Falling back to JS CCITTFax decoder.
Warning: CCITTFaxStream: Falling back to JS CCITTFax decoder.
Warning: CCITTFaxStream: Falling back to JS CCITTFax decoder.
Warning: CCITTFaxStream: Falling back to JS CCITTFax decoder.
Warning: CCITTFaxStream: Falling back to JS CCITTFax decoder.
Warning: CCITTFaxStream: Falling back to JS CCITTFax decoder.
Warning: CCITTFaxStream: Falling back to JS CCITTFax decoder.
Warning: CCITTFaxStream: Falling back to JS CCITTFax decoder.
Warning: CCITTFaxStream: Falling back to JS CCITTFax decoder.
Warning: CCITTFaxStream: Falling back to JS CCITTFax decoder.
Warning: CCITTFaxStream: Falling back to JS CCITTFax decoder.
Warning: CCITTFaxStream: Falling back to JS CCITTFax decoder.
Warning: CCITTFaxStream: Falling back to JS CCITTFax decoder.
Warning: CCITTFaxStream: Falling back to JS CCITTFax decoder.
Warning: CCITTFaxStream: Falling back to JS CCITTFax decoder.
Warning: CCITTFaxStream: Falling back to JS CCITTFax decoder.
Warning: CCITTFaxStream: Falling back to JS CCITTFax decoder.
Warning: CCITTFaxStream: Falling back to JS CCITTFax decoder.
Warning: CCITTFaxStream: Falling back to JS CCITTFax decoder.
Warning: CCITTFaxStream: Falling back to JS CCITTFax decoder.
Warning: CCITTFaxStream: Falling back to JS CCITTFax decoder.
Warning: CCITTFaxStream: Falling back to JS CCITTFax decoder.
Warning: CCITTFaxStream: Falling back to JS CCITTFax decoder.
Warning: CCITTFaxStream: Falling back to JS CCITTFax decoder.
Warning: CCITTFaxStream: Falling back to JS CCITTFax decoder.
Warning: CCITTFaxStream: Falling back to JS CCITTFax decoder.
Warning: CCITTFaxStream: Falling back to JS CCITTFax decoder.
Warning: CCITTFaxStream: Falling back to JS CCITTFax decoder.
Warning: CCITTFaxStream: Falling back to JS CCITTFax decoder.
Warning: CCITTFaxStream: Falling back to JS CCITTFax decoder.
Warning: CCITTFaxStream: Falling back to JS CCITTFax decoder.
Warning: CCITTFaxStream: Falling back to JS CCITTFax decoder.
Warning: CCITTFaxStream: Falling back to JS CCITTFax decoder.
Warning: CCITTFaxStream: Falling back to JS CCITTFax decoder.
Warning: CCITTFaxStream: Falling back to JS CCITTFax decoder.
Warning: CCITTFaxStream: Falling back to JS CCITTFax decoder.
Warning: CCITTFaxStream: Falling back to JS CCITTFax decoder.
Warning: CCITTFaxStream: Falling back to JS CCITTFax decoder.
Warning: CCITTFaxStream: Falling back to JS CCITTFax decoder.
Warning: CCITTFaxStream: Falling back to JS CCITTFax decoder.
Warning: CCITTFaxStream: Falling back to JS CCITTFax decoder.
Warning: CCITTFaxStream: Falling back to JS CCITTFax decoder.
Warning: CCITTFaxStream: Falling back to JS CCITTFax decoder.
Warning: CCITTFaxStream: Falling back to JS CCITTFax decoder.
Warning: CCITTFaxStream: Falling back to JS CCITTFax decoder.
Warning: CCITTFaxStream: Falling back to JS CCITTFax decoder.
Warning: CCITTFaxStream: Falling back to JS CCITTFax decoder.
Warning: CCITTFaxStream: Falling back to JS CCITTFax decoder.
Warning: CCITTFaxStream: Falling back to JS CCITTFax decoder.
Warning: CCITTFaxStream: Falling back to JS CCITTFax decoder.
Warning: CCITTFaxStream: Falling back to JS CCITTFax decoder.
Warning: CCITTFaxStream: Falling back to JS CCITTFax decoder.
Warning: CCITTFaxStream: Falling back to JS CCITTFax decoder.
Warning: CCITTFaxStream: Falling back to JS CCITTFax decoder.
Warning: CCITTFaxStream: Falling back to JS CCITTFax decoder.
Warning: CCITTFaxStream: Falling back to JS CCITTFax decoder.
Warning: CCITTFaxStream: Falling back to JS CCITTFax decoder.
Warning: CCITTFaxStream: Falling back to JS CCITTFax decoder.
Warning: CCITTFaxStream: Falling back to JS CCITTFax decoder.
Warning: CCITTFaxStream: Falling back to JS CCITTFax decoder.
Warning: CCITTFaxStream: Falling back to JS CCITTFax decoder.
Warning: CCITTFaxStream: Falling back to JS CCITTFax decoder.
Warning: CCITTFaxStream: Falling back to JS CCITTFax decoder.
Warning: CCITTFaxStream: Falling back to JS CCITTFax decoder.
Warning: CCITTFaxStream: Falling back to JS CCITTFax decoder.
Warning: CCITTFaxStream: Falling back to JS CCITTFax decoder.
Warning: CCITTFaxStream: Falling back to JS CCITTFax decoder.
Warning: CCITTFaxStream: Falling back to JS CCITTFax decoder.
Warning: CCITTFaxStream: Falling back to JS CCITTFax decoder.
Warning: CCITTFaxStream: Falling back to JS CCITTFax decoder.
Warning: CCITTFaxStream: Falling back to JS CCITTFax decoder.
Warning: CCITTFaxStream: Falling back to JS CCITTFax decoder.
Warning: CCITTFaxStream: Falling back to JS CCITTFax decoder.
Warning: CCITTFaxStream: Falling back to JS CCITTFax decoder.
Warning: CCITTFaxStream: Falling back to JS CCITTFax decoder.
Warning: CCITTFaxStream: Falling back to JS CCITTFax decoder.
Warning: CCITTFaxStream: Falling back to JS CCITTFax decoder.
Warning: CCITTFaxStream: Falling back to JS CCITTFax decoder.
Warning: CCITTFaxStream: Falling back to JS CCITTFax decoder.
Warning: CCITTFaxStream: Falling back to JS CCITTFax decoder.
Warning: CCITTFaxStream: Falling back to JS CCITTFax decoder.
Warning: CCITTFaxStream: Falling back to JS CCITTFax decoder.
Warning: CCITTFaxStream: Falling back to JS CCITTFax decoder.
Warning: CCITTFaxStream: Falling back to JS CCITTFax decoder.
Warning: CCITTFaxStream: Falling back to JS CCITTFax decoder.
Warning: CCITTFaxStream: Falling back to JS CCITTFax decoder.
Warning: CCITTFaxStream: Falling back to JS CCITTFax decoder.
Warning: CCITTFaxStream: Falling back to JS CCITTFax decoder.
Warning: CCITTFaxStream: Falling back to JS CCITTFax decoder.
Warning: CCITTFaxStream: Falling back to JS CCITTFax decoder.
Warning: CCITTFaxStream: Falling back to JS CCITTFax decoder.
Warning: CCITTFaxStream: Falling back to JS CCITTFax decoder.
Warning: CCITTFaxStream: Falling back to JS CCITTFax decoder.
Warning: CCITTFaxStream: Falling back to JS CCITTFax decoder.
Warning: CCITTFaxStream: Falling back to JS CCITTFax decoder.
Warning: CCITTFaxStream: Falling back to JS CCITTFax decoder.
Warning: CCITTFaxStream: Falling back to JS CCITTFax decoder.
Warning: CCITTFaxStream: Falling back to JS CCITTFax decoder.
Warning: CCITTFaxStream: Falling back to JS CCITTFax decoder.
Warning: CCITTFaxStream: Falling back to JS CCITTFax decoder.
Warning: CCITTFaxStream: Falling back to JS CCITTFax decoder.
Warning: CCITTFaxStream: Falling back to JS CCITTFax decoder.
Warning: CCITTFaxStream: Falling back to JS CCITTFax decoder.
Warning: CCITTFaxStream: Falling back to JS CCITTFax decoder.
Warning: CCITTFaxStream: Falling back to JS CCITTFax decoder.
Warning: CCITTFaxStream: Falling back to JS CCITTFax decoder.
Warning: CCITTFaxStream: Falling back to JS CCITTFax decoder.
Warning: CCITTFaxStream: Falling back to JS CCITTFax decoder.
Warning: CCITTFaxStream: Falling back to JS CCITTFax decoder.
Warning: CCITTFaxStream: Falling back to JS CCITTFax decoder.
Warning: CCITTFaxStream: Falling back to JS CCITTFax decoder.
Warning: CCITTFaxStream: Falling back to JS CCITTFax decoder.
Warning: CCITTFaxStream: Falling back to JS CCITTFax decoder.
Warning: CCITTFaxStream: Falling back to JS CCITTFax decoder.
Warning: CCITTFaxStream: Falling back to JS CCITTFax decoder.
Warning: CCITTFaxStream: Falling back to JS CCITTFax decoder.
Warning: CCITTFaxStream: Falling back to JS CCITTFax decoder.
Warning: CCITTFaxStream: Falling back to JS CCITTFax decoder.
Warning: CCITTFaxStream: Falling back to JS CCITTFax decoder.
Warning: CCITTFaxStream: Falling back to JS CCITTFax decoder.
Warning: CCITTFaxStream: Falling back to JS CCITTFax decoder.
Warning: CCITTFaxStream: Falling back to JS CCITTFax decoder.
Warning: CCITTFaxStream: Falling back to JS CCITTFax decoder.
Warning: CCITTFaxStream: Falling back to JS CCITTFax decoder.
Warning: CCITTFaxStream: Falling back to JS CCITTFax decoder.
Warning: CCITTFaxStream: Falling back to JS CCITTFax decoder.
Warning: CCITTFaxStream: Falling back to JS CCITTFax decoder.
Warning: CCITTFaxStream: Falling back to JS CCITTFax decoder.
Warning: CCITTFaxStream: Falling back to JS CCITTFax decoder.
Warning: CCITTFaxStream: Falling back to JS CCITTFax decoder.
Warning: CCITTFaxStream: Falling back to JS CCITTFax decoder.
Warning: CCITTFaxStream: Falling back to JS CCITTFax decoder.
Warning: CCITTFaxStream: Falling back to JS CCITTFax decoder.
Warning: CCITTFaxStream: Falling back to JS CCITTFax decoder.
Warning: CCITTFaxStream: Falling back to JS CCITTFax decoder.
Warning: CCITTFaxStream: Falling back to JS CCITTFax decoder.
Warning: CCITTFaxStream: Falling back to JS CCITTFax decoder.
Warning: CCITTFaxStream: Falling back to JS CCITTFax decoder.
Warning: CCITTFaxStream: Falling back to JS CCITTFax decoder.
Warning: CCITTFaxStream: Falling back to JS CCITTFax decoder.
Warning: CCITTFaxStream: Falling back to JS CCITTFax decoder.
Warning: CCITTFaxStream: Falling back to JS CCITTFax decoder.
Warning: CCITTFaxStream: Falling back to JS CCITTFax decoder.
Warning: CCITTFaxStream: Falling back to JS CCITTFax decoder.
Warning: CCITTFaxStream: Falling back to JS CCITTFax decoder.
Warning: CCITTFaxStream: Falling back to JS CCITTFax decoder.
Warning: CCITTFaxStream: Falling back to JS CCITTFax decoder.
Warning: CCITTFaxStream: Falling back to JS CCITTFax decoder.
Warning: CCITTFaxStream: Falling back to JS CCITTFax decoder.
Warning: CCITTFaxStream: Falling back to JS CCITTFax decoder.
Warning: CCITTFaxStream: Falling back to JS CCITTFax decoder.
Warning: CCITTFaxStream: Falling back to JS CCITTFax decoder.
Warning: CCITTFaxStream: Falling back to JS CCITTFax decoder.
Warning: CCITTFaxStream: Falling back to JS CCITTFax decoder.
Warning: CCITTFaxStream: Falling back to JS CCITTFax decoder.
Warning: CCITTFaxStream: Falling back to JS CCITTFax decoder.
Warning: CCITTFaxStream: Falling back to JS CCITTFax decoder.
Warning: CCITTFaxStream: Falling back to JS CCITTFax decoder.
Warning: CCITTFaxStream: Falling back to JS CCITTFax decoder.
Warning: CCITTFaxStream: Falling back to JS CCITTFax decoder.
Warning: CCITTFaxStream: Falling back to JS CCITTFax decoder.
Warning: CCITTFaxStream: Falling back to JS CCITTFax decoder.
Warning: CCITTFaxStream: Falling back to JS CCITTFax decoder.
Warning: CCITTFaxStream: Falling back to JS CCITTFax decoder.
Warning: CCITTFaxStream: Falling back to JS CCITTFax decoder.
Warning: CCITTFaxStream: Falling back to JS CCITTFax decoder.
Warning: CCITTFaxStream: Falling back to JS CCITTFax decoder.
Warning: CCITTFaxStream: Falling back to JS CCITTFax decoder.
Warning: CCITTFaxStream: Falling back to JS CCITTFax decoder.
Warning: CCITTFaxStream: Falling back to JS CCITTFax decoder.
Warning: CCITTFaxStream: Falling back to JS CCITTFax decoder.
Warning: CCITTFaxStream: Falling back to JS CCITTFax decoder.
Warning: CCITTFaxStream: Falling back to JS CCITTFax decoder.
Warning: CCITTFaxStream: Falling back to JS CCITTFax decoder.
Warning: CCITTFaxStream: Falling back to JS CCITTFax decoder.
Warning: CCITTFaxStream: Falling back to JS CCITTFax decoder.
Warning: CCITTFaxStream: Falling back to JS CCITTFax decoder.
Warning: CCITTFaxStream: Falling back to JS CCITTFax decoder.
Warning: CCITTFaxStream: Falling back to JS CCITTFax decoder.
Warning: CCITTFaxStream: Falling back to JS CCITTFax decoder.
Warning: CCITTFaxStream: Falling back to JS CCITTFax decoder.
Warning: CCITTFaxStream: Falling back to JS CCITTFax decoder.
Warning: CCITTFaxStream: Falling back to JS CCITTFax decoder.
Warning: CCITTFaxStream: Falling back to JS CCITTFax decoder.
Warning: CCITTFaxStream: Falling back to JS CCITTFax decoder.
Warning: CCITTFaxStream: Falling back to JS CCITTFax decoder.
Warning: CCITTFaxStream: Falling back to JS CCITTFax decoder.
Warning: CCITTFaxStream: Falling back to JS CCITTFax decoder.
Warning: CCITTFaxStream: Falling back to JS CCITTFax decoder.
Warning: CCITTFaxStream: Falling back to JS CCITTFax decoder.
Warning: CCITTFaxStream: Falling back to JS CCITTFax decoder.
Warning: CCITTFaxStream: Falling back to JS CCITTFax decoder.
Warning: CCITTFaxStream: Falling back to JS CCITTFax decoder.
Warning: CCITTFaxStream: Falling back to JS CCITTFax decoder.
Warning: CCITTFaxStream: Falling back to JS CCITTFax decoder.
Warning: CCITTFaxStream: Falling back to JS CCITTFax decoder.
Warning: CCITTFaxStream: Falling back to JS CCITTFax decoder.
Warning: CCITTFaxStream: Falling back to JS CCITTFax decoder.
Warning: CCITTFaxStream: Falling back to JS CCITTFax decoder.
Warning: CCITTFaxStream: Falling back to JS CCITTFax decoder.
Warning: CCITTFaxStream: Falling back to JS CCITTFax decoder.
Warning: TT: invalid function id: 136
Warning: TT: undefined function: 32
Warning: TT: undefined function: 21
Warning: TT: undefined function: 32
Warning: TT: undefined function: 32
  2200/29542 · 2120 com texto · 80 vazios · 0 errosWarning: TT: undefined function: 32
Warning: TT: undefined function: 32
Warning: TT: undefined function: 32
Warning: TT: undefined function: 32
Warning: TT: undefined function: 32
Warning: TT: undefined function: 32
Warning: TT: undefined function: 32
Warning: TT: undefined function: 32
Warning: TT: undefined function: 32
Warning: TT: undefined function: 32
Warning: TT: undefined function: 32
Warning: TT: undefined function: 32
Warning: TT: undefined function: 32
Warning: TT: undefined function: 32
Warning: TT: undefined function: 32
Warning: TT: undefined function: 32
Warning: TT: undefined function: 32
Warning: TT: undefined function: 32
Warning: TT: undefined function: 32
Warning: TT: undefined function: 32
Warning: TT: undefined function: 32
Warning: TT: undefined function: 32
Warning: TT: undefined function: 32
Warning: TT: undefined function: 32
Warning: TT: undefined function: 32
Warning: TT: undefined function: 32
Warning: TT: undefined function: 32
Warning: TT: undefined function: 32
Warning: TT: undefined function: 32
Warning: TT: undefined function: 32
  2300/29542 · 2208 com texto · 92 vazios · 0 errosWarning: TT: undefined function: 21
Warning: TT: undefined function: 32
Warning: TT: undefined function: 21
Warning: TT: undefined function: 32
Warning: TT: undefined function: 21
Warning: TT: undefined function: 32
Warning: TT: undefined function: 32
Warning: TT: undefined function: 32
Warning: TT: undefined function: 21
Warning: TT: undefined function: 21
Warning: TT: undefined function: 21
Warning: TT: undefined function: 21
Warning: TT: undefined function: 21
Warning: TT: undefined function: 32
Warning: TT: undefined function: 32
Warning: TT: undefined function: 21
Warning: TT: undefined function: 32
Warning: TT: undefined function: 32
Warning: TT: undefined function: 21
  2400/29542 · 2307 com texto · 93 vazios · 0 errosWarning: TT: undefined function: 32
Warning: TT: undefined function: 32
Warning: TT: undefined function: 32
Warning: TT: undefined function: 32
Warning: TT: undefined function: 32
Warning: TT: undefined function: 32
Warning: TT: undefined function: 32
Warning: TT: undefined function: 32
Warning: TT: undefined function: 32
Warning: TT: undefined function: 32
Warning: TT: undefined function: 21
Warning: TT: undefined function: 21
Warning: TT: undefined function: 21
Warning: TT: undefined function: 21
Warning: TT: undefined function: 21
Warning: TT: undefined function: 21
Warning: TT: undefined function: 21
Warning: TT: undefined function: 32
  2500/29542 · 2404 com texto · 96 vazios · 0 errosWarning: TT: undefined function: 21
Warning: TT: undefined function: 32
Warning: TT: undefined function: 21
Warning: TT: undefined function: 32
Warning: TT: undefined function: 21
Warning: TT: undefined function: 21
Warning: TT: undefined function: 21
Warning: TT: undefined function: 32
Warning: TT: undefined function: 32
Warning: TT: undefined function: 32
Warning: TT: undefined function: 32
Warning: TT: undefined function: 32
Warning: TT: undefined function: 21
Warning: TT: undefined function: 21
Warning: TT: undefined function: 32
Warning: TT: undefined function: 32
Warning: TT: undefined function: 32
Warning: TT: undefined function: 32
Warning: TT: undefined function: 32
Warning: TT: undefined function: 32
Warning: TT: undefined function: 21
Warning: TT: undefined function: 21
Warning: TT: undefined function: 21
Warning: TT: undefined function: 32
Warning: TT: undefined function: 21
Warning: TT: undefined function: 21
Warning: TT: undefined function: 32
Warning: TT: undefined function: 32
Warning: TT: undefined function: 32
Warning: TT: undefined function: 32
Warning: TT: undefined function: 21
Warning: TT: undefined function: 21
Warning: TT: undefined function: 21
Warning: TT: undefined function: 32
Warning: TT: undefined function: 32
Warning: TT: undefined function: 32
Warning: TT: undefined function: 32
Warning: TT: undefined function: 21
Warning: TT: undefined function: 21
Warning: TT: undefined function: 21
Warning: TT: undefined function: 21
Warning: TT: undefined function: 21
Warning: TT: undefined function: 21
Warning: TT: undefined function: 21
Warning: TT: undefined function: 21
  2600/29542 · 2501 com texto · 99 vazios · 0 errosWarning: TT: undefined function: 21
Warning: TT: undefined function: 21
Warning: TT: undefined function: 21
Warning: TT: undefined function: 32
Warning: TT: undefined function: 21
Warning: TT: undefined function: 21
Warning: TT: undefined function: 32
Warning: TT: undefined function: 21
Warning: TT: undefined function: 21
Warning: TT: undefined function: 21
Warning: TT: undefined function: 21
Warning: TT: undefined function: 21
Warning: TT: undefined function: 21
Warning: TT: undefined function: 21
Warning: TT: undefined function: 21
Warning: TT: undefined function: 21
Warning: TT: undefined function: 32
Warning: TT: undefined function: 21
Warning: TT: undefined function: 21
Warning: TT: undefined function: 21
Warning: TT: undefined function: 21
Warning: TT: undefined function: 21
Warning: TT: undefined function: 21
Warning: TT: undefined function: 21
Warning: TT: undefined function: 21
Warning: TT: undefined function: 32
Warning: TT: undefined function: 21
Warning: TT: undefined function: 21
Warning: TT: undefined function: 21
Warning: TT: undefined function: 21
Warning: TT: undefined function: 21
Warning: TT: undefined function: 21
Warning: TT: undefined function: 21
Warning: TT: undefined function: 21
Warning: TT: invalid function id: 136
Warning: TT: undefined function: 21
Warning: TT: invalid function id: 136
Warning: TT: undefined function: 21
Warning: TT: invalid function id: 136
Warning: TT: undefined function: 21
Warning: TT: invalid function id: 136
Warning: TT: undefined function: 21
Warning: TT: undefined function: 21
Warning: TT: undefined function: 21
Warning: TT: invalid function id: 136
Warning: TT: undefined function: 21
Warning: TT: undefined function: 32
Warning: TT: undefined function: 32
Warning: TT: undefined function: 32
Warning: TT: undefined function: 32
Warning: TT: undefined function: 32
Warning: TT: undefined function: 21
Warning: TT: undefined function: 21
Warning: TT: undefined function: 21
Warning: TT: undefined function: 21
Warning: TT: undefined function: 21
Warning: TT: undefined function: 21
  2700/29542 · 2601 com texto · 99 vazios · 0 errosWarning: TT: undefined function: 21
Warning: TT: undefined function: 21
Warning: TT: undefined function: 32
Warning: TT: undefined function: 21
Warning: TT: undefined function: 21
Warning: TT: undefined function: 32
Warning: TT: undefined function: 32
  2800/29542 · 2701 com texto · 99 vazios · 0 errosWarning: TT: undefined function: 32
Warning: TT: undefined function: 32
Warning: TT: undefined function: 32
Warning: TT: undefined function: 32
Warning: TT: undefined function: 32
Warning: TT: undefined function: 32
Warning: TT: undefined function: 32
Warning: TT: undefined function: 32
Warning: TT: undefined function: 32
Warning: TT: undefined function: 21
Warning: TT: undefined function: 21
Warning: TT: undefined function: 21
Warning: TT: undefined function: 21
Warning: TT: undefined function: 32
Warning: TT: undefined function: 32
Warning: TT: undefined function: 32
Warning: TT: undefined function: 32
Warning: TT: undefined function: 32
Warning: TT: undefined function: 32
Warning: TT: undefined function: 32
Warning: TT: undefined function: 32
Warning: TT: undefined function: 32
Warning: TT: undefined function: 32
Warning: TT: undefined function: 32
Warning: TT: undefined function: 32
Warning: TT: undefined function: 32
Warning: TT: undefined function: 32
Warning: TT: undefined function: 21
Warning: TT: undefined function: 32
Warning: TT: undefined function: 21
Warning: TT: undefined function: 32
Warning: TT: undefined function: 21
Warning: TT: undefined function: 21
Warning: TT: undefined function: 21
Warning: TT: undefined function: 21
Warning: TT: undefined function: 21
Warning: TT: undefined function: 21
Warning: TT: undefined function: 21
  2900/29542 · 2801 com texto · 99 vazios · 0 errosWarning: TT: undefined function: 21
Warning: TT: undefined function: 21
Warning: TT: undefined function: 21
Warning: TT: undefined function: 21
Warning: TT: undefined function: 21
Warning: TT: undefined function: 21
Warning: TT: undefined function: 21
Warning: TT: undefined function: 21
Warning: TT: undefined function: 21
Warning: TT: undefined function: 21
Warning: TT: undefined function: 21
Warning: TT: undefined function: 21
Warning: TT: undefined function: 21
Warning: TT: undefined function: 21
Warning: TT: undefined function: 21
Warning: TT: undefined function: 21
Warning: TT: undefined function: 21
Warning: TT: undefined function: 21
Warning: TT: undefined function: 21
Warning: TT: undefined function: 21
Warning: TT: undefined function: 21
Warning: TT: undefined function: 21
Warning: TT: undefined function: 21
Warning: TT: undefined function: 21
Warning: TT: undefined function: 21
Warning: TT: undefined function: 21
Warning: TT: undefined function: 21
Warning: TT: undefined function: 21
Warning: TT: undefined function: 21
Warning: TT: undefined function: 21
Warning: TT: undefined function: 21
Warning: TT: undefined function: 21
Warning: TT: undefined function: 21
Warning: TT: undefined function: 21
Warning: TT: undefined function: 21
Warning: TT: undefined function: 21
Warning: TT: undefined function: 21
Warning: TT: undefined function: 21
Warning: TT: undefined function: 21
Warning: TT: undefined function: 21
Warning: TT: undefined function: 32
Warning: TT: undefined function: 21
Warning: TT: undefined function: 21
Warning: TT: undefined function: 21
Warning: TT: undefined function: 21
Warning: TT: undefined function: 21
Warning: TT: undefined function: 21
Warning: TT: undefined function: 21
Warning: TT: undefined function: 21
Warning: TT: undefined function: 21
Warning: TT: undefined function: 21
Warning: TT: undefined function: 21
Warning: TT: undefined function: 21
Warning: TT: undefined function: 21
Warning: TT: undefined function: 21
Warning: TT: undefined function: 21
Warning: TT: undefined function: 21
Warning: TT: undefined function: 21
Warning: TT: undefined function: 21
Warning: TT: undefined function: 21
Warning: TT: undefined function: 21
Warning: TT: undefined function: 21
Warning: TT: undefined function: 21
Warning: TT: undefined function: 21
Warning: TT: undefined function: 21
Warning: TT: undefined function: 21
Warning: TT: undefined function: 21
Warning: TT: undefined function: 21
Warning: TT: undefined function: 21
Warning: TT: undefined function: 21
Warning: TT: undefined function: 21
Warning: TT: undefined function: 21
Warning: TT: undefined function: 21
Warning: TT: undefined function: 21
Warning: TT: undefined function: 21
Warning: TT: undefined function: 21
Warning: TT: undefined function: 21
Warning: TT: undefined function: 21
Warning: TT: undefined function: 21
Warning: TT: undefined function: 21
Warning: TT: undefined function: 21
Warning: TT: undefined function: 21
Warning: TT: undefined function: 21
Warning: TT: undefined function: 21
Warning: TT: undefined function: 21
Warning: TT: undefined function: 21
Warning: TT: undefined function: 21
Warning: TT: undefined function: 21
Warning: TT: undefined function: 21
Warning: TT: undefined function: 21
Warning: TT: undefined function: 21
Warning: TT: undefined function: 21
Warning: TT: undefined function: 21
Warning: TT: undefined function: 21
  3000/29542 · 2901 com texto · 99 vazios · 0 errosWarning: TT: undefined function: 21
Warning: TT: undefined function: 21
Warning: TT: undefined function: 21
Warning: TT: undefined function: 21
Warning: TT: undefined function: 21
Warning: TT: undefined function: 21
Warning: TT: undefined function: 21
Warning: TT: undefined function: 21
Warning: TT: undefined function: 21
Warning: TT: undefined function: 21
Warning: TT: undefined function: 21
Warning: TT: undefined function: 21
Warning: TT: undefined function: 21
Warning: TT: undefined function: 21
Warning: TT: undefined function: 21
Warning: TT: undefined function: 21
Warning: TT: undefined function: 21
Warning: TT: undefined function: 21
Warning: TT: undefined function: 21
Warning: TT: undefined function: 21
Warning: TT: undefined function: 21
Warning: TT: undefined function: 21
Warning: TT: undefined function: 21
Warning: TT: undefined function: 21
Warning: TT: undefined function: 21
Warning: TT: undefined function: 21
Warning: TT: undefined function: 21
Warning: TT: undefined function: 21
Warning: TT: undefined function: 21
Warning: TT: undefined function: 21
Warning: TT: undefined function: 21
Warning: TT: undefined function: 21
Warning: TT: undefined function: 21
Warning: TT: undefined function: 21
Warning: TT: undefined function: 21
Warning: TT: undefined function: 21
Warning: TT: undefined function: 21
Warning: TT: undefined function: 21
Warning: TT: undefined function: 21
Warning: TT: undefined function: 21
Warning: TT: undefined function: 21
Warning: TT: undefined function: 21
Warning: TT: undefined function: 21
Warning: TT: undefined function: 21
Warning: TT: undefined function: 21
Warning: TT: undefined function: 21
Warning: TT: undefined function: 21
Warning: TT: undefined function: 21
Warning: TT: undefined function: 21
Warning: TT: undefined function: 21
  3100/29542 · 3000 com texto · 100 vazios · 0 errosWarning: TT: undefined function: 32
Warning: TT: undefined function: 32
Warning: TT: undefined function: 32
Warning: TT: undefined function: 32
Warning: TT: undefined function: 32
Warning: TT: undefined function: 32
Warning: TT: undefined function: 32
Warning: TT: undefined function: 32
Warning: TT: undefined function: 32
Warning: TT: undefined function: 32
Warning: TT: undefined function: 32
Warning: TT: undefined function: 32
Warning: TT: undefined function: 32
Warning: TT: undefined function: 32
Warning: TT: undefined function: 32
Warning: TT: undefined function: 32
Warning: TT: undefined function: 32
Warning: TT: undefined function: 32
Warning: TT: undefined function: 32
Warning: TT: undefined function: 32
Warning: TT: undefined function: 32
Warning: TT: invalid function id: 136
Warning: TT: undefined function: 21
Warning: TT: undefined function: 21
Warning: TT: undefined function: 21
Warning: TT: undefined function: 21
Warning: TT: undefined function: 32
Warning: TT: undefined function: 32
Warning: TT: undefined function: 21
Warning: TT: undefined function: 32
Warning: TT: undefined function: 32
Warning: TT: undefined function: 21
Warning: TT: undefined function: 32
Warning: TT: undefined function: 21
Warning: TT: undefined function: 32
Warning: TT: undefined function: 32
Warning: TT: undefined function: 32
Warning: TT: invalid function id: 136
Warning: TT: undefined function: 32
Warning: TT: invalid function id: 136
Warning: TT: undefined function: 21
Warning: TT: undefined function: 21
Warning: TT: undefined function: 21
Warning: TT: undefined function: 21
Warning: TT: undefined function: 21
Warning: TT: undefined function: 21
Warning: TT: undefined function: 21
Warning: TT: undefined function: 21
Warning: TT: undefined function: 32
  3200/29542 · 3097 com texto · 103 vazios · 0 errosWarning: TT: undefined function: 32
  3300/29542 · 3196 com texto · 104 vazios · 0 errosWarning: TT: undefined function: 32
Warning: TT: undefined function: 32
Warning: TT: undefined function: 32
Warning: TT: undefined function: 32
Warning: TT: undefined function: 32
Warning: TT: undefined function: 32
Warning: TT: undefined function: 32
Warning: TT: undefined function: 32
Warning: TT: undefined function: 32
Warning: TT: undefined function: 32
Warning: TT: undefined function: 21
Warning: TT: undefined function: 21
Warning: TT: undefined function: 21
Warning: TT: undefined function: 21
Warning: TT: undefined function: 21
Warning: TT: undefined function: 21
Warning: TT: undefined function: 21
Warning: TT: undefined function: 21
Warning: TT: undefined function: 21
Warning: TT: undefined function: 21
Warning: TT: undefined function: 21
Warning: TT: undefined function: 21
Warning: TT: undefined function: 21
Warning: TT: undefined function: 21
Warning: TT: undefined function: 21
Warning: TT: undefined function: 21
Warning: TT: undefined function: 21
Warning: TT: undefined function: 21
Warning: TT: undefined function: 21
Warning: TT: undefined function: 21
Warning: TT: undefined function: 21
Warning: TT: undefined function: 21
Warning: TT: undefined function: 32
Warning: TT: undefined function: 21
Warning: TT: undefined function: 21
Warning: TT: undefined function: 21
Warning: TT: undefined function: 21
Warning: TT: undefined function: 21
Warning: TT: undefined function: 32
  3400/29542 · 3294 com texto · 106 vazios · 0 errosWarning: TT: undefined function: 32
Warning: TT: undefined function: 32
Warning: TT: undefined function: 32
Warning: TT: undefined function: 32
Warning: TT: undefined function: 32
Warning: TT: undefined function: 32
Warning: TT: undefined function: 32
Warning: TT: undefined function: 32
Warning: TT: undefined function: 21
Warning: TT: invalid function id: 136
Warning: TT: undefined function: 32
Warning: TT: undefined function: 21
Warning: TT: invalid function id: 136
Warning: TT: undefined function: 21
Warning: TT: undefined function: 21
Warning: TT: invalid function id: 136
Warning: TT: invalid function id: 136
Warning: TT: invalid function id: 136
Warning: TT: invalid function id: 136
Warning: TT: undefined function: 21
Warning: TT: undefined function: 21
Warning: TT: undefined function: 21
Warning: TT: undefined function: 21
Warning: TT: undefined function: 32
Warning: TT: undefined function: 32
Warning: TT: undefined function: 32
Warning: TT: undefined function: 32
Warning: TT: undefined function: 32
Warning: TT: undefined function: 32
Warning: TT: undefined function: 32
Warning: TT: undefined function: 32
Warning: TT: undefined function: 32
Warning: TT: undefined function: 32
Warning: TT: undefined function: 32
Warning: TT: undefined function: 32
Warning: TT: undefined function: 32
Warning: TT: undefined function: 32
Warning: TT: undefined function: 32
Warning: TT: undefined function: 32
Warning: TT: undefined function: 32
Warning: TT: undefined function: 32
Warning: TT: undefined function: 32
Warning: TT: undefined function: 32
Warning: TT: undefined function: 32
Warning: TT: undefined function: 32
Warning: TT: undefined function: 32
Warning: TT: undefined function: 32
Warning: TT: undefined function: 32
Warning: TT: undefined function: 32
Warning: TT: undefined function: 32
Warning: TT: undefined function: 32
Warning: TT: undefined function: 32
Warning: TT: undefined function: 32
Warning: TT: undefined function: 32
Warning: TT: undefined function: 32
Warning: TT: undefined function: 32
Warning: TT: undefined function: 32
Warning: TT: undefined function: 32
Warning: TT: undefined function: 32
  3500/29542 · 3394 com texto · 106 vazios · 0 errosWarning: TT: undefined function: 32
Warning: TT: undefined function: 32
Warning: TT: undefined function: 32
Warning: TT: undefined function: 32
Warning: TT: undefined function: 32
Warning: TT: undefined function: 32
Warning: TT: undefined function: 32
Warning: TT: undefined function: 32
Warning: TT: undefined function: 32
Warning: TT: undefined function: 32
Warning: TT: undefined function: 32
Warning: TT: undefined function: 32
Warning: TT: undefined function: 32
Warning: TT: undefined function: 32
Warning: TT: undefined function: 32
Warning: TT: undefined function: 32
Warning: TT: undefined function: 32
Warning: TT: undefined function: 32
Warning: TT: undefined function: 32
Warning: TT: undefined function: 32
Warning: TT: undefined function: 32
Warning: TT: undefined function: 32
Warning: TT: undefined function: 32
Warning: TT: undefined function: 32
Warning: TT: undefined function: 32
Warning: TT: undefined function: 32
Warning: TT: undefined function: 32
Warning: TT: undefined function: 32
Warning: TT: undefined function: 32
Warning: TT: undefined function: 32
Warning: TT: undefined function: 32
Warning: TT: undefined function: 32
Warning: TT: undefined function: 32
Warning: TT: undefined function: 32
Warning: TT: undefined function: 32
Warning: TT: undefined function: 32
Warning: TT: undefined function: 32
Warning: TT: undefined function: 32
Warning: TT: undefined function: 32
Warning: TT: undefined function: 32
Warning: TT: undefined function: 32
Warning: TT: undefined function: 32
Warning: TT: undefined function: 32
Warning: TT: undefined function: 32
Warning: TT: undefined function: 32
Warning: TT: undefined function: 32
Warning: TT: undefined function: 32
Warning: TT: undefined function: 32
Warning: TT: undefined function: 32
Warning: TT: undefined function: 32
Warning: TT: undefined function: 32
Warning: TT: undefined function: 32
Warning: TT: undefined function: 32
Warning: TT: undefined function: 32
Warning: TT: undefined function: 32
Warning: TT: undefined function: 32
Warning: TT: undefined function: 32
Warning: TT: undefined function: 32
Warning: TT: undefined function: 32
Warning: TT: undefined function: 32
Warning: TT: undefined function: 32
Warning: TT: undefined function: 32
Warning: TT: undefined function: 32
Warning: TT: undefined function: 32
Warning: TT: undefined function: 32
Warning: TT: undefined function: 32
Warning: TT: undefined function: 32
Warning: TT: undefined function: 32
Warning: TT: undefined function: 32
Warning: TT: undefined function: 32
Warning: TT: undefined function: 32
Warning: TT: undefined function: 32
Warning: TT: undefined function: 32
Warning: TT: undefined function: 32
Warning: TT: undefined function: 32
Warning: TT: undefined function: 32
Warning: TT: undefined function: 32
Warning: TT: undefined function: 32
Warning: TT: undefined function: 32
Warning: TT: undefined function: 32
Warning: TT: undefined function: 32
Warning: TT: undefined function: 32
Warning: TT: undefined function: 32
Warning: TT: undefined function: 32
Warning: TT: undefined function: 32
Warning: TT: undefined function: 32
Warning: TT: undefined function: 32
Warning: TT: undefined function: 32
Warning: TT: undefined function: 32
Warning: TT: undefined function: 32
Warning: TT: undefined function: 32
Warning: TT: undefined function: 32
Warning: TT: undefined function: 32
Warning: TT: undefined function: 32
Warning: TT: undefined function: 32
Warning: TT: undefined function: 32
Warning: TT: undefined function: 32
Warning: TT: undefined function: 32
Warning: TT: undefined function: 32
Warning: TT: undefined function: 32
Warning: TT: undefined function: 32
Warning: TT: undefined function: 32
Warning: TT: undefined function: 32
Warning: TT: undefined function: 32
Warning: TT: undefined function: 32
Warning: TT: undefined function: 32
Warning: TT: undefined function: 32
Warning: TT: undefined function: 32
Warning: TT: undefined function: 32
Warning: TT: undefined function: 32
  3600/29542 · 3494 com texto · 106 vazios · 0 erros  3700/29542 · 3594 com texto · 106 vazios · 0 errosWarning: TT: undefined function: 21
Warning: TT: undefined function: 21
Warning: TT: undefined function: 21
Warning: TT: undefined function: 21
Warning: TT: undefined function: 21
Warning: TT: undefined function: 21
Warning: TT: undefined function: 21
Warning: TT: undefined function: 21
Warning: TT: undefined function: 21
Warning: TT: undefined function: 21
Warning: TT: undefined function: 21
Warning: TT: undefined function: 21
Warning: TT: undefined function: 21
Warning: TT: undefined function: 21
Warning: TT: undefined function: 21
Warning: TT: undefined function: 21
Warning: TT: undefined function: 21
Warning: TT: undefined function: 21
Warning: TT: undefined function: 21
Warning: TT: undefined function: 21
Warning: TT: undefined function: 21
Warning: TT: undefined function: 21
Warning: TT: undefined function: 21
Warning: TT: undefined function: 32
Warning: TT: undefined function: 32
Warning: TT: undefined function: 32
Warning: TT: undefined function: 21
Warning: TT: undefined function: 21
Warning: TT: undefined function: 32
Warning: TT: undefined function: 32
  3800/29542 · 3694 com texto · 106 vazios · 0 errosWarning: TT: undefined function: 21
Warning: TT: undefined function: 21
Warning: TT: undefined function: 21
Warning: TT: undefined function: 21
Warning: TT: undefined function: 21
Warning: TT: undefined function: 32
Warning: TT: undefined function: 32
Warning: TT: undefined function: 32
Warning: TT: undefined function: 32
Warning: TT: undefined function: 32
Warning: TT: undefined function: 32
Warning: TT: undefined function: 32
Warning: TT: undefined function: 32
Warning: TT: undefined function: 32
Warning: TT: undefined function: 32
Warning: TT: undefined function: 32
Warning: TT: undefined function: 32
Warning: TT: undefined function: 32
Warning: TT: undefined function: 32
Warning: TT: undefined function: 32
Warning: TT: undefined function: 32
Warning: UnknownErrorException: Ensure that the `standardFontDataUrl` API parameter is provided.
Warning: TT: undefined function: 32
Warning: TT: undefined function: 32
Warning: TT: undefined function: 32
  3900/29542 · 3794 com texto · 106 vazios · 0 errosWarning: TT: undefined function: 32
Warning: TT: undefined function: 32
Warning: TT: undefined function: 32
Warning: TT: undefined function: 32
Warning: TT: undefined function: 32
Warning: TT: undefined function: 32
Warning: TT: undefined function: 32
Warning: TT: undefined function: 32
Warning: TT: undefined function: 32
Warning: TT: undefined function: 32
Warning: TT: undefined function: 32
Warning: TT: undefined function: 32
Warning: TT: undefined function: 32
Warning: TT: undefined function: 32
Warning: TT: undefined function: 32
Warning: TT: undefined function: 21
Warning: TT: undefined function: 32
Warning: TT: invalid function id: 136
Warning: TT: undefined function: 21
Warning: TT: undefined function: 32
Warning: TT: undefined function: 32
Warning: TT: undefined function: 32
Warning: TT: undefined function: 32
Warning: TT: undefined function: 32
Warning: TT: undefined function: 32
Warning: TT: undefined function: 32
Warning: TT: undefined function: 32
Warning: TT: undefined function: 32
Warning: TT: undefined function: 32
Warning: TT: undefined function: 32
Warning: TT: undefined function: 32
Warning: TT: undefined function: 32
Warning: TT: undefined function: 32
Warning: TT: undefined function: 32
Warning: TT: undefined function: 32
Warning: TT: undefined function: 32
Warning: TT: undefined function: 32
Warning: Incorrect 'loca' table length -- attempting to fix it.
Warning: Incorrect 'loca' table length -- attempting to fix it.
Warning: TT: ENDF bad stack
Warning: TT: undefined function: 32
Warning: TT: undefined function: 32
Warning: TT: undefined function: 32
Warning: TT: undefined function: 32
Warning: TT: undefined function: 32
Warning: TT: undefined function: 32
Warning: TT: undefined function: 32
Warning: TT: undefined function: 32
Warning: TT: undefined function: 32
Warning: TT: undefined function: 21
Warning: TT: undefined function: 32
Warning: TT: undefined function: 32
Warning: TT: undefined function: 21
Warning: TT: undefined function: 32
Warning: TT: undefined function: 32
Warning: TT: undefined function: 32
Warning: TT: undefined function: 32
Warning: TT: undefined function: 32
Warning: TT: undefined function: 32
Warning: TT: undefined function: 32
Warning: TT: undefined function: 32
Warning: TT: undefined function: 32
Warning: TT: undefined function: 32
Warning: TT: undefined function: 32
Warning: TT: undefined function: 32
Warning: TT: undefined function: 32
Warning: TT: undefined function: 32
Warning: TT: undefined function: 21
Warning: TT: undefined function: 32
  4000/29542 · 3894 com texto · 106 vazios · 0 errosWarning: TT: undefined function: 32
Warning: TT: undefined function: 32
Warning: TT: undefined function: 32
Warning: TT: undefined function: 32
Warning: TT: undefined function: 32
Warning: TT: undefined function: 32
Warning: TT: undefined function: 32
Warning: TT: undefined function: 32
Warning: TT: undefined function: 21
Warning: TT: undefined function: 32
Warning: TT: undefined function: 32
Warning: TT: undefined function: 32
Warning: TT: undefined function: 32
Warning: TT: undefined function: 32
Warning: TT: undefined function: 32
Warning: TT: undefined function: 32
Warning: TT: undefined function: 32
Warning: TT: undefined function: 32
Warning: TT: undefined function: 32
Warning: TT: undefined function: 32
Warning: TT: undefined function: 32
Warning: TT: undefined function: 32
Warning: TT: undefined function: 21
Warning: TT: undefined function: 32
Warning: TT: undefined function: 32
Warning: TT: undefined function: 32
Warning: TT: undefined function: 21
Warning: TT: undefined function: 32
Warning: TT: undefined function: 32
Warning: TT: undefined function: 21
Warning: TT: undefined function: 21
Warning: TT: undefined function: 21
Warning: TT: undefined function: 21
Warning: TT: undefined function: 21
Warning: TT: undefined function: 32
Warning: TT: undefined function: 32
Warning: TT: undefined function: 32
Warning: TT: undefined function: 32
Warning: TT: undefined function: 32
Warning: TT: undefined function: 32
Warning: TT: undefined function: 32
Warning: TT: undefined function: 32
Warning: TT: undefined function: 32
Warning: TT: undefined function: 32
Warning: TT: undefined function: 32
Warning: TT: undefined function: 32
Warning: TT: undefined function: 32
Warning: TT: undefined function: 32
Warning: TT: undefined function: 32
Warning: TT: undefined function: 32
Warning: TT: undefined function: 21
Warning: TT: undefined function: 21
Warning: TT: undefined function: 21
Warning: TT: invalid function id: 136
Warning: TT: undefined function: 21
Warning: TT: invalid function id: 136
Warning: TT: undefined function: 32
Warning: TT: undefined function: 32
Warning: TT: undefined function: 32
Warning: TT: undefined function: 32
Warning: TT: undefined function: 32
Warning: TT: undefined function: 32
Warning: TT: undefined function: 32
Warning: TT: undefined function: 21
Warning: TT: undefined function: 32
Warning: TT: undefined function: 32
Warning: TT: undefined function: 21
Warning: TT: undefined function: 32
Warning: TT: undefined function: 32
Warning: TT: undefined function: 32
Warning: TT: undefined function: 32
Warning: TT: undefined function: 32
Warning: TT: undefined function: 32
Warning: TT: undefined function: 32
Warning: TT: undefined function: 32
Warning: TT: undefined function: 21
Warning: TT: undefined function: 32
  4100/29542 · 3990 com texto · 110 vazios · 0 errosWarning: TT: undefined function: 21
Warning: TT: undefined function: 21
Warning: TT: undefined function: 21
Warning: TT: undefined function: 21
Warning: TT: undefined function: 21
Warning: TT: undefined function: 21
Warning: TT: undefined function: 21
Warning: TT: undefined function: 32
Warning: TT: undefined function: 32
Warning: TT: undefined function: 32
Warning: TT: undefined function: 32
Warning: TT: undefined function: 32
Warning: TT: undefined function: 32
Warning: TT: undefined function: 32
Warning: TT: undefined function: 32
Warning: TT: undefined function: 32
Warning: TT: undefined function: 32
Warning: TT: undefined function: 32
Warning: TT: undefined function: 32
Warning: TT: undefined function: 32
Warning: TT: undefined function: 32
Warning: TT: undefined function: 32
Warning: TT: undefined function: 32
Warning: TT: undefined function: 32
Warning: TT: undefined function: 32
Warning: TT: undefined function: 32
Warning: TT: undefined function: 32
Warning: TT: undefined function: 32
Warning: TT: undefined function: 32
Warning: TT: undefined function: 32
Warning: TT: undefined function: 32
Warning: TT: undefined function: 32
Warning: TT: undefined function: 32
Warning: TT: undefined function: 32
Warning: TT: undefined function: 32
Warning: TT: undefined function: 32
Warning: TT: undefined function: 32
Warning: TT: undefined function: 32
Warning: TT: undefined function: 32
Warning: TT: undefined function: 32
Warning: TT: undefined function: 32
Warning: TT: undefined function: 32
Warning: TT: undefined function: 32
Warning: TT: undefined function: 32
Warning: TT: undefined function: 32
Warning: TT: undefined function: 32
  4200/29542 · 4086 com texto · 114 vazios · 0 errosWarning: TT: undefined function: 32
Warning: TT: undefined function: 32
Warning: TT: undefined function: 32
Warning: TT: undefined function: 32
Warning: TT: undefined function: 32
Warning: TT: undefined function: 32
Warning: TT: undefined function: 32
Warning: TT: undefined function: 32
Warning: TT: undefined function: 32
Warning: TT: undefined function: 32
Warning: TT: undefined function: 32
Warning: TT: undefined function: 32
Warning: TT: undefined function: 32
Warning: TT: undefined function: 32
Warning: TT: undefined function: 32
Warning: TT: undefined function: 32
Warning: TT: undefined function: 32
Warning: TT: undefined function: 32
Warning: TT: undefined function: 32
Warning: TT: undefined function: 32
Warning: TT: undefined function: 32
Warning: TT: undefined function: 32
Warning: TT: undefined function: 32
Warning: TT: undefined function: 32
Warning: TT: undefined function: 32
Warning: TT: undefined function: 32
Warning: TT: undefined function: 32
Warning: TT: undefined function: 32
Warning: TT: undefined function: 32
Warning: TT: undefined function: 32
Warning: TT: undefined function: 32
Warning: TT: undefined function: 32
Warning: TT: undefined function: 32
Warning: TT: undefined function: 32
Warning: TT: undefined function: 32
Warning: TT: undefined function: 32
Warning: TT: undefined function: 21
Warning: TT: undefined function: 32
Warning: TT: undefined function: 32
Warning: TT: undefined function: 32
Warning: TT: undefined function: 32
Warning: TT: undefined function: 32
Warning: TT: undefined function: 32
Warning: TT: undefined function: 32
Warning: TT: undefined function: 21
Warning: TT: undefined function: 32
  4300/29542 · 4186 com texto · 114 vazios · 0 errosWarning: TT: undefined function: 32
Warning: TT: undefined function: 32
Warning: TT: undefined function: 32
Warning: TT: undefined function: 32
Warning: TT: undefined function: 32
Warning: TT: undefined function: 32
Warning: TT: undefined function: 32
Warning: TT: undefined function: 32
Warning: TT: undefined function: 32
Warning: TT: undefined function: 32
Warning: TT: undefined function: 32
Warning: TT: undefined function: 32
Warning: TT: undefined function: 32
Warning: TT: undefined function: 32
Warning: TT: undefined function: 21
Warning: TT: undefined function: 21
Warning: TT: undefined function: 32
Warning: TT: undefined function: 32
Warning: TT: undefined function: 32
Warning: TT: undefined function: 21
Warning: TT: undefined function: 32
Warning: TT: undefined function: 32
Warning: TT: undefined function: 32
Warning: TT: undefined function: 32
Warning: TT: undefined function: 32
Warning: TT: undefined function: 32
Warning: TT: undefined function: 32
Warning: TT: undefined function: 32
Warning: TT: undefined function: 21
Warning: TT: undefined function: 21
Warning: TT: undefined function: 21
Warning: TT: undefined function: 21
Warning: TT: undefined function: 21
Warning: TT: undefined function: 21
Warning: TT: undefined function: 21
Warning: TT: undefined function: 21
Warning: TT: undefined function: 32
Warning: TT: undefined function: 32
  4400/29542 · 4286 com texto · 114 vazios · 0 errosWarning: TT: undefined function: 32
Warning: TT: undefined function: 21
Warning: TT: undefined function: 21
Warning: TT: undefined function: 32
Warning: TT: undefined function: 21
Warning: TT: undefined function: 21
Warning: TT: undefined function: 21
Warning: TT: undefined function: 21
Warning: TT: undefined function: 21
Warning: TT: undefined function: 21
Warning: TT: undefined function: 21
Warning: TT: undefined function: 21
Warning: TT: undefined function: 21
Warning: TT: undefined function: 21
Warning: TT: undefined function: 21
Warning: TT: undefined function: 21
Warning: TT: undefined function: 21
Warning: TT: undefined function: 21
Warning: TT: undefined function: 21
Warning: TT: undefined function: 21
Warning: TT: undefined function: 21
Warning: TT: undefined function: 21
Warning: TT: undefined function: 32
Warning: TT: undefined function: 21
Warning: TT: undefined function: 32
  4500/29542 · 4386 com texto · 114 vazios · 0 errosWarning: TT: undefined function: 32
Warning: TT: undefined function: 32
Warning: TT: undefined function: 32
Warning: TT: undefined function: 32
Warning: TT: undefined function: 32
Warning: TT: undefined function: 32
Warning: TT: undefined function: 32
Warning: TT: undefined function: 32
Warning: TT: undefined function: 32
Warning: TT: undefined function: 32
Warning: TT: undefined function: 32
Warning: TT: undefined function: 32
Warning: TT: undefined function: 32
Warning: TT: undefined function: 32
Warning: TT: undefined function: 32
Warning: TT: undefined function: 32
Warning: TT: undefined function: 32
Warning: TT: undefined function: 32
Warning: TT: undefined function: 32
Warning: TT: undefined function: 32
Warning: TT: undefined function: 32
Warning: TT: undefined function: 32
Warning: TT: undefined function: 32
Warning: TT: undefined function: 21
Warning: TT: undefined function: 32
  4600/29542 · 4462 com texto · 138 vazios · 0 errosWarning: TT: undefined function: 32
Warning: TT: undefined function: 21
Warning: TT: undefined function: 32
Warning: TT: undefined function: 32
Warning: TT: undefined function: 32
Warning: TT: undefined function: 32
Warning: TT: undefined function: 32
Warning: TT: undefined function: 32
Warning: TT: undefined function: 32
Warning: TT: undefined function: 32
Warning: TT: undefined function: 32
Warning: TT: undefined function: 32
Warning: TT: undefined function: 32
Warning: TT: undefined function: 32
  4700/29542 · 4548 com texto · 152 vazios · 0 errosWarning: TT: undefined function: 32
Warning: TT: undefined function: 32
Warning: TT: undefined function: 32
Warning: TT: undefined function: 32
Warning: TT: undefined function: 32
Warning: TT: undefined function: 32
Warning: TT: undefined function: 32
Warning: Badly formatted number: minus sign in the middle
Warning: Badly formatted number: minus sign in the middle
Warning: TT: undefined function: 32
Warning: TT: undefined function: 21
Warning: TT: undefined function: 21
  4800/29542 · 4645 com texto · 155 vazios · 0 errosWarning: TT: undefined function: 21
Warning: TT: undefined function: 21
Warning: TT: invalid function id: 136
Warning: TT: undefined function: 21
Warning: TT: undefined function: 21
Warning: TT: undefined function: 21
Warning: TT: undefined function: 21
Warning: TT: undefined function: 21
Warning: TT: invalid function id: 136
Warning: TT: undefined function: 32
Warning: TT: undefined function: 32
Warning: TT: undefined function: 32
Warning: TT: undefined function: 32
Warning: Badly formatted number: minus sign in the middle
Warning: Badly formatted number: minus sign in the middle
Warning: Badly formatted number: minus sign in the middle
Warning: Badly formatted number: minus sign in the middle
Warning: Badly formatted number: minus sign in the middle
Warning: Badly formatted number: minus sign in the middle
Warning: Badly formatted number: minus sign in the middle
Warning: Badly formatted number: minus sign in the middle
Warning: Badly formatted number: minus sign in the middle
Warning: Badly formatted number: minus sign in the middle
Warning: Badly formatted number: minus sign in the middle
Warning: Badly formatted number: minus sign in the middle
Warning: Badly formatted number: minus sign in the middle
Warning: Badly formatted number: minus sign in the middle
Warning: Badly formatted number: minus sign in the middle
Warning: Badly formatted number: minus sign in the middle
Warning: Badly formatted number: minus sign in the middle
Warning: Badly formatted number: minus sign in the middle
Warning: Badly formatted number: minus sign in the middle
Warning: TT: undefined function: 21
Warning: TT: undefined function: 32
Warning: TT: undefined function: 21
Warning: TT: undefined function: 32
Warning: TT: undefined function: 32
Warning: TT: undefined function: 21
Warning: Badly formatted number: minus sign in the middle
Warning: Badly formatted number: minus sign in the middle
Warning: Badly formatted number: minus sign in the middle
Warning: Badly formatted number: minus sign in the middle
Warning: Badly formatted number: minus sign in the middle
Warning: Badly formatted number: minus sign in the middle
Warning: Badly formatted number: minus sign in the middle
Warning: Badly formatted number: minus sign in the middle
Warning: Badly formatted number: minus sign in the middle
Warning: Badly formatted number: minus sign in the middle
Warning: Badly formatted number: minus sign in the middle
Warning: Badly formatted number: minus sign in the middle
Warning: Badly formatted number: minus sign in the middle
Warning: Badly formatted number: minus sign in the middle
Warning: Badly formatted number: minus sign in the middle
Warning: Badly formatted number: minus sign in the middle
Warning: Badly formatted number: minus sign in the middle
Warning: Badly formatted number: minus sign in the middle
Warning: Badly formatted number: minus sign in the middle
Warning: Badly formatted number: minus sign in the middle
Warning: Badly formatted number: minus sign in the middle
Warning: Badly formatted number: minus sign in the middle
Warning: Badly formatted number: minus sign in the middle
Warning: Badly formatted number: minus sign in the middle
Warning: Badly formatted number: minus sign in the middle
Warning: TT: undefined function: 32
Warning: TT: undefined function: 21
Warning: Required "glyf" table is not found -- trying to recover.
Warning: TT: undefined function: 32
Warning: Badly formatted number: minus sign in the middle
Warning: Badly formatted number: minus sign in the middle
Warning: Badly formatted number: minus sign in the middle
Warning: Badly formatted number: minus sign in the middle
Warning: Badly formatted number: minus sign in the middle
Warning: Badly formatted number: minus sign in the middle
Warning: Badly formatted number: minus sign in the middle
Warning: Badly formatted number: minus sign in the middle
Warning: Badly formatted number: minus sign in the middle
Warning: Badly formatted number: minus sign in the middle
Warning: Badly formatted number: minus sign in the middle
Warning: Badly formatted number: minus sign in the middle
Warning: TT: undefined function: 32
Warning: TT: undefined function: 21
Warning: TT: undefined function: 32
Warning: TT: undefined function: 32
Warning: TT: undefined function: 32
Warning: TT: undefined function: 32
Warning: TT: undefined function: 32
Warning: TT: undefined function: 32
Warning: TT: undefined function: 32
  4900/29542 · 4745 com texto · 155 vazios · 0 errosWarning: TT: undefined function: 32
Warning: TT: undefined function: 32
Warning: TT: undefined function: 32
Warning: TT: undefined function: 32
Warning: TT: undefined function: 21
Warning: TT: undefined function: 32
Warning: TT: undefined function: 32
Warning: TT: undefined function: 32
Warning: TT: undefined function: 32
Warning: TT: undefined function: 32
Warning: TT: undefined function: 32
Warning: TT: undefined function: 32
Warning: TT: undefined function: 32
Warning: TT: undefined function: 32
Warning: TT: undefined function: 32
Warning: TT: undefined function: 32
Warning: TT: undefined function: 32
  5000/29542 · 4844 com texto · 156 vazios · 0 errosWarning: TT: undefined function: 32
Warning: TT: undefined function: 32
Warning: TT: undefined function: 32
Warning: TT: undefined function: 32
Warning: TT: undefined function: 32
Warning: TT: undefined function: 32
Warning: TT: undefined function: 32
Warning: TT: undefined function: 32
Warning: TT: undefined function: 21
Warning: TT: undefined function: 21
Warning: TT: undefined function: 21
Warning: TT: undefined function: 21
Warning: TT: undefined function: 21
Warning: TT: undefined function: 21
Warning: TT: undefined function: 21
  5100/29542 · 4937 com texto · 163 vazios · 0 errosWarning: TT: undefined function: 21
Warning: TT: undefined function: 21
Warning: TT: undefined function: 21
Warning: TT: undefined function: 21
Warning: TT: undefined function: 21
Warning: TT: undefined function: 21
Warning: TT: undefined function: 21
Warning: TT: undefined function: 21
Warning: TT: undefined function: 21
Warning: TT: undefined function: 21
Warning: TT: undefined function: 21
Warning: TT: undefined function: 21
Warning: TT: undefined function: 21
Warning: TT: undefined function: 21
Warning: TT: undefined function: 21
Warning: TT: undefined function: 21
Warning: TT: undefined function: 21
Warning: TT: undefined function: 21
Warning: TT: undefined function: 21
Warning: TT: undefined function: 21
Warning: TT: undefined function: 21
Warning: TT: undefined function: 21
Warning: TT: undefined function: 21
Warning: TT: undefined function: 21
Warning: TT: undefined function: 21
Warning: TT: undefined function: 21
Warning: TT: undefined function: 21
Warning: TT: undefined function: 21
Warning: TT: undefined function: 21
Warning: TT: undefined function: 21
Warning: TT: undefined function: 21
Warning: TT: undefined function: 21
Warning: TT: undefined function: 21
Warning: TT: undefined function: 21
Warning: TT: undefined function: 21
Warning: TT: undefined function: 21
Warning: TT: undefined function: 32
Warning: TT: undefined function: 32
Warning: TT: undefined function: 21
Warning: TT: undefined function: 21
Warning: TT: undefined function: 32
Warning: TT: undefined function: 32
Warning: TT: undefined function: 21
Warning: TT: undefined function: 21
Warning: TT: undefined function: 21
Warning: TT: undefined function: 21
Warning: TT: undefined function: 32
Warning: TT: undefined function: 21
Warning: TT: undefined function: 32
Warning: TT: undefined function: 21
Warning: TT: undefined function: 32
Warning: TT: undefined function: 32
Warning: TT: undefined function: 21
Warning: TT: undefined function: 32
Warning: TT: undefined function: 21
Warning: TT: undefined function: 21
Warning: TT: undefined function: 32
Warning: TT: undefined function: 32
Warning: TT: undefined function: 21
Warning: TT: undefined function: 21
Warning: TT: undefined function: 21
Warning: TT: undefined function: 21
Warning: TT: undefined function: 32
Warning: TT: undefined function: 32
Warning: TT: invalid function id: 136
Warning: TT: undefined function: 32
Warning: TT: undefined function: 32
Warning: TT: undefined function: 32
Warning: TT: undefined function: 21
Warning: TT: undefined function: 21
Warning: TT: undefined function: 32
  5200/29542 · 5036 com texto · 164 vazios · 0 errosWarning: TT: undefined function: 32
  5300/29542 · 5136 com texto · 164 vazios · 0 errosWarning: TT: undefined function: 21
Warning: TT: undefined function: 21
Warning: TT: undefined function: 21
Warning: TT: undefined function: 21
Warning: TT: undefined function: 21
Warning: TT: undefined function: 32
Warning: TT: undefined function: 32
Warning: TT: undefined function: 21
Warning: TT: undefined function: 21
Warning: TT: undefined function: 21
Warning: TT: undefined function: 21
Warning: TT: undefined function: 21
Warning: TT: undefined function: 21
Warning: TT: undefined function: 32
Warning: TT: undefined function: 32
Warning: TT: undefined function: 32
  5400/29542 · 5235 com texto · 165 vazios · 0 errosWarning: TT: undefined function: 32
Warning: TT: undefined function: 32
Warning: TT: undefined function: 32
Warning: TT: undefined function: 32
Warning: TT: undefined function: 21
Warning: TT: undefined function: 32
Warning: TT: undefined function: 32
Warning: TT: undefined function: 21
Warning: TT: undefined function: 21
Warning: TT: undefined function: 32
Warning: TT: undefined function: 32
Warning: TT: undefined function: 32
Warning: TT: undefined function: 21
Warning: TT: undefined function: 21
Warning: TT: undefined function: 32
Warning: TT: undefined function: 32
Warning: TT: undefined function: 21
Warning: TT: undefined function: 21
Warning: TT: undefined function: 21
Warning: TT: undefined function: 21
Warning: TT: undefined function: 32
Warning: TT: undefined function: 32
  5500/29542 · 5334 com texto · 166 vazios · 0 erros  5600/29542 · 5431 com texto · 169 vazios · 0 erros  5700/29542 · 5524 com texto · 176 vazios · 0 erros  5800/29542 · 5618 com texto · 182 vazios · 0 erros  5900/29542 · 5714 com texto · 186 vazios · 0 errosWarning: TT: undefined function: 32
  6000/29542 · 5802 com texto · 198 vazios · 0 errosWarning: TT: invalid function id: 136
  6100/29542 · 5900 com texto · 200 vazios · 0 errosWarning: TT: undefined function: 21
Warning: TT: undefined function: 32
Warning: TT: undefined function: 21
Warning: TT: undefined function: 21
Warning: TT: undefined function: 32
Warning: TT: undefined function: 32
Warning: TT: undefined function: 32
Warning: TT: undefined function: 32
Warning: TT: undefined function: 32
Warning: TT: undefined function: 32
Warning: TT: undefined function: 32
Warning: TT: undefined function: 32
Warning: TT: undefined function: 32
Warning: TT: undefined function: 32
Warning: TT: undefined function: 32
Warning: TT: undefined function: 32
Warning: TT: undefined function: 32
Warning: TT: undefined function: 32
Warning: TT: undefined function: 32
Warning: TT: undefined function: 32
Warning: TT: undefined function: 32
Warning: TT: undefined function: 32
Warning: TT: undefined function: 32
Warning: TT: undefined function: 32
Warning: TT: undefined function: 32
Warning: TT: undefined function: 32
Warning: TT: undefined function: 32
Warning: TT: undefined function: 32
Warning: TT: undefined function: 32
Warning: TT: undefined function: 32
Warning: TT: undefined function: 32
  6200/29542 · 5996 com texto · 204 vazios · 0 errosWarning: TT: undefined function: 32
Warning: TT: undefined function: 21
Warning: TT: undefined function: 32
Warning: TT: undefined function: 32
Warning: TT: undefined function: 21
Warning: TT: undefined function: 32
  6300/29542 · 6085 com texto · 215 vazios · 0 errosWarning: TT: undefined function: 21
Warning: TT: undefined function: 32
Warning: TT: undefined function: 32
Warning: TT: undefined function: 32
Warning: TT: undefined function: 32
Warning: TT: undefined function: 32
Warning: TT: undefined function: 32
Warning: TT: undefined function: 32
Warning: TT: undefined function: 32
Warning: TT: undefined function: 21
Warning: TT: undefined function: 32
Warning: TT: undefined function: 32
Warning: TT: undefined function: 21
Warning: TT: undefined function: 21
Warning: TT: undefined function: 32
Warning: TT: undefined function: 32
Warning: TT: undefined function: 21
Warning: TT: undefined function: 21
Warning: TT: undefined function: 32
Warning: TT: undefined function: 32
Warning: TT: undefined function: 32
Warning: TT: undefined function: 32
Warning: TT: undefined function: 32
Warning: TT: undefined function: 32
Warning: TT: undefined function: 21
Warning: TT: undefined function: 21
Warning: TT: undefined function: 32
Warning: TT: undefined function: 21
Warning: TT: undefined function: 32
Warning: TT: undefined function: 32
Warning: TT: undefined function: 32
Warning: TT: undefined function: 32
Warning: TT: undefined function: 32
Warning: TT: undefined function: 32
Warning: TT: undefined function: 21
Warning: TT: undefined function: 32
Warning: TT: undefined function: 32
Warning: TT: undefined function: 32
Warning: TT: undefined function: 32
Warning: TT: undefined function: 32
Warning: TT: undefined function: 32
Warning: TT: undefined function: 32
Warning: TT: undefined function: 32
Warning: TT: undefined function: 21
Warning: TT: undefined function: 32
Warning: TT: undefined function: 32
Warning: TT: undefined function: 21
Warning: TT: undefined function: 21
Warning: TT: invalid function id: 136
Warning: TT: undefined function: 21
Warning: TT: undefined function: 21
Warning: TT: undefined function: 21
Warning: TT: undefined function: 32
Warning: TT: undefined function: 32
Warning: TT: undefined function: 32
Warning: TT: undefined function: 32
Warning: TT: undefined function: 32
Warning: TT: undefined function: 32
Warning: TT: undefined function: 32
Warning: TT: undefined function: 32
Warning: TT: undefined function: 21
Warning: TT: undefined function: 21
Warning: TT: undefined function: 32
Warning: TT: undefined function: 32
Warning: TT: undefined function: 32
Warning: TT: undefined function: 21
Warning: TT: undefined function: 21
  6400/29542 · 6185 com texto · 215 vazios · 0 errosWarning: TT: undefined function: 21
Warning: TT: undefined function: 32
Warning: TT: undefined function: 32
Warning: TT: undefined function: 21
Warning: TT: undefined function: 21
Warning: TT: undefined function: 21
Warning: TT: undefined function: 21
Warning: TT: undefined function: 21
Warning: TT: undefined function: 21
Warning: TT: undefined function: 32
Warning: TT: undefined function: 21
Warning: TT: undefined function: 21
Warning: TT: undefined function: 21
Warning: TT: undefined function: 21
Warning: TT: undefined function: 21
Warning: TT: undefined function: 21
Warning: TT: undefined function: 21
Warning: TT: invalid function id: 136
Warning: TT: undefined function: 21
Warning: TT: undefined function: 21
Warning: TT: invalid function id: 136
Warning: TT: undefined function: 32
Warning: TT: undefined function: 32
Warning: TT: undefined function: 21
Warning: TT: undefined function: 21
Warning: TT: undefined function: 21
Warning: TT: undefined function: 21
Warning: TT: undefined function: 21
Warning: TT: undefined function: 21
Warning: TT: undefined function: 32
Warning: TT: undefined function: 32
Warning: TT: undefined function: 21
Warning: TT: undefined function: 21
Warning: TT: undefined function: 21
Warning: TT: undefined function: 21
  6500/29542 · 6283 com texto · 217 vazios · 0 erros  6600/29542 · 6383 com texto · 217 vazios · 0 erros  6700/29542 · 6481 com texto · 219 vazios · 0 errosWarning: TT: undefined function: 32
  6800/29542 · 6580 com texto · 220 vazios · 0 errosWarning: TT: undefined function: 32
Warning: TT: undefined function: 32
Warning: TT: undefined function: 32
Warning: TT: undefined function: 21
Warning: TT: undefined function: 21
Warning: TT: undefined function: 21
Warning: TT: undefined function: 21
Warning: TT: undefined function: 21
Warning: TT: undefined function: 32
Warning: TT: undefined function: 21
Warning: TT: undefined function: 21
Warning: TT: undefined function: 21
Warning: TT: undefined function: 21
Warning: TT: undefined function: 21
Warning: TT: undefined function: 21
Warning: TT: undefined function: 21
  6900/29542 · 6675 com texto · 225 vazios · 0 errosWarning: TT: undefined function: 21
Warning: TT: undefined function: 21
Warning: TT: undefined function: 21
Warning: TT: undefined function: 21
Warning: TT: undefined function: 21
Warning: TT: undefined function: 21
Warning: TT: undefined function: 21
Warning: TT: undefined function: 21
Warning: TT: undefined function: 32
Warning: TT: undefined function: 21
Warning: TT: undefined function: 21
Warning: TT: undefined function: 21
Warning: TT: undefined function: 21
Warning: TT: invalid function id: 136
Warning: TT: undefined function: 21
Warning: TT: invalid function id: 136
Warning: TT: undefined function: 21
Warning: TT: undefined function: 21
Warning: TT: invalid function id: 136
Warning: TT: undefined function: 21
Warning: TT: undefined function: 21
Warning: TT: invalid function id: 136
Warning: TT: undefined function: 21
  7000/29542 · 6769 com texto · 231 vazios · 0 errosWarning: TT: undefined function: 32
Warning: TT: undefined function: 32
Warning: TT: undefined function: 32
Warning: TT: undefined function: 32
Warning: TT: undefined function: 21
Warning: TT: undefined function: 21
Warning: TT: undefined function: 32
Warning: TT: undefined function: 32
Warning: TT: undefined function: 32
Warning: TT: undefined function: 32
  7100/29542 · 6867 com texto · 233 vazios · 0 erros  7200/29542 · 6967 com texto · 233 vazios · 0 errosWarning: TT: undefined function: 21
Warning: TT: undefined function: 32
Warning: TT: undefined function: 32
Warning: TT: undefined function: 21
Warning: TT: undefined function: 32
Warning: TT: undefined function: 21
Warning: TT: undefined function: 21
Warning: TT: undefined function: 21
  7300/29542 · 7067 com texto · 233 vazios · 0 errosWarning: TT: undefined function: 32
Warning: TT: undefined function: 32
Warning: TT: undefined function: 32
Warning: TT: undefined function: 32
  7400/29542 · 7159 com texto · 241 vazios · 0 errosWarning: TT: undefined function: 21
  7500/29542 · 7253 com texto · 247 vazios · 0 errosWarning: TT: undefined function: 32
Warning: TT: undefined function: 32
Warning: TT: undefined function: 32
Warning: TT: undefined function: 32
  7600/29542 · 7350 com texto · 250 vazios · 0 errosWarning: TT: undefined function: 21
Warning: TT: undefined function: 32
Warning: TT: undefined function: 32
Warning: TT: undefined function: 32
Warning: TT: undefined function: 32
Warning: TT: undefined function: 32
Warning: TT: undefined function: 32
Warning: TT: undefined function: 32
Warning: TT: undefined function: 32
Warning: TT: undefined function: 32
Warning: TT: undefined function: 32
Warning: TT: undefined function: 32
Warning: TT: undefined function: 32
Warning: TT: undefined function: 32
Warning: TT: undefined function: 32
Warning: TT: undefined function: 32
Warning: TT: undefined function: 32
Warning: TT: undefined function: 32
Warning: TT: undefined function: 32
Warning: TT: undefined function: 32
Warning: TT: undefined function: 32
Warning: TT: undefined function: 32
Warning: TT: undefined function: 32
Warning: TT: undefined function: 32
Warning: TT: undefined function: 32
Warning: TT: undefined function: 32
Warning: TT: undefined function: 32
Warning: TT: undefined function: 32
Warning: TT: undefined function: 32
Warning: TT: undefined function: 32
Warning: TT: undefined function: 32
Warning: TT: undefined function: 32
Warning: TT: undefined function: 32
Warning: TT: undefined function: 32
Warning: TT: undefined function: 32
Warning: TT: undefined function: 32
Warning: TT: undefined function: 32
Warning: TT: undefined function: 32
Warning: TT: undefined function: 32
Warning: TT: undefined function: 32
Warning: TT: undefined function: 32
Warning: TT: undefined function: 32
Warning: TT: undefined function: 32
Warning: TT: undefined function: 32
Warning: TT: undefined function: 32
Warning: TT: undefined function: 32
Warning: TT: undefined function: 32
Warning: TT: undefined function: 32
Warning: TT: undefined function: 32
Warning: TT: undefined function: 32
Warning: TT: undefined function: 32
Warning: TT: undefined function: 32
Warning: TT: undefined function: 32
Warning: TT: undefined function: 32
Warning: TT: undefined function: 32
Warning: TT: undefined function: 32
Warning: TT: undefined function: 32
Warning: TT: undefined function: 32
Warning: TT: undefined function: 32
Warning: TT: undefined function: 32
Warning: TT: undefined function: 32
Warning: TT: undefined function: 32
Warning: TT: undefined function: 32
Warning: TT: undefined function: 32
Warning: TT: undefined function: 32
Warning: TT: undefined function: 32
Warning: TT: undefined function: 32
Warning: TT: undefined function: 32
Warning: TT: undefined function: 32
Warning: TT: undefined function: 32
Warning: TT: undefined function: 32
Warning: TT: undefined function: 32
Warning: TT: undefined function: 32
Warning: TT: undefined function: 32
Warning: TT: undefined function: 32
Warning: TT: undefined function: 32
Warning: TT: undefined function: 32
Warning: TT: undefined function: 32
Warning: TT: undefined function: 32
Warning: TT: undefined function: 32
Warning: TT: undefined function: 32
Warning: TT: undefined function: 32
Warning: TT: undefined function: 32
Warning: TT: undefined function: 32
Warning: TT: undefined function: 32
Warning: TT: undefined function: 32
Warning: TT: undefined function: 32
Warning: TT: undefined function: 32
Warning: TT: undefined function: 32
Warning: TT: undefined function: 32
Warning: TT: undefined function: 32
Warning: TT: undefined function: 32
Warning: TT: undefined function: 32
Warning: TT: undefined function: 32
Warning: TT: undefined function: 32
Warning: TT: undefined function: 32
Warning: TT: undefined function: 32
Warning: TT: undefined function: 32
Warning: TT: undefined function: 32
Warning: TT: undefined function: 32
Warning: TT: undefined function: 32
Warning: TT: undefined function: 32
Warning: TT: undefined function: 32
Warning: TT: undefined function: 32
Warning: TT: undefined function: 32
Warning: TT: undefined function: 32
Warning: TT: undefined function: 32
Warning: TT: undefined function: 32
Warning: TT: undefined function: 32
Warning: TT: undefined function: 32
Warning: TT: undefined function: 32
Warning: TT: undefined function: 32
Warning: TT: undefined function: 32
Warning: TT: undefined function: 32
Warning: TT: undefined function: 32
Warning: TT: undefined function: 32
Warning: TT: undefined function: 32
Warning: TT: undefined function: 32
Warning: TT: undefined function: 32
Warning: TT: undefined function: 32
Warning: TT: undefined function: 32
Warning: TT: undefined function: 32
Warning: TT: undefined function: 32
Warning: TT: undefined function: 32
Warning: TT: undefined function: 32
Warning: TT: undefined function: 32
Warning: TT: undefined function: 32
Warning: TT: undefined function: 32
Warning: TT: undefined function: 32
Warning: TT: undefined function: 32
Warning: TT: undefined function: 32
Warning: TT: undefined function: 32
Warning: TT: undefined function: 32
  7700/29542 · 7449 com texto · 251 vazios · 0 errosWarning: TT: undefined function: 21
Warning: TT: undefined function: 32
Warning: TT: undefined function: 32
Warning: TT: undefined function: 32
Warning: TT: undefined function: 32
Warning: TT: undefined function: 21
Warning: TT: undefined function: 32
Warning: TT: undefined function: 32
Warning: TT: undefined function: 32
Warning: TT: undefined function: 32
Warning: TT: undefined function: 32
Warning: TT: undefined function: 32
Warning: TT: undefined function: 32
Warning: TT: undefined function: 32
Warning: TT: undefined function: 32
Warning: TT: undefined function: 32
Warning: TT: undefined function: 21
Warning: TT: undefined function: 21
Warning: TT: invalid function id: 136
Warning: TT: undefined function: 32
Warning: TT: undefined function: 32
Warning: TT: undefined function: 32
Warning: TT: undefined function: 32
Warning: TT: undefined function: 32
Warning: TT: undefined function: 21
Warning: TT: undefined function: 21
Warning: TT: invalid function id: 136
Warning: TT: undefined function: 32
Warning: TT: undefined function: 32
Warning: TT: undefined function: 32
Warning: TT: undefined function: 32
Warning: TT: undefined function: 32
Warning: TT: undefined function: 32
Warning: TT: undefined function: 32
Warning: TT: undefined function: 32
Warning: TT: undefined function: 32
Warning: TT: undefined function: 21
Warning: TT: undefined function: 32
Warning: TT: undefined function: 32
Warning: TT: undefined function: 32
Warning: TT: undefined function: 32
  7800/29542 · 7545 com texto · 255 vazios · 0 errosWarning: TT: undefined function: 32
Warning: TT: undefined function: 32
Warning: TT: undefined function: 32
Warning: TT: undefined function: 32
Warning: TT: undefined function: 32
Warning: TT: undefined function: 32
Warning: TT: undefined function: 32
Warning: TT: undefined function: 32
Warning: TT: undefined function: 32
Warning: TT: undefined function: 32
Warning: TT: undefined function: 32
Warning: TT: undefined function: 32
Warning: TT: undefined function: 32
Warning: TT: undefined function: 32
Warning: TT: undefined function: 32
Warning: TT: undefined function: 32
Warning: TT: undefined function: 32
Warning: TT: undefined function: 32
Warning: TT: undefined function: 32
Warning: TT: undefined function: 32
Warning: TT: undefined function: 32
Warning: TT: undefined function: 32
Warning: TT: undefined function: 32
Warning: TT: undefined function: 32
Warning: TT: undefined function: 32
Warning: TT: undefined function: 32
Warning: TT: undefined function: 32
Warning: TT: undefined function: 32
Warning: TT: undefined function: 32
Warning: TT: undefined function: 32
Warning: TT: undefined function: 21
Warning: TT: undefined function: 21
Warning: TT: undefined function: 21
Warning: TT: invalid function id: 136
Warning: TT: undefined function: 32
Warning: TT: undefined function: 32
  7900/29542 · 7636 com texto · 264 vazios · 0 errosWarning: TT: undefined function: 21
Warning: TT: undefined function: 21
Warning: TT: undefined function: 21
Warning: TT: undefined function: 21
Warning: TT: undefined function: 21
Warning: TT: undefined function: 21
Warning: TT: undefined function: 32
Warning: TT: undefined function: 21
Warning: TT: undefined function: 21
Warning: TT: undefined function: 21
Warning: TT: invalid function id: 136
Warning: TT: undefined function: 32
Warning: TT: undefined function: 32
Warning: TT: undefined function: 32
Warning: TT: undefined function: 32
Warning: TT: undefined function: 21
Warning: TT: undefined function: 21
Warning: TT: undefined function: 32
Warning: TT: undefined function: 21
Warning: TT: undefined function: 21
Warning: TT: undefined function: 21
Warning: TT: undefined function: 21
Warning: TT: undefined function: 21
Warning: TT: undefined function: 21
Warning: TT: undefined function: 21
Warning: TT: undefined function: 21
Warning: TT: undefined function: 21
Warning: TT: undefined function: 21
Warning: TT: undefined function: 21
Warning: TT: invalid function id: 136
Warning: TT: undefined function: 21
Warning: TT: invalid function id: 136
Warning: TT: undefined function: 21
Warning: TT: undefined function: 21
Warning: TT: undefined function: 21
Warning: TT: invalid function id: 136
Warning: TT: undefined function: 21
Warning: TT: invalid function id: 136
Warning: TT: undefined function: 21
Warning: TT: undefined function: 21
Warning: TT: undefined function: 21
Warning: TT: undefined function: 21
Warning: TT: undefined function: 21
Warning: TT: undefined function: 21
Warning: TT: undefined function: 21
Warning: TT: undefined function: 21
Warning: TT: undefined function: 21
Warning: TT: undefined function: 21
Warning: TT: undefined function: 21
Warning: TT: undefined function: 21
Warning: TT: undefined function: 21
Warning: TT: undefined function: 21
Warning: TT: undefined function: 21
Warning: TT: undefined function: 21
Warning: TT: undefined function: 21
Warning: TT: undefined function: 21
Warning: TT: undefined function: 32
Warning: TT: undefined function: 32
Warning: TT: undefined function: 32
Warning: TT: undefined function: 21
Warning: TT: undefined function: 21
Warning: TT: undefined function: 21
Warning: TT: undefined function: 21
Warning: TT: undefined function: 21
  8000/29542 · 7724 com texto · 276 vazios · 0 errosWarning: TT: undefined function: 32
Warning: TT: undefined function: 32
Warning: TT: undefined function: 32
Warning: TT: undefined function: 32
Warning: TT: undefined function: 32
Warning: TT: undefined function: 32
Warning: TT: undefined function: 32
Warning: TT: undefined function: 32
Warning: TT: undefined function: 32
Warning: TT: undefined function: 32
Warning: TT: undefined function: 32
Warning: TT: undefined function: 32
Warning: TT: undefined function: 32
  8100/29542 · 7824 com texto · 276 vazios · 0 errosWarning: TT: undefined function: 32
Warning: TT: undefined function: 32
Warning: TT: undefined function: 32
Warning: TT: undefined function: 32
Warning: TT: undefined function: 32
Warning: TT: undefined function: 32
Warning: TT: undefined function: 32
Warning: TT: undefined function: 21
Warning: TT: undefined function: 21
Warning: TT: undefined function: 21
Warning: TT: undefined function: 21
Warning: TT: undefined function: 32
Warning: TT: undefined function: 21
Warning: TT: undefined function: 21
Warning: TT: undefined function: 21
Warning: TT: undefined function: 21
Warning: TT: undefined function: 21
Warning: TT: undefined function: 21
Warning: TT: undefined function: 21
Warning: TT: undefined function: 32
Warning: TT: undefined function: 32
Warning: TT: undefined function: 21
Warning: TT: undefined function: 32
Warning: TT: undefined function: 32
Warning: TT: undefined function: 32
Warning: TT: undefined function: 32
Warning: TT: undefined function: 21
Warning: TT: undefined function: 21
Warning: TT: undefined function: 32
Warning: TT: undefined function: 32
Warning: TT: undefined function: 32
Warning: TT: undefined function: 32
Warning: TT: undefined function: 32
Warning: TT: undefined function: 32
  8200/29542 · 7921 com texto · 279 vazios · 0 errosWarning: TT: undefined function: 21
Warning: TT: undefined function: 21
Warning: TT: undefined function: 21
Warning: TT: undefined function: 32
Warning: TT: undefined function: 21
Warning: TT: undefined function: 21
Warning: TT: undefined function: 32
Warning: TT: undefined function: 21
Warning: TT: undefined function: 21
Warning: TT: undefined function: 21
Warning: TT: undefined function: 21
Warning: TT: undefined function: 32
Warning: TT: undefined function: 32
Warning: TT: undefined function: 21
Warning: TT: undefined function: 21
  8300/29542 · 8019 com texto · 281 vazios · 0 errosWarning: TT: undefined function: 32
Warning: TT: undefined function: 32
Warning: TT: undefined function: 32
Warning: TT: undefined function: 32
Warning: TT: undefined function: 32
Warning: TT: undefined function: 32
Warning: TT: undefined function: 32
Warning: TT: undefined function: 21
  8400/29542 · 8115 com texto · 285 vazios · 0 errosWarning: TT: undefined function: 32
Warning: TT: undefined function: 32
Warning: TT: undefined function: 32
Warning: TT: undefined function: 32
Warning: TT: undefined function: 32
Warning: TT: undefined function: 32
Warning: TT: undefined function: 32
Warning: TT: undefined function: 32
Warning: TT: undefined function: 32
Warning: TT: undefined function: 32
Warning: TT: undefined function: 32
Warning: TT: undefined function: 32
  8500/29542 · 8215 com texto · 285 vazios · 0 errosWarning: TT: undefined function: 21
Warning: TT: undefined function: 21
Warning: TT: undefined function: 21
Warning: TT: undefined function: 21
Warning: TT: undefined function: 21
Warning: TT: undefined function: 21
Warning: TT: undefined function: 21
Warning: TT: undefined function: 21
Warning: TT: undefined function: 5
Warning: TT: undefined function: 21
Warning: TT: undefined function: 21
Warning: TT: undefined function: 21
  8600/29542 · 8313 com texto · 287 vazios · 0 errosWarning: TT: undefined function: 21
Warning: TT: undefined function: 21
Warning: TT: undefined function: 21
Warning: TT: undefined function: 21
Warning: TT: undefined function: 21
Warning: TT: undefined function: 21
Warning: TT: undefined function: 32
Warning: TT: undefined function: 21
Warning: TT: undefined function: 21
Warning: TT: invalid function id: 136
Warning: TT: invalid function id: 136
Warning: TT: undefined function: 21
Warning: TT: undefined function: 21
Warning: TT: undefined function: 21
Warning: TT: undefined function: 21
Warning: TT: undefined function: 21
Warning: TT: undefined function: 21
Warning: TT: undefined function: 21
Warning: TT: undefined function: 21
Warning: TT: undefined function: 32
Warning: TT: undefined function: 32
Warning: TT: undefined function: 32
Warning: TT: undefined function: 32
Warning: TT: undefined function: 21
Warning: TT: undefined function: 21
Warning: TT: undefined function: 21
Warning: TT: undefined function: 32
  8700/29542 · 8413 com texto · 287 vazios · 0 errosWarning: TT: undefined function: 21
Warning: TT: undefined function: 32
Warning: TT: undefined function: 32
Warning: TT: undefined function: 32
  8800/29542 · 8512 com texto · 288 vazios · 0 errosWarning: TT: undefined function: 21
Warning: TT: undefined function: 21
Warning: TT: undefined function: 21
Warning: TT: undefined function: 21
Warning: TT: undefined function: 32
Warning: TT: undefined function: 21
Warning: TT: undefined function: 32
Warning: TT: undefined function: 21
Warning: TT: undefined function: 32
Warning: TT: undefined function: 21
Warning: TT: undefined function: 32
Warning: TT: undefined function: 21
Warning: TT: undefined function: 21
Warning: TT: undefined function: 21
Warning: TT: undefined function: 21
Warning: TT: undefined function: 32
Warning: TT: undefined function: 21
Warning: TT: undefined function: 32
Warning: TT: undefined function: 32
Warning: TT: undefined function: 21
  8900/29542 · 8612 com texto · 288 vazios · 0 errosWarning: TT: undefined function: 21
Warning: TT: undefined function: 21
Warning: TT: undefined function: 21
Warning: TT: undefined function: 21
Warning: TT: undefined function: 21
Warning: TT: undefined function: 32
Warning: TT: undefined function: 21
Warning: TT: undefined function: 21
Warning: TT: undefined function: 21
Warning: TT: undefined function: 21
Warning: TT: undefined function: 21
Warning: TT: undefined function: 21
  9000/29542 · 8710 com texto · 290 vazios · 0 errosWarning: TT: undefined function: 21
Warning: TT: undefined function: 21
Warning: TT: undefined function: 21
Warning: TT: undefined function: 21
Warning: TT: undefined function: 32
  9100/29542 · 8808 com texto · 292 vazios · 0 errosWarning: TT: undefined function: 21
Warning: TT: undefined function: 21
Warning: TT: invalid function id: 136
Warning: TT: invalid function id: 136
  9200/29542 · 8904 com texto · 296 vazios · 0 errosWarning: TT: undefined function: 32
Warning: TT: undefined function: 32
Warning: TT: undefined function: 32
Warning: TT: undefined function: 32
Warning: TT: undefined function: 32
Warning: TT: undefined function: 21
Warning: TT: undefined function: 32
Warning: TT: undefined function: 21
Warning: TT: undefined function: 32
Warning: TT: undefined function: 21
Warning: TT: undefined function: 32
Warning: TT: undefined function: 32
Warning: TT: undefined function: 32
Warning: TT: undefined function: 32
  9300/29542 · 9001 com texto · 299 vazios · 0 errosWarning: TT: undefined function: 21
Warning: TT: undefined function: 21
Warning: TT: undefined function: 21
Warning: TT: undefined function: 21
Warning: TT: undefined function: 32
Warning: TT: undefined function: 21
Warning: TT: undefined function: 21
Warning: TT: undefined function: 21
Warning: TT: undefined function: 32
Warning: TT: undefined function: 21
Warning: TT: undefined function: 21
  9400/29542 · 9101 com texto · 299 vazios · 0 errosWarning: TT: undefined function: 32
Warning: TT: undefined function: 32
Warning: TT: undefined function: 32
Warning: TT: undefined function: 32
Warning: TT: undefined function: 32
Warning: TT: undefined function: 32
Warning: TT: undefined function: 32
Warning: TT: undefined function: 32
Warning: TT: undefined function: 32
Warning: TT: undefined function: 32
Warning: TT: undefined function: 32
Warning: TT: undefined function: 32
Warning: TT: undefined function: 32
Warning: TT: undefined function: 32
Warning: TT: undefined function: 32
Warning: TT: undefined function: 21
Warning: TT: undefined function: 32
Warning: TT: undefined function: 32
Warning: TT: undefined function: 32
Warning: TT: undefined function: 21
Warning: TT: undefined function: 32
Warning: TT: undefined function: 21
Warning: TT: undefined function: 32
  9500/29542 · 9196 com texto · 304 vazios · 0 errosWarning: TT: undefined function: 32
Warning: TT: undefined function: 32
Warning: TT: undefined function: 32
Warning: TT: undefined function: 21
Warning: TT: undefined function: 32
Warning: TT: undefined function: 32
Warning: TT: undefined function: 32
Warning: TT: undefined function: 32
Warning: TT: undefined function: 32
Warning: TT: undefined function: 32
Warning: TT: undefined function: 21
Warning: TT: undefined function: 32
Warning: TT: undefined function: 21
Warning: TT: undefined function: 21
Warning: TT: undefined function: 21
Warning: TT: undefined function: 32
Warning: TT: undefined function: 32
Warning: TT: undefined function: 21
Warning: TT: undefined function: 21
Warning: TT: undefined function: 21
Warning: TT: invalid function id: 136
Warning: TT: undefined function: 21
Warning: TT: undefined function: 21
Warning: TT: undefined function: 21
  9600/29542 · 9294 com texto · 306 vazios · 0 errosWarning: TT: undefined function: 32
Warning: TT: undefined function: 21
Warning: TT: undefined function: 32
Warning: TT: undefined function: 21
Warning: TT: undefined function: 32
  9700/29542 · 9394 com texto · 306 vazios · 0 errosWarning: TT: undefined function: 32
Warning: TT: undefined function: 32
Warning: TT: undefined function: 32
Warning: TT: undefined function: 32
Warning: TT: undefined function: 32
Warning: TT: undefined function: 32
Warning: TT: undefined function: 32
Warning: TT: undefined function: 32
Warning: TT: undefined function: 32
Warning: TT: undefined function: 32
  9800/29542 · 9492 com texto · 308 vazios · 0 errosWarning: TT: undefined function: 32
Warning: TT: undefined function: 32
Warning: TT: undefined function: 32
Warning: TT: undefined function: 32
Warning: TT: undefined function: 32
Warning: TT: undefined function: 32
Warning: TT: undefined function: 32
Warning: TT: undefined function: 32
Warning: TT: undefined function: 32
Warning: TT: undefined function: 32
Warning: TT: undefined function: 32
Warning: TT: undefined function: 32
Warning: TT: undefined function: 32
Warning: TT: undefined function: 32
Warning: TT: undefined function: 32
Warning: TT: undefined function: 32
Warning: TT: undefined function: 32
Warning: TT: undefined function: 32
Warning: TT: undefined function: 32
Warning: TT: undefined function: 32
Warning: TT: undefined function: 32
Warning: TT: undefined function: 32
Warning: TT: undefined function: 32
Warning: TT: undefined function: 32
Warning: TT: undefined function: 32
Warning: TT: undefined function: 32
Warning: TT: undefined function: 32
Warning: TT: undefined function: 32
Warning: TT: undefined function: 32
Warning: TT: undefined function: 32
Warning: TT: undefined function: 32
Warning: TT: undefined function: 32
Warning: TT: undefined function: 32
Warning: TT: undefined function: 32
Warning: TT: undefined function: 32
Warning: TT: undefined function: 32
Warning: TT: undefined function: 32
Warning: TT: undefined function: 32
Warning: TT: undefined function: 32
Warning: TT: undefined function: 32
Warning: TT: undefined function: 32
Warning: TT: undefined function: 32
Warning: TT: undefined function: 32
Warning: TT: undefined function: 32
Warning: TT: undefined function: 32
Warning: TT: undefined function: 32
Warning: TT: undefined function: 32
Warning: TT: undefined function: 32
Warning: TT: undefined function: 32
Warning: TT: undefined function: 32
Warning: TT: undefined function: 32
Warning: TT: undefined function: 32
Warning: TT: undefined function: 32
Warning: TT: undefined function: 32
Warning: TT: undefined function: 32
Warning: TT: undefined function: 32
  9900/29542 · 9592 com texto · 308 vazios · 0 errosWarning: TT: undefined function: 32
Warning: TT: undefined function: 32
Warning: TT: undefined function: 32
Warning: TT: undefined function: 32
Warning: TT: undefined function: 32
Warning: TT: undefined function: 32
Warning: TT: undefined function: 32
Warning: TT: undefined function: 32
Warning: TT: undefined function: 32
Warning: TT: undefined function: 32
Warning: TT: undefined function: 32
Warning: TT: undefined function: 32
  10000/29542 · 9690 com texto · 310 vazios · 0 erros  10100/29542 · 9788 com texto · 312 vazios · 0 errosWarning: TT: undefined function: 21
Warning: TT: undefined function: 21
Warning: TT: undefined function: 32
Warning: TT: undefined function: 32
Warning: TT: undefined function: 32
Warning: TT: undefined function: 21
Warning: TT: undefined function: 21
Warning: TT: undefined function: 21
Warning: TT: undefined function: 21
Warning: TT: undefined function: 32
Warning: TT: undefined function: 21
Warning: TT: undefined function: 21
Warning: TT: undefined function: 21
  10200/29542 · 9884 com texto · 316 vazios · 0 errosWarning: TT: undefined function: 21
Warning: TT: undefined function: 32
Warning: TT: undefined function: 21
Warning: TT: undefined function: 32
Warning: TT: undefined function: 32
Warning: TT: undefined function: 32
Warning: TT: undefined function: 32
Warning: TT: undefined function: 32
  10300/29542 · 9983 com texto · 317 vazios · 0 errosWarning: TT: undefined function: 32
Warning: TT: undefined function: 32
Warning: TT: undefined function: 32
Warning: TT: undefined function: 32
Warning: TT: undefined function: 21
Warning: TT: undefined function: 32
Warning: TT: undefined function: 32
Warning: TT: undefined function: 32
Warning: TT: undefined function: 32
Warning: TT: undefined function: 32
Warning: TT: undefined function: 32
Warning: TT: undefined function: 32
Warning: TT: undefined function: 32
Warning: TT: undefined function: 32
Warning: TT: undefined function: 32
Warning: TT: undefined function: 32
Warning: TT: undefined function: 32
Warning: TT: undefined function: 32
Warning: TT: undefined function: 32
Warning: TT: undefined function: 32
Warning: TT: undefined function: 32
Warning: TT: undefined function: 32
Warning: TT: undefined function: 32
Warning: TT: undefined function: 32
Warning: TT: undefined function: 32
Warning: TT: undefined function: 32
Warning: TT: undefined function: 32
  10400/29542 · 10083 com texto · 317 vazios · 0 errosWarning: TT: undefined function: 32
Warning: TT: undefined function: 21
Warning: TT: undefined function: 21
Warning: TT: undefined function: 32
Warning: TT: undefined function: 32
Warning: TT: undefined function: 32
Warning: TT: undefined function: 32
Warning: TT: undefined function: 32
Warning: TT: undefined function: 32
Warning: TT: undefined function: 32
Warning: TT: undefined function: 21
Warning: TT: undefined function: 21
Warning: TT: undefined function: 21
Warning: TT: undefined function: 32
Warning: TT: undefined function: 32
Warning: TT: undefined function: 21
Warning: TT: undefined function: 21
Warning: TT: undefined function: 32
Warning: TT: undefined function: 32
Warning: TT: undefined function: 32
Warning: TT: undefined function: 32
  10500/29542 · 10183 com texto · 317 vazios · 0 errosWarning: TT: undefined function: 32
Warning: TT: undefined function: 32
Warning: TT: undefined function: 32
Warning: TT: undefined function: 32
Warning: TT: undefined function: 32
Warning: TT: undefined function: 32
Warning: TT: undefined function: 32
Warning: TT: undefined function: 21
Warning: UnknownErrorException: Ensure that the `standardFontDataUrl` API parameter is provided.
Warning: TT: undefined function: 21
Warning: UnknownErrorException: Ensure that the `standardFontDataUrl` API parameter is provided.
Warning: TT: undefined function: 21
Warning: TT: undefined function: 21
  10600/29542 · 10283 com texto · 317 vazios · 0 errosWarning: TT: undefined function: 21
Warning: TT: undefined function: 21
Warning: TT: undefined function: 21
Warning: TT: undefined function: 21
Warning: TT: undefined function: 21
Warning: TT: undefined function: 21
Warning: TT: undefined function: 32
Warning: TT: undefined function: 32
Warning: TT: undefined function: 32
Warning: TT: undefined function: 21
Warning: TT: undefined function: 32
Warning: TT: undefined function: 21
Warning: TT: undefined function: 21
Warning: TT: undefined function: 32
Warning: TT: undefined function: 32
Warning: TT: undefined function: 32
Warning: TT: undefined function: 32
Warning: TT: undefined function: 32
Warning: TT: undefined function: 32
Warning: TT: invalid function id: 136
Warning: TT: undefined function: 32
Warning: TT: undefined function: 32
  10700/29542 · 10381 com texto · 319 vazios · 0 erros  10800/29542 · 10478 com texto · 322 vazios · 0 errosWarning: TT: undefined function: 32
Warning: TT: undefined function: 32
Warning: TT: undefined function: 32
Warning: TT: undefined function: 21
Warning: TT: undefined function: 32
Warning: TT: undefined function: 32
Warning: TT: undefined function: 32
Warning: TT: undefined function: 32
Warning: TT: undefined function: 32
Warning: TT: undefined function: 32
  10900/29542 · 10577 com texto · 323 vazios · 0 errosWarning: TT: undefined function: 21
Warning: TT: undefined function: 32
Warning: TT: undefined function: 21
Warning: TT: undefined function: 32
Warning: TT: undefined function: 32
Warning: TT: undefined function: 32
Warning: TT: undefined function: 32
Warning: TT: undefined function: 32
Warning: TT: undefined function: 32
Warning: TT: undefined function: 32
Warning: TT: undefined function: 32
Warning: TT: undefined function: 32
Warning: TT: undefined function: 32
Warning: TT: undefined function: 32
Warning: TT: undefined function: 32
Warning: TT: undefined function: 32
Warning: TT: undefined function: 32
Warning: TT: undefined function: 21
Warning: TT: undefined function: 21
Warning: TT: invalid function id: 136
Warning: TT: undefined function: 32
Warning: TT: undefined function: 32
Warning: TT: undefined function: 32
Warning: TT: undefined function: 32
Warning: TT: undefined function: 21
Warning: TT: undefined function: 32
Warning: TT: undefined function: 32
Warning: TT: undefined function: 32
Warning: loadFont - translateFont failed: "UnknownErrorException: Ensure that the `cMapUrl` API parameter is provided.".
Warning: TT: undefined function: 32
Warning: TT: undefined function: 32
Warning: TT: undefined function: 32
Warning: TT: undefined function: 32
Warning: TT: undefined function: 32
Warning: TT: undefined function: 32
  11000/29542 · 10677 com texto · 323 vazios · 0 errosWarning: TT: undefined function: 32
Warning: TT: undefined function: 32
Warning: TT: undefined function: 32
Warning: TT: undefined function: 32
Warning: TT: undefined function: 32
Warning: TT: undefined function: 32
Warning: TT: undefined function: 32
Warning: TT: undefined function: 32
Warning: TT: undefined function: 32
Warning: TT: undefined function: 32
Warning: TT: undefined function: 32
Warning: TT: undefined function: 32
Warning: TT: undefined function: 32
Warning: TT: undefined function: 32
Warning: TT: undefined function: 21
Warning: TT: undefined function: 32
Warning: TT: undefined function: 32
Warning: TT: undefined function: 32
Warning: TT: undefined function: 32
Warning: TT: undefined function: 32
Warning: TT: undefined function: 32
Warning: TT: undefined function: 21
Warning: TT: undefined function: 32
Warning: TT: undefined function: 32
Warning: TT: undefined function: 21
Warning: TT: undefined function: 21
Warning: TT: undefined function: 21
Warning: TT: undefined function: 21
Warning: TT: undefined function: 21
Warning: TT: undefined function: 21
Warning: TT: undefined function: 32
Warning: TT: undefined function: 21
Warning: TT: undefined function: 21
Warning: TT: undefined function: 21
Warning: TT: undefined function: 21
Warning: TT: undefined function: 21
Warning: TT: undefined function: 21
Warning: TT: undefined function: 32
Warning: TT: undefined function: 32
Warning: TT: undefined function: 21
Warning: TT: undefined function: 21
Warning: TT: undefined function: 32
Warning: TT: undefined function: 21
Warning: TT: undefined function: 21
Warning: TT: undefined function: 32
Warning: TT: undefined function: 32
Warning: TT: undefined function: 32
Warning: TT: undefined function: 32
Warning: TT: undefined function: 21
Warning: TT: undefined function: 21
Warning: TT: undefined function: 21
Warning: TT: undefined function: 21
Warning: TT: undefined function: 21
Warning: TT: undefined function: 32
Warning: TT: undefined function: 21
Warning: TT: undefined function: 32
Warning: TT: undefined function: 21
Warning: TT: undefined function: 21
Warning: TT: undefined function: 21
  11100/29542 · 10777 com texto · 323 vazios · 0 errosWarning: TT: undefined function: 32
Warning: TT: undefined function: 32
Warning: TT: undefined function: 32
Warning: TT: undefined function: 32
Warning: TT: undefined function: 32
Warning: TT: undefined function: 32
  11200/29542 · 10872 com texto · 328 vazios · 0 errosWarning: TT: undefined function: 32
Warning: TT: undefined function: 32
Warning: TT: undefined function: 32
Warning: TT: undefined function: 32
Warning: TT: undefined function: 32
Warning: TT: undefined function: 32
Warning: TT: undefined function: 32
Warning: TT: undefined function: 32
Warning: TT: undefined function: 32
Warning: TT: undefined function: 21
Warning: TT: undefined function: 21
Warning: TT: undefined function: 21
  11300/29542 · 10969 com texto · 331 vazios · 0 errosWarning: TT: undefined function: 32
Warning: TT: undefined function: 32
Warning: TT: undefined function: 21
Warning: TT: undefined function: 21
Warning: TT: undefined function: 32
==== 15/07/2026 13:09:44,00 :: DOWNLOAD ==== 
(node:15712) Warning: SECURITY WARNING: The SSL modes 'prefer', 'require', and 'verify-ca' are treated as aliases for 'verify-full'.
In the next major version (pg-connection-string v3.0.0 and pg v9.0.0), these modes will adopt standard libpq semantics, which have weaker security guarantees.

To prepare for this change:
- If you want the current behavior, explicitly use 'sslmode=verify-full'
- If you want libpq compatibility now, use 'uselibpqcompat=true&sslmode=require'

See https://www.postgresql.org/docs/current/libpq-ssl.html for libpq SSL mode definitions.
(Use `node --trace-warnings ...` to show where the warning was created)
18.182 documentos a baixar (seleção por plataforma/modalidade) · conc 3
Warning: TT: undefined function: 32
Warning: TT: undefined function: 3
Warning: TT: undefined function: 32
Warning: TT: undefined function: 21
Warning: TT: undefined function: 32
Warning: TT: undefined function: 32
Warning: TT: undefined function: 32
Warning: TT: undefined function: 32
Warning: TT: undefined function: 32
Warning: TT: undefined function: 32
Warning: TT: undefined function: 32
Warning: TT: undefined function: 21
Warning: TT: undefined function: 32
Warning: TT: undefined function: 21
Warning: TT: undefined function: 32
Warning: TT: undefined function: 32
Warning: TT: undefined function: 32
Warning: TT: undefined function: 21
Warning: TT: undefined function: 21
Warning: TT: undefined function: 21
Warning: TT: undefined function: 21
Warning: TT: undefined function: 21
Warning: TT: undefined function: 32
Warning: TT: undefined function: 21
Warning: TT: undefined function: 21
Warning: TT: undefined function: 32
Warning: TT: undefined function: 32
Warning: TT: undefined function: 21
  100/18182 · 100 com texto · 0 vazios · 0 errosWarning: TT: undefined function: 32
Warning: TT: undefined function: 32
Warning: TT: undefined function: 32
Warning: TT: undefined function: 32
Warning: TT: undefined function: 32
Warning: TT: undefined function: 32
Warning: TT: undefined function: 32
Warning: TT: undefined function: 21
  200/18182 · 200 com texto · 0 vazios · 0 errosWarning: TT: undefined function: 32
Warning: TT: undefined function: 32
Warning: TT: undefined function: 21
Warning: TT: undefined function: 21
Warning: TT: undefined function: 21
Warning: TT: undefined function: 21
  300/18182 · 300 com texto · 0 vazios · 0 errosWarning: TT: undefined function: 32
Warning: TT: undefined function: 32
Warning: TT: undefined function: 32
Warning: TT: undefined function: 32
Warning: TT: undefined function: 32
Warning: TT: undefined function: 32
Warning: TT: undefined function: 32
Warning: TT: undefined function: 32
Warning: TT: undefined function: 32
Warning: Empty "FlateDecode" stream.
Warning: TT: undefined function: 32
Warning: TT: undefined function: 32
Warning: TT: undefined function: 32
Warning: TT: undefined function: 32
Warning: TT: undefined function: 32
Warning: TT: undefined function: 32
Warning: TT: undefined function: 32
Warning: TT: undefined function: 21
  400/18182 · 400 com texto · 0 vazios · 0 errosWarning: TT: undefined function: 21
Warning: TT: undefined function: 32
Warning: TT: undefined function: 21
Warning: TT: undefined function: 21
Warning: TT: undefined function: 32
Warning: TT: undefined function: 32
Warning: TT: undefined function: 32
Warning: TT: undefined function: 32
Warning: TT: undefined function: 32
Warning: TT: undefined function: 32
Warning: TT: undefined function: 21
Warning: TT: undefined function: 21
Warning: TT: undefined function: 21
Warning: TT: undefined function: 21
Warning: TT: undefined function: 21
Warning: TT: undefined function: 32
Warning: TT: undefined function: 32
Warning: TT: undefined function: 32
Warning: TT: undefined function: 32
Warning: TT: undefined function: 32
Warning: TT: undefined function: 32
Warning: TT: undefined function: 32
  500/18182 · 498 com texto · 2 vazios · 0 errosWarning: TT: undefined function: 32
Warning: TT: undefined function: 32
Warning: TT: undefined function: 32
Warning: TT: undefined function: 32
Warning: TT: undefined function: 32
Warning: TT: undefined function: 32
Warning: TT: undefined function: 32
  600/18182 · 587 com texto · 13 vazios · 0 errosWarning: TT: undefined function: 32
Warning: TT: undefined function: 32
Warning: TT: undefined function: 32
Warning: TT: undefined function: 32
Warning: TT: undefined function: 21
Warning: TT: undefined function: 21
Warning: TT: undefined function: 32
Warning: TT: undefined function: 21
Warning: TT: undefined function: 21
Warning: TT: undefined function: 21
Warning: TT: invalid function id: 136
Warning: TT: undefined function: 32
Warning: TT: undefined function: 32
Warning: TT: undefined function: 32
Warning: TT: undefined function: 32
Warning: TT: undefined function: 32
Warning: TT: undefined function: 32
Warning: TT: undefined function: 32
  700/18182 · 687 com texto · 13 vazios · 0 errosWarning: TT: undefined function: 32
Warning: TT: undefined function: 32
Warning: TT: undefined function: 21
Warning: TT: undefined function: 21
Warning: TT: undefined function: 32
Warning: TT: undefined function: 32
Warning: TT: undefined function: 21
  800/18182 · 779 com texto · 21 vazios · 0 errosWarning: TT: undefined function: 21
Warning: TT: undefined function: 21
Warning: TT: invalid function id: 136
Warning: TT: undefined function: 32
  900/18182 · 879 com texto · 21 vazios · 0 errosWarning: TT: undefined function: 21
Warning: TT: undefined function: 21
Warning: TT: undefined function: 21
Warning: TT: undefined function: 32
Warning: TT: undefined function: 32
Warning: TT: undefined function: 32
  1000/18182 · 978 com texto · 22 vazios · 0 erros  1100/18182 · 1078 com texto · 22 vazios · 0 erros  1200/18182 · 1178 com texto · 22 vazios · 0 erros  1300/18182 · 1274 com texto · 26 vazios · 0 errosWarning: TT: undefined function: 21
Warning: TT: undefined function: 21
Warning: TT: undefined function: 21
Warning: TT: undefined function: 21
Warning: TT: undefined function: 32
Warning: TT: undefined function: 32
Warning: TT: undefined function: 32
Warning: TT: undefined function: 32
Warning: TT: undefined function: 32
Warning: TT: undefined function: 32
Warning: TT: undefined function: 32
Warning: TT: undefined function: 32
Warning: TT: undefined function: 32
Warning: TT: undefined function: 32
Warning: TT: undefined function: 32
Warning: TT: undefined function: 32
Warning: TT: undefined function: 32
Warning: TT: undefined function: 32
Warning: TT: undefined function: 32
Warning: TT: undefined function: 32
Warning: TT: undefined function: 32
Warning: TT: undefined function: 32
Warning: TT: undefined function: 32
  1400/18182 · 1373 com texto · 27 vazios · 0 errosWarning: TT: undefined function: 21
Warning: TT: undefined function: 21
Warning: TT: undefined function: 21
Warning: TT: undefined function: 21
Warning: TT: undefined function: 21
Warning: TT: undefined function: 21
Warning: TT: undefined function: 32
Warning: TT: undefined function: 32
Warning: TT: undefined function: 32
  1500/18182 · 1473 com texto · 27 vazios · 0 errosWarning: TT: undefined function: 32
  1600/18182 · 1573 com texto · 27 vazios · 0 errosWarning: TT: undefined function: 21
Warning: TT: undefined function: 21
Warning: TT: undefined function: 21
Warning: TT: undefined function: 21
Warning: TT: undefined function: 32
Warning: TT: undefined function: 32
  1700/18182 · 1671 com texto · 29 vazios · 0 errosWarning: TT: undefined function: 32
Warning: TT: undefined function: 32
Warning: TT: undefined function: 32
Warning: TT: undefined function: 32
Warning: TT: undefined function: 32
Warning: TT: undefined function: 32
Warning: TT: undefined function: 32
Warning: TT: undefined function: 32
Warning: TT: undefined function: 32
Warning: TT: undefined function: 32
Warning: TT: undefined function: 32
  1800/18182 · 1770 com texto · 30 vazios · 0 errosWarning: TT: undefined function: 32
Warning: TT: undefined function: 21
Warning: TT: undefined function: 21
Warning: TT: undefined function: 32
Warning: TT: undefined function: 21
Warning: TT: undefined function: 32
Warning: TT: undefined function: 32
Warning: TT: undefined function: 32
Warning: TT: undefined function: 21
Warning: TT: undefined function: 21
Warning: TT: undefined function: 21
Warning: TT: undefined function: 32
  1900/18182 · 1868 com texto · 32 vazios · 0 errosWarning: Required "glyf" table is not found -- trying to recover.
Warning: TT: undefined function: 32
Warning: TT: undefined function: 21
Warning: TT: undefined function: 21
  2000/18182 · 1968 com texto · 32 vazios · 0 errosWarning: TT: undefined function: 32
Warning: TT: undefined function: 32
Warning: TT: undefined function: 32
Warning: TT: undefined function: 32
Warning: TT: undefined function: 32
Warning: TT: undefined function: 21
Warning: TT: undefined function: 32
Warning: TT: undefined function: 32
Warning: TT: undefined function: 32
Warning: TT: undefined function: 32
Warning: TT: undefined function: 32
Warning: TT: undefined function: 21
Warning: TT: undefined function: 32
Warning: TT: undefined function: 21
Warning: TT: undefined function: 32
Warning: TT: undefined function: 32
Warning: TT: undefined function: 32
Warning: TT: undefined function: 32
Warning: TT: undefined function: 32
Warning: TT: undefined function: 32
Warning: TT: undefined function: 32
Warning: TT: undefined function: 32
Warning: TT: undefined function: 21
Warning: TT: undefined function: 32
Warning: TT: undefined function: 21
Warning: TT: undefined function: 32
Warning: TT: undefined function: 21
Warning: TT: undefined function: 21
Warning: TT: undefined function: 21
Warning: TT: undefined function: 21
Warning: TT: undefined function: 21
Warning: TT: undefined function: 21
Warning: TT: undefined function: 21
Warning: TT: undefined function: 21
Warning: TT: undefined function: 32
Warning: TT: undefined function: 32
Warning: TT: undefined function: 32
Warning: TT: undefined function: 32
Warning: TT: undefined function: 32
Warning: TT: undefined function: 32
Warning: TT: undefined function: 32
  2100/18182 · 2062 com texto · 38 vazios · 0 errosWarning: TT: undefined function: 32
Warning: TT: undefined function: 32
Warning: TT: undefined function: 32
Warning: TT: undefined function: 32
Warning: TT: undefined function: 32
Warning: TT: undefined function: 32
Warning: TT: undefined function: 32
Warning: TT: undefined function: 32
Warning: TT: undefined function: 32
Warning: TT: undefined function: 32
Warning: TT: undefined function: 32
Warning: TT: undefined function: 32
Warning: TT: undefined function: 32
Warning: TT: undefined function: 32
Warning: TT: undefined function: 32
Warning: TT: undefined function: 32
Warning: TT: undefined function: 32
Warning: TT: undefined function: 32
Warning: TT: undefined function: 32
Warning: TT: undefined function: 21
Warning: TT: undefined function: 21
Warning: TT: undefined function: 32
Warning: TT: undefined function: 32
Warning: TT: undefined function: 21
Warning: TT: undefined function: 32
Warning: TT: undefined function: 32
Warning: TT: undefined function: 21
  2200/18182 · 2161 com texto · 39 vazios · 0 errosWarning: TT: undefined function: 21
Warning: TT: undefined function: 21
Warning: TT: undefined function: 21
Warning: TT: undefined function: 32
Warning: TT: undefined function: 32
Warning: TT: undefined function: 32
Warning: TT: undefined function: 32
Warning: TT: undefined function: 32
Warning: TT: undefined function: 32
Warning: TT: undefined function: 32
Warning: TT: undefined function: 32
Warning: TT: undefined function: 32
Warning: TT: undefined function: 32
Warning: TT: undefined function: 32
Warning: TT: undefined function: 32
Warning: TT: undefined function: 32
Warning: TT: undefined function: 21
Warning: TT: undefined function: 21
Warning: TT: undefined function: 21
Warning: TT: undefined function: 21
Warning: TT: undefined function: 21
Warning: TT: undefined function: 21
Warning: TT: undefined function: 21
Warning: TT: undefined function: 21
Warning: TT: undefined function: 21
Warning: TT: undefined function: 21
Warning: TT: undefined function: 21
Warning: TT: undefined function: 21
Warning: TT: undefined function: 21
Warning: TT: undefined function: 21
Warning: TT: undefined function: 21
Warning: TT: undefined function: 21
Warning: TT: undefined function: 32
Warning: TT: undefined function: 32
Warning: TT: undefined function: 32
  2300/18182 · 2260 com texto · 40 vazios · 0 errosWarning: TT: undefined function: 32
Warning: TT: undefined function: 32
Warning: TT: undefined function: 32
Warning: TT: undefined function: 32
Warning: TT: undefined function: 32
Warning: TT: undefined function: 21
Warning: TT: undefined function: 32
Warning: TT: undefined function: 32
Warning: TT: undefined function: 32
Warning: TT: undefined function: 32
Warning: TT: undefined function: 32
Warning: TT: undefined function: 21
Warning: TT: undefined function: 32
Warning: TT: undefined function: 32
Warning: TT: undefined function: 21
Warning: TT: undefined function: 32
Warning: TT: undefined function: 32
Warning: TT: undefined function: 21
Warning: TT: undefined function: 21
Warning: TT: undefined function: 21
Warning: TT: undefined function: 21
Warning: TT: undefined function: 32
Warning: TT: undefined function: 32
Warning: TT: undefined function: 32
Warning: TT: undefined function: 32
Warning: TT: undefined function: 21
Warning: TT: undefined function: 21
Warning: TT: undefined function: 32
Warning: TT: undefined function: 21
Warning: TT: undefined function: 21
Warning: TT: undefined function: 32
Warning: TT: undefined function: 32
Warning: TT: undefined function: 21
Warning: TT: undefined function: 21
Warning: TT: undefined function: 21
Warning: TT: undefined function: 21
Warning: TT: undefined function: 32
Warning: TT: undefined function: 32
Warning: TT: undefined function: 21
Warning: TT: invalid function id: 136
Warning: TT: undefined function: 21
Warning: TT: undefined function: 21
Warning: TT: invalid function id: 136
Warning: TT: invalid function id: 136
Warning: TT: undefined function: 21
Warning: TT: undefined function: 21
Warning: TT: invalid function id: 136
Warning: TT: undefined function: 21
Warning: TT: invalid function id: 136
Warning: TT: undefined function: 21
Warning: TT: invalid function id: 136
Warning: TT: undefined function: 32
Warning: TT: undefined function: 32
Warning: TT: undefined function: 32
Warning: TT: undefined function: 32
Warning: TT: undefined function: 32
Warning: TT: undefined function: 32
Warning: TT: undefined function: 32
Warning: TT: undefined function: 32
  2400/18182 · 2360 com texto · 40 vazios · 0 errosWarning: TT: undefined function: 32
Warning: TT: undefined function: 32
Warning: TT: undefined function: 32
Warning: TT: undefined function: 32
Warning: TT: undefined function: 32
Warning: TT: undefined function: 32
Warning: TT: undefined function: 21
Warning: TT: undefined function: 21
Warning: TT: undefined function: 21
Warning: TT: undefined function: 21
Warning: TT: undefined function: 32
Warning: TT: undefined function: 32
Warning: TT: undefined function: 32
Warning: TT: undefined function: 32
  2500/18182 · 2460 com texto · 40 vazios · 0 errosWarning: TT: undefined function: 32
Warning: TT: undefined function: 32
Warning: TT: undefined function: 32
Warning: TT: undefined function: 32
Warning: TT: undefined function: 32
Warning: TT: undefined function: 32
Warning: TT: undefined function: 32
Warning: TT: undefined function: 32
Warning: TT: undefined function: 21
Warning: TT: undefined function: 21
Warning: TT: undefined function: 21
Warning: TT: undefined function: 21
Warning: TT: undefined function: 21
Warning: TT: undefined function: 21
Warning: TT: undefined function: 21
Warning: TT: undefined function: 21
Warning: TT: undefined function: 21
Warning: TT: undefined function: 21
Warning: TT: undefined function: 21
Warning: TT: undefined function: 21
Warning: TT: undefined function: 21
Warning: TT: undefined function: 21
Warning: TT: undefined function: 21
Warning: TT: undefined function: 21
Warning: TT: undefined function: 21
Warning: TT: undefined function: 21
Warning: TT: undefined function: 21
Warning: TT: undefined function: 21
Warning: TT: undefined function: 21
Warning: TT: undefined function: 21
Warning: TT: undefined function: 21
Warning: TT: undefined function: 21
Warning: TT: undefined function: 21
Warning: TT: undefined function: 21
Warning: TT: undefined function: 21
Warning: TT: undefined function: 21
Warning: TT: undefined function: 21
Warning: TT: undefined function: 21
Warning: TT: undefined function: 21
Warning: TT: undefined function: 21
Warning: TT: undefined function: 21
Warning: TT: undefined function: 21
Warning: TT: undefined function: 21
Warning: TT: undefined function: 21
Warning: TT: undefined function: 21
Warning: TT: undefined function: 21
Warning: TT: undefined function: 21
Warning: TT: undefined function: 21
Warning: TT: undefined function: 21
Warning: TT: undefined function: 21
Warning: TT: undefined function: 21
Warning: TT: undefined function: 21
Warning: TT: undefined function: 21
Warning: TT: undefined function: 21
Warning: TT: undefined function: 21
Warning: TT: undefined function: 21
Warning: TT: undefined function: 21
Warning: TT: undefined function: 21
Warning: TT: undefined function: 21
Warning: TT: undefined function: 21
Warning: TT: undefined function: 21
Warning: TT: undefined function: 21
Warning: TT: undefined function: 21
Warning: TT: undefined function: 21
Warning: TT: undefined function: 21
Warning: TT: undefined function: 21
Warning: TT: undefined function: 21
Warning: TT: undefined function: 21
Warning: TT: undefined function: 21
  2600/18182 · 2560 com texto · 40 vazios · 0 errosWarning: TT: undefined function: 21
Warning: TT: undefined function: 21
Warning: TT: undefined function: 21
Warning: TT: undefined function: 21
Warning: TT: undefined function: 21
Warning: TT: undefined function: 21
Warning: TT: undefined function: 21
Warning: TT: undefined function: 21
Warning: TT: undefined function: 21
Warning: TT: undefined function: 32
Warning: TT: undefined function: 32
Warning: TT: undefined function: 32
Warning: TT: undefined function: 32
Warning: TT: undefined function: 32
Warning: TT: undefined function: 32
Warning: TT: undefined function: 32
Warning: TT: undefined function: 32
Warning: TT: undefined function: 32
Warning: TT: undefined function: 32
Warning: TT: undefined function: 32
Warning: TT: undefined function: 32
  2700/18182 · 2658 com texto · 42 vazios · 0 errosWarning: TT: undefined function: 32
Warning: TT: undefined function: 32
Warning: TT: undefined function: 32
  2800/18182 · 2757 com texto · 43 vazios · 0 errosWarning: TT: undefined function: 32
Warning: TT: undefined function: 32
Warning: TT: undefined function: 32
Warning: TT: undefined function: 32
Warning: TT: undefined function: 32
Warning: TT: undefined function: 32
Warning: TT: undefined function: 32
Warning: TT: undefined function: 32
Warning: TT: undefined function: 32
Warning: TT: undefined function: 32
Warning: TT: undefined function: 32
Warning: TT: undefined function: 21
Warning: TT: undefined function: 21
Warning: TT: undefined function: 21
Warning: TT: undefined function: 21
Warning: TT: undefined function: 21
Warning: TT: undefined function: 21
Warning: TT: undefined function: 21
Warning: TT: undefined function: 21
Warning: TT: undefined function: 21
Warning: TT: undefined function: 21
Warning: TT: undefined function: 21
Warning: TT: undefined function: 21
Warning: TT: undefined function: 21
Warning: TT: undefined function: 21
Warning: TT: undefined function: 32
Warning: TT: undefined function: 32
Warning: TT: undefined function: 32
Warning: TT: undefined function: 32
  2900/18182 · 2850 com texto · 50 vazios · 0 errosWarning: TT: undefined function: 32
Warning: TT: undefined function: 32
Warning: TT: undefined function: 21
Warning: TT: invalid function id: 136
Warning: TT: undefined function: 21
Warning: TT: invalid function id: 136
Warning: TT: undefined function: 21
Warning: TT: undefined function: 21
Warning: TT: undefined function: 21
Warning: TT: undefined function: 21
Warning: TT: undefined function: 21
Warning: TT: invalid function id: 136
Warning: TT: invalid function id: 136
Warning: TT: invalid function id: 136
Warning: TT: invalid function id: 136
Warning: TT: invalid function id: 136
Warning: TT: undefined function: 21
Warning: TT: undefined function: 21
Warning: TT: undefined function: 32
Warning: TT: undefined function: 21
Warning: TT: invalid function id: 136
Warning: TT: undefined function: 32
Warning: TT: undefined function: 32
Warning: TT: undefined function: 32
Warning: TT: undefined function: 32
Warning: TT: undefined function: 32
Warning: TT: undefined function: 32
Warning: TT: undefined function: 32
Warning: TT: undefined function: 32
Warning: TT: undefined function: 32
Warning: TT: invalid function id: 136
Warning: TT: undefined function: 21
Warning: TT: undefined function: 21
Warning: TT: undefined function: 21
Warning: TT: invalid function id: 136
Warning: TT: invalid function id: 136
Warning: TT: invalid function id: 136
Warning: TT: invalid function id: 136
Warning: TT: undefined function: 21
Warning: TT: undefined function: 21
Warning: TT: undefined function: 32
Warning: TT: undefined function: 32
Warning: TT: undefined function: 32
Warning: TT: undefined function: 32
Warning: TT: undefined function: 32
Warning: TT: undefined function: 32
Warning: TT: undefined function: 32
Warning: TT: undefined function: 32
Warning: TT: undefined function: 32
Warning: TT: undefined function: 32
Warning: TT: undefined function: 32
Warning: TT: undefined function: 32
Warning: TT: undefined function: 32
Warning: TT: undefined function: 32
Warning: TT: undefined function: 32
Warning: TT: undefined function: 32
Warning: TT: undefined function: 32
Warning: TT: undefined function: 32
Warning: TT: undefined function: 32
Warning: TT: undefined function: 32
Warning: TT: undefined function: 32
Warning: TT: undefined function: 32
Warning: TT: undefined function: 32
Warning: TT: undefined function: 32
Warning: TT: undefined function: 32
Warning: TT: undefined function: 32
Warning: TT: undefined function: 32
Warning: TT: undefined function: 32
Warning: TT: undefined function: 32
Warning: TT: undefined function: 32
Warning: TT: undefined function: 32
Warning: TT: undefined function: 32
Warning: TT: undefined function: 32
Warning: TT: undefined function: 32
Warning: TT: undefined function: 32
Warning: TT: undefined function: 32
Warning: TT: undefined function: 32
Warning: TT: undefined function: 32
Warning: TT: undefined function: 32
Warning: TT: undefined function: 32
Warning: TT: undefined function: 32
Warning: TT: undefined function: 32
Warning: TT: undefined function: 32
Warning: TT: undefined function: 32
Warning: TT: undefined function: 32
Warning: TT: undefined function: 32
Warning: TT: undefined function: 32
Warning: TT: undefined function: 32
Warning: TT: undefined function: 32
Warning: TT: undefined function: 32
Warning: TT: undefined function: 32
Warning: TT: undefined function: 32
Warning: TT: undefined function: 32
Warning: TT: undefined function: 32
Warning: TT: undefined function: 32
Warning: TT: undefined function: 32
Warning: TT: undefined function: 32
Warning: TT: undefined function: 32
Warning: TT: undefined function: 32
Warning: TT: undefined function: 32
Warning: TT: undefined function: 32
Warning: TT: undefined function: 32
Warning: TT: undefined function: 32
Warning: TT: undefined function: 32
Warning: TT: undefined function: 32
Warning: TT: undefined function: 32
Warning: TT: undefined function: 32
Warning: TT: undefined function: 32
Warning: TT: undefined function: 32
Warning: TT: undefined function: 32
Warning: TT: undefined function: 32
Warning: TT: undefined function: 32
Warning: TT: undefined function: 32
Warning: TT: undefined function: 32
Warning: TT: undefined function: 32
Warning: TT: undefined function: 32
Warning: TT: undefined function: 21
Warning: TT: undefined function: 21
  3000/18182 · 2950 com texto · 50 vazios · 0 errosWarning: TT: undefined function: 32
Warning: TT: undefined function: 32
Warning: TT: undefined function: 32
Warning: TT: undefined function: 32
Warning: TT: undefined function: 32
Warning: TT: undefined function: 32
Warning: TT: undefined function: 32
Warning: TT: undefined function: 21
Warning: TT: undefined function: 21
Warning: TT: undefined function: 21
Warning: TT: undefined function: 21
Warning: TT: undefined function: 32
Warning: TT: undefined function: 21
Warning: TT: undefined function: 21
Warning: TT: undefined function: 21
Warning: TT: undefined function: 21
Warning: TT: undefined function: 21
  3100/18182 · 3050 com texto · 50 vazios · 0 errosWarning: TT: undefined function: 21
Warning: TT: undefined function: 21
Warning: TT: undefined function: 21
Warning: TT: undefined function: 21
Warning: TT: undefined function: 21
Warning: TT: undefined function: 21
Warning: TT: undefined function: 21
Warning: TT: undefined function: 21
Warning: TT: undefined function: 21
Warning: TT: undefined function: 21
Warning: TT: undefined function: 21
Warning: TT: undefined function: 32
Warning: TT: invalid function id: 136
Warning: TT: invalid function id: 136
Warning: TT: undefined function: 21
Warning: TT: undefined function: 32
Warning: TT: undefined function: 32
Warning: TT: undefined function: 32
Warning: TT: undefined function: 32
Warning: TT: undefined function: 32
Warning: TT: undefined function: 21
  3200/18182 · 3150 com texto · 50 vazios · 0 errosWarning: TT: undefined function: 32
Warning: TT: undefined function: 32
Warning: TT: undefined function: 32
Warning: TT: undefined function: 32
Warning: TT: undefined function: 32
Warning: TT: undefined function: 32
Warning: TT: undefined function: 32
Warning: TT: undefined function: 32
Warning: TT: undefined function: 32
Warning: TT: undefined function: 32
Warning: TT: undefined function: 32
Warning: TT: undefined function: 32
Warning: TT: undefined function: 32
Warning: TT: undefined function: 32
Warning: TT: undefined function: 32
Warning: TT: undefined function: 32
Warning: TT: undefined function: 32
Warning: TT: undefined function: 32
Warning: TT: undefined function: 32
Warning: TT: undefined function: 32
Warning: TT: undefined function: 32
  3300/18182 · 3250 com texto · 50 vazios · 0 errosWarning: TT: undefined function: 21
Warning: TT: undefined function: 21
Warning: TT: undefined function: 21
Warning: TT: undefined function: 21
Warning: TT: undefined function: 21
Warning: TT: undefined function: 32
Warning: TT: undefined function: 32
Warning: TT: undefined function: 32
Warning: TT: undefined function: 32
Warning: TT: undefined function: 32
Warning: TT: undefined function: 32
Warning: TT: undefined function: 32
Warning: TT: undefined function: 32
Warning: TT: undefined function: 32
Warning: TT: undefined function: 32
Warning: TT: undefined function: 32
Warning: TT: undefined function: 32
Warning: TT: undefined function: 32
Warning: TT: undefined function: 32
Warning: TT: undefined function: 32
Warning: TT: undefined function: 32
Warning: TT: undefined function: 32
Warning: TT: undefined function: 32
Warning: TT: undefined function: 32
  3400/18182 · 3350 com texto · 50 vazios · 0 errosWarning: TT: undefined function: 32
Warning: TT: undefined function: 32
Warning: TT: undefined function: 32
Warning: TT: undefined function: 32
Warning: TT: undefined function: 32
Warning: TT: undefined function: 32
Warning: TT: undefined function: 32
Warning: TT: undefined function: 32
Warning: TT: undefined function: 21
Warning: TT: undefined function: 32
Warning: TT: undefined function: 32
Warning: TT: undefined function: 32
Warning: TT: undefined function: 32
Warning: TT: undefined function: 32
Warning: TT: undefined function: 32
Warning: TT: undefined function: 21
Warning: TT: undefined function: 21
Warning: TT: undefined function: 32
Warning: TT: undefined function: 21
Warning: TT: undefined function: 32
Warning: TT: undefined function: 32
Warning: TT: undefined function: 32
Warning: TT: undefined function: 32
Warning: TT: undefined function: 32
Warning: TT: undefined function: 32
Warning: TT: undefined function: 32
Warning: TT: undefined function: 32
Warning: TT: undefined function: 32
Warning: TT: undefined function: 32
Warning: TT: undefined function: 32
Warning: TT: undefined function: 32
Warning: TT: undefined function: 32
Warning: TT: undefined function: 32
Warning: TT: undefined function: 32
Warning: TT: undefined function: 32
Warning: TT: undefined function: 32
Warning: TT: undefined function: 32
Warning: TT: undefined function: 32
Warning: TT: undefined function: 32
Warning: TT: undefined function: 32
Warning: TT: undefined function: 32
Warning: TT: undefined function: 21
Warning: TT: undefined function: 32
Warning: TT: undefined function: 32
Warning: TT: undefined function: 32
  3500/18182 · 3450 com texto · 50 vazios · 0 errosWarning: TT: undefined function: 32
Warning: TT: undefined function: 32
Warning: TT: undefined function: 32
Warning: TT: undefined function: 32
Warning: TT: undefined function: 32
Warning: TT: undefined function: 32
Warning: TT: undefined function: 32
Warning: TT: undefined function: 32
Warning: TT: undefined function: 32
Warning: TT: undefined function: 32
Warning: TT: undefined function: 32
Warning: TT: undefined function: 32
Warning: TT: undefined function: 32
Warning: TT: undefined function: 32
Warning: TT: undefined function: 32
Warning: TT: undefined function: 32
Warning: TT: undefined function: 32
Warning: TT: undefined function: 32
Warning: TT: undefined function: 32
Warning: TT: undefined function: 32
Warning: TT: undefined function: 21
Warning: TT: undefined function: 21
Warning: TT: undefined function: 21
Warning: TT: undefined function: 21
Warning: TT: undefined function: 21
Warning: TT: undefined function: 21
Warning: TT: undefined function: 21
Warning: TT: undefined function: 32
Warning: TT: undefined function: 32
Warning: TT: undefined function: 32
Warning: TT: undefined function: 21
Warning: TT: undefined function: 32
Warning: TT: undefined function: 32
Warning: TT: undefined function: 32
Warning: TT: undefined function: 32
Warning: TT: undefined function: 21
Warning: TT: undefined function: 32
Warning: TT: undefined function: 32
Warning: TT: undefined function: 32
Warning: TT: undefined function: 32
Warning: TT: undefined function: 32
Warning: TT: undefined function: 32
Warning: TT: undefined function: 32
Warning: TT: undefined function: 32
Warning: TT: undefined function: 32
Warning: TT: undefined function: 32
Warning: TT: undefined function: 32
Warning: TT: undefined function: 32
  3600/18182 · 3550 com texto · 50 vazios · 0 errosWarning: TT: undefined function: 21
Warning: TT: undefined function: 21
Warning: TT: undefined function: 21
Warning: TT: undefined function: 32
Warning: TT: undefined function: 32
Warning: TT: undefined function: 21
Warning: TT: undefined function: 32
Warning: TT: undefined function: 32
Warning: TT: undefined function: 32
Warning: TT: undefined function: 32
Warning: TT: undefined function: 32
Warning: TT: undefined function: 32
Warning: TT: undefined function: 32
Warning: TT: undefined function: 32
Warning: TT: undefined function: 32
Warning: TT: undefined function: 32
Warning: TT: undefined function: 32
Warning: TT: undefined function: 32
  3700/18182 · 3648 com texto · 52 vazios · 0 errosWarning: TT: undefined function: 32
Warning: TT: undefined function: 32
Warning: TT: undefined function: 32
Warning: TT: undefined function: 32
Warning: TT: undefined function: 32
Warning: TT: undefined function: 32
Warning: TT: undefined function: 32
Warning: TT: undefined function: 32
Warning: TT: undefined function: 32
Warning: TT: undefined function: 32
Warning: TT: undefined function: 32
Warning: TT: undefined function: 32
Warning: TT: undefined function: 32
Warning: TT: undefined function: 21
Warning: TT: undefined function: 21
Warning: TT: undefined function: 21
Warning: TT: undefined function: 32
Warning: TT: undefined function: 32
Warning: TT: undefined function: 32
Warning: TT: undefined function: 32
Warning: TT: undefined function: 21
Warning: TT: undefined function: 32
Warning: TT: undefined function: 21
Warning: TT: undefined function: 21
  3800/18182 · 3748 com texto · 52 vazios · 0 errosWarning: TT: undefined function: 32
Warning: TT: undefined function: 32
Warning: TT: undefined function: 32
Warning: TT: undefined function: 32
Warning: TT: undefined function: 32
Warning: TT: undefined function: 32
Warning: TT: undefined function: 32
  3900/18182 · 3847 com texto · 53 vazios · 0 errosWarning: TT: undefined function: 21
Warning: TT: undefined function: 21
Warning: TT: undefined function: 21
Warning: TT: undefined function: 32
Warning: TT: undefined function: 32
Warning: TT: undefined function: 32
Warning: TT: undefined function: 32
Warning: TT: undefined function: 32
Warning: TT: undefined function: 32
Warning: TT: undefined function: 32
Warning: TT: undefined function: 32
Warning: TT: undefined function: 32
Warning: TT: undefined function: 32
Warning: TT: undefined function: 32
Warning: TT: undefined function: 32
Warning: TT: undefined function: 32
Warning: TT: undefined function: 32
Warning: TT: undefined function: 32
Warning: TT: undefined function: 32
Warning: TT: undefined function: 32
Warning: TT: undefined function: 21
Warning: TT: undefined function: 32
Warning: TT: undefined function: 32
Warning: TT: undefined function: 32
Warning: TT: undefined function: 32
Warning: TT: undefined function: 32
Warning: TT: undefined function: 32
Warning: TT: undefined function: 32
Warning: TT: undefined function: 32
Warning: TT: undefined function: 32
Warning: TT: undefined function: 32
Warning: TT: undefined function: 32
Warning: TT: undefined function: 32
Warning: TT: undefined function: 32
Warning: TT: undefined function: 32
Warning: TT: undefined function: 32
Warning: TT: undefined function: 32
Warning: TT: undefined function: 32
Warning: TT: undefined function: 21
Warning: TT: undefined function: 32
Warning: TT: undefined function: 32
Warning: TT: undefined function: 32
  4000/18182 · 3937 com texto · 63 vazios · 0 errosWarning: TT: undefined function: 32
Warning: TT: undefined function: 32
Warning: TT: undefined function: 32
Warning: TT: undefined function: 32
Warning: TT: undefined function: 32
Warning: TT: undefined function: 32
Warning: TT: undefined function: 32
Warning: TT: undefined function: 32
Warning: TT: undefined function: 32
Warning: TT: undefined function: 32
Warning: TT: undefined function: 32
Warning: TT: undefined function: 32
Warning: TT: undefined function: 32
Warning: TT: undefined function: 32
Warning: TT: undefined function: 32
Warning: TT: undefined function: 32
Warning: TT: undefined function: 32
Warning: TT: undefined function: 21
Warning: TT: undefined function: 32
Warning: TT: undefined function: 21
Warning: TT: undefined function: 21
Warning: TT: undefined function: 21
Warning: TT: undefined function: 21
Warning: TT: undefined function: 21
Warning: TT: undefined function: 21
Warning: TT: undefined function: 21
  4100/18182 · 4037 com texto · 63 vazios · 0 errosWarning: TT: undefined function: 21
Warning: TT: undefined function: 21
Warning: TT: undefined function: 32
Warning: TT: undefined function: 21
Warning: TT: undefined function: 32
Warning: TT: undefined function: 21
Warning: TT: undefined function: 21
Warning: TT: undefined function: 32
Warning: TT: undefined function: 32
Warning: TT: undefined function: 32
Warning: TT: undefined function: 21
Warning: TT: undefined function: 32
Warning: TT: undefined function: 32
Warning: TT: undefined function: 21
Warning: TT: undefined function: 32
Warning: TT: undefined function: 32
Warning: TT: undefined function: 32
Warning: TT: undefined function: 21
Warning: TT: undefined function: 21
  4200/18182 · 4136 com texto · 64 vazios · 0 errosWarning: TT: undefined function: 21
Warning: TT: undefined function: 32
Warning: TT: undefined function: 21
Warning: CCITTFaxStream: Falling back to JS CCITTFax decoder.
Warning: CCITTFaxStream: Falling back to JS CCITTFax decoder.
Warning: CCITTFaxStream: Falling back to JS CCITTFax decoder.
Warning: CCITTFaxStream: Falling back to JS CCITTFax decoder.
Warning: CCITTFaxStream: Falling back to JS CCITTFax decoder.
Warning: CCITTFaxStream: Falling back to JS CCITTFax decoder.
Warning: CCITTFaxStream: Falling back to JS CCITTFax decoder.
Warning: CCITTFaxStream: Falling back to JS CCITTFax decoder.
Warning: CCITTFaxStream: Falling back to JS CCITTFax decoder.
Warning: CCITTFaxStream: Falling back to JS CCITTFax decoder.
Warning: CCITTFaxStream: Falling back to JS CCITTFax decoder.
Warning: CCITTFaxStream: Falling back to JS CCITTFax decoder.
Warning: CCITTFaxStream: Falling back to JS CCITTFax decoder.
Warning: CCITTFaxStream: Falling back to JS CCITTFax decoder.
Warning: CCITTFaxStream: Falling back to JS CCITTFax decoder.
Warning: CCITTFaxStream: Falling back to JS CCITTFax decoder.
Warning: CCITTFaxStream: Falling back to JS CCITTFax decoder.
Warning: CCITTFaxStream: Falling back to JS CCITTFax decoder.
Warning: CCITTFaxStream: Falling back to JS CCITTFax decoder.
Warning: CCITTFaxStream: Falling back to JS CCITTFax decoder.
Warning: CCITTFaxStream: Falling back to JS CCITTFax decoder.
Warning: CCITTFaxStream: Falling back to JS CCITTFax decoder.
Warning: CCITTFaxStream: Falling back to JS CCITTFax decoder.
Warning: CCITTFaxStream: Falling back to JS CCITTFax decoder.
Warning: CCITTFaxStream: Falling back to JS CCITTFax decoder.
Warning: CCITTFaxStream: Falling back to JS CCITTFax decoder.
Warning: CCITTFaxStream: Falling back to JS CCITTFax decoder.
Warning: CCITTFaxStream: Falling back to JS CCITTFax decoder.
Warning: CCITTFaxStream: Falling back to JS CCITTFax decoder.
Warning: CCITTFaxStream: Falling back to JS CCITTFax decoder.
Warning: CCITTFaxStream: Falling back to JS CCITTFax decoder.
Warning: CCITTFaxStream: Falling back to JS CCITTFax decoder.
Warning: CCITTFaxStream: Falling back to JS CCITTFax decoder.
Warning: CCITTFaxStream: Falling back to JS CCITTFax decoder.
Warning: CCITTFaxStream: Falling back to JS CCITTFax decoder.
Warning: CCITTFaxStream: Falling back to JS CCITTFax decoder.
Warning: CCITTFaxStream: Falling back to JS CCITTFax decoder.
Warning: CCITTFaxStream: Falling back to JS CCITTFax decoder.
Warning: CCITTFaxStream: Falling back to JS CCITTFax decoder.
Warning: CCITTFaxStream: Falling back to JS CCITTFax decoder.
Warning: CCITTFaxStream: Falling back to JS CCITTFax decoder.
Warning: CCITTFaxStream: Falling back to JS CCITTFax decoder.
Warning: CCITTFaxStream: Falling back to JS CCITTFax decoder.
Warning: CCITTFaxStream: Falling back to JS CCITTFax decoder.
Warning: CCITTFaxStream: Falling back to JS CCITTFax decoder.
Warning: CCITTFaxStream: Falling back to JS CCITTFax decoder.
Warning: CCITTFaxStream: Falling back to JS CCITTFax decoder.
Warning: CCITTFaxStream: Falling back to JS CCITTFax decoder.
Warning: CCITTFaxStream: Falling back to JS CCITTFax decoder.
Warning: CCITTFaxStream: Falling back to JS CCITTFax decoder.
Warning: CCITTFaxStream: Falling back to JS CCITTFax decoder.
Warning: CCITTFaxStream: Falling back to JS CCITTFax decoder.
Warning: CCITTFaxStream: Falling back to JS CCITTFax decoder.
Warning: CCITTFaxStream: Falling back to JS CCITTFax decoder.
Warning: CCITTFaxStream: Falling back to JS CCITTFax decoder.
Warning: CCITTFaxStream: Falling back to JS CCITTFax decoder.
Warning: CCITTFaxStream: Falling back to JS CCITTFax decoder.
Warning: CCITTFaxStream: Falling back to JS CCITTFax decoder.
Warning: CCITTFaxStream: Falling back to JS CCITTFax decoder.
Warning: CCITTFaxStream: Falling back to JS CCITTFax decoder.
Warning: CCITTFaxStream: Falling back to JS CCITTFax decoder.
Warning: CCITTFaxStream: Falling back to JS CCITTFax decoder.
Warning: CCITTFaxStream: Falling back to JS CCITTFax decoder.
Warning: CCITTFaxStream: Falling back to JS CCITTFax decoder.
Warning: CCITTFaxStream: Falling back to JS CCITTFax decoder.
Warning: CCITTFaxStream: Falling back to JS CCITTFax decoder.
Warning: CCITTFaxStream: Falling back to JS CCITTFax decoder.
Warning: CCITTFaxStream: Falling back to JS CCITTFax decoder.
Warning: CCITTFaxStream: Falling back to JS CCITTFax decoder.
Warning: CCITTFaxStream: Falling back to JS CCITTFax decoder.
Warning: CCITTFaxStream: Falling back to JS CCITTFax decoder.
Warning: CCITTFaxStream: Falling back to JS CCITTFax decoder.
Warning: CCITTFaxStream: Falling back to JS CCITTFax decoder.
Warning: CCITTFaxStream: Falling back to JS CCITTFax decoder.
Warning: CCITTFaxStream: Falling back to JS CCITTFax decoder.
Warning: CCITTFaxStream: Falling back to JS CCITTFax decoder.
Warning: CCITTFaxStream: Falling back to JS CCITTFax decoder.
Warning: CCITTFaxStream: Falling back to JS CCITTFax decoder.
Warning: CCITTFaxStream: Falling back to JS CCITTFax decoder.
Warning: CCITTFaxStream: Falling back to JS CCITTFax decoder.
Warning: CCITTFaxStream: Falling back to JS CCITTFax decoder.
Warning: CCITTFaxStream: Falling back to JS CCITTFax decoder.
Warning: CCITTFaxStream: Falling back to JS CCITTFax decoder.
Warning: CCITTFaxStream: Falling back to JS CCITTFax decoder.
Warning: CCITTFaxStream: Falling back to JS CCITTFax decoder.
Warning: CCITTFaxStream: Falling back to JS CCITTFax decoder.
Warning: CCITTFaxStream: Falling back to JS CCITTFax decoder.
Warning: CCITTFaxStream: Falling back to JS CCITTFax decoder.
Warning: CCITTFaxStream: Falling back to JS CCITTFax decoder.
Warning: CCITTFaxStream: Falling back to JS CCITTFax decoder.
Warning: CCITTFaxStream: Falling back to JS CCITTFax decoder.
Warning: CCITTFaxStream: Falling back to JS CCITTFax decoder.
Warning: CCITTFaxStream: Falling back to JS CCITTFax decoder.
Warning: CCITTFaxStream: Falling back to JS CCITTFax decoder.
Warning: CCITTFaxStream: Falling back to JS CCITTFax decoder.
Warning: CCITTFaxStream: Falling back to JS CCITTFax decoder.
Warning: CCITTFaxStream: Falling back to JS CCITTFax decoder.
Warning: CCITTFaxStream: Falling back to JS CCITTFax decoder.
Warning: CCITTFaxStream: Falling back to JS CCITTFax decoder.
Warning: CCITTFaxStream: Falling back to JS CCITTFax decoder.
Warning: CCITTFaxStream: Falling back to JS CCITTFax decoder.
Warning: CCITTFaxStream: Falling back to JS CCITTFax decoder.
Warning: CCITTFaxStream: Falling back to JS CCITTFax decoder.
Warning: CCITTFaxStream: Falling back to JS CCITTFax decoder.
Warning: CCITTFaxStream: Falling back to JS CCITTFax decoder.
Warning: CCITTFaxStream: Falling back to JS CCITTFax decoder.
Warning: CCITTFaxStream: Falling back to JS CCITTFax decoder.
Warning: CCITTFaxStream: Falling back to JS CCITTFax decoder.
Warning: CCITTFaxStream: Falling back to JS CCITTFax decoder.
Warning: CCITTFaxStream: Falling back to JS CCITTFax decoder.
Warning: CCITTFaxStream: Falling back to JS CCITTFax decoder.
Warning: CCITTFaxStream: Falling back to JS CCITTFax decoder.
Warning: CCITTFaxStream: Falling back to JS CCITTFax decoder.
Warning: CCITTFaxStream: Falling back to JS CCITTFax decoder.
Warning: CCITTFaxStream: Falling back to JS CCITTFax decoder.
Warning: CCITTFaxStream: Falling back to JS CCITTFax decoder.
Warning: CCITTFaxStream: Falling back to JS CCITTFax decoder.
Warning: CCITTFaxStream: Falling back to JS CCITTFax decoder.
Warning: CCITTFaxStream: Falling back to JS CCITTFax decoder.
Warning: CCITTFaxStream: Falling back to JS CCITTFax decoder.
Warning: CCITTFaxStream: Falling back to JS CCITTFax decoder.
Warning: CCITTFaxStream: Falling back to JS CCITTFax decoder.
Warning: CCITTFaxStream: Falling back to JS CCITTFax decoder.
Warning: CCITTFaxStream: Falling back to JS CCITTFax decoder.
Warning: CCITTFaxStream: Falling back to JS CCITTFax decoder.
Warning: CCITTFaxStream: Falling back to JS CCITTFax decoder.
Warning: CCITTFaxStream: Falling back to JS CCITTFax decoder.
Warning: CCITTFaxStream: Falling back to JS CCITTFax decoder.
Warning: CCITTFaxStream: Falling back to JS CCITTFax decoder.
Warning: CCITTFaxStream: Falling back to JS CCITTFax decoder.
Warning: CCITTFaxStream: Falling back to JS CCITTFax decoder.
Warning: CCITTFaxStream: Falling back to JS CCITTFax decoder.
Warning: CCITTFaxStream: Falling back to JS CCITTFax decoder.
Warning: CCITTFaxStream: Falling back to JS CCITTFax decoder.
Warning: CCITTFaxStream: Falling back to JS CCITTFax decoder.
Warning: CCITTFaxStream: Falling back to JS CCITTFax decoder.
Warning: CCITTFaxStream: Falling back to JS CCITTFax decoder.
Warning: CCITTFaxStream: Falling back to JS CCITTFax decoder.
Warning: CCITTFaxStream: Falling back to JS CCITTFax decoder.
Warning: CCITTFaxStream: Falling back to JS CCITTFax decoder.
Warning: CCITTFaxStream: Falling back to JS CCITTFax decoder.
Warning: CCITTFaxStream: Falling back to JS CCITTFax decoder.
Warning: CCITTFaxStream: Falling back to JS CCITTFax decoder.
Warning: CCITTFaxStream: Falling back to JS CCITTFax decoder.
Warning: CCITTFaxStream: Falling back to JS CCITTFax decoder.
Warning: CCITTFaxStream: Falling back to JS CCITTFax decoder.
Warning: CCITTFaxStream: Falling back to JS CCITTFax decoder.
Warning: CCITTFaxStream: Falling back to JS CCITTFax decoder.
Warning: CCITTFaxStream: Falling back to JS CCITTFax decoder.
Warning: CCITTFaxStream: Falling back to JS CCITTFax decoder.
Warning: CCITTFaxStream: Falling back to JS CCITTFax decoder.
Warning: CCITTFaxStream: Falling back to JS CCITTFax decoder.
Warning: CCITTFaxStream: Falling back to JS CCITTFax decoder.
Warning: CCITTFaxStream: Falling back to JS CCITTFax decoder.
Warning: CCITTFaxStream: Falling back to JS CCITTFax decoder.
Warning: CCITTFaxStream: Falling back to JS CCITTFax decoder.
Warning: CCITTFaxStream: Falling back to JS CCITTFax decoder.
Warning: CCITTFaxStream: Falling back to JS CCITTFax decoder.
Warning: CCITTFaxStream: Falling back to JS CCITTFax decoder.
Warning: CCITTFaxStream: Falling back to JS CCITTFax decoder.
Warning: CCITTFaxStream: Falling back to JS CCITTFax decoder.
Warning: CCITTFaxStream: Falling back to JS CCITTFax decoder.
Warning: CCITTFaxStream: Falling back to JS CCITTFax decoder.
Warning: CCITTFaxStream: Falling back to JS CCITTFax decoder.
Warning: CCITTFaxStream: Falling back to JS CCITTFax decoder.
Warning: CCITTFaxStream: Falling back to JS CCITTFax decoder.
Warning: CCITTFaxStream: Falling back to JS CCITTFax decoder.
Warning: CCITTFaxStream: Falling back to JS CCITTFax decoder.
Warning: CCITTFaxStream: Falling back to JS CCITTFax decoder.
Warning: CCITTFaxStream: Falling back to JS CCITTFax decoder.
Warning: CCITTFaxStream: Falling back to JS CCITTFax decoder.
Warning: CCITTFaxStream: Falling back to JS CCITTFax decoder.
Warning: CCITTFaxStream: Falling back to JS CCITTFax decoder.
Warning: CCITTFaxStream: Falling back to JS CCITTFax decoder.
Warning: CCITTFaxStream: Falling back to JS CCITTFax decoder.
Warning: CCITTFaxStream: Falling back to JS CCITTFax decoder.
Warning: CCITTFaxStream: Falling back to JS CCITTFax decoder.
Warning: CCITTFaxStream: Falling back to JS CCITTFax decoder.
Warning: CCITTFaxStream: Falling back to JS CCITTFax decoder.
Warning: CCITTFaxStream: Falling back to JS CCITTFax decoder.
Warning: CCITTFaxStream: Falling back to JS CCITTFax decoder.
Warning: CCITTFaxStream: Falling back to JS CCITTFax decoder.
Warning: CCITTFaxStream: Falling back to JS CCITTFax decoder.
Warning: CCITTFaxStream: Falling back to JS CCITTFax decoder.
Warning: CCITTFaxStream: Falling back to JS CCITTFax decoder.
Warning: CCITTFaxStream: Falling back to JS CCITTFax decoder.
Warning: CCITTFaxStream: Falling back to JS CCITTFax decoder.
Warning: CCITTFaxStream: Falling back to JS CCITTFax decoder.
Warning: CCITTFaxStream: Falling back to JS CCITTFax decoder.
Warning: CCITTFaxStream: Falling back to JS CCITTFax decoder.
Warning: CCITTFaxStream: Falling back to JS CCITTFax decoder.
Warning: CCITTFaxStream: Falling back to JS CCITTFax decoder.
Warning: CCITTFaxStream: Falling back to JS CCITTFax decoder.
Warning: CCITTFaxStream: Falling back to JS CCITTFax decoder.
Warning: CCITTFaxStream: Falling back to JS CCITTFax decoder.
Warning: CCITTFaxStream: Falling back to JS CCITTFax decoder.
Warning: CCITTFaxStream: Falling back to JS CCITTFax decoder.
Warning: CCITTFaxStream: Falling back to JS CCITTFax decoder.
Warning: CCITTFaxStream: Falling back to JS CCITTFax decoder.
Warning: CCITTFaxStream: Falling back to JS CCITTFax decoder.
Warning: CCITTFaxStream: Falling back to JS CCITTFax decoder.
Warning: CCITTFaxStream: Falling back to JS CCITTFax decoder.
Warning: CCITTFaxStream: Falling back to JS CCITTFax decoder.
Warning: CCITTFaxStream: Falling back to JS CCITTFax decoder.
Warning: CCITTFaxStream: Falling back to JS CCITTFax decoder.
Warning: CCITTFaxStream: Falling back to JS CCITTFax decoder.
Warning: CCITTFaxStream: Falling back to JS CCITTFax decoder.
Warning: CCITTFaxStream: Falling back to JS CCITTFax decoder.
Warning: CCITTFaxStream: Falling back to JS CCITTFax decoder.
Warning: CCITTFaxStream: Falling back to JS CCITTFax decoder.
Warning: CCITTFaxStream: Falling back to JS CCITTFax decoder.
Warning: CCITTFaxStream: Falling back to JS CCITTFax decoder.
Warning: CCITTFaxStream: Falling back to JS CCITTFax decoder.
Warning: CCITTFaxStream: Falling back to JS CCITTFax decoder.
Warning: CCITTFaxStream: Falling back to JS CCITTFax decoder.
Warning: CCITTFaxStream: Falling back to JS CCITTFax decoder.
Warning: CCITTFaxStream: Falling back to JS CCITTFax decoder.
Warning: CCITTFaxStream: Falling back to JS CCITTFax decoder.
Warning: CCITTFaxStream: Falling back to JS CCITTFax decoder.
Warning: CCITTFaxStream: Falling back to JS CCITTFax decoder.
Warning: CCITTFaxStream: Falling back to JS CCITTFax decoder.
Warning: CCITTFaxStream: Falling back to JS CCITTFax decoder.
Warning: CCITTFaxStream: Falling back to JS CCITTFax decoder.
Warning: CCITTFaxStream: Falling back to JS CCITTFax decoder.
Warning: CCITTFaxStream: Falling back to JS CCITTFax decoder.
Warning: CCITTFaxStream: Falling back to JS CCITTFax decoder.
Warning: CCITTFaxStream: Falling back to JS CCITTFax decoder.
Warning: CCITTFaxStream: Falling back to JS CCITTFax decoder.
Warning: CCITTFaxStream: Falling back to JS CCITTFax decoder.
Warning: CCITTFaxStream: Falling back to JS CCITTFax decoder.
Warning: CCITTFaxStream: Falling back to JS CCITTFax decoder.
Warning: CCITTFaxStream: Falling back to JS CCITTFax decoder.
Warning: CCITTFaxStream: Falling back to JS CCITTFax decoder.
Warning: CCITTFaxStream: Falling back to JS CCITTFax decoder.
Warning: CCITTFaxStream: Falling back to JS CCITTFax decoder.
Warning: CCITTFaxStream: Falling back to JS CCITTFax decoder.
Warning: CCITTFaxStream: Falling back to JS CCITTFax decoder.
Warning: CCITTFaxStream: Falling back to JS CCITTFax decoder.
Warning: CCITTFaxStream: Falling back to JS CCITTFax decoder.
Warning: CCITTFaxStream: Falling back to JS CCITTFax decoder.
Warning: CCITTFaxStream: Falling back to JS CCITTFax decoder.
Warning: CCITTFaxStream: Falling back to JS CCITTFax decoder.
Warning: CCITTFaxStream: Falling back to JS CCITTFax decoder.
Warning: CCITTFaxStream: Falling back to JS CCITTFax decoder.
Warning: CCITTFaxStream: Falling back to JS CCITTFax decoder.
Warning: CCITTFaxStream: Falling back to JS CCITTFax decoder.
Warning: CCITTFaxStream: Falling back to JS CCITTFax decoder.
Warning: CCITTFaxStream: Falling back to JS CCITTFax decoder.
Warning: CCITTFaxStream: Falling back to JS CCITTFax decoder.
Warning: CCITTFaxStream: Falling back to JS CCITTFax decoder.
Warning: CCITTFaxStream: Falling back to JS CCITTFax decoder.
Warning: CCITTFaxStream: Falling back to JS CCITTFax decoder.
Warning: CCITTFaxStream: Falling back to JS CCITTFax decoder.
Warning: CCITTFaxStream: Falling back to JS CCITTFax decoder.
Warning: CCITTFaxStream: Falling back to JS CCITTFax decoder.
Warning: CCITTFaxStream: Falling back to JS CCITTFax decoder.
Warning: CCITTFaxStream: Falling back to JS CCITTFax decoder.
Warning: CCITTFaxStream: Falling back to JS CCITTFax decoder.
Warning: CCITTFaxStream: Falling back to JS CCITTFax decoder.
Warning: CCITTFaxStream: Falling back to JS CCITTFax decoder.
Warning: CCITTFaxStream: Falling back to JS CCITTFax decoder.
Warning: CCITTFaxStream: Falling back to JS CCITTFax decoder.
Warning: CCITTFaxStream: Falling back to JS CCITTFax decoder.
Warning: CCITTFaxStream: Falling back to JS CCITTFax decoder.
Warning: CCITTFaxStream: Falling back to JS CCITTFax decoder.
Warning: CCITTFaxStream: Falling back to JS CCITTFax decoder.
Warning: CCITTFaxStream: Falling back to JS CCITTFax decoder.
Warning: CCITTFaxStream: Falling back to JS CCITTFax decoder.
Warning: CCITTFaxStream: Falling back to JS CCITTFax decoder.
Warning: CCITTFaxStream: Falling back to JS CCITTFax decoder.
Warning: CCITTFaxStream: Falling back to JS CCITTFax decoder.
Warning: CCITTFaxStream: Falling back to JS CCITTFax decoder.
Warning: CCITTFaxStream: Falling back to JS CCITTFax decoder.
Warning: CCITTFaxStream: Falling back to JS CCITTFax decoder.
Warning: CCITTFaxStream: Falling back to JS CCITTFax decoder.
Warning: CCITTFaxStream: Falling back to JS CCITTFax decoder.
Warning: CCITTFaxStream: Falling back to JS CCITTFax decoder.
Warning: CCITTFaxStream: Falling back to JS CCITTFax decoder.
Warning: CCITTFaxStream: Falling back to JS CCITTFax decoder.
Warning: CCITTFaxStream: Falling back to JS CCITTFax decoder.
Warning: CCITTFaxStream: Falling back to JS CCITTFax decoder.
Warning: CCITTFaxStream: Falling back to JS CCITTFax decoder.
Warning: CCITTFaxStream: Falling back to JS CCITTFax decoder.
Warning: CCITTFaxStream: Falling back to JS CCITTFax decoder.
Warning: CCITTFaxStream: Falling back to JS CCITTFax decoder.
Warning: CCITTFaxStream: Falling back to JS CCITTFax decoder.
Warning: CCITTFaxStream: Falling back to JS CCITTFax decoder.
Warning: CCITTFaxStream: Falling back to JS CCITTFax decoder.
Warning: CCITTFaxStream: Falling back to JS CCITTFax decoder.
Warning: CCITTFaxStream: Falling back to JS CCITTFax decoder.
Warning: CCITTFaxStream: Falling back to JS CCITTFax decoder.
Warning: CCITTFaxStream: Falling back to JS CCITTFax decoder.
Warning: CCITTFaxStream: Falling back to JS CCITTFax decoder.
Warning: CCITTFaxStream: Falling back to JS CCITTFax decoder.
Warning: CCITTFaxStream: Falling back to JS CCITTFax decoder.
Warning: CCITTFaxStream: Falling back to JS CCITTFax decoder.
Warning: CCITTFaxStream: Falling back to JS CCITTFax decoder.
Warning: CCITTFaxStream: Falling back to JS CCITTFax decoder.
Warning: CCITTFaxStream: Falling back to JS CCITTFax decoder.
Warning: CCITTFaxStream: Falling back to JS CCITTFax decoder.
Warning: CCITTFaxStream: Falling back to JS CCITTFax decoder.
Warning: CCITTFaxStream: Falling back to JS CCITTFax decoder.
Warning: CCITTFaxStream: Falling back to JS CCITTFax decoder.
Warning: CCITTFaxStream: Falling back to JS CCITTFax decoder.
Warning: CCITTFaxStream: Falling back to JS CCITTFax decoder.
Warning: CCITTFaxStream: Falling back to JS CCITTFax decoder.
Warning: CCITTFaxStream: Falling back to JS CCITTFax decoder.
Warning: CCITTFaxStream: Falling back to JS CCITTFax decoder.
Warning: CCITTFaxStream: Falling back to JS CCITTFax decoder.
Warning: CCITTFaxStream: Falling back to JS CCITTFax decoder.
Warning: CCITTFaxStream: Falling back to JS CCITTFax decoder.
Warning: CCITTFaxStream: Falling back to JS CCITTFax decoder.
Warning: CCITTFaxStream: Falling back to JS CCITTFax decoder.
Warning: CCITTFaxStream: Falling back to JS CCITTFax decoder.
Warning: CCITTFaxStream: Falling back to JS CCITTFax decoder.
Warning: CCITTFaxStream: Falling back to JS CCITTFax decoder.
Warning: CCITTFaxStream: Falling back to JS CCITTFax decoder.
Warning: CCITTFaxStream: Falling back to JS CCITTFax decoder.
Warning: CCITTFaxStream: Falling back to JS CCITTFax decoder.
Warning: CCITTFaxStream: Falling back to JS CCITTFax decoder.
Warning: CCITTFaxStream: Falling back to JS CCITTFax decoder.
Warning: CCITTFaxStream: Falling back to JS CCITTFax decoder.
Warning: CCITTFaxStream: Falling back to JS CCITTFax decoder.
Warning: CCITTFaxStream: Falling back to JS CCITTFax decoder.
Warning: CCITTFaxStream: Falling back to JS CCITTFax decoder.
Warning: CCITTFaxStream: Falling back to JS CCITTFax decoder.
Warning: CCITTFaxStream: Falling back to JS CCITTFax decoder.
Warning: CCITTFaxStream: Falling back to JS CCITTFax decoder.
Warning: CCITTFaxStream: Falling back to JS CCITTFax decoder.
Warning: CCITTFaxStream: Falling back to JS CCITTFax decoder.
Warning: CCITTFaxStream: Falling back to JS CCITTFax decoder.
Warning: CCITTFaxStream: Falling back to JS CCITTFax decoder.
Warning: CCITTFaxStream: Falling back to JS CCITTFax decoder.
Warning: CCITTFaxStream: Falling back to JS CCITTFax decoder.
Warning: CCITTFaxStream: Falling back to JS CCITTFax decoder.
Warning: CCITTFaxStream: Falling back to JS CCITTFax decoder.
Warning: CCITTFaxStream: Falling back to JS CCITTFax decoder.
Warning: CCITTFaxStream: Falling back to JS CCITTFax decoder.
Warning: CCITTFaxStream: Falling back to JS CCITTFax decoder.
Warning: CCITTFaxStream: Falling back to JS CCITTFax decoder.
Warning: CCITTFaxStream: Falling back to JS CCITTFax decoder.
Warning: CCITTFaxStream: Falling back to JS CCITTFax decoder.
Warning: CCITTFaxStream: Falling back to JS CCITTFax decoder.
Warning: CCITTFaxStream: Falling back to JS CCITTFax decoder.
Warning: CCITTFaxStream: Falling back to JS CCITTFax decoder.
Warning: CCITTFaxStream: Falling back to JS CCITTFax decoder.
Warning: CCITTFaxStream: Falling back to JS CCITTFax decoder.
Warning: CCITTFaxStream: Falling back to JS CCITTFax decoder.
Warning: CCITTFaxStream: Falling back to JS CCITTFax decoder.
Warning: CCITTFaxStream: Falling back to JS CCITTFax decoder.
Warning: CCITTFaxStream: Falling back to JS CCITTFax decoder.
Warning: CCITTFaxStream: Falling back to JS CCITTFax decoder.
Warning: CCITTFaxStream: Falling back to JS CCITTFax decoder.
Warning: CCITTFaxStream: Falling back to JS CCITTFax decoder.
Warning: CCITTFaxStream: Falling back to JS CCITTFax decoder.
Warning: CCITTFaxStream: Falling back to JS CCITTFax decoder.
Warning: CCITTFaxStream: Falling back to JS CCITTFax decoder.
Warning: CCITTFaxStream: Falling back to JS CCITTFax decoder.
Warning: CCITTFaxStream: Falling back to JS CCITTFax decoder.
Warning: CCITTFaxStream: Falling back to JS CCITTFax decoder.
Warning: CCITTFaxStream: Falling back to JS CCITTFax decoder.
Warning: CCITTFaxStream: Falling back to JS CCITTFax decoder.
Warning: CCITTFaxStream: Falling back to JS CCITTFax decoder.
Warning: CCITTFaxStream: Falling back to JS CCITTFax decoder.
Warning: CCITTFaxStream: Falling back to JS CCITTFax decoder.
Warning: CCITTFaxStream: Falling back to JS CCITTFax decoder.
Warning: CCITTFaxStream: Falling back to JS CCITTFax decoder.
Warning: CCITTFaxStream: Falling back to JS CCITTFax decoder.
Warning: CCITTFaxStream: Falling back to JS CCITTFax decoder.
Warning: CCITTFaxStream: Falling back to JS CCITTFax decoder.
Warning: CCITTFaxStream: Falling back to JS CCITTFax decoder.
Warning: CCITTFaxStream: Falling back to JS CCITTFax decoder.
Warning: CCITTFaxStream: Falling back to JS CCITTFax decoder.
Warning: CCITTFaxStream: Falling back to JS CCITTFax decoder.
Warning: CCITTFaxStream: Falling back to JS CCITTFax decoder.
Warning: CCITTFaxStream: Falling back to JS CCITTFax decoder.
Warning: CCITTFaxStream: Falling back to JS CCITTFax decoder.
Warning: CCITTFaxStream: Falling back to JS CCITTFax decoder.
Warning: CCITTFaxStream: Falling back to JS CCITTFax decoder.
Warning: CCITTFaxStream: Falling back to JS CCITTFax decoder.
Warning: CCITTFaxStream: Falling back to JS CCITTFax decoder.
Warning: CCITTFaxStream: Falling back to JS CCITTFax decoder.
Warning: CCITTFaxStream: Falling back to JS CCITTFax decoder.
Warning: CCITTFaxStream: Falling back to JS CCITTFax decoder.
Warning: CCITTFaxStream: Falling back to JS CCITTFax decoder.
Warning: CCITTFaxStream: Falling back to JS CCITTFax decoder.
Warning: CCITTFaxStream: Falling back to JS CCITTFax decoder.
Warning: CCITTFaxStream: Falling back to JS CCITTFax decoder.
Warning: CCITTFaxStream: Falling back to JS CCITTFax decoder.
Warning: CCITTFaxStream: Falling back to JS CCITTFax decoder.
Warning: CCITTFaxStream: Falling back to JS CCITTFax decoder.
Warning: CCITTFaxStream: Falling back to JS CCITTFax decoder.
Warning: CCITTFaxStream: Falling back to JS CCITTFax decoder.
Warning: CCITTFaxStream: Falling back to JS CCITTFax decoder.
Warning: CCITTFaxStream: Falling back to JS CCITTFax decoder.
Warning: CCITTFaxStream: Falling back to JS CCITTFax decoder.
Warning: CCITTFaxStream: Falling back to JS CCITTFax decoder.
Warning: CCITTFaxStream: Falling back to JS CCITTFax decoder.
Warning: CCITTFaxStream: Falling back to JS CCITTFax decoder.
Warning: CCITTFaxStream: Falling back to JS CCITTFax decoder.
Warning: CCITTFaxStream: Falling back to JS CCITTFax decoder.
Warning: CCITTFaxStream: Falling back to JS CCITTFax decoder.
Warning: CCITTFaxStream: Falling back to JS CCITTFax decoder.
Warning: CCITTFaxStream: Falling back to JS CCITTFax decoder.
Warning: CCITTFaxStream: Falling back to JS CCITTFax decoder.
Warning: CCITTFaxStream: Falling back to JS CCITTFax decoder.
Warning: CCITTFaxStream: Falling back to JS CCITTFax decoder.
Warning: CCITTFaxStream: Falling back to JS CCITTFax decoder.
Warning: CCITTFaxStream: Falling back to JS CCITTFax decoder.
Warning: CCITTFaxStream: Falling back to JS CCITTFax decoder.
Warning: CCITTFaxStream: Falling back to JS CCITTFax decoder.
Warning: CCITTFaxStream: Falling back to JS CCITTFax decoder.
Warning: CCITTFaxStream: Falling back to JS CCITTFax decoder.
Warning: CCITTFaxStream: Falling back to JS CCITTFax decoder.
Warning: CCITTFaxStream: Falling back to JS CCITTFax decoder.
Warning: CCITTFaxStream: Falling back to JS CCITTFax decoder.
Warning: CCITTFaxStream: Falling back to JS CCITTFax decoder.
Warning: CCITTFaxStream: Falling back to JS CCITTFax decoder.
Warning: CCITTFaxStream: Falling back to JS CCITTFax decoder.
Warning: CCITTFaxStream: Falling back to JS CCITTFax decoder.
Warning: CCITTFaxStream: Falling back to JS CCITTFax decoder.
Warning: CCITTFaxStream: Falling back to JS CCITTFax decoder.
Warning: CCITTFaxStream: Falling back to JS CCITTFax decoder.
Warning: CCITTFaxStream: Falling back to JS CCITTFax decoder.
Warning: CCITTFaxStream: Falling back to JS CCITTFax decoder.
Warning: CCITTFaxStream: Falling back to JS CCITTFax decoder.
Warning: CCITTFaxStream: Falling back to JS CCITTFax decoder.
Warning: CCITTFaxStream: Falling back to JS CCITTFax decoder.
Warning: CCITTFaxStream: Falling back to JS CCITTFax decoder.
Warning: CCITTFaxStream: Falling back to JS CCITTFax decoder.
Warning: CCITTFaxStream: Falling back to JS CCITTFax decoder.
Warning: CCITTFaxStream: Falling back to JS CCITTFax decoder.
Warning: CCITTFaxStream: Falling back to JS CCITTFax decoder.
Warning: CCITTFaxStream: Falling back to JS CCITTFax decoder.
Warning: CCITTFaxStream: Falling back to JS CCITTFax decoder.
Warning: CCITTFaxStream: Falling back to JS CCITTFax decoder.
Warning: CCITTFaxStream: Falling back to JS CCITTFax decoder.
Warning: CCITTFaxStream: Falling back to JS CCITTFax decoder.
Warning: CCITTFaxStream: Falling back to JS CCITTFax decoder.
Warning: CCITTFaxStream: Falling back to JS CCITTFax decoder.
Warning: CCITTFaxStream: Falling back to JS CCITTFax decoder.
Warning: CCITTFaxStream: Falling back to JS CCITTFax decoder.
Warning: CCITTFaxStream: Falling back to JS CCITTFax decoder.
Warning: CCITTFaxStream: Falling back to JS CCITTFax decoder.
Warning: CCITTFaxStream: Falling back to JS CCITTFax decoder.
Warning: CCITTFaxStream: Falling back to JS CCITTFax decoder.
Warning: CCITTFaxStream: Falling back to JS CCITTFax decoder.
Warning: CCITTFaxStream: Falling back to JS CCITTFax decoder.
Warning: CCITTFaxStream: Falling back to JS CCITTFax decoder.
Warning: CCITTFaxStream: Falling back to JS CCITTFax decoder.
Warning: CCITTFaxStream: Falling back to JS CCITTFax decoder.
Warning: CCITTFaxStream: Falling back to JS CCITTFax decoder.
Warning: CCITTFaxStream: Falling back to JS CCITTFax decoder.
Warning: CCITTFaxStream: Falling back to JS CCITTFax decoder.
Warning: CCITTFaxStream: Falling back to JS CCITTFax decoder.
Warning: CCITTFaxStream: Falling back to JS CCITTFax decoder.
Warning: CCITTFaxStream: Falling back to JS CCITTFax decoder.
Warning: CCITTFaxStream: Falling back to JS CCITTFax decoder.
Warning: CCITTFaxStream: Falling back to JS CCITTFax decoder.
Warning: CCITTFaxStream: Falling back to JS CCITTFax decoder.
Warning: CCITTFaxStream: Falling back to JS CCITTFax decoder.
Warning: CCITTFaxStream: Falling back to JS CCITTFax decoder.
Warning: CCITTFaxStream: Falling back to JS CCITTFax decoder.
Warning: CCITTFaxStream: Falling back to JS CCITTFax decoder.
Warning: CCITTFaxStream: Falling back to JS CCITTFax decoder.
Warning: CCITTFaxStream: Falling back to JS CCITTFax decoder.
Warning: CCITTFaxStream: Falling back to JS CCITTFax decoder.
Warning: CCITTFaxStream: Falling back to JS CCITTFax decoder.
Warning: CCITTFaxStream: Falling back to JS CCITTFax decoder.
Warning: CCITTFaxStream: Falling back to JS CCITTFax decoder.
Warning: CCITTFaxStream: Falling back to JS CCITTFax decoder.
Warning: CCITTFaxStream: Falling back to JS CCITTFax decoder.
Warning: CCITTFaxStream: Falling back to JS CCITTFax decoder.
Warning: CCITTFaxStream: Falling back to JS CCITTFax decoder.
Warning: CCITTFaxStream: Falling back to JS CCITTFax decoder.
Warning: CCITTFaxStream: Falling back to JS CCITTFax decoder.
Warning: CCITTFaxStream: Falling back to JS CCITTFax decoder.
Warning: CCITTFaxStream: Falling back to JS CCITTFax decoder.
Warning: CCITTFaxStream: Falling back to JS CCITTFax decoder.
Warning: CCITTFaxStream: Falling back to JS CCITTFax decoder.
Warning: CCITTFaxStream: Falling back to JS CCITTFax decoder.
Warning: CCITTFaxStream: Falling back to JS CCITTFax decoder.
Warning: CCITTFaxStream: Falling back to JS CCITTFax decoder.
Warning: CCITTFaxStream: Falling back to JS CCITTFax decoder.
Warning: CCITTFaxStream: Falling back to JS CCITTFax decoder.
Warning: CCITTFaxStream: Falling back to JS CCITTFax decoder.
Warning: CCITTFaxStream: Falling back to JS CCITTFax decoder.
Warning: CCITTFaxStream: Falling back to JS CCITTFax decoder.
Warning: CCITTFaxStream: Falling back to JS CCITTFax decoder.
Warning: CCITTFaxStream: Falling back to JS CCITTFax decoder.
Warning: CCITTFaxStream: Falling back to JS CCITTFax decoder.
Warning: CCITTFaxStream: Falling back to JS CCITTFax decoder.
Warning: CCITTFaxStream: Falling back to JS CCITTFax decoder.
Warning: CCITTFaxStream: Falling back to JS CCITTFax decoder.
Warning: CCITTFaxStream: Falling back to JS CCITTFax decoder.
Warning: CCITTFaxStream: Falling back to JS CCITTFax decoder.
Warning: CCITTFaxStream: Falling back to JS CCITTFax decoder.
Warning: CCITTFaxStream: Falling back to JS CCITTFax decoder.
Warning: CCITTFaxStream: Falling back to JS CCITTFax decoder.
Warning: CCITTFaxStream: Falling back to JS CCITTFax decoder.
Warning: CCITTFaxStream: Falling back to JS CCITTFax decoder.
Warning: CCITTFaxStream: Falling back to JS CCITTFax decoder.
Warning: CCITTFaxStream: Falling back to JS CCITTFax decoder.
Warning: CCITTFaxStream: Falling back to JS CCITTFax decoder.
Warning: CCITTFaxStream: Falling back to JS CCITTFax decoder.
Warning: CCITTFaxStream: Falling back to JS CCITTFax decoder.
Warning: CCITTFaxStream: Falling back to JS CCITTFax decoder.
Warning: CCITTFaxStream: Falling back to JS CCITTFax decoder.
Warning: CCITTFaxStream: Falling back to JS CCITTFax decoder.
Warning: CCITTFaxStream: Falling back to JS CCITTFax decoder.
Warning: CCITTFaxStream: Falling back to JS CCITTFax decoder.
Warning: CCITTFaxStream: Falling back to JS CCITTFax decoder.
Warning: CCITTFaxStream: Falling back to JS CCITTFax decoder.
Warning: CCITTFaxStream: Falling back to JS CCITTFax decoder.
Warning: CCITTFaxStream: Falling back to JS CCITTFax decoder.
Warning: CCITTFaxStream: Falling back to JS CCITTFax decoder.
Warning: CCITTFaxStream: Falling back to JS CCITTFax decoder.
Warning: CCITTFaxStream: Falling back to JS CCITTFax decoder.
Warning: CCITTFaxStream: Falling back to JS CCITTFax decoder.
Warning: CCITTFaxStream: Falling back to JS CCITTFax decoder.
Warning: CCITTFaxStream: Falling back to JS CCITTFax decoder.
Warning: CCITTFaxStream: Falling back to JS CCITTFax decoder.
Warning: CCITTFaxStream: Falling back to JS CCITTFax decoder.
Warning: CCITTFaxStream: Falling back to JS CCITTFax decoder.
Warning: CCITTFaxStream: Falling back to JS CCITTFax decoder.
Warning: CCITTFaxStream: Falling back to JS CCITTFax decoder.
Warning: CCITTFaxStream: Falling back to JS CCITTFax decoder.
Warning: CCITTFaxStream: Falling back to JS CCITTFax decoder.
Warning: CCITTFaxStream: Falling back to JS CCITTFax decoder.
Warning: CCITTFaxStream: Falling back to JS CCITTFax decoder.
Warning: CCITTFaxStream: Falling back to JS CCITTFax decoder.
Warning: CCITTFaxStream: Falling back to JS CCITTFax decoder.
Warning: CCITTFaxStream: Falling back to JS CCITTFax decoder.
Warning: CCITTFaxStream: Falling back to JS CCITTFax decoder.
Warning: CCITTFaxStream: Falling back to JS CCITTFax decoder.
Warning: CCITTFaxStream: Falling back to JS CCITTFax decoder.
Warning: CCITTFaxStream: Falling back to JS CCITTFax decoder.
Warning: CCITTFaxStream: Falling back to JS CCITTFax decoder.
Warning: CCITTFaxStream: Falling back to JS CCITTFax decoder.
Warning: CCITTFaxStream: Falling back to JS CCITTFax decoder.
Warning: CCITTFaxStream: Falling back to JS CCITTFax decoder.
Warning: CCITTFaxStream: Falling back to JS CCITTFax decoder.
Warning: CCITTFaxStream: Falling back to JS CCITTFax decoder.
Warning: CCITTFaxStream: Falling back to JS CCITTFax decoder.
Warning: CCITTFaxStream: Falling back to JS CCITTFax decoder.
Warning: CCITTFaxStream: Falling back to JS CCITTFax decoder.
Warning: CCITTFaxStream: Falling back to JS CCITTFax decoder.
Warning: CCITTFaxStream: Falling back to JS CCITTFax decoder.
Warning: CCITTFaxStream: Falling back to JS CCITTFax decoder.
Warning: CCITTFaxStream: Falling back to JS CCITTFax decoder.
Warning: CCITTFaxStream: Falling back to JS CCITTFax decoder.
Warning: CCITTFaxStream: Falling back to JS CCITTFax decoder.
Warning: CCITTFaxStream: Falling back to JS CCITTFax decoder.
Warning: CCITTFaxStream: Falling back to JS CCITTFax decoder.
Warning: CCITTFaxStream: Falling back to JS CCITTFax decoder.
Warning: CCITTFaxStream: Falling back to JS CCITTFax decoder.
Warning: CCITTFaxStream: Falling back to JS CCITTFax decoder.
Warning: CCITTFaxStream: Falling back to JS CCITTFax decoder.
Warning: CCITTFaxStream: Falling back to JS CCITTFax decoder.
Warning: CCITTFaxStream: Falling back to JS CCITTFax decoder.
Warning: CCITTFaxStream: Falling back to JS CCITTFax decoder.
Warning: CCITTFaxStream: Falling back to JS CCITTFax decoder.
Warning: CCITTFaxStream: Falling back to JS CCITTFax decoder.
Warning: CCITTFaxStream: Falling back to JS CCITTFax decoder.
Warning: CCITTFaxStream: Falling back to JS CCITTFax decoder.
Warning: CCITTFaxStream: Falling back to JS CCITTFax decoder.
Warning: CCITTFaxStream: Falling back to JS CCITTFax decoder.
Warning: CCITTFaxStream: Falling back to JS CCITTFax decoder.
Warning: CCITTFaxStream: Falling back to JS CCITTFax decoder.
Warning: CCITTFaxStream: Falling back to JS CCITTFax decoder.
Warning: CCITTFaxStream: Falling back to JS CCITTFax decoder.
Warning: CCITTFaxStream: Falling back to JS CCITTFax decoder.
Warning: CCITTFaxStream: Falling back to JS CCITTFax decoder.
Warning: CCITTFaxStream: Falling back to JS CCITTFax decoder.
Warning: CCITTFaxStream: Falling back to JS CCITTFax decoder.
Warning: CCITTFaxStream: Falling back to JS CCITTFax decoder.
Warning: CCITTFaxStream: Falling back to JS CCITTFax decoder.
Warning: CCITTFaxStream: Falling back to JS CCITTFax decoder.
Warning: CCITTFaxStream: Falling back to JS CCITTFax decoder.
Warning: CCITTFaxStream: Falling back to JS CCITTFax decoder.
Warning: CCITTFaxStream: Falling back to JS CCITTFax decoder.
Warning: CCITTFaxStream: Falling back to JS CCITTFax decoder.
Warning: CCITTFaxStream: Falling back to JS CCITTFax decoder.
Warning: CCITTFaxStream: Falling back to JS CCITTFax decoder.
Warning: CCITTFaxStream: Falling back to JS CCITTFax decoder.
Warning: CCITTFaxStream: Falling back to JS CCITTFax decoder.
Warning: CCITTFaxStream: Falling back to JS CCITTFax decoder.
Warning: CCITTFaxStream: Falling back to JS CCITTFax decoder.
Warning: CCITTFaxStream: Falling back to JS CCITTFax decoder.
Warning: CCITTFaxStream: Falling back to JS CCITTFax decoder.
Warning: CCITTFaxStream: Falling back to JS CCITTFax decoder.
Warning: CCITTFaxStream: Falling back to JS CCITTFax decoder.
Warning: CCITTFaxStream: Falling back to JS CCITTFax decoder.
Warning: CCITTFaxStream: Falling back to JS CCITTFax decoder.
Warning: CCITTFaxStream: Falling back to JS CCITTFax decoder.
Warning: CCITTFaxStream: Falling back to JS CCITTFax decoder.
Warning: CCITTFaxStream: Falling back to JS CCITTFax decoder.
Warning: CCITTFaxStream: Falling back to JS CCITTFax decoder.
Warning: CCITTFaxStream: Falling back to JS CCITTFax decoder.
Warning: CCITTFaxStream: Falling back to JS CCITTFax decoder.
Warning: CCITTFaxStream: Falling back to JS CCITTFax decoder.
Warning: CCITTFaxStream: Falling back to JS CCITTFax decoder.
Warning: CCITTFaxStream: Falling back to JS CCITTFax decoder.
Warning: CCITTFaxStream: Falling back to JS CCITTFax decoder.
Warning: CCITTFaxStream: Falling back to JS CCITTFax decoder.
Warning: CCITTFaxStream: Falling back to JS CCITTFax decoder.
Warning: CCITTFaxStream: Falling back to JS CCITTFax decoder.
Warning: CCITTFaxStream: Falling back to JS CCITTFax decoder.
Warning: CCITTFaxStream: Falling back to JS CCITTFax decoder.
Warning: CCITTFaxStream: Falling back to JS CCITTFax decoder.
Warning: CCITTFaxStream: Falling back to JS CCITTFax decoder.
Warning: CCITTFaxStream: Falling back to JS CCITTFax decoder.
Warning: CCITTFaxStream: Falling back to JS CCITTFax decoder.
Warning: CCITTFaxStream: Falling back to JS CCITTFax decoder.
Warning: CCITTFaxStream: Falling back to JS CCITTFax decoder.
Warning: CCITTFaxStream: Falling back to JS CCITTFax decoder.
Warning: CCITTFaxStream: Falling back to JS CCITTFax decoder.
Warning: CCITTFaxStream: Falling back to JS CCITTFax decoder.
Warning: CCITTFaxStream: Falling back to JS CCITTFax decoder.
Warning: CCITTFaxStream: Falling back to JS CCITTFax decoder.
Warning: CCITTFaxStream: Falling back to JS CCITTFax decoder.
Warning: CCITTFaxStream: Falling back to JS CCITTFax decoder.
Warning: CCITTFaxStream: Falling back to JS CCITTFax decoder.
Warning: CCITTFaxStream: Falling back to JS CCITTFax decoder.
Warning: CCITTFaxStream: Falling back to JS CCITTFax decoder.
Warning: CCITTFaxStream: Falling back to JS CCITTFax decoder.
Warning: CCITTFaxStream: Falling back to JS CCITTFax decoder.
Warning: CCITTFaxStream: Falling back to JS CCITTFax decoder.
Warning: CCITTFaxStream: Falling back to JS CCITTFax decoder.
Warning: CCITTFaxStream: Falling back to JS CCITTFax decoder.
Warning: CCITTFaxStream: Falling back to JS CCITTFax decoder.
Warning: CCITTFaxStream: Falling back to JS CCITTFax decoder.
Warning: CCITTFaxStream: Falling back to JS CCITTFax decoder.
Warning: CCITTFaxStream: Falling back to JS CCITTFax decoder.
Warning: CCITTFaxStream: Falling back to JS CCITTFax decoder.
Warning: CCITTFaxStream: Falling back to JS CCITTFax decoder.
Warning: CCITTFaxStream: Falling back to JS CCITTFax decoder.
Warning: CCITTFaxStream: Falling back to JS CCITTFax decoder.
Warning: CCITTFaxStream: Falling back to JS CCITTFax decoder.
Warning: CCITTFaxStream: Falling back to JS CCITTFax decoder.
Warning: CCITTFaxStream: Falling back to JS CCITTFax decoder.
Warning: CCITTFaxStream: Falling back to JS CCITTFax decoder.
Warning: CCITTFaxStream: Falling back to JS CCITTFax decoder.
Warning: CCITTFaxStream: Falling back to JS CCITTFax decoder.
Warning: CCITTFaxStream: Falling back to JS CCITTFax decoder.
Warning: CCITTFaxStream: Falling back to JS CCITTFax decoder.
Warning: CCITTFaxStream: Falling back to JS CCITTFax decoder.
Warning: CCITTFaxStream: Falling back to JS CCITTFax decoder.
Warning: CCITTFaxStream: Falling back to JS CCITTFax decoder.
Warning: CCITTFaxStream: Falling back to JS CCITTFax decoder.
Warning: CCITTFaxStream: Falling back to JS CCITTFax decoder.
Warning: CCITTFaxStream: Falling back to JS CCITTFax decoder.
Warning: CCITTFaxStream: Falling back to JS CCITTFax decoder.
Warning: CCITTFaxStream: Falling back to JS CCITTFax decoder.
Warning: CCITTFaxStream: Falling back to JS CCITTFax decoder.
Warning: CCITTFaxStream: Falling back to JS CCITTFax decoder.
Warning: CCITTFaxStream: Falling back to JS CCITTFax decoder.
Warning: CCITTFaxStream: Falling back to JS CCITTFax decoder.
Warning: CCITTFaxStream: Falling back to JS CCITTFax decoder.
Warning: CCITTFaxStream: Falling back to JS CCITTFax decoder.
Warning: CCITTFaxStream: Falling back to JS CCITTFax decoder.
Warning: CCITTFaxStream: Falling back to JS CCITTFax decoder.
Warning: CCITTFaxStream: Falling back to JS CCITTFax decoder.
Warning: CCITTFaxStream: Falling back to JS CCITTFax decoder.
Warning: CCITTFaxStream: Falling back to JS CCITTFax decoder.
Warning: CCITTFaxStream: Falling back to JS CCITTFax decoder.
Warning: CCITTFaxStream: Falling back to JS CCITTFax decoder.
Warning: CCITTFaxStream: Falling back to JS CCITTFax decoder.
Warning: CCITTFaxStream: Falling back to JS CCITTFax decoder.
Warning: CCITTFaxStream: Falling back to JS CCITTFax decoder.
Warning: CCITTFaxStream: Falling back to JS CCITTFax decoder.
Warning: CCITTFaxStream: Falling back to JS CCITTFax decoder.
Warning: CCITTFaxStream: Falling back to JS CCITTFax decoder.
Warning: CCITTFaxStream: Falling back to JS CCITTFax decoder.
Warning: CCITTFaxStream: Falling back to JS CCITTFax decoder.
Warning: CCITTFaxStream: Falling back to JS CCITTFax decoder.
Warning: CCITTFaxStream: Falling back to JS CCITTFax decoder.
Warning: CCITTFaxStream: Falling back to JS CCITTFax decoder.
Warning: CCITTFaxStream: Falling back to JS CCITTFax decoder.
Warning: CCITTFaxStream: Falling back to JS CCITTFax decoder.
Warning: CCITTFaxStream: Falling back to JS CCITTFax decoder.
Warning: CCITTFaxStream: Falling back to JS CCITTFax decoder.
Warning: CCITTFaxStream: Falling back to JS CCITTFax decoder.
Warning: CCITTFaxStream: Falling back to JS CCITTFax decoder.
Warning: CCITTFaxStream: Falling back to JS CCITTFax decoder.
Warning: CCITTFaxStream: Falling back to JS CCITTFax decoder.
Warning: CCITTFaxStream: Falling back to JS CCITTFax decoder.
Warning: CCITTFaxStream: Falling back to JS CCITTFax decoder.
Warning: CCITTFaxStream: Falling back to JS CCITTFax decoder.
Warning: CCITTFaxStream: Falling back to JS CCITTFax decoder.
Warning: CCITTFaxStream: Falling back to JS CCITTFax decoder.
Warning: TT: undefined function: 21
Warning: TT: undefined function: 32
Warning: TT: undefined function: 32
Warning: TT: undefined function: 32
Warning: TT: undefined function: 21
Warning: TT: undefined function: 32
Warning: TT: undefined function: 32
Warning: TT: undefined function: 21
Warning: TT: undefined function: 32
Warning: TT: undefined function: 32
  4300/18182 · 4235 com texto · 65 vazios · 0 errosWarning: TT: undefined function: 21
Warning: TT: undefined function: 32
Warning: TT: undefined function: 32
Warning: TT: undefined function: 21
Warning: TT: undefined function: 21
Warning: TT: undefined function: 32
Warning: TT: undefined function: 32
Warning: TT: undefined function: 32
Warning: TT: undefined function: 21
Warning: TT: undefined function: 21
Warning: TT: undefined function: 32
Warning: TT: undefined function: 32
Warning: TT: undefined function: 32
Warning: TT: undefined function: 32
Warning: TT: undefined function: 32
Warning: TT: undefined function: 32
  4400/18182 · 4334 com texto · 66 vazios · 0 errosWarning: TT: undefined function: 21
Warning: TT: undefined function: 21
Warning: TT: undefined function: 32
Warning: TT: undefined function: 32
Warning: TT: undefined function: 32
Warning: TT: undefined function: 32
Warning: TT: undefined function: 32
Warning: TT: undefined function: 32
Warning: TT: undefined function: 32
Warning: TT: undefined function: 32
Warning: TT: undefined function: 32
Warning: TT: undefined function: 32
Warning: TT: undefined function: 21
Warning: TT: undefined function: 32
Warning: TT: undefined function: 21
Warning: TT: undefined function: 21
Warning: TT: undefined function: 32
Warning: TT: undefined function: 32
Warning: TT: undefined function: 32
Warning: TT: undefined function: 32
Warning: TT: undefined function: 32
Warning: TT: undefined function: 32
Warning: TT: undefined function: 32
Warning: TT: undefined function: 32
Warning: TT: undefined function: 32
Warning: TT: undefined function: 32
Warning: TT: undefined function: 21
Warning: TT: undefined function: 21
Warning: TT: undefined function: 32
Warning: TT: undefined function: 32
Warning: TT: undefined function: 21
Warning: TT: undefined function: 32
Warning: TT: undefined function: 32
Warning: TT: undefined function: 21
Warning: TT: undefined function: 21
Warning: TT: undefined function: 32
Warning: TT: undefined function: 21
Warning: TT: undefined function: 32
Warning: TT: undefined function: 32
Warning: TT: undefined function: 32
Warning: TT: undefined function: 32
Warning: TT: undefined function: 32
Warning: TT: undefined function: 32
Warning: TT: undefined function: 32
Warning: TT: undefined function: 32
Warning: TT: undefined function: 32
  4500/18182 · 4421 com texto · 79 vazios · 0 errosWarning: TT: undefined function: 32
Warning: TT: undefined function: 21
Warning: TT: undefined function: 21
Warning: TT: undefined function: 21
Warning: TT: undefined function: 21
Warning: TT: undefined function: 21
Warning: TT: undefined function: 21
Warning: TT: undefined function: 21
Warning: TT: invalid function id: 136
Warning: TT: invalid function id: 136
Warning: TT: undefined function: 21
Warning: TT: undefined function: 32
Warning: TT: undefined function: 32
Warning: TT: undefined function: 21
Warning: TT: undefined function: 32
Warning: TT: undefined function: 32
Warning: TT: undefined function: 32
Warning: TT: undefined function: 32
Warning: TT: undefined function: 32
Warning: TT: undefined function: 32
Warning: TT: undefined function: 32
Warning: TT: undefined function: 32
Warning: TT: undefined function: 32
Warning: TT: undefined function: 21
Warning: TT: undefined function: 21
Warning: TT: undefined function: 32
Warning: TT: undefined function: 32
Warning: TT: undefined function: 32
Warning: TT: undefined function: 32
Warning: TT: undefined function: 32
Warning: TT: undefined function: 32
Warning: TT: undefined function: 32
Warning: TT: undefined function: 32
Warning: TT: undefined function: 32
Warning: TT: undefined function: 32
Warning: TT: undefined function: 32
Warning: TT: undefined function: 32
Warning: TT: undefined function: 32
Warning: TT: undefined function: 21
Warning: TT: undefined function: 32
Warning: TT: undefined function: 32
Warning: TT: undefined function: 21
Warning: TT: undefined function: 21
Warning: TT: undefined function: 21
Warning: TT: undefined function: 21
Warning: TT: undefined function: 21
Warning: TT: undefined function: 21
Warning: TT: undefined function: 21
Warning: TT: undefined function: 21
Warning: TT: undefined function: 21
Warning: TT: undefined function: 21
Warning: TT: undefined function: 21
Warning: TT: undefined function: 21
Warning: TT: undefined function: 21
Warning: TT: undefined function: 21
Warning: TT: undefined function: 21
Warning: TT: undefined function: 21
Warning: TT: undefined function: 32
Warning: TT: undefined function: 21
Warning: TT: undefined function: 21
Warning: TT: undefined function: 32
  4600/18182 · 4520 com texto · 80 vazios · 0 errosWarning: TT: undefined function: 21
Warning: TT: undefined function: 21
Warning: TT: undefined function: 32
Warning: TT: undefined function: 32
Warning: TT: undefined function: 21
Warning: TT: undefined function: 21
Warning: TT: undefined function: 21
Warning: TT: invalid function id: 136
Warning: TT: undefined function: 21
Warning: TT: undefined function: 21
Warning: TT: invalid function id: 136
Warning: TT: invalid function id: 136
Warning: TT: undefined function: 32
Warning: TT: undefined function: 32
Warning: TT: undefined function: 21
Warning: TT: undefined function: 21
Warning: TT: undefined function: 21
Warning: TT: undefined function: 32
Warning: TT: undefined function: 32
Warning: TT: undefined function: 32
Warning: TT: undefined function: 32
Warning: TT: undefined function: 32
Warning: TT: undefined function: 32
Warning: TT: undefined function: 32
Warning: TT: undefined function: 32
Warning: TT: undefined function: 21
Warning: TT: undefined function: 21
Warning: TT: undefined function: 21
Warning: TT: undefined function: 21
Warning: TT: undefined function: 32
Warning: TT: undefined function: 32
Warning: TT: undefined function: 32
  4700/18182 · 4619 com texto · 81 vazios · 0 errosWarning: TT: undefined function: 32
Warning: TT: undefined function: 32
Warning: TT: undefined function: 32
Warning: TT: undefined function: 32
Warning: TT: undefined function: 21
Warning: TT: undefined function: 21
Warning: TT: undefined function: 32
Warning: TT: undefined function: 32
Warning: TT: undefined function: 32
Warning: TT: undefined function: 21
Warning: TT: undefined function: 21
Warning: TT: undefined function: 21
Warning: TT: undefined function: 21
Warning: TT: undefined function: 21
Warning: TT: undefined function: 32
Warning: TT: undefined function: 21
Warning: TT: undefined function: 21
Warning: TT: undefined function: 21
Warning: TT: undefined function: 21
Warning: TT: undefined function: 21
Warning: TT: undefined function: 21
Warning: TT: undefined function: 21
Warning: TT: undefined function: 21
Warning: TT: undefined function: 21
Warning: TT: undefined function: 21
Warning: TT: undefined function: 21
Warning: TT: undefined function: 21
Warning: TT: undefined function: 21
Warning: TT: undefined function: 21
Warning: TT: undefined function: 21
Warning: TT: undefined function: 21
Warning: TT: undefined function: 21
Warning: TT: undefined function: 21
Warning: TT: undefined function: 21
Warning: TT: undefined function: 21
Warning: TT: undefined function: 21
Warning: TT: undefined function: 21
Warning: TT: undefined function: 21
Warning: TT: undefined function: 21
Warning: TT: undefined function: 21
Warning: TT: undefined function: 21
Warning: TT: undefined function: 21
Warning: TT: undefined function: 21
Warning: TT: undefined function: 21
Warning: TT: undefined function: 21
Warning: TT: undefined function: 21
Warning: TT: undefined function: 21
Warning: TT: undefined function: 21
Warning: TT: undefined function: 21
Warning: TT: undefined function: 21
Warning: TT: undefined function: 21
Warning: TT: undefined function: 21
Warning: TT: undefined function: 21
Warning: TT: undefined function: 21
Warning: TT: undefined function: 21
Warning: TT: undefined function: 21
Warning: TT: undefined function: 21
Warning: TT: undefined function: 21
Warning: TT: undefined function: 21
Warning: TT: undefined function: 21
Warning: TT: undefined function: 21
Warning: TT: undefined function: 21
Warning: TT: undefined function: 21
Warning: TT: undefined function: 21
Warning: TT: undefined function: 21
Warning: TT: undefined function: 21
  4800/18182 · 4719 com texto · 81 vazios · 0 errosWarning: TT: undefined function: 21
Warning: TT: undefined function: 21
Warning: TT: undefined function: 21
Warning: TT: undefined function: 21
Warning: TT: undefined function: 21
Warning: TT: undefined function: 21
Warning: TT: undefined function: 21
Warning: TT: undefined function: 21
Warning: TT: undefined function: 21
Warning: TT: undefined function: 21
Warning: TT: undefined function: 21
Warning: TT: undefined function: 21
Warning: TT: undefined function: 21
Warning: TT: undefined function: 21
Warning: TT: undefined function: 21
Warning: TT: undefined function: 21
Warning: TT: undefined function: 21
Warning: TT: undefined function: 21
Warning: TT: undefined function: 21
Warning: TT: undefined function: 21
Warning: TT: undefined function: 21
Warning: TT: undefined function: 21
Warning: TT: undefined function: 21
Warning: TT: undefined function: 21
Warning: TT: undefined function: 21
Warning: TT: undefined function: 21
Warning: TT: undefined function: 32
Warning: TT: undefined function: 21
Warning: TT: undefined function: 21
Warning: TT: undefined function: 21
Warning: TT: undefined function: 21
Warning: TT: undefined function: 21
Warning: TT: undefined function: 21
Warning: TT: undefined function: 21
Warning: TT: undefined function: 21
Warning: TT: undefined function: 21
Warning: TT: undefined function: 21
Warning: TT: undefined function: 21
Warning: TT: undefined function: 21
Warning: TT: undefined function: 21
Warning: TT: undefined function: 21
Warning: TT: undefined function: 21
Warning: TT: undefined function: 21
Warning: TT: undefined function: 21
  4900/18182 · 4819 com texto · 81 vazios · 0 errosWarning: TT: undefined function: 32
Warning: TT: undefined function: 32
Warning: TT: undefined function: 32
Warning: TT: undefined function: 32
Warning: TT: undefined function: 32
Warning: TT: undefined function: 32
Warning: TT: undefined function: 32
Warning: TT: undefined function: 32
Warning: TT: undefined function: 32
Warning: TT: undefined function: 32
Warning: TT: undefined function: 32
Warning: TT: undefined function: 32
Warning: TT: undefined function: 32
Warning: TT: undefined function: 32
Warning: TT: undefined function: 32
Warning: TT: undefined function: 32
Warning: TT: undefined function: 32
Warning: TT: undefined function: 32
Warning: TT: undefined function: 21
Warning: TT: undefined function: 21
Warning: TT: undefined function: 32
Warning: TT: undefined function: 32
Warning: TT: undefined function: 32
Warning: TT: undefined function: 32
  5000/18182 · 4918 com texto · 82 vazios · 0 errosWarning: TT: undefined function: 32
Warning: TT: undefined function: 32
Warning: TT: undefined function: 32
Warning: TT: undefined function: 32
Warning: TT: undefined function: 32
Warning: TT: undefined function: 32
Warning: TT: undefined function: 32
Warning: TT: undefined function: 32
Warning: TT: undefined function: 32
Warning: TT: undefined function: 32
Warning: TT: undefined function: 21
Warning: TT: undefined function: 21
Warning: TT: undefined function: 21
Warning: TT: undefined function: 32
Warning: TT: undefined function: 21
Warning: TT: undefined function: 21
Warning: TT: undefined function: 32
Warning: TT: undefined function: 32
Warning: TT: undefined function: 32
Warning: TT: undefined function: 32
Warning: TT: undefined function: 32
Warning: TT: undefined function: 32
Warning: TT: undefined function: 32
Warning: TT: undefined function: 32
Warning: TT: undefined function: 32
Warning: TT: undefined function: 32
Warning: TT: undefined function: 32
  5100/18182 · 5017 com texto · 83 vazios · 0 errosWarning: TT: undefined function: 32
Warning: TT: undefined function: 21
Warning: TT: undefined function: 21
Warning: TT: undefined function: 21
Warning: TT: undefined function: 21
Warning: TT: undefined function: 21
Warning: TT: undefined function: 21
Warning: TT: undefined function: 21
Warning: TT: undefined function: 21
Warning: TT: undefined function: 21
Warning: TT: undefined function: 21
Warning: TT: undefined function: 21
Warning: TT: undefined function: 21
Warning: TT: undefined function: 21
Warning: TT: undefined function: 21
Warning: TT: undefined function: 21
Warning: TT: undefined function: 21
Warning: TT: undefined function: 21
Warning: TT: undefined function: 21
Warning: TT: undefined function: 21
Warning: TT: undefined function: 21
Warning: TT: undefined function: 21
Warning: TT: undefined function: 21
Warning: TT: undefined function: 21
Warning: TT: undefined function: 21
Warning: TT: undefined function: 32
Warning: TT: undefined function: 32
Warning: TT: undefined function: 32
Warning: TT: undefined function: 32
Warning: TT: invalid function id: 136
Warning: TT: undefined function: 21
Warning: TT: undefined function: 21
Warning: TT: undefined function: 21
Warning: TT: invalid function id: 136
Warning: TT: invalid function id: 136
Warning: TT: invalid function id: 136
Warning: TT: invalid function id: 136
Warning: TT: undefined function: 21
Warning: TT: undefined function: 21
Warning: TT: undefined function: 32
Warning: TT: undefined function: 32
Warning: TT: undefined function: 32
Warning: TT: undefined function: 32
  5200/18182 · 5113 com texto · 87 vazios · 0 errosWarning: TT: undefined function: 32
Warning: TT: undefined function: 32
Warning: TT: undefined function: 32
Warning: TT: undefined function: 32
Warning: TT: undefined function: 32
Warning: TT: undefined function: 32
Warning: TT: undefined function: 32
Warning: TT: undefined function: 32
Warning: TT: undefined function: 32
Warning: TT: undefined function: 32
Warning: TT: undefined function: 32
Warning: TT: undefined function: 32
Warning: TT: undefined function: 32
Warning: TT: undefined function: 32
Warning: TT: undefined function: 32
Warning: TT: undefined function: 32
Warning: TT: undefined function: 32
Warning: TT: undefined function: 32
Warning: TT: undefined function: 32
Warning: TT: undefined function: 32
Warning: TT: undefined function: 32
Warning: TT: undefined function: 32
Warning: TT: undefined function: 32
Warning: TT: undefined function: 32
Warning: TT: undefined function: 32
Warning: TT: undefined function: 32
Warning: TT: undefined function: 32
Warning: TT: undefined function: 32
Warning: TT: undefined function: 32
Warning: TT: undefined function: 32
Warning: TT: undefined function: 32
Warning: TT: undefined function: 32
Warning: TT: undefined function: 32
Warning: TT: undefined function: 32
Warning: TT: undefined function: 32
Warning: TT: undefined function: 32
Warning: TT: undefined function: 32
Warning: TT: undefined function: 32
Warning: TT: undefined function: 32
Warning: TT: undefined function: 32
Warning: TT: undefined function: 32
Warning: TT: undefined function: 32
Warning: TT: undefined function: 32
Warning: TT: undefined function: 32
Warning: TT: undefined function: 32
Warning: TT: undefined function: 32
Warning: TT: undefined function: 32
Warning: TT: undefined function: 32
Warning: TT: undefined function: 32
Warning: TT: undefined function: 32
Warning: TT: undefined function: 32
Warning: TT: undefined function: 32
Warning: TT: undefined function: 32
Warning: TT: undefined function: 32
Warning: TT: undefined function: 32
Warning: TT: undefined function: 32
Warning: TT: undefined function: 32
Warning: TT: undefined function: 32
Warning: TT: undefined function: 32
Warning: TT: undefined function: 32
Warning: TT: undefined function: 32
Warning: TT: undefined function: 32
Warning: TT: undefined function: 32
Warning: TT: undefined function: 32
Warning: TT: undefined function: 32
Warning: TT: undefined function: 32
Warning: TT: undefined function: 32
Warning: TT: undefined function: 32
Warning: TT: undefined function: 32
Warning: TT: undefined function: 32
Warning: TT: undefined function: 32
Warning: TT: undefined function: 32
Warning: TT: undefined function: 32
Warning: TT: undefined function: 32
Warning: TT: undefined function: 32
Warning: TT: undefined function: 32
Warning: TT: undefined function: 32
Warning: TT: undefined function: 32
Warning: TT: undefined function: 32
Warning: TT: undefined function: 32
Warning: TT: undefined function: 32
Warning: TT: undefined function: 32
Warning: TT: undefined function: 32
Warning: TT: undefined function: 32
Warning: TT: undefined function: 32
Warning: TT: undefined function: 32
Warning: TT: undefined function: 32
Warning: TT: undefined function: 32
Warning: TT: undefined function: 32
Warning: TT: undefined function: 32
Warning: TT: undefined function: 32
Warning: TT: undefined function: 32
Warning: TT: undefined function: 32
Warning: TT: undefined function: 32
Warning: TT: undefined function: 32
Warning: TT: undefined function: 32
Warning: TT: undefined function: 32
Warning: TT: undefined function: 32
Warning: TT: undefined function: 32
Warning: TT: undefined function: 32
  5300/18182 · 5211 com texto · 89 vazios · 0 errosWarning: TT: undefined function: 32
Warning: TT: undefined function: 32
Warning: TT: undefined function: 32
Warning: TT: undefined function: 32
Warning: TT: undefined function: 32
Warning: TT: undefined function: 32
Warning: TT: undefined function: 32
Warning: TT: undefined function: 32
Warning: TT: undefined function: 32
Warning: TT: undefined function: 32
Warning: TT: undefined function: 32
Warning: TT: undefined function: 32
Warning: TT: undefined function: 32
Warning: TT: undefined function: 32
Warning: TT: undefined function: 32
Warning: TT: undefined function: 32
Warning: TT: undefined function: 32
Warning: TT: undefined function: 32
Warning: TT: undefined function: 32
Warning: TT: undefined function: 32
Warning: TT: undefined function: 32
Warning: TT: undefined function: 32
Warning: TT: undefined function: 32
Warning: TT: undefined function: 32
Warning: TT: undefined function: 32
Warning: TT: undefined function: 32
Warning: TT: undefined function: 32
Warning: TT: undefined function: 32
Warning: TT: undefined function: 32
  5400/18182 · 5309 com texto · 91 vazios · 0 errosWarning: TT: undefined function: 21
Warning: TT: undefined function: 32
Warning: TT: undefined function: 32
Warning: TT: undefined function: 32
Warning: TT: undefined function: 32
Warning: TT: undefined function: 32
Warning: TT: undefined function: 32
Warning: TT: undefined function: 32
Warning: TT: undefined function: 32
Warning: TT: undefined function: 21
Warning: TT: undefined function: 21
Warning: TT: undefined function: 21
Warning: TT: undefined function: 32
Warning: TT: undefined function: 21
Warning: TT: undefined function: 21
Warning: TT: undefined function: 21
Warning: TT: undefined function: 21
Warning: TT: undefined function: 21
Warning: TT: undefined function: 21
Warning: TT: undefined function: 21
Warning: TT: undefined function: 21
Warning: TT: undefined function: 21
Warning: TT: undefined function: 21
Warning: TT: undefined function: 21
Warning: TT: undefined function: 21
Warning: TT: undefined function: 32
Warning: TT: undefined function: 21
Warning: TT: undefined function: 32
  5500/18182 · 5406 com texto · 94 vazios · 0 errosWarning: TT: undefined function: 21
Warning: TT: undefined function: 32
Warning: TT: undefined function: 32
Warning: TT: undefined function: 32
Warning: TT: undefined function: 32
Warning: TT: undefined function: 32
Warning: TT: undefined function: 32
Warning: TT: undefined function: 32
Warning: TT: undefined function: 32
Warning: TT: undefined function: 32
Warning: TT: undefined function: 32
Warning: TT: undefined function: 32
Warning: TT: undefined function: 32
Warning: TT: undefined function: 32
Warning: TT: undefined function: 32
Warning: TT: undefined function: 32
Warning: TT: undefined function: 32
Warning: TT: undefined function: 32
Warning: TT: undefined function: 32
Warning: TT: undefined function: 32
Warning: TT: undefined function: 32
Warning: TT: undefined function: 32
Warning: TT: undefined function: 32
Warning: TT: undefined function: 21
Warning: TT: undefined function: 32
Warning: TT: undefined function: 32
Warning: TT: undefined function: 32
Warning: TT: undefined function: 32
Warning: TT: undefined function: 32
Warning: TT: undefined function: 32
Warning: TT: undefined function: 32
Warning: TT: undefined function: 32
Warning: TT: undefined function: 32
Warning: TT: undefined function: 32
Warning: TT: undefined function: 32
Warning: TT: undefined function: 32
Warning: TT: undefined function: 32
Warning: TT: undefined function: 32
Warning: TT: undefined function: 32
Warning: TT: undefined function: 32
Warning: TT: undefined function: 32
Warning: TT: undefined function: 32
Warning: TT: undefined function: 32
Warning: TT: undefined function: 32
Warning: TT: undefined function: 32
Warning: TT: undefined function: 32
Warning: TT: undefined function: 32
Warning: TT: undefined function: 32
Warning: TT: undefined function: 32
Warning: TT: undefined function: 21
Warning: TT: undefined function: 32
  5600/18182 · 5504 com texto · 96 vazios · 0 errosWarning: TT: undefined function: 32
Warning: TT: undefined function: 32
Warning: TT: undefined function: 32
Warning: TT: undefined function: 32
Warning: TT: undefined function: 32
Warning: TT: undefined function: 32
Warning: TT: undefined function: 32
Warning: TT: undefined function: 32
Warning: TT: undefined function: 32
Warning: TT: undefined function: 32
Warning: TT: undefined function: 32
Warning: TT: undefined function: 32
Warning: TT: undefined function: 32
Warning: TT: undefined function: 32
Warning: TT: undefined function: 32
Warning: TT: undefined function: 32
Warning: TT: undefined function: 21
Warning: TT: undefined function: 21
Warning: TT: undefined function: 21
Warning: TT: undefined function: 21
Warning: TT: undefined function: 21
Warning: TT: undefined function: 21
Warning: TT: undefined function: 32
Warning: TT: undefined function: 32
Warning: TT: undefined function: 32
Warning: TT: undefined function: 32
Warning: TT: undefined function: 32
Warning: TT: undefined function: 32
Warning: TT: undefined function: 32
Warning: TT: undefined function: 32
Warning: TT: undefined function: 32
Warning: TT: undefined function: 32
Warning: TT: undefined function: 32
Warning: TT: undefined function: 32
Warning: TT: undefined function: 32
Warning: TT: undefined function: 32
Warning: TT: undefined function: 32
Warning: TT: undefined function: 32
Warning: TT: undefined function: 32
Warning: TT: undefined function: 32
  5700/18182 · 5604 com texto · 96 vazios · 0 errosWarning: TT: undefined function: 32
Warning: TT: undefined function: 32
Warning: TT: undefined function: 32
Warning: TT: undefined function: 32
Warning: TT: undefined function: 32
Warning: TT: undefined function: 32
Warning: TT: undefined function: 32
Warning: TT: undefined function: 32
Warning: TT: undefined function: 32
Warning: TT: undefined function: 32
Warning: TT: undefined function: 32
Warning: TT: undefined function: 32
Warning: TT: undefined function: 32
Warning: TT: undefined function: 32
Warning: TT: undefined function: 32
Warning: TT: undefined function: 21
Warning: TT: undefined function: 21
Warning: TT: undefined function: 21
Warning: TT: undefined function: 21
Warning: TT: undefined function: 21
Warning: TT: undefined function: 32
Warning: TT: undefined function: 21
Warning: TT: undefined function: 32
Warning: TT: undefined function: 32
Warning: TT: undefined function: 32
Warning: TT: undefined function: 21
Warning: TT: undefined function: 21
Warning: TT: undefined function: 21
Warning: TT: undefined function: 21
Warning: TT: undefined function: 32
Warning: TT: undefined function: 32
Warning: TT: undefined function: 21
Warning: TT: undefined function: 32
Warning: TT: undefined function: 32
Warning: TT: undefined function: 32
Warning: TT: undefined function: 32
Warning: TT: undefined function: 32
Warning: TT: undefined function: 32
Warning: TT: undefined function: 21
Warning: TT: undefined function: 21
Warning: TT: undefined function: 21
Warning: TT: undefined function: 32
Warning: TT: undefined function: 32
Warning: TT: undefined function: 32
Warning: TT: undefined function: 32
Warning: TT: undefined function: 32
Warning: TT: undefined function: 32
Warning: TT: undefined function: 32
Warning: TT: undefined function: 32
Warning: TT: undefined function: 32
Warning: TT: undefined function: 32
Warning: TT: undefined function: 32
  5800/18182 · 5699 com texto · 101 vazios · 0 errosWarning: TT: undefined function: 32
Warning: TT: undefined function: 32
Warning: TT: undefined function: 32
Warning: TT: undefined function: 32
Warning: TT: undefined function: 21
Warning: TT: undefined function: 21
Warning: TT: undefined function: 32
Warning: TT: undefined function: 32
Warning: TT: undefined function: 21
Warning: TT: undefined function: 21
Warning: TT: undefined function: 21
Warning: TT: undefined function: 21
Warning: TT: undefined function: 21
Warning: TT: undefined function: 21
Warning: TT: undefined function: 32
Warning: TT: undefined function: 32
Warning: TT: undefined function: 32
Warning: TT: undefined function: 32
Warning: TT: undefined function: 32
Warning: TT: undefined function: 32
Warning: TT: undefined function: 32
Warning: TT: undefined function: 32
Warning: TT: undefined function: 32
Warning: TT: undefined function: 32
Warning: TT: undefined function: 32
Warning: TT: undefined function: 32
Warning: TT: undefined function: 32
Warning: TT: undefined function: 32
Warning: TT: undefined function: 32
Warning: TT: undefined function: 32
Warning: TT: undefined function: 32
Warning: TT: undefined function: 21
Warning: TT: undefined function: 32
Warning: TT: undefined function: 32
Warning: TT: undefined function: 21
Warning: TT: undefined function: 21
Warning: TT: undefined function: 21
Warning: TT: invalid function id: 136
  5900/18182 · 5799 com texto · 101 vazios · 0 errosWarning: TT: undefined function: 32
Warning: TT: undefined function: 32
Warning: TT: undefined function: 32
Warning: TT: undefined function: 32
Warning: TT: undefined function: 32
Warning: TT: undefined function: 32
Warning: TT: undefined function: 32
Warning: TT: undefined function: 32
Warning: TT: undefined function: 32
Warning: TT: undefined function: 21
Warning: TT: undefined function: 32
Warning: TT: undefined function: 21
Warning: TT: undefined function: 32
Warning: TT: undefined function: 32
Warning: TT: undefined function: 32
Warning: TT: undefined function: 32
Warning: TT: undefined function: 32
Warning: TT: undefined function: 32
Warning: TT: undefined function: 32
Warning: TT: undefined function: 32
Warning: TT: undefined function: 32
Warning: TT: undefined function: 32
Warning: TT: undefined function: 32
Warning: TT: undefined function: 32
Warning: TT: undefined function: 32
Warning: TT: undefined function: 32
Warning: TT: undefined function: 32
Warning: TT: undefined function: 32
Warning: TT: undefined function: 32
Warning: TT: undefined function: 32
Warning: TT: undefined function: 32
Warning: TT: undefined function: 32
Warning: TT: undefined function: 32
Warning: TT: undefined function: 32
Warning: TT: undefined function: 32
Warning: TT: undefined function: 32
Warning: TT: undefined function: 32
Warning: TT: undefined function: 32
Warning: TT: undefined function: 32
Warning: TT: undefined function: 21
  6000/18182 · 5894 com texto · 106 vazios · 0 errosWarning: TT: undefined function: 32
Warning: TT: undefined function: 32
Warning: TT: undefined function: 32
Warning: TT: undefined function: 32
Warning: TT: undefined function: 32
Warning: TT: undefined function: 32
Warning: TT: undefined function: 32
Warning: TT: undefined function: 32
Warning: TT: undefined function: 32
Warning: TT: undefined function: 32
Warning: TT: undefined function: 32
Warning: TT: undefined function: 32
Warning: TT: undefined function: 32
Warning: TT: undefined function: 32
Warning: TT: undefined function: 32
Warning: TT: undefined function: 32
Warning: TT: undefined function: 32
Warning: TT: undefined function: 32
Warning: TT: undefined function: 32
Warning: TT: undefined function: 32
Warning: TT: undefined function: 32
Warning: TT: undefined function: 32
Warning: TT: undefined function: 32
Warning: TT: undefined function: 32
Warning: TT: undefined function: 32
Warning: TT: undefined function: 21
Warning: TT: undefined function: 21
Warning: TT: undefined function: 21
Warning: TT: undefined function: 21
Warning: TT: undefined function: 21
Warning: TT: undefined function: 21
Warning: TT: undefined function: 21
Warning: TT: undefined function: 21
Warning: TT: undefined function: 32
Warning: TT: undefined function: 21
Warning: TT: undefined function: 21
Warning: TT: undefined function: 32
Warning: TT: undefined function: 32
Warning: TT: undefined function: 21
Warning: TT: undefined function: 21
Warning: TT: undefined function: 21
Warning: TT: undefined function: 21
Warning: TT: undefined function: 21
  6100/18182 · 5987 com texto · 113 vazios · 0 errosWarning: TT: undefined function: 32
Warning: TT: undefined function: 32
Warning: TT: undefined function: 32
Warning: TT: undefined function: 32
Warning: TT: undefined function: 32
Warning: TT: undefined function: 32
Warning: TT: undefined function: 32
Warning: TT: undefined function: 32
Warning: TT: undefined function: 32
Warning: TT: undefined function: 32
Warning: TT: undefined function: 32
Warning: TT: undefined function: 32
Warning: TT: undefined function: 32
Warning: TT: undefined function: 21
Warning: TT: undefined function: 21
Warning: TT: undefined function: 21
Warning: TT: undefined function: 21
Warning: TT: undefined function: 32
Warning: TT: undefined function: 21
Warning: TT: undefined function: 32
Warning: TT: undefined function: 21
Warning: TT: undefined function: 21
Warning: TT: undefined function: 32
Warning: TT: undefined function: 32
Warning: TT: undefined function: 21
Warning: TT: undefined function: 21
Warning: TT: undefined function: 21
Warning: TT: undefined function: 21
Warning: TT: invalid function id: 136
Warning: TT: undefined function: 21
Warning: TT: undefined function: 21
Warning: TT: undefined function: 21
Warning: TT: undefined function: 21
Warning: TT: invalid function id: 136
Warning: TT: undefined function: 32
Warning: TT: undefined function: 21
Warning: TT: undefined function: 21
Warning: TT: undefined function: 21
Warning: TT: undefined function: 21
Warning: TT: undefined function: 21
  6200/18182 · 6079 com texto · 121 vazios · 0 errosWarning: TT: undefined function: 32
Warning: TT: undefined function: 32
Warning: TT: undefined function: 32
Warning: TT: undefined function: 32
Warning: TT: undefined function: 32
Warning: TT: undefined function: 32
Warning: TT: undefined function: 32
Warning: TT: undefined function: 32
Warning: TT: undefined function: 32
Warning: TT: undefined function: 32
Warning: TT: undefined function: 32
Warning: TT: undefined function: 32
Warning: TT: undefined function: 32
Warning: TT: undefined function: 21
Warning: TT: undefined function: 21
Warning: TT: undefined function: 32
Warning: TT: undefined function: 21
Warning: TT: undefined function: 32
Warning: TT: undefined function: 32
Warning: TT: undefined function: 32
Warning: TT: undefined function: 21
Warning: TT: undefined function: 32
Warning: TT: undefined function: 21
Warning: TT: undefined function: 32
Warning: TT: undefined function: 32
Warning: TT: undefined function: 32
Warning: TT: undefined function: 32
Warning: TT: undefined function: 32
Warning: TT: undefined function: 32
Warning: TT: undefined function: 32
Warning: TT: undefined function: 32
Warning: TT: undefined function: 21
Warning: TT: undefined function: 21
  6300/18182 · 6164 com texto · 136 vazios · 0 errosWarning: TT: undefined function: 32
Warning: TT: undefined function: 32
Warning: TT: undefined function: 32
Warning: TT: undefined function: 32
Warning: TT: undefined function: 32
Warning: TT: undefined function: 32
Warning: TT: undefined function: 32
Warning: TT: undefined function: 32
Warning: TT: undefined function: 32
Warning: Required "glyf" table is not found -- trying to recover.
Warning: Required "glyf" table is not found -- trying to recover.
Warning: TT: undefined function: 21
Warning: TT: invalid function id: 136
Warning: Badly formatted number: minus sign in the middle
Warning: Badly formatted number: minus sign in the middle
Warning: Badly formatted number: minus sign in the middle
Warning: Badly formatted number: minus sign in the middle
Warning: Badly formatted number: minus sign in the middle
Warning: Badly formatted number: minus sign in the middle
Warning: Badly formatted number: minus sign in the middle
Warning: Badly formatted number: minus sign in the middle
Warning: Badly formatted number: minus sign in the middle
Warning: Badly formatted number: minus sign in the middle
Warning: Badly formatted number: minus sign in the middle
Warning: Badly formatted number: minus sign in the middle
Warning: Badly formatted number: minus sign in the middle
Warning: Badly formatted number: minus sign in the middle
Warning: Badly formatted number: minus sign in the middle
Warning: TT: undefined function: 21
Warning: TT: undefined function: 32
Warning: TT: undefined function: 21
Warning: TT: undefined function: 21
Warning: TT: undefined function: 21
Warning: TT: invalid function id: 136
Warning: TT: undefined function: 21
Warning: TT: undefined function: 21
Warning: TT: invalid function id: 136
Warning: TT: invalid function id: 136
Warning: TT: undefined function: 21
Warning: TT: invalid function id: 136
Warning: TT: undefined function: 32
Warning: TT: undefined function: 21
Warning: TT: undefined function: 21
Warning: TT: invalid function id: 136
  6400/18182 · 6255 com texto · 145 vazios · 0 errosWarning: Badly formatted number: minus sign in the middle
Warning: Badly formatted number: minus sign in the middle
Warning: TT: undefined function: 32
Warning: TT: undefined function: 32
Warning: TT: undefined function: 32
Warning: TT: undefined function: 32
Warning: TT: undefined function: 21
Warning: TT: undefined function: 21
Warning: TT: undefined function: 21
Warning: TT: undefined function: 32
Warning: TT: undefined function: 32
Warning: TT: undefined function: 32
Warning: TT: undefined function: 32
Warning: TT: undefined function: 32
Warning: TT: undefined function: 32
Warning: TT: undefined function: 32
Warning: TT: undefined function: 32
Warning: TT: undefined function: 32
Warning: TT: undefined function: 32
Warning: TT: undefined function: 32
Warning: TT: undefined function: 32
Warning: TT: undefined function: 32
Warning: TT: undefined function: 32
Warning: TT: undefined function: 32
Warning: TT: undefined function: 32
Warning: TT: undefined function: 32
Warning: TT: undefined function: 32
Warning: TT: undefined function: 21
  6500/18182 · 6355 com texto · 145 vazios · 0 errosWarning: TT: undefined function: 32
Warning: TT: undefined function: 32
Warning: TT: undefined function: 32
Warning: TT: undefined function: 32
Warning: TT: undefined function: 21
Warning: TT: undefined function: 21
Warning: TT: undefined function: 21
Warning: TT: undefined function: 21
Warning: TT: undefined function: 21
Warning: TT: undefined function: 21
Warning: TT: undefined function: 21
Warning: TT: undefined function: 21
Warning: TT: undefined function: 21
Warning: TT: undefined function: 21
  6600/18182 · 6451 com texto · 149 vazios · 0 errosWarning: TT: undefined function: 21
Warning: TT: undefined function: 21
Warning: TT: undefined function: 21
Warning: TT: undefined function: 21
Warning: TT: undefined function: 21
Warning: TT: undefined function: 21
Warning: TT: undefined function: 21
Warning: TT: undefined function: 21
Warning: TT: undefined function: 21
Warning: TT: undefined function: 21
Warning: TT: undefined function: 21
Warning: TT: undefined function: 21
Warning: TT: undefined function: 21
Warning: TT: undefined function: 21
Warning: TT: undefined function: 21
Warning: TT: undefined function: 21
Warning: TT: undefined function: 21
Warning: TT: undefined function: 21
Warning: TT: undefined function: 21
Warning: TT: undefined function: 21
Warning: TT: undefined function: 21
Warning: TT: undefined function: 21
Warning: TT: undefined function: 21
Warning: TT: undefined function: 21
Warning: TT: undefined function: 21
Warning: TT: undefined function: 21
Warning: TT: undefined function: 21
Warning: TT: undefined function: 21
Warning: TT: undefined function: 32
Warning: TT: undefined function: 32
Warning: TT: undefined function: 21
Warning: TT: undefined function: 32
Warning: TT: undefined function: 32
Warning: TT: undefined function: 21
Warning: TT: undefined function: 32
Warning: TT: undefined function: 32
Warning: TT: undefined function: 21
Warning: TT: undefined function: 32
Warning: TT: undefined function: 32
Warning: TT: undefined function: 21
Warning: TT: undefined function: 32
Warning: TT: undefined function: 32
Warning: TT: undefined function: 21
Warning: TT: undefined function: 32
Warning: TT: undefined function: 32
Warning: TT: undefined function: 21
Warning: TT: undefined function: 32
Warning: TT: undefined function: 21
Warning: TT: undefined function: 21
Warning: TT: undefined function: 21
Warning: TT: undefined function: 21
Warning: TT: undefined function: 21
Warning: TT: undefined function: 21
Warning: TT: undefined function: 21
Warning: TT: undefined function: 21
Warning: TT: undefined function: 32
Warning: TT: undefined function: 32
Warning: TT: undefined function: 32
Warning: TT: undefined function: 32
Warning: TT: undefined function: 32
Warning: TT: undefined function: 32
Warning: TT: undefined function: 32
Warning: TT: undefined function: 32
Warning: TT: undefined function: 32
Warning: TT: undefined function: 32
Warning: TT: undefined function: 21
Warning: TT: undefined function: 32
Warning: TT: undefined function: 32
Warning: TT: undefined function: 32
Warning: UnknownErrorException: Ensure that the `standardFontDataUrl` API parameter is provided.
Warning: TT: undefined function: 32
Warning: TT: undefined function: 32
Warning: TT: undefined function: 32
Warning: TT: undefined function: 32
Warning: TT: undefined function: 32
  6700/18182 · 6550 com texto · 150 vazios · 0 errosWarning: TT: undefined function: 32
Warning: TT: undefined function: 32
Warning: TT: undefined function: 32
Warning: TT: undefined function: 32
Warning: TT: undefined function: 32
Warning: TT: undefined function: 32
Warning: TT: undefined function: 32
Warning: TT: undefined function: 21
Warning: TT: undefined function: 21
Warning: TT: undefined function: 21
Warning: TT: undefined function: 32
Warning: TT: undefined function: 32
Warning: TT: undefined function: 32
Warning: TT: undefined function: 32
Warning: TT: undefined function: 21
Warning: TT: undefined function: 21
  6800/18182 · 6650 com texto · 150 vazios · 0 errosWarning: TT: undefined function: 21
Warning: TT: undefined function: 32
Warning: TT: undefined function: 32
Warning: TT: undefined function: 32
Warning: TT: undefined function: 32
Warning: TT: undefined function: 32
Warning: TT: undefined function: 32
Warning: TT: undefined function: 32
Warning: TT: undefined function: 32
Warning: TT: undefined function: 32
Warning: TT: undefined function: 32
Warning: TT: undefined function: 21
Warning: TT: undefined function: 21
Warning: TT: undefined function: 21
Warning: TT: undefined function: 21
Warning: TT: undefined function: 21
Warning: TT: undefined function: 21
Warning: TT: undefined function: 21
Warning: TT: undefined function: 21
Warning: TT: undefined function: 21
Warning: TT: undefined function: 21
Warning: TT: undefined function: 21
Warning: TT: undefined function: 21
Warning: TT: undefined function: 21
Warning: TT: undefined function: 21
Warning: TT: undefined function: 32
Warning: TT: undefined function: 21
Warning: TT: undefined function: 32
Warning: TT: undefined function: 32
Warning: TT: undefined function: 32
Warning: TT: undefined function: 32
Warning: TT: undefined function: 32
Warning: TT: undefined function: 32
Warning: TT: undefined function: 32
Warning: TT: undefined function: 32
Warning: TT: undefined function: 32
Warning: TT: undefined function: 32
Warning: TT: undefined function: 32
  6900/18182 · 6750 com texto · 150 vazios · 0 errosWarning: TT: undefined function: 32
Warning: TT: undefined function: 32
Warning: TT: undefined function: 32
Warning: TT: undefined function: 21
Warning: TT: undefined function: 21
Warning: TT: undefined function: 32
Warning: TT: undefined function: 21
Warning: TT: undefined function: 21
Warning: TT: undefined function: 21
Warning: TT: undefined function: 21
Warning: TT: undefined function: 32
Warning: TT: undefined function: 32
Warning: TT: undefined function: 32
Warning: TT: undefined function: 32
Warning: TT: undefined function: 32
Warning: TT: undefined function: 32
Warning: TT: undefined function: 21
Warning: TT: undefined function: 21
Warning: TT: undefined function: 21
Warning: TT: undefined function: 21
Warning: TT: undefined function: 21
Warning: TT: undefined function: 21
Warning: TT: undefined function: 32
Warning: TT: undefined function: 21
Warning: TT: undefined function: 21
Warning: TT: undefined function: 21
Warning: TT: undefined function: 21
Warning: TT: undefined function: 21
Warning: TT: undefined function: 21
Warning: TT: undefined function: 21
Warning: TT: undefined function: 21
Warning: TT: undefined function: 21
Warning: TT: undefined function: 21
Warning: TT: undefined function: 21
Warning: TT: undefined function: 21
Warning: TT: undefined function: 21
Warning: TT: undefined function: 21
Warning: TT: undefined function: 21
Warning: TT: undefined function: 21
Warning: TT: undefined function: 32
Warning: TT: undefined function: 32
Warning: TT: undefined function: 21
Warning: TT: undefined function: 21
Warning: TT: undefined function: 21
Warning: TT: undefined function: 21
Warning: TT: undefined function: 21
Warning: TT: undefined function: 21
Warning: TT: undefined function: 21
Warning: TT: undefined function: 21
Warning: TT: invalid function id: 136
Warning: TT: invalid function id: 136
Warning: TT: undefined function: 21
Warning: TT: invalid function id: 136
Warning: TT: undefined function: 21
Warning: TT: invalid function id: 136
Warning: TT: undefined function: 21
Warning: TT: undefined function: 21
Warning: TT: undefined function: 32
Warning: TT: undefined function: 32
Warning: TT: undefined function: 32
Warning: TT: undefined function: 21
Warning: TT: undefined function: 32
  7000/18182 · 6850 com texto · 150 vazios · 0 errosWarning: TT: undefined function: 21
Warning: TT: undefined function: 21
Warning: TT: undefined function: 21
Warning: TT: undefined function: 32
Warning: TT: undefined function: 21
Warning: TT: undefined function: 32
Warning: TT: undefined function: 32
Warning: TT: undefined function: 32
Warning: TT: undefined function: 32
Warning: TT: undefined function: 32
Warning: TT: undefined function: 32
Warning: TT: undefined function: 32
Warning: TT: undefined function: 32
Warning: TT: undefined function: 32
Warning: TT: undefined function: 32
Warning: TT: undefined function: 32
Warning: TT: undefined function: 32
Warning: TT: undefined function: 32
Warning: TT: undefined function: 32
Warning: TT: undefined function: 32
Warning: TT: undefined function: 32
Warning: TT: undefined function: 32
Warning: TT: undefined function: 32
Warning: TT: undefined function: 32
Warning: TT: undefined function: 32
Warning: TT: undefined function: 32
Warning: TT: undefined function: 32
Warning: TT: undefined function: 32
Warning: TT: undefined function: 32
Warning: TT: undefined function: 32
Warning: TT: undefined function: 32
Warning: TT: undefined function: 32
Warning: TT: undefined function: 32
Warning: TT: undefined function: 32
Warning: TT: undefined function: 21
  7100/18182 · 6950 com texto · 150 vazios · 0 errosWarning: TT: undefined function: 21
Warning: TT: undefined function: 21
Warning: TT: undefined function: 21
Warning: TT: undefined function: 21
Warning: TT: undefined function: 21
Warning: TT: undefined function: 21
Warning: TT: undefined function: 21
Warning: TT: undefined function: 21
Warning: TT: undefined function: 21
Warning: TT: undefined function: 21
Warning: TT: undefined function: 21
Warning: TT: undefined function: 21
Warning: TT: undefined function: 21
Warning: TT: undefined function: 21
Warning: TT: undefined function: 21
Warning: TT: undefined function: 21
Warning: TT: undefined function: 21
Warning: TT: undefined function: 21
Warning: TT: undefined function: 21
Warning: TT: undefined function: 21
Warning: TT: undefined function: 21
Warning: TT: undefined function: 21
Warning: TT: undefined function: 21
Warning: TT: undefined function: 21
Warning: TT: undefined function: 21
Warning: TT: undefined function: 21
Warning: TT: undefined function: 21
Warning: TT: undefined function: 21
Warning: TT: undefined function: 21
Warning: TT: undefined function: 21
Warning: TT: undefined function: 21
Warning: TT: undefined function: 21
Warning: TT: undefined function: 21
Warning: TT: undefined function: 21
Warning: TT: undefined function: 21
Warning: TT: undefined function: 21
Warning: TT: undefined function: 21
Warning: TT: undefined function: 21
Warning: TT: undefined function: 21
Warning: TT: undefined function: 21
Warning: TT: undefined function: 21
Warning: TT: undefined function: 21
Warning: TT: undefined function: 21
Warning: TT: undefined function: 21
Warning: TT: undefined function: 21
Warning: TT: undefined function: 21
Warning: TT: undefined function: 21
Warning: TT: undefined function: 21
Warning: TT: undefined function: 21
Warning: TT: undefined function: 21
Warning: TT: undefined function: 21
Warning: TT: undefined function: 21
Warning: TT: undefined function: 21
Warning: TT: undefined function: 21
Warning: TT: undefined function: 21
Warning: TT: undefined function: 21
Warning: TT: undefined function: 21
Warning: TT: undefined function: 21
Warning: TT: undefined function: 21
Warning: TT: undefined function: 21
Warning: TT: undefined function: 21
Warning: TT: undefined function: 21
Warning: TT: undefined function: 21
Warning: TT: undefined function: 21
Warning: TT: undefined function: 21
Warning: TT: undefined function: 21
Warning: TT: undefined function: 21
Warning: TT: undefined function: 21
Warning: TT: undefined function: 21
Warning: TT: undefined function: 21
Warning: TT: undefined function: 21
Warning: TT: undefined function: 21
Warning: TT: undefined function: 21
Warning: TT: undefined function: 21
Warning: TT: undefined function: 21
Warning: TT: undefined function: 21
Warning: TT: undefined function: 21
Warning: TT: undefined function: 21
Warning: TT: undefined function: 21
Warning: TT: undefined function: 21
Warning: TT: undefined function: 21
Warning: TT: undefined function: 21
Warning: TT: undefined function: 21
Warning: TT: undefined function: 21
Warning: TT: undefined function: 21
Warning: TT: undefined function: 21
Warning: TT: undefined function: 21
Warning: TT: undefined function: 21
Warning: TT: undefined function: 21
Warning: TT: undefined function: 21
Warning: TT: undefined function: 21
Warning: TT: undefined function: 21
  7200/18182 · 7050 com texto · 150 vazios · 0 errosWarning: TT: undefined function: 21
Warning: TT: undefined function: 21
Warning: TT: undefined function: 21
Warning: TT: undefined function: 21
Warning: TT: undefined function: 21
Warning: TT: undefined function: 21
Warning: TT: undefined function: 21
Warning: TT: undefined function: 21
Warning: TT: undefined function: 21
Warning: TT: undefined function: 21
Warning: TT: undefined function: 21
Warning: TT: undefined function: 21
Warning: TT: undefined function: 21
Warning: TT: undefined function: 21
Warning: TT: undefined function: 21
Warning: TT: undefined function: 21
Warning: TT: undefined function: 21
Warning: TT: undefined function: 21
Warning: TT: undefined function: 21
Warning: TT: undefined function: 21
Warning: TT: undefined function: 21
Warning: TT: undefined function: 21
Warning: TT: undefined function: 21
Warning: TT: undefined function: 21
Warning: TT: undefined function: 21
Warning: TT: undefined function: 21
Warning: TT: undefined function: 21
Warning: TT: undefined function: 21
Warning: TT: undefined function: 21
Warning: TT: undefined function: 21
Warning: TT: undefined function: 32
Warning: TT: undefined function: 32
Warning: TT: undefined function: 32
Warning: TT: undefined function: 32
Warning: TT: undefined function: 32
Warning: TT: undefined function: 32
Warning: TT: undefined function: 32
Warning: TT: undefined function: 32
Warning: TT: undefined function: 32
Warning: TT: undefined function: 32
Warning: TT: undefined function: 32
Warning: TT: undefined function: 32
Warning: TT: undefined function: 32
Warning: TT: undefined function: 32
Warning: TT: undefined function: 32
Warning: TT: undefined function: 32
Warning: TT: undefined function: 32
Warning: TT: undefined function: 21
Warning: TT: undefined function: 32
Warning: TT: undefined function: 32
Warning: TT: undefined function: 32
Warning: TT: undefined function: 32
Warning: TT: undefined function: 32
Warning: TT: undefined function: 21
Warning: TT: undefined function: 21
Warning: TT: undefined function: 21
Warning: TT: undefined function: 21
Warning: TT: undefined function: 21
Warning: TT: undefined function: 32
Warning: TT: undefined function: 21
Warning: TT: undefined function: 32
Warning: TT: undefined function: 32
Warning: TT: undefined function: 21
Warning: TT: undefined function: 32
Warning: TT: undefined function: 32
  7300/18182 · 7145 com texto · 155 vazios · 0 errosWarning: TT: undefined function: 32
Warning: TT: undefined function: 32
Warning: TT: undefined function: 32
Warning: TT: undefined function: 32
Warning: TT: undefined function: 32
Warning: TT: undefined function: 32
Warning: TT: undefined function: 32
Warning: TT: undefined function: 21
Warning: TT: undefined function: 21
Warning: TT: undefined function: 32
Warning: TT: undefined function: 32
Warning: TT: undefined function: 32
Warning: TT: undefined function: 32
Warning: TT: undefined function: 32
  7400/18182 · 7244 com texto · 156 vazios · 0 errosWarning: TT: undefined function: 32
Warning: TT: undefined function: 32
Warning: TT: undefined function: 21
Warning: TT: undefined function: 21
Warning: TT: undefined function: 21
Warning: TT: undefined function: 21
Warning: TT: undefined function: 21
Warning: TT: undefined function: 21
Warning: TT: undefined function: 21
Warning: TT: undefined function: 21
Warning: TT: undefined function: 21
Warning: TT: undefined function: 21
Warning: TT: undefined function: 21
Warning: TT: undefined function: 21
Warning: TT: undefined function: 21
Warning: TT: undefined function: 21
Warning: TT: undefined function: 21
Warning: TT: undefined function: 21
Warning: TT: undefined function: 21
Warning: TT: undefined function: 21
Warning: TT: undefined function: 21
Warning: TT: undefined function: 32
Warning: TT: undefined function: 21
Warning: TT: undefined function: 21
Warning: TT: undefined function: 21
Warning: TT: undefined function: 21
Warning: TT: undefined function: 21
Warning: TT: undefined function: 21
Warning: TT: undefined function: 21
Warning: TT: undefined function: 21
Warning: TT: undefined function: 21
Warning: TT: undefined function: 21
Warning: TT: undefined function: 21
Warning: TT: undefined function: 21
Warning: TT: undefined function: 21
Warning: TT: undefined function: 32
Warning: TT: undefined function: 32
  7500/18182 · 7344 com texto · 156 vazios · 0 errosWarning: TT: undefined function: 32
Warning: TT: undefined function: 32
Warning: TT: undefined function: 32
Warning: TT: undefined function: 21
Warning: TT: invalid function id: 136
Warning: TT: undefined function: 21
Warning: TT: undefined function: 21
Warning: TT: undefined function: 21
Warning: TT: invalid function id: 136
Warning: TT: undefined function: 21
Warning: TT: invalid function id: 136
Warning: TT: undefined function: 21
Warning: TT: undefined function: 21
Warning: TT: undefined function: 32
Warning: TT: undefined function: 32
Warning: TT: undefined function: 32
Warning: TT: undefined function: 32
Warning: TT: undefined function: 32
Warning: TT: undefined function: 32
Warning: TT: undefined function: 32
Warning: TT: undefined function: 32
Warning: TT: undefined function: 32
Warning: TT: undefined function: 32
Warning: TT: undefined function: 32
Warning: TT: undefined function: 32
Warning: TT: undefined function: 32
Warning: TT: undefined function: 32
Warning: TT: undefined function: 32
Warning: TT: undefined function: 32
Warning: TT: undefined function: 32
Warning: TT: undefined function: 32
Warning: TT: undefined function: 32
Warning: TT: undefined function: 32
Warning: TT: undefined function: 21
Warning: TT: undefined function: 32
Warning: TT: undefined function: 32
Warning: TT: undefined function: 32
Warning: TT: undefined function: 32
Warning: TT: undefined function: 32
Warning: TT: undefined function: 32
Warning: TT: undefined function: 32
Warning: TT: undefined function: 32
Warning: TT: undefined function: 32
Warning: TT: undefined function: 32
Warning: TT: undefined function: 32
Warning: TT: undefined function: 32
Warning: TT: undefined function: 32
Warning: TT: undefined function: 32
Warning: TT: undefined function: 32
Warning: TT: undefined function: 32
Warning: TT: undefined function: 32
Warning: TT: undefined function: 32
Warning: TT: undefined function: 32
Warning: TT: undefined function: 32
Warning: TT: undefined function: 32
Warning: TT: undefined function: 32
Warning: TT: undefined function: 32
Warning: TT: undefined function: 32
Warning: TT: undefined function: 32
Warning: TT: undefined function: 32
Warning: TT: undefined function: 32
Warning: TT: undefined function: 32
Warning: TT: undefined function: 32
Warning: TT: undefined function: 32
Warning: TT: undefined function: 32
Warning: TT: undefined function: 32
Warning: TT: undefined function: 32
Warning: TT: undefined function: 32
Warning: TT: undefined function: 32
Warning: TT: undefined function: 32
Warning: TT: undefined function: 32
Warning: TT: undefined function: 32
Warning: TT: undefined function: 32
Warning: TT: undefined function: 32
Warning: TT: undefined function: 32
Warning: TT: undefined function: 32
Warning: TT: undefined function: 32
Warning: TT: undefined function: 32
Warning: TT: undefined function: 32
Warning: TT: undefined function: 32
Warning: TT: undefined function: 32
Warning: TT: undefined function: 32
Warning: TT: undefined function: 32
Warning: TT: undefined function: 32
Warning: TT: undefined function: 32
Warning: TT: undefined function: 32
Warning: TT: undefined function: 32
Warning: TT: undefined function: 32
Warning: TT: undefined function: 32
Warning: TT: undefined function: 32
Warning: TT: undefined function: 32
Warning: TT: undefined function: 32
Warning: TT: undefined function: 32
Warning: TT: undefined function: 32
Warning: TT: undefined function: 32
Warning: TT: undefined function: 32
Warning: TT: undefined function: 32
Warning: TT: undefined function: 32
Warning: TT: undefined function: 32
Warning: TT: undefined function: 32
Warning: TT: undefined function: 32
Warning: TT: undefined function: 32
Warning: TT: undefined function: 32
  7600/18182 · 7443 com texto · 157 vazios · 0 errosWarning: TT: undefined function: 32
Warning: TT: undefined function: 32
Warning: TT: undefined function: 32
Warning: TT: undefined function: 32
Warning: TT: undefined function: 32
Warning: TT: undefined function: 32
Warning: TT: undefined function: 32
Warning: TT: undefined function: 32
Warning: TT: undefined function: 32
Warning: TT: undefined function: 32
Warning: TT: undefined function: 32
Warning: TT: undefined function: 32
Warning: TT: undefined function: 32
Warning: TT: undefined function: 32
Warning: TT: undefined function: 32
Warning: TT: undefined function: 32
Warning: TT: undefined function: 32
Warning: TT: undefined function: 32
Warning: TT: undefined function: 32
Warning: TT: undefined function: 32
Warning: TT: undefined function: 32
Warning: TT: undefined function: 32
Warning: TT: undefined function: 32
Warning: TT: undefined function: 32
Warning: TT: undefined function: 32
Warning: TT: undefined function: 32
Warning: TT: undefined function: 32
Warning: TT: undefined function: 32
Warning: TT: undefined function: 32
Warning: TT: undefined function: 32
Warning: TT: undefined function: 32
Warning: TT: undefined function: 32
Warning: TT: undefined function: 32
Warning: TT: undefined function: 32
Warning: TT: undefined function: 32
Warning: TT: undefined function: 32
Warning: TT: undefined function: 32
Warning: TT: undefined function: 32
Warning: TT: undefined function: 32
Warning: TT: undefined function: 32
Warning: TT: undefined function: 32
Warning: TT: undefined function: 32
Warning: TT: undefined function: 32
Warning: TT: undefined function: 32
Warning: TT: undefined function: 32
Warning: TT: undefined function: 32
Warning: TT: undefined function: 32
Warning: TT: undefined function: 32
Warning: TT: undefined function: 32
Warning: TT: undefined function: 32
Warning: TT: undefined function: 32
Warning: TT: undefined function: 32
Warning: TT: undefined function: 32
Warning: TT: undefined function: 32
Warning: TT: undefined function: 32
Warning: TT: undefined function: 32
Warning: TT: undefined function: 32
Warning: TT: undefined function: 32
Warning: TT: undefined function: 32
Warning: TT: undefined function: 32
Warning: TT: undefined function: 32
Warning: TT: undefined function: 32
Warning: TT: undefined function: 32
Warning: TT: undefined function: 32
Warning: TT: undefined function: 32
Warning: TT: undefined function: 32
Warning: TT: undefined function: 32
Warning: TT: undefined function: 32
Warning: TT: undefined function: 32
Warning: TT: undefined function: 32
Warning: TT: undefined function: 32
Warning: TT: undefined function: 32
Warning: TT: undefined function: 32
Warning: TT: undefined function: 32
Warning: TT: undefined function: 32
Warning: TT: undefined function: 32
Warning: TT: undefined function: 32
Warning: TT: undefined function: 32
Warning: TT: undefined function: 32
Warning: TT: undefined function: 32
Warning: TT: undefined function: 32
Warning: TT: undefined function: 32
Warning: TT: undefined function: 32
Warning: TT: undefined function: 32
Warning: TT: undefined function: 32
Warning: TT: undefined function: 32
Warning: TT: undefined function: 32
Warning: TT: undefined function: 32
Warning: TT: undefined function: 32
Warning: TT: undefined function: 32
Warning: TT: undefined function: 32
Warning: TT: undefined function: 32
Warning: TT: undefined function: 32
Warning: TT: undefined function: 32
Warning: TT: undefined function: 32
Warning: TT: undefined function: 32
Warning: TT: undefined function: 32
Warning: TT: undefined function: 32
Warning: TT: undefined function: 32
Warning: TT: undefined function: 32
Warning: TT: undefined function: 32
Warning: TT: undefined function: 32
Warning: TT: undefined function: 32
Warning: TT: undefined function: 32
  7700/18182 · 7543 com texto · 157 vazios · 0 errosWarning: TT: undefined function: 32
Warning: TT: undefined function: 32
Warning: TT: undefined function: 32
Warning: TT: undefined function: 21
Warning: TT: undefined function: 21
Warning: TT: undefined function: 21
Warning: TT: undefined function: 21
Warning: TT: undefined function: 21
Warning: TT: undefined function: 21
Warning: TT: undefined function: 21
Warning: TT: undefined function: 21
Warning: TT: undefined function: 21
Warning: TT: undefined function: 21
Warning: TT: undefined function: 32
Warning: TT: undefined function: 21
Warning: TT: undefined function: 21
Warning: TT: undefined function: 21
Warning: TT: undefined function: 21
Warning: TT: undefined function: 21
Warning: TT: undefined function: 21
Warning: TT: undefined function: 21
Warning: TT: undefined function: 21
Warning: TT: undefined function: 21
Warning: TT: undefined function: 21
Warning: TT: undefined function: 21
Warning: TT: undefined function: 21
Warning: TT: undefined function: 21
Warning: TT: undefined function: 21
Warning: TT: undefined function: 21
Warning: TT: undefined function: 21
Warning: TT: undefined function: 21
Warning: TT: undefined function: 21
  7800/18182 · 7643 com texto · 157 vazios · 0 errosWarning: TT: undefined function: 21
Warning: TT: undefined function: 21
Warning: TT: undefined function: 21
Warning: TT: undefined function: 21
Warning: TT: undefined function: 21
Warning: TT: undefined function: 32
Warning: TT: undefined function: 32
Warning: TT: undefined function: 32
Warning: TT: undefined function: 32
Warning: TT: undefined function: 32
Warning: TT: undefined function: 32
Warning: TT: undefined function: 32
Warning: TT: undefined function: 32
Warning: TT: undefined function: 32
Warning: TT: undefined function: 32
Warning: TT: undefined function: 32
Warning: TT: undefined function: 32
Warning: TT: undefined function: 32
Warning: TT: undefined function: 32
Warning: TT: undefined function: 32
Warning: TT: undefined function: 32
  7900/18182 · 7737 com texto · 163 vazios · 0 errosWarning: TT: undefined function: 32
Warning: TT: undefined function: 32
Warning: TT: undefined function: 32
Warning: TT: undefined function: 32
Warning: TT: undefined function: 32
Warning: TT: undefined function: 32
Warning: TT: undefined function: 32
Warning: TT: undefined function: 32
Warning: TT: undefined function: 32
Warning: TT: undefined function: 32
Warning: TT: undefined function: 32
Warning: TT: undefined function: 32
Warning: TT: undefined function: 32
Warning: TT: undefined function: 32
Warning: TT: undefined function: 32
Warning: TT: undefined function: 32
Warning: TT: undefined function: 32
Warning: TT: undefined function: 32
Warning: TT: undefined function: 32
Warning: TT: undefined function: 32
Warning: TT: undefined function: 32
Warning: TT: undefined function: 32
Warning: TT: undefined function: 32
Warning: TT: undefined function: 32
Warning: TT: undefined function: 32
Warning: TT: undefined function: 32
Warning: TT: undefined function: 32
Warning: TT: undefined function: 32
Warning: TT: undefined function: 32
Warning: TT: undefined function: 32
Warning: TT: undefined function: 32
Warning: TT: undefined function: 32
Warning: TT: undefined function: 32
Warning: TT: undefined function: 21
Warning: TT: undefined function: 32
Warning: TT: undefined function: 32
Warning: TT: undefined function: 32
Warning: TT: undefined function: 21
Warning: TT: undefined function: 32
Warning: TT: undefined function: 32
Warning: TT: undefined function: 32
Warning: TT: undefined function: 32
Warning: TT: undefined function: 32
Warning: TT: undefined function: 32
Warning: TT: undefined function: 32
Warning: TT: undefined function: 32
Warning: TT: undefined function: 32
Warning: TT: undefined function: 21
Warning: TT: undefined function: 21
Warning: TT: undefined function: 21
Warning: TT: undefined function: 32
Warning: TT: undefined function: 3
Warning: TT: undefined function: 32
Warning: TT: undefined function: 32
Warning: TT: undefined function: 32
Warning: TT: undefined function: 32
Warning: TT: undefined function: 32
Warning: TT: undefined function: 32
Warning: TT: undefined function: 32
Warning: TT: undefined function: 32
Warning: TT: undefined function: 32
Warning: TT: undefined function: 32
Warning: TT: undefined function: 32
Warning: TT: undefined function: 32
Warning: TT: undefined function: 32
Warning: TT: undefined function: 32
Warning: TT: undefined function: 32
Warning: TT: undefined function: 32
  8000/18182 · 7832 com texto · 168 vazios · 0 errosWarning: TT: undefined function: 32
Warning: TT: undefined function: 32
Warning: TT: undefined function: 32
Warning: TT: undefined function: 32
Warning: TT: undefined function: 21
Warning: TT: undefined function: 32
Warning: TT: undefined function: 21
Warning: TT: undefined function: 21
Warning: TT: undefined function: 21
Warning: TT: undefined function: 32
Warning: TT: undefined function: 32
Warning: TT: undefined function: 32
Warning: TT: undefined function: 32
Warning: TT: undefined function: 32
Warning: TT: undefined function: 32
Warning: Required "glyf" table is not found -- trying to recover.
Warning: TT: undefined function: 32
Warning: TT: undefined function: 32
Warning: TT: undefined function: 32
Warning: TT: undefined function: 32
Warning: TT: undefined function: 32
Warning: TT: undefined function: 32
Warning: TT: undefined function: 32
Warning: TT: undefined function: 32
Warning: TT: undefined function: 32
Warning: TT: undefined function: 32
Warning: TT: undefined function: 32
Warning: TT: undefined function: 32
Warning: TT: undefined function: 32
Warning: TT: undefined function: 32
Warning: TT: undefined function: 32
Warning: TT: undefined function: 32
Warning: TT: undefined function: 32
Warning: TT: undefined function: 32
Warning: TT: undefined function: 32
Warning: TT: undefined function: 32
Warning: TT: undefined function: 32
Warning: TT: undefined function: 32
Warning: TT: undefined function: 32
Warning: TT: undefined function: 32
Warning: TT: undefined function: 32
Warning: TT: undefined function: 21
Warning: TT: undefined function: 21
Warning: TT: undefined function: 32
Warning: TT: undefined function: 32
Warning: TT: undefined function: 32
Warning: TT: undefined function: 32
Warning: TT: undefined function: 32
Warning: TT: undefined function: 32
Warning: TT: undefined function: 32
Warning: TT: undefined function: 32
Warning: TT: undefined function: 32
Warning: TT: undefined function: 32
Warning: TT: undefined function: 21
Warning: TT: undefined function: 21
Warning: TT: undefined function: 21
Warning: TT: undefined function: 21
Warning: TT: undefined function: 21
Warning: TT: undefined function: 21
Warning: TT: undefined function: 21
Warning: TT: undefined function: 21
Warning: TT: undefined function: 21
Warning: TT: undefined function: 32
Warning: TT: undefined function: 32
Warning: TT: undefined function: 32
Warning: TT: undefined function: 32
Warning: TT: undefined function: 32
Warning: TT: undefined function: 32
Warning: TT: undefined function: 32
Warning: TT: undefined function: 32
Warning: TT: undefined function: 32
Warning: TT: undefined function: 32
Warning: TT: undefined function: 32
  8100/18182 · 7930 com texto · 170 vazios · 0 errosWarning: TT: undefined function: 32
Warning: TT: undefined function: 32
Warning: TT: undefined function: 32
Warning: TT: undefined function: 32
Warning: TT: undefined function: 32
Warning: TT: undefined function: 32
Warning: TT: undefined function: 32
Warning: TT: undefined function: 32
Warning: TT: undefined function: 32
Warning: TT: undefined function: 32
Warning: TT: undefined function: 32
Warning: TT: undefined function: 32
Warning: TT: undefined function: 32
Warning: TT: undefined function: 32
Warning: TT: undefined function: 32
Warning: TT: undefined function: 32
Warning: TT: undefined function: 32
Warning: TT: undefined function: 32
Warning: TT: undefined function: 32
Warning: TT: undefined function: 32
Warning: TT: undefined function: 32
Warning: TT: undefined function: 32
Warning: TT: undefined function: 32
Warning: TT: undefined function: 32
Warning: TT: undefined function: 32
Warning: TT: undefined function: 32
Warning: TT: undefined function: 32
Warning: TT: undefined function: 32
Warning: TT: undefined function: 32
Warning: TT: undefined function: 32
Warning: TT: undefined function: 32
Warning: TT: undefined function: 32
Warning: TT: undefined function: 32
Warning: TT: undefined function: 32
Warning: TT: undefined function: 32
Warning: TT: undefined function: 32
Warning: TT: undefined function: 32
  8200/18182 · 8027 com texto · 173 vazios · 0 errosWarning: TT: undefined function: 32
Warning: TT: undefined function: 32
Warning: TT: undefined function: 32
Warning: TT: undefined function: 32
Warning: TT: undefined function: 32
Warning: TT: undefined function: 32
Warning: TT: undefined function: 32
Warning: TT: undefined function: 21
Warning: TT: undefined function: 21
Warning: TT: undefined function: 21
Warning: TT: undefined function: 32
Warning: TT: undefined function: 32
Warning: TT: undefined function: 21
Warning: TT: undefined function: 21
Warning: TT: undefined function: 21
Warning: TT: undefined function: 32
Warning: TT: undefined function: 21
Warning: TT: undefined function: 21
Warning: TT: undefined function: 32
Warning: TT: undefined function: 21
Warning: TT: undefined function: 21
Warning: TT: undefined function: 21
Warning: TT: undefined function: 21
Warning: TT: undefined function: 21
Warning: TT: undefined function: 21
Warning: TT: undefined function: 32
Warning: TT: undefined function: 32
Warning: TT: undefined function: 32
Warning: TT: undefined function: 21
Warning: TT: undefined function: 32
Warning: TT: undefined function: 21
Warning: TT: undefined function: 21
Warning: TT: undefined function: 21
Warning: TT: undefined function: 32
Warning: TT: undefined function: 32
Warning: TT: undefined function: 21
Warning: TT: undefined function: 21
Warning: TT: undefined function: 21
Warning: TT: undefined function: 21
Warning: TT: undefined function: 21
Warning: TT: undefined function: 21
Warning: TT: undefined function: 21
Warning: TT: invalid function id: 136
Warning: TT: undefined function: 32
Warning: TT: undefined function: 21
Warning: TT: undefined function: 32
  8300/18182 · 8123 com texto · 177 vazios · 0 errosWarning: TT: undefined function: 21
Warning: TT: invalid function id: 136
Warning: TT: undefined function: 21
Warning: TT: undefined function: 32
Warning: TT: undefined function: 21
Warning: TT: undefined function: 32
Warning: TT: undefined function: 32
Warning: TT: undefined function: 21
Warning: TT: undefined function: 21
Warning: TT: undefined function: 21
Warning: TT: undefined function: 21
Warning: TT: undefined function: 32
Warning: TT: undefined function: 32
Warning: TT: undefined function: 32
Warning: TT: undefined function: 32
Warning: TT: undefined function: 32
Warning: TT: undefined function: 32
Warning: TT: undefined function: 32
Warning: TT: undefined function: 32
Warning: TT: undefined function: 32
Warning: TT: undefined function: 32
Warning: TT: undefined function: 32
Warning: TT: undefined function: 32
Warning: TT: undefined function: 21
Warning: TT: undefined function: 21
Warning: TT: undefined function: 32
Warning: TT: undefined function: 21
Warning: TT: undefined function: 21
Warning: TT: undefined function: 21
  8400/18182 · 8212 com texto · 188 vazios · 0 errosWarning: TT: undefined function: 21
Warning: TT: undefined function: 21
Warning: TT: undefined function: 21
Warning: TT: undefined function: 21
Warning: TT: undefined function: 21
Warning: TT: undefined function: 21
Warning: TT: undefined function: 21
Warning: TT: undefined function: 21
Warning: TT: undefined function: 21
Warning: TT: undefined function: 21
Warning: TT: undefined function: 21
Warning: TT: undefined function: 21
Warning: TT: undefined function: 32
Warning: TT: undefined function: 32
Warning: TT: undefined function: 32
  8500/18182 · 8312 com texto · 188 vazios · 0 errosWarning: TT: undefined function: 21
Warning: TT: undefined function: 32
Warning: TT: undefined function: 32
Warning: TT: undefined function: 32
Warning: TT: undefined function: 32
Warning: TT: undefined function: 32
Warning: TT: undefined function: 32
Warning: TT: undefined function: 32
Warning: TT: undefined function: 32
Warning: TT: undefined function: 32
Warning: TT: undefined function: 32
Warning: TT: undefined function: 32
Warning: TT: undefined function: 32
Warning: TT: undefined function: 32
Warning: TT: undefined function: 32
Warning: TT: undefined function: 32
Warning: TT: undefined function: 32
Warning: TT: undefined function: 21
Warning: TT: undefined function: 32
  8600/18182 · 8412 com texto · 188 vazios · 0 erros  8700/18182 · 8504 com texto · 196 vazios · 0 errosWarning: TT: undefined function: 32
Warning: TT: undefined function: 21
Warning: TT: undefined function: 21
Warning: TT: undefined function: 32
Warning: TT: undefined function: 32
  8800/18182 · 8602 com texto · 198 vazios · 0 errosWarning: TT: undefined function: 32
Warning: Required "glyf" table is not found -- trying to recover.
Warning: TT: undefined function: 32
Warning: TT: undefined function: 32
Warning: TT: undefined function: 32
Warning: TT: undefined function: 21
Warning: TT: undefined function: 21
Warning: TT: undefined function: 21
Warning: TT: undefined function: 32
Warning: Badly formatted number: minus sign in the middle
Warning: Badly formatted number: minus sign in the middle
Warning: TT: undefined function: 32
Warning: TT: undefined function: 32
Warning: TT: undefined function: 32
Warning: Badly formatted number: minus sign in the middle
Warning: Badly formatted number: minus sign in the middle
Warning: Badly formatted number: minus sign in the middle
Warning: Badly formatted number: minus sign in the middle
Warning: Badly formatted number: minus sign in the middle
Warning: Badly formatted number: minus sign in the middle
Warning: Badly formatted number: minus sign in the middle
Warning: Badly formatted number: minus sign in the middle
Warning: Badly formatted number: minus sign in the middle
Warning: TT: undefined function: 21
Warning: TT: undefined function: 32
Warning: TT: undefined function: 32
Warning: TT: undefined function: 21
Warning: TT: undefined function: 21
Warning: TT: undefined function: 32
Warning: TT: undefined function: 21
Warning: TT: invalid function id: 136
Warning: TT: undefined function: 21
Warning: TT: undefined function: 21
Warning: TT: undefined function: 32
Warning: TT: undefined function: 32
Warning: TT: undefined function: 21
Warning: TT: undefined function: 21
Warning: TT: undefined function: 32
Warning: TT: undefined function: 32
  8900/18182 · 8698 com texto · 202 vazios · 0 errosWarning: TT: undefined function: 32
Warning: TT: undefined function: 32
Warning: TT: undefined function: 32
Warning: TT: undefined function: 32
Warning: TT: undefined function: 32
Warning: TT: undefined function: 32
Warning: TT: undefined function: 32
Warning: TT: undefined function: 32
Warning: TT: undefined function: 32
Warning: TT: undefined function: 32
Warning: TT: undefined function: 32
Warning: TT: undefined function: 32
Warning: TT: undefined function: 32
Warning: TT: undefined function: 32
Warning: TT: undefined function: 32
Warning: TT: undefined function: 32
  9000/18182 · 8795 com texto · 205 vazios · 0 errosWarning: TT: undefined function: 21
Warning: TT: undefined function: 21
Warning: TT: undefined function: 21
Warning: TT: undefined function: 21
Warning: TT: undefined function: 21
Warning: TT: undefined function: 21
Warning: TT: undefined function: 21
Warning: TT: undefined function: 21
Warning: TT: undefined function: 21
Warning: TT: undefined function: 21
Warning: TT: undefined function: 21
Warning: TT: undefined function: 21
  9100/18182 · 8891 com texto · 209 vazios · 0 errosWarning: TT: undefined function: 21
Warning: TT: undefined function: 21
Warning: TT: undefined function: 21
Warning: TT: undefined function: 21
Warning: TT: undefined function: 21
Warning: TT: undefined function: 21
Warning: TT: undefined function: 21
Warning: TT: undefined function: 21
Warning: TT: undefined function: 21
Warning: TT: undefined function: 21
Warning: TT: undefined function: 21
Warning: TT: undefined function: 21
Warning: TT: undefined function: 21
Warning: TT: undefined function: 21
Warning: TT: undefined function: 32
Warning: TT: undefined function: 32
Warning: TT: undefined function: 21
Warning: TT: undefined function: 21
Warning: TT: undefined function: 21
Warning: TT: undefined function: 21
Warning: TT: undefined function: 21
Warning: TT: undefined function: 21
Warning: TT: undefined function: 21
Warning: TT: undefined function: 21
Warning: TT: undefined function: 32
Warning: TT: undefined function: 32
Warning: TT: undefined function: 21
Warning: TT: undefined function: 32
Warning: TT: undefined function: 21
Warning: TT: undefined function: 32
Warning: TT: undefined function: 32
Warning: TT: undefined function: 21
Warning: TT: undefined function: 21
Warning: Required "glyf" table is not found -- trying to recover.
Warning: TT: undefined function: 32
Warning: TT: undefined function: 32
  9200/18182 · 8990 com texto · 210 vazios · 0 errosWarning: TT: undefined function: 32
Warning: TT: undefined function: 32
Warning: TT: undefined function: 21
Warning: TT: undefined function: 21
Warning: TT: undefined function: 21
Warning: TT: undefined function: 21
Warning: TT: undefined function: 21
Warning: TT: undefined function: 21
Warning: TT: undefined function: 21
Warning: TT: undefined function: 21
  9300/18182 · 9090 com texto · 210 vazios · 0 errosWarning: TT: undefined function: 21
Warning: TT: undefined function: 32
Warning: TT: undefined function: 21
Warning: TT: undefined function: 32
Warning: TT: undefined function: 32
Warning: TT: undefined function: 32
Warning: TT: undefined function: 32
Warning: TT: undefined function: 32
Warning: TT: undefined function: 32
Warning: TT: undefined function: 32
Warning: TT: undefined function: 32
  9400/18182 · 9190 com texto · 210 vazios · 0 erros  9500/18182 · 9286 com texto · 214 vazios · 0 erros  9600/18182 · 9386 com texto · 214 vazios · 0 errosWarning: TT: undefined function: 32
Warning: TT: undefined function: 21
Warning: TT: undefined function: 32
  9700/18182 · 9482 com texto · 218 vazios · 0 errosWarning: TT: undefined function: 32
Warning: TT: invalid function id: 136
Warning: TT: undefined function: 32
Warning: TT: undefined function: 32
Warning: TT: undefined function: 32
Warning: TT: undefined function: 21
Warning: TT: undefined function: 32
Warning: TT: undefined function: 32
Warning: TT: undefined function: 32
  9800/18182 · 9581 com texto · 219 vazios · 0 errosWarning: TT: undefined function: 21
Warning: TT: undefined function: 21
Warning: TT: undefined function: 21
Warning: TT: undefined function: 21
Warning: TT: undefined function: 21
Warning: TT: undefined function: 21
Warning: TT: undefined function: 21
Warning: TT: undefined function: 21
  9900/18182 · 9678 com texto · 222 vazios · 0 errosWarning: TT: undefined function: 21
Warning: TT: undefined function: 21
Warning: TT: undefined function: 21
Warning: TT: undefined function: 21
Warning: TT: undefined function: 32
Warning: TT: undefined function: 32
Warning: TT: undefined function: 32
Warning: TT: undefined function: 21
Warning: TT: undefined function: 32
Warning: TT: undefined function: 32
Warning: TT: undefined function: 32
Warning: TT: undefined function: 32
Warning: TT: undefined function: 32
Warning: TT: undefined function: 32
Warning: TT: undefined function: 32
Warning: TT: undefined function: 32
Warning: TT: undefined function: 32
Warning: TT: undefined function: 32
Warning: TT: undefined function: 32
Warning: TT: undefined function: 32
Warning: TT: undefined function: 32
Warning: TT: undefined function: 32
Warning: TT: undefined function: 32
Warning: TT: undefined function: 32
Warning: TT: undefined function: 32
  10000/18182 · 9774 com texto · 226 vazios · 0 errosWarning: TT: undefined function: 32
Warning: TT: undefined function: 32
Warning: TT: undefined function: 32
Warning: TT: undefined function: 32
Warning: TT: undefined function: 32
Warning: TT: undefined function: 32
Warning: TT: undefined function: 32
Warning: TT: undefined function: 32
Warning: TT: undefined function: 32
Warning: TT: undefined function: 32
Warning: TT: undefined function: 32
Warning: TT: undefined function: 32
Warning: TT: undefined function: 32
Warning: TT: undefined function: 32
Warning: TT: undefined function: 32
Warning: TT: undefined function: 32
Warning: TT: undefined function: 32
Warning: TT: undefined function: 32
Warning: TT: undefined function: 32
Warning: TT: undefined function: 32
Warning: TT: undefined function: 32
Warning: TT: undefined function: 32
Warning: TT: undefined function: 32
Warning: TT: undefined function: 32
Warning: TT: undefined function: 32
Warning: TT: undefined function: 32
Warning: TT: undefined function: 32
Warning: TT: undefined function: 32
Warning: TT: undefined function: 32
Warning: TT: undefined function: 32
Warning: TT: undefined function: 32
Warning: TT: undefined function: 32
Warning: TT: undefined function: 32
Warning: TT: undefined function: 32
Warning: TT: undefined function: 21
Warning: TT: undefined function: 21
Warning: TT: undefined function: 21
Warning: TT: undefined function: 32
Warning: TT: undefined function: 32
Warning: TT: undefined function: 32
Warning: TT: undefined function: 32
Warning: TT: undefined function: 32
Warning: TT: undefined function: 21
Warning: TT: undefined function: 22
Warning: TT: undefined function: 21
Warning: TT: undefined function: 32
Warning: TT: invalid function id: 136
Warning: TT: undefined function: 32
Warning: TT: undefined function: 21
Warning: TT: undefined function: 32
Warning: TT: undefined function: 21
Warning: TT: undefined function: 32
Warning: TT: undefined function: 32
  10100/18182 · 9870 com texto · 230 vazios · 0 errosWarning: TT: undefined function: 32
Warning: TT: undefined function: 32
Warning: TT: undefined function: 32
Warning: TT: undefined function: 32
Warning: TT: undefined function: 32
Warning: TT: undefined function: 32
Warning: TT: undefined function: 32
Warning: TT: undefined function: 32
Warning: TT: undefined function: 32
Warning: TT: undefined function: 32
Warning: TT: undefined function: 32
Warning: TT: undefined function: 32
Warning: TT: undefined function: 32
Warning: TT: undefined function: 32
Warning: TT: undefined function: 32
Warning: TT: undefined function: 21
Warning: TT: undefined function: 32
Warning: TT: undefined function: 21
Warning: TT: undefined function: 32
Warning: TT: undefined function: 21
Warning: TT: undefined function: 32
Warning: TT: undefined function: 32
Warning: TT: undefined function: 21
Warning: TT: undefined function: 32
Warning: TT: undefined function: 32
Warning: TT: undefined function: 32
Warning: TT: undefined function: 32
Warning: TT: undefined function: 32
Warning: TT: undefined function: 21
Warning: TT: undefined function: 21
Warning: TT: undefined function: 21
Warning: TT: undefined function: 32
Warning: TT: undefined function: 32
Warning: TT: undefined function: 32
Warning: TT: undefined function: 21
Warning: TT: undefined function: 32
Warning: TT: undefined function: 21
Warning: TT: undefined function: 32
Warning: TT: undefined function: 21
Warning: TT: undefined function: 21
Warning: TT: undefined function: 32
Warning: TT: undefined function: 21
Warning: TT: undefined function: 21
Warning: TT: undefined function: 32
Warning: TT: undefined function: 32
Warning: TT: undefined function: 32
Warning: TT: undefined function: 32
Warning: TT: undefined function: 32
Warning: TT: undefined function: 32
Warning: TT: undefined function: 32
Warning: TT: undefined function: 21
Warning: TT: undefined function: 32
Warning: TT: undefined function: 21
Warning: TT: undefined function: 32
Warning: TT: undefined function: 32
Warning: TT: undefined function: 32
  10200/18182 · 9968 com texto · 232 vazios · 0 errosWarning: TT: undefined function: 32
Warning: TT: undefined function: 21
Warning: TT: undefined function: 21
Warning: TT: undefined function: 32
  10300/18182 · 10062 com texto · 238 vazios · 0 errosWarning: TT: undefined function: 32
Warning: TT: undefined function: 32
Warning: TT: undefined function: 32
Warning: TT: undefined function: 32
Warning: TT: undefined function: 32
Warning: TT: undefined function: 32
Warning: TT: undefined function: 32
Warning: TT: undefined function: 32
Warning: TT: undefined function: 32
Warning: TT: undefined function: 32
Warning: TT: undefined function: 32
Warning: TT: undefined function: 32
Warning: TT: undefined function: 32
Warning: TT: undefined function: 32
  10400/18182 · 10158 com texto · 242 vazios · 0 errosWarning: TT: undefined function: 32
Warning: TT: undefined function: 32
Warning: Badly formatted number: minus sign in the middle
Warning: Badly formatted number: minus sign in the middle
Warning: Badly formatted number: minus sign in the middle
Warning: TT: undefined function: 32
Warning: TT: undefined function: 32
Warning: TT: undefined function: 21
Warning: TT: undefined function: 21
Warning: TT: invalid function id: 136
Warning: TT: undefined function: 32
Warning: TT: undefined function: 21
Warning: TT: invalid function id: 136
Warning: TT: undefined function: 21
Warning: TT: undefined function: 21
Warning: TT: undefined function: 32
Warning: TT: undefined function: 32
  10500/18182 · 10255 com texto · 245 vazios · 0 errosWarning: TT: undefined function: 21
Warning: TT: invalid function id: 136
Warning: TT: undefined function: 32
Warning: TT: undefined function: 32
Warning: TT: undefined function: 21
Warning: TT: undefined function: 21
Warning: TT: undefined function: 21
Warning: TT: undefined function: 32
Warning: TT: undefined function: 32
Warning: TT: undefined function: 32
Warning: TT: undefined function: 32
Warning: TT: undefined function: 21
Warning: TT: invalid function id: 136
Warning: TT: invalid function id: 136
Warning: TT: undefined function: 32
Warning: TT: undefined function: 32
Warning: TT: undefined function: 32
Warning: TT: undefined function: 32
Warning: TT: undefined function: 32
Warning: TT: undefined function: 32
Warning: TT: undefined function: 32
Warning: TT: undefined function: 21
Warning: TT: undefined function: 32
  10600/18182 · 10355 com texto · 245 vazios · 0 errosWarning: TT: undefined function: 32
Warning: TT: undefined function: 32
Warning: TT: undefined function: 32
Warning: TT: undefined function: 32
Warning: TT: undefined function: 32
Warning: TT: undefined function: 32
Warning: TT: undefined function: 32
Warning: TT: undefined function: 32
Warning: TT: undefined function: 32
Warning: TT: undefined function: 32
Warning: TT: undefined function: 21
Warning: TT: undefined function: 21
Warning: TT: undefined function: 21
Warning: TT: undefined function: 21
Warning: TT: undefined function: 21
Warning: TT: undefined function: 21
Warning: TT: undefined function: 21
Warning: TT: undefined function: 21
Warning: TT: undefined function: 21
Warning: TT: undefined function: 21
Warning: TT: undefined function: 21
Warning: TT: undefined function: 21
Warning: TT: undefined function: 21
Warning: TT: undefined function: 21
Warning: TT: undefined function: 21
Warning: TT: undefined function: 21
Warning: TT: undefined function: 21
Warning: TT: undefined function: 21
Warning: TT: undefined function: 21
Warning: TT: undefined function: 21
Warning: TT: undefined function: 21
Warning: TT: undefined function: 21
Warning: TT: undefined function: 21
  10700/18182 · 10452 com texto · 248 vazios · 0 errosWarning: TT: undefined function: 21
Warning: TT: undefined function: 21
Warning: TT: undefined function: 21
Warning: TT: undefined function: 21
Warning: TT: undefined function: 21
Warning: TT: undefined function: 21
Warning: TT: undefined function: 21
Warning: TT: undefined function: 21
Warning: TT: undefined function: 21
Warning: TT: undefined function: 21
Warning: TT: undefined function: 21
Warning: TT: undefined function: 21
Warning: TT: undefined function: 32
Warning: TT: undefined function: 32
Warning: TT: undefined function: 21
Warning: TT: undefined function: 21
Warning: TT: undefined function: 21
Warning: TT: undefined function: 21
Warning: TT: undefined function: 32
Warning: TT: undefined function: 21
Warning: TT: undefined function: 32
Warning: TT: undefined function: 21
Warning: TT: undefined function: 21
Warning: TT: undefined function: 21
Warning: TT: undefined function: 32
Warning: TT: undefined function: 32
Warning: TT: undefined function: 21
Warning: TT: undefined function: 32
Warning: TT: undefined function: 32
Warning: TT: undefined function: 21
Warning: TT: undefined function: 21
Warning: TT: undefined function: 21
Warning: TT: undefined function: 21
Warning: TT: undefined function: 21
Warning: TT: undefined function: 32
Warning: TT: undefined function: 32
Warning: TT: undefined function: 32
Warning: TT: undefined function: 21
Warning: TT: undefined function: 21
Warning: TT: undefined function: 32
Warning: TT: undefined function: 32
Warning: TT: undefined function: 32
Warning: TT: undefined function: 21
Warning: TT: undefined function: 21
Warning: TT: undefined function: 21
Warning: TT: undefined function: 21
Warning: TT: undefined function: 21
Warning: TT: undefined function: 21
Warning: TT: undefined function: 21
Warning: TT: undefined function: 21
Warning: TT: undefined function: 32
Warning: TT: undefined function: 32
Warning: TT: undefined function: 21
Warning: TT: undefined function: 32
Warning: TT: undefined function: 21
  10800/18182 · 10552 com texto · 248 vazios · 0 errosWarning: TT: undefined function: 21
Warning: TT: undefined function: 21
Warning: TT: undefined function: 21
Warning: TT: undefined function: 32
Warning: TT: undefined function: 32
Warning: TT: undefined function: 21
Warning: TT: undefined function: 21
Warning: TT: undefined function: 32
Warning: TT: undefined function: 32
Warning: TT: undefined function: 32
Warning: TT: undefined function: 32
Warning: TT: undefined function: 32
Warning: TT: undefined function: 32
  10900/18182 · 10652 com texto · 248 vazios · 0 errosWarning: TT: undefined function: 32
Warning: TT: undefined function: 32
Warning: TT: undefined function: 32
Warning: TT: undefined function: 32
Warning: TT: undefined function: 32
Warning: TT: undefined function: 21
Warning: TT: undefined function: 21
Warning: TT: undefined function: 32
Warning: TT: undefined function: 32
Warning: TT: undefined function: 32
Warning: TT: undefined function: 32
Warning: TT: undefined function: 21
Warning: TT: undefined function: 21
Warning: TT: undefined function: 32
Warning: TT: undefined function: 21
Warning: TT: undefined function: 21
Warning: TT: undefined function: 32
Warning: TT: undefined function: 32
Warning: TT: undefined function: 21
  11000/18182 · 10751 com texto · 249 vazios · 0 erros  11100/18182 · 10842 com texto · 258 vazios · 0 erros  11200/18182 · 10942 com texto · 258 vazios · 0 erros  11300/18182 · 11034 com texto · 266 vazios · 0 errosWarning: TT: undefined function: 32
Warning: TT: undefined function: 21
Warning: TT: undefined function: 32
Warning: TT: undefined function: 32
Warning: TT: undefined function: 32
Warning: TT: undefined function: 21
  11400/18182 · 11127 com texto · 273 vazios · 0 errosWarning: TT: undefined function: 32
Warning: TT: undefined function: 32
Warning: TT: undefined function: 21
Warning: TT: undefined function: 32
Warning: TT: undefined function: 32
Warning: TT: undefined function: 21
Warning: TT: undefined function: 21
Warning: TT: undefined function: 32
Warning: TT: undefined function: 32
Warning: TT: undefined function: 32
Warning: TT: undefined function: 32
Warning: TT: undefined function: 32
Warning: TT: undefined function: 32
Warning: TT: undefined function: 32
Warning: TT: undefined function: 32
Warning: TT: undefined function: 32
Warning: TT: undefined function: 32
Warning: TT: undefined function: 32
Warning: TT: undefined function: 32
Warning: TT: undefined function: 32
Warning: TT: undefined function: 32
Warning: TT: undefined function: 32
Warning: TT: undefined function: 32
Warning: TT: undefined function: 32
Warning: TT: undefined function: 32
Warning: TT: undefined function: 21
Warning: TT: invalid function id: 136
Warning: TT: undefined function: 21
Warning: TT: invalid function id: 136
Warning: TT: undefined function: 32
Warning: TT: undefined function: 32
Warning: TT: undefined function: 32
Warning: TT: undefined function: 32
Warning: TT: undefined function: 32
Warning: TT: undefined function: 21
Warning: TT: undefined function: 32
Warning: TT: undefined function: 32
Warning: TT: undefined function: 21
Warning: TT: undefined function: 32
Warning: TT: undefined function: 32
Warning: TT: undefined function: 32
Warning: TT: undefined function: 21
Warning: TT: undefined function: 32
Warning: TT: undefined function: 32
Warning: TT: undefined function: 32
Warning: TT: undefined function: 32
Warning: TT: undefined function: 21
Warning: TT: undefined function: 32
Warning: TT: undefined function: 21
Warning: TT: undefined function: 32
Warning: TT: undefined function: 21
Warning: TT: undefined function: 32
Warning: TT: undefined function: 32
Warning: TT: undefined function: 32
Warning: TT: undefined function: 32
  11500/18182 · 11226 com texto · 274 vazios · 0 errosWarning: TT: undefined function: 32
Warning: TT: undefined function: 32
Warning: TT: undefined function: 21
Warning: TT: undefined function: 32
Warning: TT: undefined function: 32
Warning: TT: undefined function: 32
Warning: TT: undefined function: 32
Warning: TT: undefined function: 32
Warning: TT: undefined function: 32
Warning: TT: undefined function: 32
Warning: TT: undefined function: 32
Warning: TT: undefined function: 32
Warning: TT: undefined function: 32
Warning: TT: undefined function: 32
Warning: TT: undefined function: 32
Warning: TT: undefined function: 32
Warning: TT: undefined function: 32
Warning: TT: undefined function: 32
Warning: TT: undefined function: 32
Warning: TT: undefined function: 32
Warning: TT: undefined function: 32
Warning: TT: undefined function: 32
Warning: TT: undefined function: 32
Warning: TT: undefined function: 32
Warning: TT: undefined function: 32
Warning: TT: undefined function: 32
Warning: TT: undefined function: 32
Warning: TT: undefined function: 32
Warning: TT: undefined function: 32
Warning: TT: undefined function: 32
Warning: TT: undefined function: 32
Warning: TT: undefined function: 32
Warning: TT: undefined function: 32
Warning: TT: undefined function: 32
Warning: TT: undefined function: 32
Warning: TT: undefined function: 32
Warning: TT: undefined function: 32
Warning: TT: undefined function: 21
Warning: TT: undefined function: 21
Warning: TT: undefined function: 32
Warning: TT: undefined function: 32
Warning: TT: undefined function: 32
Warning: TT: undefined function: 21
Warning: TT: undefined function: 32
Warning: TT: undefined function: 21
Warning: TT: undefined function: 32
Warning: TT: undefined function: 32
Warning: TT: undefined function: 32
Warning: TT: undefined function: 21
Warning: TT: undefined function: 32
Warning: TT: undefined function: 32
Warning: TT: undefined function: 21
Warning: TT: undefined function: 21
  11600/18182 · 11324 com texto · 276 vazios · 0 errosWarning: TT: undefined function: 21
Warning: TT: undefined function: 32
Warning: TT: undefined function: 21
Warning: TT: undefined function: 21
Warning: TT: undefined function: 21
Warning: TT: undefined function: 21
Warning: TT: undefined function: 21
Warning: TT: undefined function: 21
Warning: TT: undefined function: 21
Warning: TT: undefined function: 32
Warning: TT: undefined function: 21
Warning: TT: undefined function: 21
Warning: TT: undefined function: 21
Warning: TT: undefined function: 21
Warning: TT: undefined function: 21
Warning: TT: undefined function: 21
  11700/18182 · 11422 com texto · 278 vazios · 0 erros  11800/18182 · 11522 com texto · 278 vazios · 0 erros  11900/18182 · 11620 com texto · 280 vazios · 0 errosWarning: TT: undefined function: 32
Warning: TT: undefined function: 32
  12000/18182 · 11715 com texto · 285 vazios · 0 erros  12100/18182 · 11811 com texto · 289 vazios · 0 erros  12200/18182 · 11905 com texto · 295 vazios · 0 errosWarning: TT: undefined function: 21
Warning: TT: undefined function: 21
Warning: TT: undefined function: 21
Warning: TT: undefined function: 21
Warning: TT: undefined function: 21
Warning: TT: undefined function: 21
Warning: TT: undefined function: 21
Warning: TT: undefined function: 21
Warning: TT: undefined function: 21
Warning: TT: undefined function: 21
Warning: TT: invalid function id: 136
Warning: TT: undefined function: 21
Warning: TT: undefined function: 21
Warning: TT: undefined function: 21
Warning: TT: invalid function id: 136
Warning: TT: undefined function: 21
Warning: TT: undefined function: 21
Warning: TT: invalid function id: 136
Warning: TT: undefined function: 21
Warning: TT: undefined function: 21
Warning: TT: undefined function: 21
Warning: TT: undefined function: 21
Warning: TT: undefined function: 21
Warning: TT: undefined function: 21
Warning: TT: undefined function: 21
Warning: TT: invalid function id: 136
Warning: TT: undefined function: 21
Warning: TT: invalid function id: 136
Warning: TT: undefined function: 21
Warning: TT: invalid function id: 136
Warning: TT: undefined function: 21
Warning: TT: undefined function: 21
Warning: TT: undefined function: 21
  12300/18182 · 12001 com texto · 299 vazios · 0 errosWarning: TT: undefined function: 32
Warning: TT: undefined function: 32
Warning: TT: undefined function: 32
Warning: TT: undefined function: 32
Warning: TT: undefined function: 32
Warning: TT: undefined function: 21
Warning: TT: undefined function: 21
  12400/18182 · 12087 com texto · 313 vazios · 0 erros  12500/18182 · 12185 com texto · 315 vazios · 0 errosWarning: TT: undefined function: 21
Warning: TT: undefined function: 21
Warning: TT: undefined function: 21
Warning: TT: undefined function: 21
Warning: TT: undefined function: 21
Warning: TT: undefined function: 32
Warning: TT: undefined function: 32
Warning: TT: undefined function: 32
  12600/18182 · 12285 com texto · 315 vazios · 0 errosWarning: TT: undefined function: 21
Warning: TT: undefined function: 21
Warning: TT: undefined function: 21
Warning: TT: undefined function: 21
Warning: TT: undefined function: 21
Warning: TT: undefined function: 21
Warning: TT: undefined function: 21
Warning: TT: undefined function: 21
Warning: TT: undefined function: 21
Warning: TT: undefined function: 32
Warning: TT: undefined function: 32
Warning: TT: undefined function: 32
  12700/18182 · 12377 com texto · 323 vazios · 0 errosWarning: UnknownErrorException: Ensure that the `standardFontDataUrl` API parameter is provided.
Warning: TT: undefined function: 32
  12800/18182 · 12473 com texto · 327 vazios · 0 erros  12900/18182 · 12573 com texto · 327 vazios · 0 errosWarning: TT: undefined function: 32
Warning: TT: undefined function: 32
Warning: TT: undefined function: 32
Warning: TT: undefined function: 32
Warning: TT: undefined function: 32
Warning: TT: undefined function: 32
Warning: TT: undefined function: 32
Warning: TT: undefined function: 32
Warning: TT: undefined function: 32
Warning: TT: undefined function: 32
Warning: TT: undefined function: 32
Warning: TT: undefined function: 32
Warning: TT: undefined function: 32
Warning: TT: undefined function: 32
Warning: TT: undefined function: 32
Warning: TT: undefined function: 32
Warning: TT: undefined function: 32
Warning: TT: undefined function: 32
Warning: TT: undefined function: 32
Warning: TT: undefined function: 32
Warning: TT: undefined function: 32
Warning: TT: undefined function: 32
Warning: TT: undefined function: 32
Warning: TT: undefined function: 32
Warning: TT: undefined function: 32
Warning: TT: undefined function: 32
Warning: TT: undefined function: 32
Warning: TT: undefined function: 32
Warning: TT: undefined function: 32
Warning: TT: undefined function: 32
Warning: TT: undefined function: 32
Warning: TT: undefined function: 32
Warning: TT: undefined function: 32
Warning: TT: undefined function: 32
Warning: TT: undefined function: 32
Warning: TT: undefined function: 32
Warning: TT: undefined function: 21
Warning: TT: undefined function: 21
Warning: TT: undefined function: 32
Warning: TT: undefined function: 32
Warning: TT: undefined function: 32
Warning: TT: undefined function: 32
Warning: TT: undefined function: 32
Warning: TT: undefined function: 32
Warning: TT: undefined function: 32
Warning: TT: undefined function: 32
Warning: TT: undefined function: 32
Warning: TT: undefined function: 32
Warning: TT: undefined function: 32
Warning: TT: undefined function: 21
Warning: TT: undefined function: 21
Warning: TT: invalid function id: 136
Warning: TT: undefined function: 32
Warning: TT: undefined function: 32
Warning: TT: undefined function: 32
Warning: TT: undefined function: 32
Warning: TT: undefined function: 32
Warning: TT: undefined function: 32
Warning: TT: undefined function: 21
Warning: TT: undefined function: 21
  13000/18182 · 12672 com texto · 328 vazios · 0 errosWarning: TT: undefined function: 21
Warning: TT: undefined function: 21
Warning: TT: undefined function: 21
Warning: TT: undefined function: 32
Warning: TT: undefined function: 21
Warning: TT: undefined function: 32
Warning: TT: undefined function: 32
Warning: TT: undefined function: 32
Warning: TT: undefined function: 32
Warning: TT: undefined function: 32
Warning: TT: undefined function: 32
Warning: TT: undefined function: 32
Warning: TT: undefined function: 32
Warning: TT: undefined function: 32
Warning: TT: undefined function: 32
Warning: TT: undefined function: 32
Warning: TT: undefined function: 32
Warning: TT: undefined function: 32
Warning: TT: undefined function: 32
Warning: TT: undefined function: 32
Warning: TT: undefined function: 32
Warning: TT: undefined function: 32
Warning: TT: undefined function: 32
Warning: TT: undefined function: 32
Warning: TT: undefined function: 32
Warning: TT: undefined function: 32
Warning: TT: undefined function: 32
Warning: TT: undefined function: 32
Warning: TT: undefined function: 32
Warning: TT: undefined function: 32
Warning: TT: undefined function: 21
Warning: TT: undefined function: 21
Warning: TT: undefined function: 21
Warning: TT: undefined function: 21
Warning: TT: undefined function: 21
Warning: TT: undefined function: 21
Warning: TT: undefined function: 21
Warning: TT: undefined function: 32
  13100/18182 · 12765 com texto · 335 vazios · 0 errosWarning: TT: undefined function: 32
Warning: TT: undefined function: 21
Warning: TT: undefined function: 32
Warning: TT: undefined function: 21
Warning: TT: undefined function: 21
Warning: TT: undefined function: 21
Warning: TT: undefined function: 21
Warning: TT: undefined function: 21
Warning: TT: undefined function: 21
Warning: TT: undefined function: 21
Warning: TT: undefined function: 21
Warning: TT: invalid function id: 136
Warning: TT: invalid function id: 136
Warning: TT: undefined function: 21
Warning: TT: undefined function: 21
Warning: TT: undefined function: 21
Warning: TT: undefined function: 21
Warning: TT: undefined function: 21
Warning: TT: undefined function: 21
Warning: TT: invalid function id: 136
Warning: TT: invalid function id: 136
Warning: TT: undefined function: 21
Warning: TT: undefined function: 21
Warning: TT: undefined function: 21
Warning: TT: undefined function: 21
Warning: TT: undefined function: 21
Warning: TT: invalid function id: 136
Warning: TT: undefined function: 21
Warning: TT: invalid function id: 136
Warning: TT: undefined function: 32
Warning: TT: undefined function: 32
Warning: TT: undefined function: 21
Warning: TT: undefined function: 21
Warning: TT: undefined function: 21
Warning: TT: undefined function: 21
Warning: TT: undefined function: 21
Warning: TT: undefined function: 21
Warning: TT: undefined function: 32
Warning: TT: undefined function: 32
  13200/18182 · 12862 com texto · 338 vazios · 0 errosWarning: TT: undefined function: 32
Warning: TT: undefined function: 32
Warning: TT: undefined function: 32
Warning: TT: undefined function: 32
Warning: TT: undefined function: 32
Warning: TT: undefined function: 32
Warning: TT: undefined function: 32
Warning: TT: undefined function: 32
Warning: TT: undefined function: 32
Warning: TT: undefined function: 21
Warning: TT: undefined function: 32
Warning: TT: undefined function: 32
Warning: TT: undefined function: 32
Warning: TT: undefined function: 32
Warning: TT: undefined function: 32
Warning: TT: undefined function: 32
Warning: TT: undefined function: 32
Warning: TT: undefined function: 32
Warning: TT: undefined function: 32
Warning: TT: undefined function: 21
Warning: TT: undefined function: 21
Warning: TT: undefined function: 21
Warning: TT: undefined function: 21
  13300/18182 · 12961 com texto · 339 vazios · 0 errosWarning: TT: undefined function: 21
Warning: TT: undefined function: 21
Warning: TT: undefined function: 32
Warning: TT: undefined function: 32
Warning: TT: undefined function: 21
Warning: TT: undefined function: 21
  13400/18182 · 13057 com texto · 343 vazios · 0 errosWarning: TT: undefined function: 32
Warning: TT: undefined function: 32
  13500/18182 · 13153 com texto · 347 vazios · 0 errosWarning: TT: undefined function: 32
Warning: TT: undefined function: 32
Warning: TT: undefined function: 32
Warning: TT: undefined function: 32
Warning: TT: undefined function: 32
Warning: TT: undefined function: 32
Warning: TT: undefined function: 32
Warning: TT: undefined function: 32
Warning: TT: undefined function: 32
Warning: TT: undefined function: 32
Warning: TT: undefined function: 32
Warning: TT: undefined function: 32
Warning: TT: undefined function: 32
Warning: TT: undefined function: 32
Warning: TT: undefined function: 32
Warning: TT: undefined function: 32
Warning: TT: undefined function: 32
Warning: TT: undefined function: 32
Warning: TT: undefined function: 32
Warning: TT: undefined function: 32
Warning: TT: undefined function: 32
Warning: TT: undefined function: 32
Warning: TT: undefined function: 32
Warning: TT: undefined function: 32
Warning: TT: undefined function: 32
Warning: TT: undefined function: 32
Warning: TT: undefined function: 32
Warning: TT: undefined function: 32
Warning: TT: undefined function: 32
Warning: TT: undefined function: 32
Warning: TT: undefined function: 32
Warning: TT: undefined function: 32
Warning: TT: undefined function: 32
Warning: TT: undefined function: 32
Warning: TT: undefined function: 32
Warning: TT: undefined function: 32
Warning: TT: undefined function: 32
Warning: TT: undefined function: 32
Warning: TT: undefined function: 32
Warning: TT: undefined function: 32
Warning: TT: undefined function: 32
Warning: TT: undefined function: 32
Warning: TT: undefined function: 32
Warning: TT: undefined function: 32
Warning: TT: undefined function: 32
Warning: TT: undefined function: 32
Warning: TT: undefined function: 32
Warning: TT: undefined function: 32
Warning: TT: undefined function: 32
Warning: TT: undefined function: 32
Warning: TT: undefined function: 32
Warning: TT: undefined function: 32
Warning: TT: undefined function: 32
Warning: TT: undefined function: 32
Warning: TT: undefined function: 32
Warning: TT: undefined function: 32
Warning: TT: undefined function: 32
Warning: TT: undefined function: 32
Warning: TT: undefined function: 32
Warning: TT: undefined function: 32
Warning: TT: undefined function: 32
Warning: TT: undefined function: 32
Warning: TT: undefined function: 32
Warning: TT: undefined function: 32
Warning: TT: undefined function: 32
Warning: TT: undefined function: 32
Warning: TT: undefined function: 32
Warning: TT: undefined function: 32
Warning: TT: undefined function: 32
Warning: TT: undefined function: 32
Warning: TT: undefined function: 32
Warning: TT: undefined function: 32
Warning: TT: undefined function: 32
Warning: TT: undefined function: 32
Warning: TT: undefined function: 32
Warning: TT: undefined function: 32
Warning: TT: undefined function: 21
Warning: TT: undefined function: 21
Warning: TT: undefined function: 32
Warning: TT: undefined function: 32
Warning: TT: undefined function: 32
Warning: TT: undefined function: 32
Warning: TT: undefined function: 32
Warning: TT: undefined function: 32
Warning: TT: undefined function: 32
Warning: TT: undefined function: 32
Warning: TT: undefined function: 32
Warning: TT: undefined function: 32
Warning: TT: undefined function: 32
Warning: TT: undefined function: 32
Warning: TT: undefined function: 32
Warning: TT: undefined function: 32
Warning: TT: undefined function: 32
Warning: TT: undefined function: 32
Warning: TT: undefined function: 32
Warning: TT: undefined function: 32
Warning: TT: undefined function: 32
Warning: TT: undefined function: 32
Warning: TT: undefined function: 32
Warning: TT: undefined function: 32
Warning: TT: undefined function: 32
Warning: TT: undefined function: 32
Warning: TT: undefined function: 32
Warning: TT: undefined function: 32
Warning: TT: undefined function: 32
Warning: TT: undefined function: 32
Warning: TT: undefined function: 32
Warning: TT: undefined function: 32
  13600/18182 · 13253 com texto · 347 vazios · 0 errosWarning: TT: undefined function: 32
Warning: TT: undefined function: 32
Warning: TT: undefined function: 32
Warning: TT: undefined function: 32
Warning: TT: undefined function: 32
Warning: TT: undefined function: 32
Warning: TT: undefined function: 32
Warning: TT: undefined function: 32
Warning: TT: undefined function: 32
Warning: TT: undefined function: 32
Warning: TT: undefined function: 32
Warning: TT: undefined function: 32
Warning: TT: undefined function: 32
Warning: TT: undefined function: 32
Warning: TT: undefined function: 32
Warning: TT: undefined function: 32
Warning: TT: undefined function: 32
Warning: TT: undefined function: 32
Warning: TT: undefined function: 21
Warning: TT: undefined function: 21
Warning: TT: invalid function id: 136
Warning: TT: undefined function: 21
Warning: TT: undefined function: 32
Warning: TT: undefined function: 32
Warning: TT: undefined function: 21
Warning: TT: undefined function: 32
Warning: TT: undefined function: 21
Warning: TT: undefined function: 21
Warning: TT: undefined function: 21
Warning: TT: undefined function: 21
Warning: TT: undefined function: 21
Warning: TT: undefined function: 21
Warning: TT: undefined function: 21
Warning: TT: undefined function: 21
Warning: TT: undefined function: 21
Warning: TT: undefined function: 21
Warning: TT: undefined function: 21
Warning: TT: undefined function: 21
Warning: TT: undefined function: 21
  13700/18182 · 13346 com texto · 354 vazios · 0 errosWarning: TT: undefined function: 32
Warning: TT: undefined function: 32
Warning: TT: undefined function: 32
Warning: TT: undefined function: 32
Warning: TT: undefined function: 32
Warning: TT: undefined function: 32
Warning: TT: undefined function: 32
Warning: TT: undefined function: 32
Warning: TT: undefined function: 32
Warning: TT: undefined function: 32
Warning: TT: undefined function: 32
Warning: TT: undefined function: 32
Warning: TT: undefined function: 21
Warning: TT: undefined function: 32
Warning: TT: undefined function: 32
Warning: TT: undefined function: 21
Warning: TT: undefined function: 21
Warning: TT: undefined function: 32
Warning: TT: undefined function: 32
Warning: TT: undefined function: 32
Warning: TT: undefined function: 32
Warning: TT: undefined function: 32
Warning: TT: undefined function: 32
Warning: TT: undefined function: 32
  13800/18182 · 13443 com texto · 357 vazios · 0 errosWarning: CCITTFaxStream: Falling back to JS CCITTFax decoder.
Warning: CCITTFaxStream: Falling back to JS CCITTFax decoder.
Warning: CCITTFaxStream: Falling back to JS CCITTFax decoder.
Warning: CCITTFaxStream: Falling back to JS CCITTFax decoder.
Warning: CCITTFaxStream: Falling back to JS CCITTFax decoder.
Warning: CCITTFaxStream: Falling back to JS CCITTFax decoder.
Warning: CCITTFaxStream: Falling back to JS CCITTFax decoder.
Warning: CCITTFaxStream: Falling back to JS CCITTFax decoder.
Warning: CCITTFaxStream: Falling back to JS CCITTFax decoder.
Warning: CCITTFaxStream: Falling back to JS CCITTFax decoder.
Warning: CCITTFaxStream: Falling back to JS CCITTFax decoder.
Warning: CCITTFaxStream: Falling back to JS CCITTFax decoder.
Warning: CCITTFaxStream: Falling back to JS CCITTFax decoder.
Warning: CCITTFaxStream: Falling back to JS CCITTFax decoder.
Warning: CCITTFaxStream: Falling back to JS CCITTFax decoder.
Warning: CCITTFaxStream: Falling back to JS CCITTFax decoder.
Warning: CCITTFaxStream: Falling back to JS CCITTFax decoder.
Warning: CCITTFaxStream: Falling back to JS CCITTFax decoder.
Warning: CCITTFaxStream: Falling back to JS CCITTFax decoder.
Warning: CCITTFaxStream: Falling back to JS CCITTFax decoder.
Warning: CCITTFaxStream: Falling back to JS CCITTFax decoder.
Warning: CCITTFaxStream: Falling back to JS CCITTFax decoder.
Warning: CCITTFaxStream: Falling back to JS CCITTFax decoder.
Warning: CCITTFaxStream: Falling back to JS CCITTFax decoder.
Warning: CCITTFaxStream: Falling back to JS CCITTFax decoder.
Warning: CCITTFaxStream: Falling back to JS CCITTFax decoder.
Warning: CCITTFaxStream: Falling back to JS CCITTFax decoder.
Warning: CCITTFaxStream: Falling back to JS CCITTFax decoder.
Warning: CCITTFaxStream: Falling back to JS CCITTFax decoder.
Warning: CCITTFaxStream: Falling back to JS CCITTFax decoder.
Warning: CCITTFaxStream: Falling back to JS CCITTFax decoder.
Warning: CCITTFaxStream: Falling back to JS CCITTFax decoder.
Warning: CCITTFaxStream: Falling back to JS CCITTFax decoder.
Warning: CCITTFaxStream: Falling back to JS CCITTFax decoder.
Warning: CCITTFaxStream: Falling back to JS CCITTFax decoder.
Warning: CCITTFaxStream: Falling back to JS CCITTFax decoder.
Warning: CCITTFaxStream: Falling back to JS CCITTFax decoder.
Warning: CCITTFaxStream: Falling back to JS CCITTFax decoder.
Warning: CCITTFaxStream: Falling back to JS CCITTFax decoder.
Warning: CCITTFaxStream: Falling back to JS CCITTFax decoder.
Warning: CCITTFaxStream: Falling back to JS CCITTFax decoder.
Warning: CCITTFaxStream: Falling back to JS CCITTFax decoder.
Warning: CCITTFaxStream: Falling back to JS CCITTFax decoder.
Warning: CCITTFaxStream: Falling back to JS CCITTFax decoder.
Warning: CCITTFaxStream: Falling back to JS CCITTFax decoder.
Warning: CCITTFaxStream: Falling back to JS CCITTFax decoder.
Warning: CCITTFaxStream: Falling back to JS CCITTFax decoder.
Warning: CCITTFaxStream: Falling back to JS CCITTFax decoder.
Warning: CCITTFaxStream: Falling back to JS CCITTFax decoder.
Warning: CCITTFaxStream: Falling back to JS CCITTFax decoder.
Warning: CCITTFaxStream: Falling back to JS CCITTFax decoder.
Warning: CCITTFaxStream: Falling back to JS CCITTFax decoder.
Warning: CCITTFaxStream: Falling back to JS CCITTFax decoder.
Warning: CCITTFaxStream: Falling back to JS CCITTFax decoder.
Warning: CCITTFaxStream: Falling back to JS CCITTFax decoder.
Warning: CCITTFaxStream: Falling back to JS CCITTFax decoder.
Warning: CCITTFaxStream: Falling back to JS CCITTFax decoder.
Warning: CCITTFaxStream: Falling back to JS CCITTFax decoder.
Warning: CCITTFaxStream: Falling back to JS CCITTFax decoder.
Warning: CCITTFaxStream: Falling back to JS CCITTFax decoder.
Warning: CCITTFaxStream: Falling back to JS CCITTFax decoder.
Warning: CCITTFaxStream: Falling back to JS CCITTFax decoder.
Warning: CCITTFaxStream: Falling back to JS CCITTFax decoder.
Warning: CCITTFaxStream: Falling back to JS CCITTFax decoder.
Warning: CCITTFaxStream: Falling back to JS CCITTFax decoder.
Warning: CCITTFaxStream: Falling back to JS CCITTFax decoder.
Warning: CCITTFaxStream: Falling back to JS CCITTFax decoder.
Warning: CCITTFaxStream: Falling back to JS CCITTFax decoder.
Warning: CCITTFaxStream: Falling back to JS CCITTFax decoder.
Warning: CCITTFaxStream: Falling back to JS CCITTFax decoder.
Warning: CCITTFaxStream: Falling back to JS CCITTFax decoder.
Warning: CCITTFaxStream: Falling back to JS CCITTFax decoder.
Warning: CCITTFaxStream: Falling back to JS CCITTFax decoder.
Warning: CCITTFaxStream: Falling back to JS CCITTFax decoder.
Warning: CCITTFaxStream: Falling back to JS CCITTFax decoder.
Warning: CCITTFaxStream: Falling back to JS CCITTFax decoder.
Warning: CCITTFaxStream: Falling back to JS CCITTFax decoder.
Warning: CCITTFaxStream: Falling back to JS CCITTFax decoder.
Warning: CCITTFaxStream: Falling back to JS CCITTFax decoder.
Warning: CCITTFaxStream: Falling back to JS CCITTFax decoder.
Warning: CCITTFaxStream: Falling back to JS CCITTFax decoder.
Warning: CCITTFaxStream: Falling back to JS CCITTFax decoder.
Warning: CCITTFaxStream: Falling back to JS CCITTFax decoder.
Warning: CCITTFaxStream: Falling back to JS CCITTFax decoder.
Warning: CCITTFaxStream: Falling back to JS CCITTFax decoder.
Warning: CCITTFaxStream: Falling back to JS CCITTFax decoder.
Warning: CCITTFaxStream: Falling back to JS CCITTFax decoder.
Warning: CCITTFaxStream: Falling back to JS CCITTFax decoder.
Warning: CCITTFaxStream: Falling back to JS CCITTFax decoder.
Warning: CCITTFaxStream: Falling back to JS CCITTFax decoder.
Warning: CCITTFaxStream: Falling back to JS CCITTFax decoder.
Warning: CCITTFaxStream: Falling back to JS CCITTFax decoder.
Warning: CCITTFaxStream: Falling back to JS CCITTFax decoder.
Warning: CCITTFaxStream: Falling back to JS CCITTFax decoder.
Warning: CCITTFaxStream: Falling back to JS CCITTFax decoder.
Warning: CCITTFaxStream: Falling back to JS CCITTFax decoder.
Warning: CCITTFaxStream: Falling back to JS CCITTFax decoder.
Warning: CCITTFaxStream: Falling back to JS CCITTFax decoder.
Warning: CCITTFaxStream: Falling back to JS CCITTFax decoder.
Warning: CCITTFaxStream: Falling back to JS CCITTFax decoder.
Warning: CCITTFaxStream: Falling back to JS CCITTFax decoder.
Warning: CCITTFaxStream: Falling back to JS CCITTFax decoder.
Warning: CCITTFaxStream: Falling back to JS CCITTFax decoder.
Warning: CCITTFaxStream: Falling back to JS CCITTFax decoder.
Warning: CCITTFaxStream: Falling back to JS CCITTFax decoder.
Warning: CCITTFaxStream: Falling back to JS CCITTFax decoder.
Warning: CCITTFaxStream: Falling back to JS CCITTFax decoder.
Warning: CCITTFaxStream: Falling back to JS CCITTFax decoder.
Warning: CCITTFaxStream: Falling back to JS CCITTFax decoder.
Warning: CCITTFaxStream: Falling back to JS CCITTFax decoder.
Warning: CCITTFaxStream: Falling back to JS CCITTFax decoder.
Warning: CCITTFaxStream: Falling back to JS CCITTFax decoder.
Warning: CCITTFaxStream: Falling back to JS CCITTFax decoder.
Warning: CCITTFaxStream: Falling back to JS CCITTFax decoder.
Warning: CCITTFaxStream: Falling back to JS CCITTFax decoder.
Warning: CCITTFaxStream: Falling back to JS CCITTFax decoder.
Warning: CCITTFaxStream: Falling back to JS CCITTFax decoder.
Warning: CCITTFaxStream: Falling back to JS CCITTFax decoder.
Warning: CCITTFaxStream: Falling back to JS CCITTFax decoder.
Warning: CCITTFaxStream: Falling back to JS CCITTFax decoder.
Warning: CCITTFaxStream: Falling back to JS CCITTFax decoder.
Warning: CCITTFaxStream: Falling back to JS CCITTFax decoder.
Warning: CCITTFaxStream: Falling back to JS CCITTFax decoder.
Warning: CCITTFaxStream: Falling back to JS CCITTFax decoder.
Warning: CCITTFaxStream: Falling back to JS CCITTFax decoder.
Warning: CCITTFaxStream: Falling back to JS CCITTFax decoder.
Warning: CCITTFaxStream: Falling back to JS CCITTFax decoder.
Warning: CCITTFaxStream: Falling back to JS CCITTFax decoder.
Warning: CCITTFaxStream: Falling back to JS CCITTFax decoder.
Warning: CCITTFaxStream: Falling back to JS CCITTFax decoder.
Warning: CCITTFaxStream: Falling back to JS CCITTFax decoder.
Warning: CCITTFaxStream: Falling back to JS CCITTFax decoder.
Warning: CCITTFaxStream: Falling back to JS CCITTFax decoder.
Warning: CCITTFaxStream: Falling back to JS CCITTFax decoder.
Warning: CCITTFaxStream: Falling back to JS CCITTFax decoder.
Warning: CCITTFaxStream: Falling back to JS CCITTFax decoder.
Warning: CCITTFaxStream: Falling back to JS CCITTFax decoder.
Warning: CCITTFaxStream: Falling back to JS CCITTFax decoder.
Warning: CCITTFaxStream: Falling back to JS CCITTFax decoder.
Warning: CCITTFaxStream: Falling back to JS CCITTFax decoder.
Warning: CCITTFaxStream: Falling back to JS CCITTFax decoder.
Warning: CCITTFaxStream: Falling back to JS CCITTFax decoder.
Warning: CCITTFaxStream: Falling back to JS CCITTFax decoder.
Warning: CCITTFaxStream: Falling back to JS CCITTFax decoder.
Warning: CCITTFaxStream: Falling back to JS CCITTFax decoder.
Warning: CCITTFaxStream: Falling back to JS CCITTFax decoder.
Warning: CCITTFaxStream: Falling back to JS CCITTFax decoder.
Warning: CCITTFaxStream: Falling back to JS CCITTFax decoder.
Warning: CCITTFaxStream: Falling back to JS CCITTFax decoder.
Warning: CCITTFaxStream: Falling back to JS CCITTFax decoder.
Warning: CCITTFaxStream: Falling back to JS CCITTFax decoder.
Warning: CCITTFaxStream: Falling back to JS CCITTFax decoder.
Warning: CCITTFaxStream: Falling back to JS CCITTFax decoder.
Warning: CCITTFaxStream: Falling back to JS CCITTFax decoder.
Warning: CCITTFaxStream: Falling back to JS CCITTFax decoder.
Warning: CCITTFaxStream: Falling back to JS CCITTFax decoder.
Warning: CCITTFaxStream: Falling back to JS CCITTFax decoder.
Warning: CCITTFaxStream: Falling back to JS CCITTFax decoder.
Warning: CCITTFaxStream: Falling back to JS CCITTFax decoder.
Warning: CCITTFaxStream: Falling back to JS CCITTFax decoder.
Warning: CCITTFaxStream: Falling back to JS CCITTFax decoder.
Warning: CCITTFaxStream: Falling back to JS CCITTFax decoder.
Warning: CCITTFaxStream: Falling back to JS CCITTFax decoder.
Warning: CCITTFaxStream: Falling back to JS CCITTFax decoder.
Warning: CCITTFaxStream: Falling back to JS CCITTFax decoder.
Warning: CCITTFaxStream: Falling back to JS CCITTFax decoder.
Warning: CCITTFaxStream: Falling back to JS CCITTFax decoder.
Warning: CCITTFaxStream: Falling back to JS CCITTFax decoder.
Warning: CCITTFaxStream: Falling back to JS CCITTFax decoder.
Warning: CCITTFaxStream: Falling back to JS CCITTFax decoder.
Warning: CCITTFaxStream: Falling back to JS CCITTFax decoder.
Warning: CCITTFaxStream: Falling back to JS CCITTFax decoder.
Warning: CCITTFaxStream: Falling back to JS CCITTFax decoder.
Warning: CCITTFaxStream: Falling back to JS CCITTFax decoder.
Warning: CCITTFaxStream: Falling back to JS CCITTFax decoder.
Warning: CCITTFaxStream: Falling back to JS CCITTFax decoder.
Warning: CCITTFaxStream: Falling back to JS CCITTFax decoder.
Warning: CCITTFaxStream: Falling back to JS CCITTFax decoder.
Warning: CCITTFaxStream: Falling back to JS CCITTFax decoder.
Warning: CCITTFaxStream: Falling back to JS CCITTFax decoder.
Warning: CCITTFaxStream: Falling back to JS CCITTFax decoder.
Warning: CCITTFaxStream: Falling back to JS CCITTFax decoder.
Warning: CCITTFaxStream: Falling back to JS CCITTFax decoder.
Warning: CCITTFaxStream: Falling back to JS CCITTFax decoder.
Warning: CCITTFaxStream: Falling back to JS CCITTFax decoder.
Warning: CCITTFaxStream: Falling back to JS CCITTFax decoder.
Warning: CCITTFaxStream: Falling back to JS CCITTFax decoder.
Warning: CCITTFaxStream: Falling back to JS CCITTFax decoder.
Warning: CCITTFaxStream: Falling back to JS CCITTFax decoder.
Warning: CCITTFaxStream: Falling back to JS CCITTFax decoder.
Warning: CCITTFaxStream: Falling back to JS CCITTFax decoder.
Warning: CCITTFaxStream: Falling back to JS CCITTFax decoder.
Warning: CCITTFaxStream: Falling back to JS CCITTFax decoder.
Warning: CCITTFaxStream: Falling back to JS CCITTFax decoder.
Warning: CCITTFaxStream: Falling back to JS CCITTFax decoder.
Warning: CCITTFaxStream: Falling back to JS CCITTFax decoder.
Warning: CCITTFaxStream: Falling back to JS CCITTFax decoder.
Warning: CCITTFaxStream: Falling back to JS CCITTFax decoder.
Warning: CCITTFaxStream: Falling back to JS CCITTFax decoder.
Warning: CCITTFaxStream: Falling back to JS CCITTFax decoder.
Warning: CCITTFaxStream: Falling back to JS CCITTFax decoder.
Warning: CCITTFaxStream: Falling back to JS CCITTFax decoder.
Warning: CCITTFaxStream: Falling back to JS CCITTFax decoder.
Warning: CCITTFaxStream: Falling back to JS CCITTFax decoder.
Warning: CCITTFaxStream: Falling back to JS CCITTFax decoder.
Warning: CCITTFaxStream: Falling back to JS CCITTFax decoder.
Warning: CCITTFaxStream: Falling back to JS CCITTFax decoder.
Warning: CCITTFaxStream: Falling back to JS CCITTFax decoder.
Warning: CCITTFaxStream: Falling back to JS CCITTFax decoder.
Warning: CCITTFaxStream: Falling back to JS CCITTFax decoder.
Warning: CCITTFaxStream: Falling back to JS CCITTFax decoder.
Warning: CCITTFaxStream: Falling back to JS CCITTFax decoder.
Warning: CCITTFaxStream: Falling back to JS CCITTFax decoder.
Warning: CCITTFaxStream: Falling back to JS CCITTFax decoder.
Warning: CCITTFaxStream: Falling back to JS CCITTFax decoder.
Warning: CCITTFaxStream: Falling back to JS CCITTFax decoder.
Warning: CCITTFaxStream: Falling back to JS CCITTFax decoder.
Warning: CCITTFaxStream: Falling back to JS CCITTFax decoder.
Warning: CCITTFaxStream: Falling back to JS CCITTFax decoder.
Warning: CCITTFaxStream: Falling back to JS CCITTFax decoder.
Warning: CCITTFaxStream: Falling back to JS CCITTFax decoder.
Warning: CCITTFaxStream: Falling back to JS CCITTFax decoder.
Warning: CCITTFaxStream: Falling back to JS CCITTFax decoder.
Warning: CCITTFaxStream: Falling back to JS CCITTFax decoder.
Warning: CCITTFaxStream: Falling back to JS CCITTFax decoder.
Warning: CCITTFaxStream: Falling back to JS CCITTFax decoder.
Warning: CCITTFaxStream: Falling back to JS CCITTFax decoder.
Warning: CCITTFaxStream: Falling back to JS CCITTFax decoder.
Warning: CCITTFaxStream: Falling back to JS CCITTFax decoder.
Warning: CCITTFaxStream: Falling back to JS CCITTFax decoder.
Warning: CCITTFaxStream: Falling back to JS CCITTFax decoder.
Warning: CCITTFaxStream: Falling back to JS CCITTFax decoder.
Warning: CCITTFaxStream: Falling back to JS CCITTFax decoder.
Warning: CCITTFaxStream: Falling back to JS CCITTFax decoder.
Warning: CCITTFaxStream: Falling back to JS CCITTFax decoder.
Warning: CCITTFaxStream: Falling back to JS CCITTFax decoder.
Warning: CCITTFaxStream: Falling back to JS CCITTFax decoder.
Warning: CCITTFaxStream: Falling back to JS CCITTFax decoder.
Warning: CCITTFaxStream: Falling back to JS CCITTFax decoder.
Warning: CCITTFaxStream: Falling back to JS CCITTFax decoder.
Warning: CCITTFaxStream: Falling back to JS CCITTFax decoder.
Warning: CCITTFaxStream: Falling back to JS CCITTFax decoder.
Warning: CCITTFaxStream: Falling back to JS CCITTFax decoder.
Warning: CCITTFaxStream: Falling back to JS CCITTFax decoder.
Warning: CCITTFaxStream: Falling back to JS CCITTFax decoder.
Warning: CCITTFaxStream: Falling back to JS CCITTFax decoder.
Warning: CCITTFaxStream: Falling back to JS CCITTFax decoder.
Warning: CCITTFaxStream: Falling back to JS CCITTFax decoder.
Warning: CCITTFaxStream: Falling back to JS CCITTFax decoder.
Warning: CCITTFaxStream: Falling back to JS CCITTFax decoder.
Warning: CCITTFaxStream: Falling back to JS CCITTFax decoder.
Warning: CCITTFaxStream: Falling back to JS CCITTFax decoder.
Warning: CCITTFaxStream: Falling back to JS CCITTFax decoder.
Warning: CCITTFaxStream: Falling back to JS CCITTFax decoder.
Warning: CCITTFaxStream: Falling back to JS CCITTFax decoder.
Warning: CCITTFaxStream: Falling back to JS CCITTFax decoder.
Warning: CCITTFaxStream: Falling back to JS CCITTFax decoder.
Warning: CCITTFaxStream: Falling back to JS CCITTFax decoder.
Warning: CCITTFaxStream: Falling back to JS CCITTFax decoder.
Warning: CCITTFaxStream: Falling back to JS CCITTFax decoder.
Warning: CCITTFaxStream: Falling back to JS CCITTFax decoder.
Warning: CCITTFaxStream: Falling back to JS CCITTFax decoder.
Warning: CCITTFaxStream: Falling back to JS CCITTFax decoder.
Warning: CCITTFaxStream: Falling back to JS CCITTFax decoder.
Warning: CCITTFaxStream: Falling back to JS CCITTFax decoder.
Warning: CCITTFaxStream: Falling back to JS CCITTFax decoder.
Warning: CCITTFaxStream: Falling back to JS CCITTFax decoder.
Warning: CCITTFaxStream: Falling back to JS CCITTFax decoder.
Warning: CCITTFaxStream: Falling back to JS CCITTFax decoder.
Warning: CCITTFaxStream: Falling back to JS CCITTFax decoder.
Warning: CCITTFaxStream: Falling back to JS CCITTFax decoder.
Warning: CCITTFaxStream: Falling back to JS CCITTFax decoder.
Warning: CCITTFaxStream: Falling back to JS CCITTFax decoder.
Warning: CCITTFaxStream: Falling back to JS CCITTFax decoder.
Warning: CCITTFaxStream: Falling back to JS CCITTFax decoder.
Warning: CCITTFaxStream: Falling back to JS CCITTFax decoder.
Warning: CCITTFaxStream: Falling back to JS CCITTFax decoder.
Warning: CCITTFaxStream: Falling back to JS CCITTFax decoder.
Warning: CCITTFaxStream: Falling back to JS CCITTFax decoder.
Warning: CCITTFaxStream: Falling back to JS CCITTFax decoder.
Warning: CCITTFaxStream: Falling back to JS CCITTFax decoder.
Warning: CCITTFaxStream: Falling back to JS CCITTFax decoder.
Warning: CCITTFaxStream: Falling back to JS CCITTFax decoder.
Warning: CCITTFaxStream: Falling back to JS CCITTFax decoder.
Warning: CCITTFaxStream: Falling back to JS CCITTFax decoder.
Warning: CCITTFaxStream: Falling back to JS CCITTFax decoder.
Warning: CCITTFaxStream: Falling back to JS CCITTFax decoder.
Warning: CCITTFaxStream: Falling back to JS CCITTFax decoder.
Warning: CCITTFaxStream: Falling back to JS CCITTFax decoder.
Warning: CCITTFaxStream: Falling back to JS CCITTFax decoder.
Warning: CCITTFaxStream: Falling back to JS CCITTFax decoder.
Warning: CCITTFaxStream: Falling back to JS CCITTFax decoder.
Warning: CCITTFaxStream: Falling back to JS CCITTFax decoder.
Warning: CCITTFaxStream: Falling back to JS CCITTFax decoder.
Warning: CCITTFaxStream: Falling back to JS CCITTFax decoder.
Warning: CCITTFaxStream: Falling back to JS CCITTFax decoder.
Warning: CCITTFaxStream: Falling back to JS CCITTFax decoder.
Warning: CCITTFaxStream: Falling back to JS CCITTFax decoder.
Warning: CCITTFaxStream: Falling back to JS CCITTFax decoder.
Warning: CCITTFaxStream: Falling back to JS CCITTFax decoder.
Warning: CCITTFaxStream: Falling back to JS CCITTFax decoder.
Warning: CCITTFaxStream: Falling back to JS CCITTFax decoder.
Warning: CCITTFaxStream: Falling back to JS CCITTFax decoder.
Warning: CCITTFaxStream: Falling back to JS CCITTFax decoder.
Warning: CCITTFaxStream: Falling back to JS CCITTFax decoder.
Warning: CCITTFaxStream: Falling back to JS CCITTFax decoder.
Warning: CCITTFaxStream: Falling back to JS CCITTFax decoder.
Warning: CCITTFaxStream: Falling back to JS CCITTFax decoder.
Warning: CCITTFaxStream: Falling back to JS CCITTFax decoder.
Warning: CCITTFaxStream: Falling back to JS CCITTFax decoder.
Warning: CCITTFaxStream: Falling back to JS CCITTFax decoder.
Warning: CCITTFaxStream: Falling back to JS CCITTFax decoder.
Warning: CCITTFaxStream: Falling back to JS CCITTFax decoder.
Warning: CCITTFaxStream: Falling back to JS CCITTFax decoder.
Warning: CCITTFaxStream: Falling back to JS CCITTFax decoder.
Warning: CCITTFaxStream: Falling back to JS CCITTFax decoder.
Warning: CCITTFaxStream: Falling back to JS CCITTFax decoder.
Warning: CCITTFaxStream: Falling back to JS CCITTFax decoder.
Warning: CCITTFaxStream: Falling back to JS CCITTFax decoder.
Warning: CCITTFaxStream: Falling back to JS CCITTFax decoder.
Warning: CCITTFaxStream: Falling back to JS CCITTFax decoder.
Warning: CCITTFaxStream: Falling back to JS CCITTFax decoder.
Warning: CCITTFaxStream: Falling back to JS CCITTFax decoder.
Warning: CCITTFaxStream: Falling back to JS CCITTFax decoder.
Warning: CCITTFaxStream: Falling back to JS CCITTFax decoder.
Warning: CCITTFaxStream: Falling back to JS CCITTFax decoder.
Warning: CCITTFaxStream: Falling back to JS CCITTFax decoder.
Warning: CCITTFaxStream: Falling back to JS CCITTFax decoder.
Warning: CCITTFaxStream: Falling back to JS CCITTFax decoder.
Warning: CCITTFaxStream: Falling back to JS CCITTFax decoder.
Warning: CCITTFaxStream: Falling back to JS CCITTFax decoder.
Warning: CCITTFaxStream: Falling back to JS CCITTFax decoder.
Warning: CCITTFaxStream: Falling back to JS CCITTFax decoder.
Warning: CCITTFaxStream: Falling back to JS CCITTFax decoder.
Warning: CCITTFaxStream: Falling back to JS CCITTFax decoder.
Warning: CCITTFaxStream: Falling back to JS CCITTFax decoder.
Warning: CCITTFaxStream: Falling back to JS CCITTFax decoder.
Warning: CCITTFaxStream: Falling back to JS CCITTFax decoder.
Warning: CCITTFaxStream: Falling back to JS CCITTFax decoder.
Warning: CCITTFaxStream: Falling back to JS CCITTFax decoder.
Warning: CCITTFaxStream: Falling back to JS CCITTFax decoder.
Warning: CCITTFaxStream: Falling back to JS CCITTFax decoder.
Warning: CCITTFaxStream: Falling back to JS CCITTFax decoder.
Warning: CCITTFaxStream: Falling back to JS CCITTFax decoder.
Warning: CCITTFaxStream: Falling back to JS CCITTFax decoder.
Warning: CCITTFaxStream: Falling back to JS CCITTFax decoder.
Warning: CCITTFaxStream: Falling back to JS CCITTFax decoder.
Warning: CCITTFaxStream: Falling back to JS CCITTFax decoder.
Warning: CCITTFaxStream: Falling back to JS CCITTFax decoder.
Warning: CCITTFaxStream: Falling back to JS CCITTFax decoder.
Warning: CCITTFaxStream: Falling back to JS CCITTFax decoder.
Warning: CCITTFaxStream: Falling back to JS CCITTFax decoder.
Warning: CCITTFaxStream: Falling back to JS CCITTFax decoder.
Warning: CCITTFaxStream: Falling back to JS CCITTFax decoder.
Warning: CCITTFaxStream: Falling back to JS CCITTFax decoder.
Warning: CCITTFaxStream: Falling back to JS CCITTFax decoder.
Warning: CCITTFaxStream: Falling back to JS CCITTFax decoder.
Warning: CCITTFaxStream: Falling back to JS CCITTFax decoder.
Warning: CCITTFaxStream: Falling back to JS CCITTFax decoder.
Warning: CCITTFaxStream: Falling back to JS CCITTFax decoder.
Warning: CCITTFaxStream: Falling back to JS CCITTFax decoder.
Warning: CCITTFaxStream: Falling back to JS CCITTFax decoder.
Warning: CCITTFaxStream: Falling back to JS CCITTFax decoder.
Warning: CCITTFaxStream: Falling back to JS CCITTFax decoder.
Warning: CCITTFaxStream: Falling back to JS CCITTFax decoder.
Warning: CCITTFaxStream: Falling back to JS CCITTFax decoder.
Warning: CCITTFaxStream: Falling back to JS CCITTFax decoder.
Warning: CCITTFaxStream: Falling back to JS CCITTFax decoder.
Warning: CCITTFaxStream: Falling back to JS CCITTFax decoder.
Warning: CCITTFaxStream: Falling back to JS CCITTFax decoder.
Warning: CCITTFaxStream: Falling back to JS CCITTFax decoder.
Warning: CCITTFaxStream: Falling back to JS CCITTFax decoder.
Warning: CCITTFaxStream: Falling back to JS CCITTFax decoder.
Warning: CCITTFaxStream: Falling back to JS CCITTFax decoder.
Warning: CCITTFaxStream: Falling back to JS CCITTFax decoder.
Warning: CCITTFaxStream: Falling back to JS CCITTFax decoder.
Warning: CCITTFaxStream: Falling back to JS CCITTFax decoder.
Warning: CCITTFaxStream: Falling back to JS CCITTFax decoder.
Warning: CCITTFaxStream: Falling back to JS CCITTFax decoder.
Warning: CCITTFaxStream: Falling back to JS CCITTFax decoder.
Warning: CCITTFaxStream: Falling back to JS CCITTFax decoder.
Warning: CCITTFaxStream: Falling back to JS CCITTFax decoder.
Warning: CCITTFaxStream: Falling back to JS CCITTFax decoder.
Warning: CCITTFaxStream: Falling back to JS CCITTFax decoder.
Warning: CCITTFaxStream: Falling back to JS CCITTFax decoder.
Warning: CCITTFaxStream: Falling back to JS CCITTFax decoder.
Warning: CCITTFaxStream: Falling back to JS CCITTFax decoder.
Warning: CCITTFaxStream: Falling back to JS CCITTFax decoder.
Warning: CCITTFaxStream: Falling back to JS CCITTFax decoder.
Warning: CCITTFaxStream: Falling back to JS CCITTFax decoder.
Warning: CCITTFaxStream: Falling back to JS CCITTFax decoder.
Warning: CCITTFaxStream: Falling back to JS CCITTFax decoder.
Warning: CCITTFaxStream: Falling back to JS CCITTFax decoder.
Warning: CCITTFaxStream: Falling back to JS CCITTFax decoder.
Warning: CCITTFaxStream: Falling back to JS CCITTFax decoder.
Warning: CCITTFaxStream: Falling back to JS CCITTFax decoder.
Warning: CCITTFaxStream: Falling back to JS CCITTFax decoder.
Warning: CCITTFaxStream: Falling back to JS CCITTFax decoder.
Warning: CCITTFaxStream: Falling back to JS CCITTFax decoder.
Warning: CCITTFaxStream: Falling back to JS CCITTFax decoder.
Warning: CCITTFaxStream: Falling back to JS CCITTFax decoder.
Warning: CCITTFaxStream: Falling back to JS CCITTFax decoder.
Warning: CCITTFaxStream: Falling back to JS CCITTFax decoder.
Warning: CCITTFaxStream: Falling back to JS CCITTFax decoder.
Warning: CCITTFaxStream: Falling back to JS CCITTFax decoder.
Warning: CCITTFaxStream: Falling back to JS CCITTFax decoder.
Warning: CCITTFaxStream: Falling back to JS CCITTFax decoder.
Warning: CCITTFaxStream: Falling back to JS CCITTFax decoder.
Warning: CCITTFaxStream: Falling back to JS CCITTFax decoder.
Warning: CCITTFaxStream: Falling back to JS CCITTFax decoder.
Warning: CCITTFaxStream: Falling back to JS CCITTFax decoder.
Warning: CCITTFaxStream: Falling back to JS CCITTFax decoder.
Warning: CCITTFaxStream: Falling back to JS CCITTFax decoder.
Warning: CCITTFaxStream: Falling back to JS CCITTFax decoder.
Warning: CCITTFaxStream: Falling back to JS CCITTFax decoder.
Warning: CCITTFaxStream: Falling back to JS CCITTFax decoder.
Warning: CCITTFaxStream: Falling back to JS CCITTFax decoder.
Warning: CCITTFaxStream: Falling back to JS CCITTFax decoder.
Warning: CCITTFaxStream: Falling back to JS CCITTFax decoder.
Warning: CCITTFaxStream: Falling back to JS CCITTFax decoder.
Warning: CCITTFaxStream: Falling back to JS CCITTFax decoder.
Warning: CCITTFaxStream: Falling back to JS CCITTFax decoder.
Warning: CCITTFaxStream: Falling back to JS CCITTFax decoder.
Warning: CCITTFaxStream: Falling back to JS CCITTFax decoder.
Warning: CCITTFaxStream: Falling back to JS CCITTFax decoder.
Warning: CCITTFaxStream: Falling back to JS CCITTFax decoder.
Warning: CCITTFaxStream: Falling back to JS CCITTFax decoder.
Warning: CCITTFaxStream: Falling back to JS CCITTFax decoder.
Warning: CCITTFaxStream: Falling back to JS CCITTFax decoder.
Warning: CCITTFaxStream: Falling back to JS CCITTFax decoder.
Warning: CCITTFaxStream: Falling back to JS CCITTFax decoder.
Warning: CCITTFaxStream: Falling back to JS CCITTFax decoder.
Warning: CCITTFaxStream: Falling back to JS CCITTFax decoder.
Warning: CCITTFaxStream: Falling back to JS CCITTFax decoder.
Warning: CCITTFaxStream: Falling back to JS CCITTFax decoder.
Warning: CCITTFaxStream: Falling back to JS CCITTFax decoder.
Warning: CCITTFaxStream: Falling back to JS CCITTFax decoder.
Warning: CCITTFaxStream: Falling back to JS CCITTFax decoder.
Warning: CCITTFaxStream: Falling back to JS CCITTFax decoder.
Warning: CCITTFaxStream: Falling back to JS CCITTFax decoder.
Warning: CCITTFaxStream: Falling back to JS CCITTFax decoder.
Warning: CCITTFaxStream: Falling back to JS CCITTFax decoder.
Warning: CCITTFaxStream: Falling back to JS CCITTFax decoder.
Warning: CCITTFaxStream: Falling back to JS CCITTFax decoder.
Warning: CCITTFaxStream: Falling back to JS CCITTFax decoder.
Warning: CCITTFaxStream: Falling back to JS CCITTFax decoder.
Warning: CCITTFaxStream: Falling back to JS CCITTFax decoder.
Warning: CCITTFaxStream: Falling back to JS CCITTFax decoder.
Warning: CCITTFaxStream: Falling back to JS CCITTFax decoder.
Warning: CCITTFaxStream: Falling back to JS CCITTFax decoder.
Warning: CCITTFaxStream: Falling back to JS CCITTFax decoder.
Warning: CCITTFaxStream: Falling back to JS CCITTFax decoder.
Warning: CCITTFaxStream: Falling back to JS CCITTFax decoder.
Warning: CCITTFaxStream: Falling back to JS CCITTFax decoder.
Warning: CCITTFaxStream: Falling back to JS CCITTFax decoder.
Warning: CCITTFaxStream: Falling back to JS CCITTFax decoder.
Warning: CCITTFaxStream: Falling back to JS CCITTFax decoder.
Warning: CCITTFaxStream: Falling back to JS CCITTFax decoder.
Warning: CCITTFaxStream: Falling back to JS CCITTFax decoder.
Warning: CCITTFaxStream: Falling back to JS CCITTFax decoder.
Warning: CCITTFaxStream: Falling back to JS CCITTFax decoder.
Warning: CCITTFaxStream: Falling back to JS CCITTFax decoder.
Warning: CCITTFaxStream: Falling back to JS CCITTFax decoder.
Warning: CCITTFaxStream: Falling back to JS CCITTFax decoder.
Warning: CCITTFaxStream: Falling back to JS CCITTFax decoder.
Warning: CCITTFaxStream: Falling back to JS CCITTFax decoder.
Warning: CCITTFaxStream: Falling back to JS CCITTFax decoder.
Warning: CCITTFaxStream: Falling back to JS CCITTFax decoder.
Warning: CCITTFaxStream: Falling back to JS CCITTFax decoder.
Warning: CCITTFaxStream: Falling back to JS CCITTFax decoder.
Warning: CCITTFaxStream: Falling back to JS CCITTFax decoder.
Warning: CCITTFaxStream: Falling back to JS CCITTFax decoder.
Warning: CCITTFaxStream: Falling back to JS CCITTFax decoder.
Warning: CCITTFaxStream: Falling back to JS CCITTFax decoder.
Warning: CCITTFaxStream: Falling back to JS CCITTFax decoder.
Warning: CCITTFaxStream: Falling back to JS CCITTFax decoder.
Warning: CCITTFaxStream: Falling back to JS CCITTFax decoder.
Warning: CCITTFaxStream: Falling back to JS CCITTFax decoder.
Warning: CCITTFaxStream: Falling back to JS CCITTFax decoder.
Warning: CCITTFaxStream: Falling back to JS CCITTFax decoder.
Warning: CCITTFaxStream: Falling back to JS CCITTFax decoder.
Warning: CCITTFaxStream: Falling back to JS CCITTFax decoder.
Warning: CCITTFaxStream: Falling back to JS CCITTFax decoder.
Warning: CCITTFaxStream: Falling back to JS CCITTFax decoder.
Warning: CCITTFaxStream: Falling back to JS CCITTFax decoder.
Warning: CCITTFaxStream: Falling back to JS CCITTFax decoder.
Warning: CCITTFaxStream: Falling back to JS CCITTFax decoder.
Warning: CCITTFaxStream: Falling back to JS CCITTFax decoder.
Warning: CCITTFaxStream: Falling back to JS CCITTFax decoder.
Warning: CCITTFaxStream: Falling back to JS CCITTFax decoder.
Warning: CCITTFaxStream: Falling back to JS CCITTFax decoder.
Warning: CCITTFaxStream: Falling back to JS CCITTFax decoder.
Warning: CCITTFaxStream: Falling back to JS CCITTFax decoder.
Warning: CCITTFaxStream: Falling back to JS CCITTFax decoder.
Warning: CCITTFaxStream: Falling back to JS CCITTFax decoder.
Warning: CCITTFaxStream: Falling back to JS CCITTFax decoder.
Warning: CCITTFaxStream: Falling back to JS CCITTFax decoder.
Warning: CCITTFaxStream: Falling back to JS CCITTFax decoder.
Warning: CCITTFaxStream: Falling back to JS CCITTFax decoder.
Warning: CCITTFaxStream: Falling back to JS CCITTFax decoder.
Warning: CCITTFaxStream: Falling back to JS CCITTFax decoder.
Warning: CCITTFaxStream: Falling back to JS CCITTFax decoder.
Warning: CCITTFaxStream: Falling back to JS CCITTFax decoder.
Warning: CCITTFaxStream: Falling back to JS CCITTFax decoder.
Warning: CCITTFaxStream: Falling back to JS CCITTFax decoder.
Warning: CCITTFaxStream: Falling back to JS CCITTFax decoder.
Warning: CCITTFaxStream: Falling back to JS CCITTFax decoder.
Warning: CCITTFaxStream: Falling back to JS CCITTFax decoder.
Warning: CCITTFaxStream: Falling back to JS CCITTFax decoder.
Warning: CCITTFaxStream: Falling back to JS CCITTFax decoder.
Warning: CCITTFaxStream: Falling back to JS CCITTFax decoder.
Warning: CCITTFaxStream: Falling back to JS CCITTFax decoder.
Warning: CCITTFaxStream: Falling back to JS CCITTFax decoder.
Warning: CCITTFaxStream: Falling back to JS CCITTFax decoder.
Warning: CCITTFaxStream: Falling back to JS CCITTFax decoder.
Warning: CCITTFaxStream: Falling back to JS CCITTFax decoder.
Warning: CCITTFaxStream: Falling back to JS CCITTFax decoder.
Warning: CCITTFaxStream: Falling back to JS CCITTFax decoder.
Warning: CCITTFaxStream: Falling back to JS CCITTFax decoder.
Warning: CCITTFaxStream: Falling back to JS CCITTFax decoder.
Warning: CCITTFaxStream: Falling back to JS CCITTFax decoder.
Warning: CCITTFaxStream: Falling back to JS CCITTFax decoder.
Warning: CCITTFaxStream: Falling back to JS CCITTFax decoder.
Warning: CCITTFaxStream: Falling back to JS CCITTFax decoder.
Warning: CCITTFaxStream: Falling back to JS CCITTFax decoder.
Warning: CCITTFaxStream: Falling back to JS CCITTFax decoder.
Warning: CCITTFaxStream: Falling back to JS CCITTFax decoder.
Warning: CCITTFaxStream: Falling back to JS CCITTFax decoder.
Warning: CCITTFaxStream: Falling back to JS CCITTFax decoder.
Warning: CCITTFaxStream: Falling back to JS CCITTFax decoder.
Warning: CCITTFaxStream: Falling back to JS CCITTFax decoder.
Warning: CCITTFaxStream: Falling back to JS CCITTFax decoder.
Warning: CCITTFaxStream: Falling back to JS CCITTFax decoder.
Warning: CCITTFaxStream: Falling back to JS CCITTFax decoder.
Warning: CCITTFaxStream: Falling back to JS CCITTFax decoder.
Warning: CCITTFaxStream: Falling back to JS CCITTFax decoder.
Warning: CCITTFaxStream: Falling back to JS CCITTFax decoder.
Warning: CCITTFaxStream: Falling back to JS CCITTFax decoder.
Warning: CCITTFaxStream: Falling back to JS CCITTFax decoder.
Warning: CCITTFaxStream: Falling back to JS CCITTFax decoder.
Warning: CCITTFaxStream: Falling back to JS CCITTFax decoder.
Warning: CCITTFaxStream: Falling back to JS CCITTFax decoder.
Warning: CCITTFaxStream: Falling back to JS CCITTFax decoder.
Warning: CCITTFaxStream: Falling back to JS CCITTFax decoder.
Warning: CCITTFaxStream: Falling back to JS CCITTFax decoder.
Warning: CCITTFaxStream: Falling back to JS CCITTFax decoder.
Warning: CCITTFaxStream: Falling back to JS CCITTFax decoder.
Warning: CCITTFaxStream: Falling back to JS CCITTFax decoder.
Warning: CCITTFaxStream: Falling back to JS CCITTFax decoder.
Warning: CCITTFaxStream: Falling back to JS CCITTFax decoder.
Warning: CCITTFaxStream: Falling back to JS CCITTFax decoder.
Warning: CCITTFaxStream: Falling back to JS CCITTFax decoder.
Warning: CCITTFaxStream: Falling back to JS CCITTFax decoder.
Warning: CCITTFaxStream: Falling back to JS CCITTFax decoder.
Warning: CCITTFaxStream: Falling back to JS CCITTFax decoder.
Warning: CCITTFaxStream: Falling back to JS CCITTFax decoder.
Warning: CCITTFaxStream: Falling back to JS CCITTFax decoder.
Warning: CCITTFaxStream: Falling back to JS CCITTFax decoder.
Warning: CCITTFaxStream: Falling back to JS CCITTFax decoder.
Warning: CCITTFaxStream: Falling back to JS CCITTFax decoder.
Warning: CCITTFaxStream: Falling back to JS CCITTFax decoder.
Warning: CCITTFaxStream: Falling back to JS CCITTFax decoder.
Warning: CCITTFaxStream: Falling back to JS CCITTFax decoder.
Warning: CCITTFaxStream: Falling back to JS CCITTFax decoder.
Warning: CCITTFaxStream: Falling back to JS CCITTFax decoder.
Warning: CCITTFaxStream: Falling back to JS CCITTFax decoder.
Warning: CCITTFaxStream: Falling back to JS CCITTFax decoder.
Warning: CCITTFaxStream: Falling back to JS CCITTFax decoder.
Warning: CCITTFaxStream: Falling back to JS CCITTFax decoder.
Warning: CCITTFaxStream: Falling back to JS CCITTFax decoder.
Warning: CCITTFaxStream: Falling back to JS CCITTFax decoder.
Warning: CCITTFaxStream: Falling back to JS CCITTFax decoder.
Warning: CCITTFaxStream: Falling back to JS CCITTFax decoder.
Warning: CCITTFaxStream: Falling back to JS CCITTFax decoder.
Warning: CCITTFaxStream: Falling back to JS CCITTFax decoder.
Warning: CCITTFaxStream: Falling back to JS CCITTFax decoder.
Warning: CCITTFaxStream: Falling back to JS CCITTFax decoder.
Warning: CCITTFaxStream: Falling back to JS CCITTFax decoder.
Warning: CCITTFaxStream: Falling back to JS CCITTFax decoder.
Warning: CCITTFaxStream: Falling back to JS CCITTFax decoder.
Warning: TT: undefined function: 32
Warning: TT: undefined function: 32
Warning: TT: undefined function: 32
Warning: TT: undefined function: 32
Warning: TT: undefined function: 32
Warning: TT: undefined function: 32
Warning: TT: undefined function: 32
Warning: TT: undefined function: 32
Warning: TT: undefined function: 21
Warning: TT: undefined function: 21
Warning: TT: undefined function: 32
Warning: TT: undefined function: 32
Warning: TT: undefined function: 32
Warning: TT: undefined function: 32
Warning: TT: undefined function: 32
Warning: TT: undefined function: 32
Warning: TT: undefined function: 32
Warning: TT: undefined function: 21
Warning: TT: undefined function: 21
Warning: TT: undefined function: 21
Warning: TT: undefined function: 21
  13900/18182 · 13542 com texto · 358 vazios · 0 errosWarning: TT: undefined function: 32
Warning: TT: undefined function: 32
Warning: TT: undefined function: 21
Warning: TT: undefined function: 21
Warning: TT: undefined function: 32
Warning: TT: undefined function: 21
Warning: TT: undefined function: 32
Warning: TT: undefined function: 21
Warning: TT: undefined function: 32
Warning: TT: undefined function: 32
Warning: TT: undefined function: 21
Warning: TT: undefined function: 32
Warning: TT: undefined function: 32
Warning: TT: undefined function: 21
Warning: TT: undefined function: 32
Warning: TT: undefined function: 32
Warning: TT: undefined function: 32
Warning: TT: undefined function: 32
Warning: TT: undefined function: 32
Warning: TT: undefined function: 32
Warning: TT: undefined function: 32
Warning: TT: undefined function: 32
Warning: TT: undefined function: 21
Warning: TT: undefined function: 21
Warning: TT: undefined function: 21
  14000/18182 · 13640 com texto · 360 vazios · 0 errosWarning: TT: undefined function: 21
Warning: TT: undefined function: 21
Warning: TT: undefined function: 21
Warning: TT: undefined function: 32
Warning: TT: undefined function: 32
Warning: TT: undefined function: 32
Warning: TT: undefined function: 32
Warning: TT: undefined function: 32
Warning: TT: undefined function: 32
Warning: TT: undefined function: 21
Warning: TT: undefined function: 21
Warning: TT: undefined function: 21
Warning: TT: undefined function: 32
Warning: TT: undefined function: 21
  14100/18182 · 13736 com texto · 364 vazios · 0 errosWarning: TT: undefined function: 21
Warning: TT: undefined function: 21
Warning: TT: invalid function id: 136
Warning: TT: undefined function: 21
Warning: TT: undefined function: 32
Warning: TT: undefined function: 32
Warning: TT: undefined function: 32
Warning: TT: undefined function: 32
Warning: TT: undefined function: 32
Warning: TT: undefined function: 32
Warning: TT: undefined function: 21
Warning: TT: undefined function: 21
  14200/18182 · 13836 com texto · 364 vazios · 0 errosWarning: TT: undefined function: 21
Warning: TT: undefined function: 21
Warning: TT: undefined function: 21
Warning: TT: undefined function: 21
Warning: TT: undefined function: 21
Warning: TT: undefined function: 21
Warning: TT: undefined function: 21
Warning: TT: undefined function: 21
Warning: TT: undefined function: 21
Warning: TT: undefined function: 21
Warning: TT: undefined function: 21
Warning: TT: undefined function: 21
Warning: TT: undefined function: 32
Warning: TT: undefined function: 32
Warning: TT: undefined function: 32
Warning: TT: undefined function: 32
Warning: TT: undefined function: 32
Warning: TT: undefined function: 21
Warning: TT: undefined function: 21
Warning: TT: undefined function: 32
Warning: TT: undefined function: 21
Warning: TT: undefined function: 21
Warning: TT: undefined function: 21
  14300/18182 · 13933 com texto · 367 vazios · 0 errosWarning: TT: undefined function: 32
Warning: TT: undefined function: 21
Warning: TT: undefined function: 21
Warning: TT: undefined function: 32
Warning: TT: undefined function: 32
Warning: TT: undefined function: 32
Warning: TT: undefined function: 21
Warning: TT: undefined function: 21
Warning: TT: undefined function: 32
Warning: TT: undefined function: 32
Warning: TT: undefined function: 32
Warning: TT: undefined function: 32
Warning: TT: undefined function: 32
Warning: TT: undefined function: 21
  14400/18182 · 14033 com texto · 367 vazios · 0 errosWarning: TT: undefined function: 21
Warning: TT: undefined function: 21
Warning: TT: undefined function: 32
Warning: TT: undefined function: 21
Warning: TT: undefined function: 21
Warning: TT: undefined function: 21
Warning: TT: undefined function: 21
Warning: TT: undefined function: 21
Warning: TT: undefined function: 21
Warning: TT: undefined function: 21
Warning: TT: undefined function: 21
Warning: TT: undefined function: 21
Warning: TT: undefined function: 21
Warning: TT: undefined function: 32
Warning: TT: undefined function: 32
Warning: TT: undefined function: 32
Warning: TT: undefined function: 21
Warning: TT: undefined function: 32
Warning: TT: undefined function: 21
Warning: TT: undefined function: 21
Warning: TT: undefined function: 32
  14500/18182 · 14131 com texto · 369 vazios · 0 errosWarning: TT: undefined function: 21
Warning: TT: undefined function: 21
Warning: TT: undefined function: 21
Warning: TT: undefined function: 21
Warning: TT: undefined function: 21
  14600/18182 · 14231 com texto · 369 vazios · 0 errosWarning: TT: undefined function: 32
Warning: TT: undefined function: 3
Warning: TT: undefined function: 3
Warning: TT: undefined function: 21
Warning: TT: undefined function: 32
Warning: TT: undefined function: 32
Warning: TT: undefined function: 32
Warning: TT: undefined function: 32
Warning: TT: undefined function: 32
Warning: TT: undefined function: 32
Warning: TT: undefined function: 32
  14700/18182 · 14331 com texto · 369 vazios · 0 errosWarning: TT: undefined function: 32
Warning: TT: undefined function: 32
Warning: TT: undefined function: 32
Warning: TT: undefined function: 32
Warning: TT: undefined function: 32
Warning: TT: undefined function: 32
Warning: TT: undefined function: 32
Warning: TT: undefined function: 32
Warning: TT: undefined function: 32
Warning: TT: undefined function: 32
Warning: TT: undefined function: 32
Warning: TT: undefined function: 32
Warning: TT: undefined function: 32
Warning: TT: undefined function: 32
Warning: TT: undefined function: 32
Warning: TT: undefined function: 32
Warning: TT: undefined function: 32
Warning: TT: undefined function: 32
Warning: TT: undefined function: 32
Warning: TT: undefined function: 32
Warning: TT: undefined function: 32
Warning: TT: undefined function: 32
Warning: TT: undefined function: 32
Warning: TT: undefined function: 32
Warning: TT: undefined function: 32
Warning: TT: undefined function: 32
Warning: TT: undefined function: 32
  14800/18182 · 14423 com texto · 377 vazios · 0 errosWarning: TT: undefined function: 32
Warning: TT: undefined function: 32
Warning: TT: undefined function: 32
Warning: TT: undefined function: 32
Warning: TT: undefined function: 32
Warning: TT: undefined function: 21
Warning: TT: undefined function: 21
Warning: TT: undefined function: 32
  14900/18182 · 14522 com texto · 378 vazios · 0 errosWarning: TT: undefined function: 21
Warning: TT: undefined function: 21
Warning: TT: undefined function: 21
Warning: TT: undefined function: 21
Warning: TT: undefined function: 21
Warning: TT: undefined function: 32
Warning: TT: undefined function: 32
Warning: TT: undefined function: 32
Warning: TT: undefined function: 32
Warning: TT: undefined function: 32
Warning: TT: undefined function: 21
Warning: TT: undefined function: 21
Warning: TT: invalid function id: 136
Warning: TT: undefined function: 21
Warning: TT: undefined function: 21
Warning: TT: undefined function: 21
Warning: TT: undefined function: 21
Warning: TT: invalid function id: 136
Warning: TT: undefined function: 21
  15000/18182 · 14620 com texto · 380 vazios · 0 errosWarning: TT: undefined function: 21
Warning: TT: undefined function: 21
Warning: TT: undefined function: 32
  15100/18182 · 14718 com texto · 382 vazios · 0 errosWarning: TT: undefined function: 21
Warning: TT: undefined function: 21
Warning: TT: undefined function: 21
Warning: TT: undefined function: 21
Warning: TT: undefined function: 21
Warning: TT: undefined function: 21
Warning: TT: undefined function: 21
Warning: TT: undefined function: 21
Warning: TT: undefined function: 21
Warning: TT: undefined function: 21
Warning: TT: undefined function: 21
Warning: TT: undefined function: 21
Warning: TT: undefined function: 21
Warning: TT: undefined function: 32
Warning: TT: undefined function: 32
  15200/18182 · 14808 com texto · 392 vazios · 0 errosWarning: TT: undefined function: 32
Warning: TT: undefined function: 32
Warning: TT: undefined function: 32
Warning: TT: undefined function: 32
Warning: TT: undefined function: 32
  15300/18182 · 14908 com texto · 392 vazios · 0 errosWarning: TT: undefined function: 32
Warning: TT: undefined function: 21
Warning: TT: undefined function: 32
Warning: TT: undefined function: 32
Warning: TT: undefined function: 32
Warning: TT: undefined function: 32
Warning: TT: undefined function: 32
Warning: TT: undefined function: 32
Warning: TT: undefined function: 32
Warning: TT: undefined function: 21
Warning: TT: undefined function: 21
Warning: TT: undefined function: 32
Warning: TT: undefined function: 32
Warning: TT: undefined function: 32
Warning: TT: undefined function: 21
Warning: TT: undefined function: 32
Warning: TT: undefined function: 32
Warning: TT: undefined function: 32
Warning: TT: undefined function: 32
Warning: TT: undefined function: 32
Warning: TT: undefined function: 32
Warning: TT: undefined function: 32
Warning: TT: undefined function: 32
Warning: TT: undefined function: 32
Warning: TT: undefined function: 21
Warning: TT: undefined function: 21
Warning: TT: undefined function: 21
Warning: TT: undefined function: 32
Warning: TT: undefined function: 32
Warning: TT: undefined function: 32
Warning: TT: undefined function: 21
Warning: TT: undefined function: 32
Warning: TT: undefined function: 21
Warning: TT: undefined function: 32
Warning: TT: undefined function: 21
Warning: TT: undefined function: 21
Warning: TT: invalid function id: 136
Warning: TT: undefined function: 21
Warning: TT: undefined function: 21
Warning: TT: undefined function: 21
Warning: TT: undefined function: 21
Warning: TT: undefined function: 21
Warning: TT: undefined function: 21
Warning: TT: undefined function: 21
Warning: TT: undefined function: 21
Warning: TT: undefined function: 21
  15400/18182 · 15007 com texto · 393 vazios · 0 errosWarning: TT: undefined function: 32
Warning: TT: undefined function: 21
Warning: TT: undefined function: 21
  15500/18182 · 15106 com texto · 394 vazios · 0 errosWarning: TT: undefined function: 32
Warning: TT: undefined function: 32
Warning: TT: undefined function: 32
Warning: TT: undefined function: 32
Warning: TT: undefined function: 32
Warning: TT: undefined function: 32
Warning: TT: undefined function: 21
Warning: TT: undefined function: 21
  15600/18182 · 15206 com texto · 394 vazios · 0 errosWarning: TT: undefined function: 32
Warning: TT: undefined function: 32
Warning: TT: undefined function: 32
Warning: TT: undefined function: 32
Warning: TT: undefined function: 32
Warning: TT: undefined function: 32
Warning: TT: undefined function: 32
Warning: TT: undefined function: 32
Warning: TT: undefined function: 32
Warning: TT: undefined function: 32
Warning: TT: undefined function: 32
Warning: TT: undefined function: 32
Warning: TT: undefined function: 32
Warning: TT: undefined function: 32
Warning: TT: undefined function: 32
Warning: TT: undefined function: 32
Warning: TT: undefined function: 32
Warning: TT: undefined function: 32
Warning: TT: undefined function: 32
Warning: TT: undefined function: 32
Warning: TT: undefined function: 32
Warning: TT: undefined function: 32
Warning: TT: undefined function: 32
Warning: TT: undefined function: 32
Warning: TT: undefined function: 32
Warning: TT: undefined function: 32
Warning: TT: undefined function: 32
Warning: TT: undefined function: 32
Warning: TT: undefined function: 32
Warning: TT: undefined function: 32
Warning: TT: undefined function: 32
Warning: TT: undefined function: 32
Warning: TT: undefined function: 32
Warning: TT: undefined function: 32
Warning: TT: undefined function: 32
Warning: TT: undefined function: 32
  15700/18182 · 15306 com texto · 394 vazios · 0 errosWarning: TT: undefined function: 32
Warning: TT: undefined function: 32
Warning: TT: undefined function: 32
Warning: TT: undefined function: 32
Warning: TT: undefined function: 32
Warning: TT: undefined function: 32
Warning: TT: undefined function: 32
Warning: TT: undefined function: 32
Warning: TT: undefined function: 32
Warning: TT: undefined function: 32
Warning: TT: undefined function: 32
Warning: TT: undefined function: 32
Warning: TT: undefined function: 32
Warning: TT: undefined function: 32
Warning: TT: undefined function: 32
Warning: TT: undefined function: 32
Warning: TT: undefined function: 32
Warning: TT: undefined function: 32
Warning: TT: undefined function: 32
Warning: TT: undefined function: 21
Warning: TT: undefined function: 21
Warning: TT: undefined function: 32
Warning: TT: undefined function: 32
Warning: TT: undefined function: 32
Warning: TT: undefined function: 32
Warning: TT: undefined function: 32
Warning: TT: undefined function: 32
Warning: TT: undefined function: 32
Warning: TT: undefined function: 32
Warning: TT: undefined function: 21
Warning: TT: undefined function: 21
Warning: TT: undefined function: 32
Warning: TT: undefined function: 32
Warning: TT: undefined function: 21
Warning: TT: undefined function: 21
Warning: TT: undefined function: 21
Warning: TT: undefined function: 21
  15800/18182 · 15405 com texto · 395 vazios · 0 errosWarning: TT: undefined function: 21
Warning: TT: undefined function: 21
Warning: TT: undefined function: 21
Warning: TT: undefined function: 21
Warning: TT: undefined function: 21
Warning: TT: undefined function: 21
Warning: TT: undefined function: 21
Warning: TT: undefined function: 21
Warning: TT: undefined function: 21
Warning: TT: undefined function: 21
Warning: TT: undefined function: 21
Warning: TT: undefined function: 21
Warning: TT: undefined function: 32
Warning: TT: undefined function: 21
Warning: TT: undefined function: 21
Warning: TT: undefined function: 21
Warning: TT: undefined function: 21
Warning: TT: undefined function: 32
Warning: TT: undefined function: 32
  15900/18182 · 15495 com texto · 405 vazios · 0 erros  16000/18182 · 15595 com texto · 405 vazios · 0 errosWarning: TT: undefined function: 21
Warning: TT: undefined function: 32
Warning: TT: undefined function: 32
Warning: TT: undefined function: 21
  16100/18182 · 15695 com texto · 405 vazios · 0 errosWarning: TT: undefined function: 21
Warning: TT: undefined function: 21
Warning: TT: undefined function: 21
Warning: TT: undefined function: 32
Warning: TT: undefined function: 32
Warning: TT: undefined function: 21
Warning: UnknownErrorException: Ensure that the `standardFontDataUrl` API parameter is provided.
Warning: TT: undefined function: 21
Warning: TT: undefined function: 32
Warning: TT: undefined function: 32
  16200/18182 · 15795 com texto · 405 vazios · 0 errosWarning: TT: undefined function: 32
Warning: TT: undefined function: 32
Warning: TT: undefined function: 32
Warning: TT: undefined function: 32
Warning: TT: undefined function: 32
Warning: TT: undefined function: 32
Warning: TT: undefined function: 32
Warning: TT: undefined function: 32
Warning: TT: undefined function: 32
Warning: TT: undefined function: 32
Warning: TT: undefined function: 32
Warning: TT: undefined function: 32
Warning: TT: undefined function: 21
Warning: TT: undefined function: 32
Warning: TT: undefined function: 32
Warning: TT: undefined function: 21
Warning: TT: undefined function: 21
Warning: TT: undefined function: 21
Warning: TT: undefined function: 21
Warning: TT: undefined function: 21
Warning: TT: undefined function: 21
Warning: TT: undefined function: 21
Warning: TT: undefined function: 21
Warning: TT: undefined function: 32
Warning: TT: undefined function: 32
  16300/18182 · 15895 com texto · 405 vazios · 0 errosWarning: TT: undefined function: 32
Warning: TT: undefined function: 32
  16400/18182 · 15995 com texto · 405 vazios · 0 errosWarning: TT: undefined function: 32
Warning: TT: undefined function: 32
Warning: TT: undefined function: 32
Warning: TT: undefined function: 32
Warning: TT: undefined function: 32
Warning: TT: undefined function: 32
Warning: TT: undefined function: 32
Warning: TT: undefined function: 32
Warning: TT: undefined function: 32
Warning: TT: undefined function: 32
Warning: TT: undefined function: 32
Warning: TT: undefined function: 32
Warning: TT: undefined function: 32
Warning: TT: undefined function: 32
Warning: TT: undefined function: 32
Warning: TT: undefined function: 32
Warning: TT: undefined function: 32
Warning: TT: undefined function: 32
Warning: TT: undefined function: 32
Warning: TT: undefined function: 32
Warning: TT: undefined function: 32
Warning: TT: undefined function: 32
Warning: TT: undefined function: 32
Warning: TT: undefined function: 32
Warning: TT: undefined function: 32
Warning: TT: undefined function: 32
Warning: TT: undefined function: 32
Warning: TT: undefined function: 32
Warning: TT: undefined function: 32
Warning: TT: undefined function: 32
Warning: TT: undefined function: 32
Warning: TT: undefined function: 32
Warning: TT: undefined function: 32
Warning: TT: undefined function: 32
Warning: TT: undefined function: 32
Warning: TT: undefined function: 32
Warning: TT: undefined function: 32
Warning: TT: undefined function: 32
Warning: TT: undefined function: 32
Warning: TT: undefined function: 32
Warning: TT: undefined function: 32
Warning: TT: undefined function: 32
Warning: TT: undefined function: 32
Warning: TT: undefined function: 32
Warning: TT: undefined function: 32
Warning: TT: undefined function: 32
Warning: TT: undefined function: 32
Warning: TT: undefined function: 32
Warning: TT: undefined function: 32
Warning: TT: undefined function: 32
Warning: TT: undefined function: 32
Warning: TT: undefined function: 32
Warning: TT: undefined function: 32
Warning: TT: undefined function: 32
Warning: TT: undefined function: 32
Warning: TT: undefined function: 32
Warning: TT: undefined function: 32
Warning: TT: undefined function: 32
Warning: TT: undefined function: 32
Warning: TT: undefined function: 32
Warning: TT: undefined function: 32
Warning: TT: undefined function: 32
Warning: TT: undefined function: 32
Warning: TT: undefined function: 32
Warning: TT: undefined function: 32
Warning: TT: undefined function: 32
Warning: TT: undefined function: 32
Warning: TT: undefined function: 32
Warning: TT: undefined function: 32
Warning: TT: undefined function: 32
Warning: TT: undefined function: 32
Warning: TT: undefined function: 32
Warning: TT: undefined function: 32
Warning: TT: undefined function: 32
Warning: TT: undefined function: 32
Warning: TT: undefined function: 32
Warning: TT: undefined function: 32
Warning: TT: undefined function: 32
Warning: TT: undefined function: 32
Warning: TT: undefined function: 32
Warning: TT: undefined function: 32
Warning: TT: undefined function: 32
Warning: TT: undefined function: 32
Warning: TT: undefined function: 32
Warning: TT: undefined function: 32
Warning: TT: undefined function: 32
Warning: TT: undefined function: 32
Warning: TT: undefined function: 32
Warning: TT: undefined function: 32
Warning: TT: undefined function: 32
Warning: TT: undefined function: 32
Warning: TT: undefined function: 32
Warning: TT: undefined function: 32
Warning: TT: undefined function: 32
Warning: TT: undefined function: 32
Warning: TT: undefined function: 32
Warning: TT: undefined function: 32
Warning: TT: undefined function: 32
Warning: TT: undefined function: 32
Warning: TT: undefined function: 32
Warning: TT: undefined function: 32
Warning: TT: undefined function: 32
Warning: TT: undefined function: 32
Warning: TT: undefined function: 32
Warning: TT: undefined function: 32
Warning: TT: undefined function: 32
  16500/18182 · 16093 com texto · 407 vazios · 0 errosWarning: TT: undefined function: 32
Warning: TT: undefined function: 32
Warning: TT: undefined function: 32
Warning: TT: undefined function: 32
Warning: TT: undefined function: 32
Warning: TT: undefined function: 32
Warning: TT: undefined function: 32
Warning: TT: undefined function: 32
Warning: TT: undefined function: 32
Warning: TT: undefined function: 32
Warning: TT: undefined function: 32
Warning: TT: undefined function: 32
Warning: TT: undefined function: 32
Warning: TT: undefined function: 32
Warning: TT: undefined function: 32
Warning: TT: undefined function: 32
Warning: TT: undefined function: 32
Warning: TT: undefined function: 32
Warning: TT: undefined function: 32
Warning: TT: undefined function: 32
Warning: TT: undefined function: 32
Warning: TT: undefined function: 32
Warning: TT: undefined function: 32
Warning: TT: undefined function: 32
Warning: TT: undefined function: 32
Warning: TT: undefined function: 32
Warning: TT: undefined function: 32
Warning: TT: undefined function: 32
Warning: TT: undefined function: 32
Warning: TT: undefined function: 32
Warning: TT: undefined function: 32
Warning: TT: undefined function: 32
Warning: TT: undefined function: 32
Warning: TT: undefined function: 32
Warning: TT: undefined function: 32
Warning: TT: undefined function: 32
Warning: TT: undefined function: 32
Warning: TT: undefined function: 32
Warning: TT: undefined function: 32
Warning: TT: undefined function: 32
Warning: TT: undefined function: 21
  16600/18182 · 16188 com texto · 412 vazios · 0 errosWarning: TT: undefined function: 21
Warning: TT: undefined function: 21
Warning: TT: undefined function: 21
Warning: TT: invalid function id: 136
Warning: TT: undefined function: 32
Warning: TT: undefined function: 32
Warning: TT: undefined function: 32
Warning: TT: undefined function: 21
Warning: TT: undefined function: 21
Warning: TT: undefined function: 21
Warning: TT: undefined function: 21
Warning: TT: invalid function id: 136
Warning: TT: invalid function id: 136
Warning: TT: undefined function: 21
Warning: TT: undefined function: 21
Warning: TT: undefined function: 21
Warning: TT: undefined function: 21
Warning: TT: invalid function id: 136
Warning: TT: invalid function id: 136
Warning: TT: undefined function: 21
Warning: TT: undefined function: 21
Warning: TT: undefined function: 21
Warning: TT: undefined function: 21
Warning: TT: undefined function: 21
Warning: TT: undefined function: 21
Warning: TT: undefined function: 21
Warning: TT: undefined function: 21
Warning: TT: undefined function: 21
Warning: TT: undefined function: 21
Warning: TT: undefined function: 21
Warning: TT: undefined function: 21
Warning: TT: undefined function: 21
Warning: TT: undefined function: 21
Warning: TT: undefined function: 21
Warning: TT: undefined function: 21
Warning: TT: undefined function: 21
Warning: TT: undefined function: 21
Warning: TT: undefined function: 21
Warning: TT: undefined function: 21
Warning: TT: undefined function: 21
Warning: TT: undefined function: 21
Warning: TT: undefined function: 21
Warning: TT: undefined function: 21
Warning: TT: undefined function: 21
Warning: TT: undefined function: 21
Warning: TT: undefined function: 21
Warning: TT: undefined function: 21
Warning: TT: undefined function: 21
Warning: TT: undefined function: 21
Warning: TT: undefined function: 21
Warning: TT: undefined function: 21
Warning: TT: undefined function: 21
Warning: TT: undefined function: 21
Warning: TT: undefined function: 21
Warning: TT: undefined function: 21
Warning: TT: undefined function: 21
Warning: TT: undefined function: 21
Warning: TT: undefined function: 21
Warning: TT: undefined function: 21
Warning: TT: undefined function: 21
Warning: TT: undefined function: 21
Warning: TT: undefined function: 32
Warning: TT: undefined function: 32
Warning: TT: undefined function: 32
Warning: TT: undefined function: 32
Warning: TT: undefined function: 32
Warning: TT: undefined function: 32
  16700/18182 · 16278 com texto · 422 vazios · 0 errosWarning: TT: undefined function: 32
Warning: TT: undefined function: 32
Warning: TT: undefined function: 32
Warning: TT: undefined function: 32
Warning: TT: undefined function: 32
Warning: TT: undefined function: 32
Warning: TT: undefined function: 21
Warning: TT: undefined function: 21
Warning: TT: undefined function: 32
Warning: TT: undefined function: 32
Warning: TT: undefined function: 32
Warning: TT: undefined function: 32
Warning: TT: undefined function: 32
Warning: TT: undefined function: 32
Warning: TT: undefined function: 32
Warning: TT: undefined function: 32
Warning: TT: undefined function: 32
Warning: TT: undefined function: 32
Warning: TT: undefined function: 21
Warning: TT: undefined function: 21
Warning: TT: undefined function: 32
Warning: TT: undefined function: 21
Warning: TT: undefined function: 21
Warning: TT: undefined function: 21
Warning: TT: undefined function: 32
  16800/18182 · 16378 com texto · 422 vazios · 0 errosWarning: TT: undefined function: 21
Warning: TT: undefined function: 21
Warning: TT: undefined function: 21
Warning: TT: undefined function: 21
Warning: TT: undefined function: 21
Warning: TT: undefined function: 21
Warning: TT: undefined function: 21
Warning: TT: undefined function: 21
Warning: TT: undefined function: 21
Warning: TT: undefined function: 21
Warning: TT: undefined function: 21
Warning: TT: undefined function: 21
Warning: TT: undefined function: 21
Warning: TT: undefined function: 21
Warning: TT: undefined function: 21
Warning: TT: undefined function: 21
Warning: TT: undefined function: 21
Warning: TT: undefined function: 21
Warning: TT: undefined function: 21
Warning: TT: undefined function: 21
Warning: TT: undefined function: 32
Warning: TT: undefined function: 32
Warning: TT: undefined function: 32
Warning: TT: undefined function: 32
Warning: TT: undefined function: 21
Warning: TT: undefined function: 21
Warning: TT: undefined function: 21
Warning: TT: undefined function: 32
Warning: TT: undefined function: 32
Warning: TT: undefined function: 21
Warning: TT: undefined function: 21
Warning: TT: undefined function: 32
Warning: TT: undefined function: 32
Warning: TT: undefined function: 32
  16900/18182 · 16478 com texto · 422 vazios · 0 errosWarning: TT: undefined function: 22
Warning: TT: undefined function: 21
Warning: TT: undefined function: 21
Warning: TT: undefined function: 21
Warning: TT: undefined function: 21
Warning: TT: undefined function: 32
Warning: TT: undefined function: 32
Warning: TT: undefined function: 21
Warning: TT: undefined function: 32
Warning: TT: undefined function: 32
Warning: TT: undefined function: 21
Warning: TT: undefined function: 21
Warning: TT: undefined function: 21
Warning: TT: undefined function: 21
Warning: TT: undefined function: 32
Warning: TT: undefined function: 32
Warning: TT: undefined function: 32
Warning: TT: undefined function: 32
Warning: TT: undefined function: 32
Warning: TT: undefined function: 32
Warning: Required "glyf" table is not found -- trying to recover.
  17000/18182 · 16574 com texto · 426 vazios · 0 errosWarning: Required "glyf" table is not found -- trying to recover.
Warning: TT: undefined function: 32
Warning: TT: undefined function: 32
Warning: TT: undefined function: 32
Warning: TT: undefined function: 32
Warning: TT: undefined function: 32
Warning: TT: undefined function: 32
Warning: TT: undefined function: 21
  17100/18182 · 16674 com texto · 426 vazios · 0 errosWarning: TT: undefined function: 21
Warning: TT: undefined function: 21
Warning: TT: undefined function: 21
Warning: TT: undefined function: 21
Warning: TT: undefined function: 21
Warning: TT: undefined function: 21
Warning: TT: undefined function: 21
Warning: TT: undefined function: 32
Warning: TT: undefined function: 21
Warning: TT: undefined function: 21
  17200/18182 · 16773 com texto · 427 vazios · 0 errosWarning: TT: undefined function: 21
Warning: TT: undefined function: 21
Warning: TT: undefined function: 21
Warning: TT: undefined function: 21
Warning: TT: undefined function: 32
Warning: TT: undefined function: 32
Warning: TT: undefined function: 32
Warning: TT: undefined function: 21
Warning: TT: undefined function: 32
Warning: TT: undefined function: 32
  17300/18182 · 16871 com texto · 429 vazios · 0 errosWarning: TT: undefined function: 21
Warning: TT: undefined function: 21
Warning: TT: undefined function: 32
Warning: TT: undefined function: 32
Warning: TT: undefined function: 21
Warning: TT: undefined function: 21
Warning: TT: undefined function: 21
Warning: TT: undefined function: 32
Warning: TT: undefined function: 32
Warning: TT: undefined function: 32
Warning: TT: undefined function: 21
Warning: TT: undefined function: 21
Warning: TT: undefined function: 21
Warning: TT: undefined function: 21
  17400/18182 · 16969 com texto · 431 vazios · 0 errosWarning: TT: undefined function: 32
Warning: TT: undefined function: 32
Warning: TT: undefined function: 21
Warning: TT: undefined function: 32
Warning: TT: undefined function: 21
Warning: TT: undefined function: 21
Warning: TT: undefined function: 32
Warning: TT: undefined function: 32
Warning: TT: undefined function: 32
Warning: TT: undefined function: 21
Warning: TT: undefined function: 32
Warning: TT: undefined function: 32
Warning: TT: undefined function: 32
  17500/18182 · 17069 com texto · 431 vazios · 0 errosWarning: TT: undefined function: 32
Warning: TT: undefined function: 32
Warning: TT: undefined function: 32
Warning: TT: undefined function: 32
Warning: TT: undefined function: 32
Warning: TT: undefined function: 32
Warning: TT: undefined function: 21
Warning: TT: undefined function: 32
Warning: TT: undefined function: 32
Warning: TT: undefined function: 32
Warning: TT: undefined function: 32
Warning: TT: undefined function: 32
  17600/18182 · 17165 com texto · 435 vazios · 0 errosWarning: TT: undefined function: 32
Warning: TT: undefined function: 32
Warning: TT: undefined function: 32
Warning: TT: undefined function: 32
Warning: TT: undefined function: 32
Warning: TT: undefined function: 32
Warning: TT: undefined function: 32
Warning: TT: undefined function: 32
Warning: TT: undefined function: 32
Warning: TT: undefined function: 32
Warning: TT: undefined function: 32
Warning: TT: undefined function: 32
Warning: TT: undefined function: 32
Warning: TT: undefined function: 32
Warning: TT: undefined function: 32
Warning: TT: undefined function: 32
Warning: TT: undefined function: 32
Warning: TT: undefined function: 32
Warning: TT: undefined function: 32
Warning: TT: undefined function: 32
Warning: TT: undefined function: 32
Warning: TT: undefined function: 32
Warning: TT: undefined function: 32
Warning: TT: undefined function: 32
Warning: TT: undefined function: 32
Warning: TT: undefined function: 32
Warning: TT: undefined function: 32
Warning: TT: undefined function: 32
Warning: TT: undefined function: 32
Warning: TT: undefined function: 32
Warning: TT: undefined function: 32
Warning: TT: undefined function: 32
Warning: TT: undefined function: 32
Warning: TT: undefined function: 32
Warning: TT: undefined function: 32
Warning: TT: undefined function: 32
Warning: TT: undefined function: 32
Warning: TT: undefined function: 32
Warning: TT: undefined function: 32
Warning: TT: undefined function: 32
Warning: TT: undefined function: 32
Warning: TT: undefined function: 32
Warning: TT: undefined function: 32
Warning: TT: undefined function: 32
Warning: TT: undefined function: 32
Warning: TT: undefined function: 32
Warning: TT: undefined function: 32
Warning: TT: undefined function: 32
Warning: TT: undefined function: 32
Warning: TT: undefined function: 32
Warning: TT: undefined function: 32
Warning: TT: undefined function: 32
Warning: TT: undefined function: 32
Warning: TT: undefined function: 32
Warning: TT: undefined function: 32
Warning: TT: undefined function: 32
Warning: TT: undefined function: 32
Warning: TT: undefined function: 32
Warning: TT: undefined function: 32
Warning: TT: undefined function: 32
Warning: TT: undefined function: 32
Warning: TT: undefined function: 32
  17700/18182 · 17263 com texto · 437 vazios · 0 errosWarning: TT: undefined function: 21
Warning: TT: undefined function: 21
  17800/18182 · 17361 com texto · 439 vazios · 0 errosWarning: TT: undefined function: 21
Warning: TT: undefined function: 32
Warning: TT: undefined function: 21
Warning: TT: undefined function: 21
Warning: TT: undefined function: 21
Warning: TT: undefined function: 32
Warning: TT: undefined function: 32
Warning: TT: undefined function: 21
  17900/18182 · 17460 com texto · 440 vazios · 0 errosWarning: TT: undefined function: 21
Warning: TT: undefined function: 21
Warning: TT: undefined function: 21
Warning: TT: undefined function: 32
Warning: TT: undefined function: 32
Warning: TT: undefined function: 32
Warning: TT: undefined function: 32
Warning: TT: undefined function: 32
Warning: TT: undefined function: 32
Warning: TT: undefined function: 32
Warning: TT: undefined function: 32
Warning: TT: undefined function: 32
Warning: TT: undefined function: 32
Warning: TT: undefined function: 32
Warning: TT: undefined function: 32
Warning: TT: undefined function: 32
Warning: TT: undefined function: 32
Warning: TT: undefined function: 32
Warning: TT: undefined function: 32
  18000/18182 · 17559 com texto · 441 vazios · 0 errosWarning: TT: undefined function: 32
Warning: TT: undefined function: 32
Warning: TT: undefined function: 32
Warning: TT: undefined function: 32
Warning: TT: undefined function: 32
Warning: TT: undefined function: 32
Warning: TT: undefined function: 32
Warning: TT: undefined function: 32
Warning: TT: undefined function: 32
Warning: TT: undefined function: 32
Warning: TT: undefined function: 32
Warning: TT: undefined function: 32
Warning: TT: undefined function: 32
Warning: TT: undefined function: 32
Warning: TT: undefined function: 32
Warning: TT: undefined function: 32
Warning: TT: undefined function: 32
Warning: TT: undefined function: 32
Warning: TT: undefined function: 32
Warning: TT: undefined function: 32
Warning: TT: undefined function: 32
Warning: TT: undefined function: 32
Warning: TT: undefined function: 21
Warning: TT: undefined function: 32
Warning: TT: undefined function: 32
Warning: TT: undefined function: 32
Warning: TT: undefined function: 32
Warning: TT: undefined function: 32
Warning: TT: undefined function: 32
Warning: TT: undefined function: 32
Warning: TT: undefined function: 21
  18100/18182 · 17659 com texto · 441 vazios · 0 errosWarning: TT: undefined function: 21
Warning: UnknownErrorException: Ensure that the `standardFontDataUrl` API parameter is provided.
Warning: TT: undefined function: 21
Warning: TT: undefined function: 21
Warning: TT: undefined function: 21
Warning: TT: undefined function: 21
Warning: TT: undefined function: 32
Warning: TT: undefined function: 32
Warning: TT: undefined function: 32
Warning: TT: undefined function: 32
Warning: TT: undefined function: 32
Warning: TT: undefined function: 32

✔ arquivo_texto_sc: 60.631 docs · 59.085 com texto (média 20275 chars)
==== 15/07/2026 15:09:44,04 :: DOWNLOAD ==== 
(node:14624) Warning: SECURITY WARNING: The SSL modes 'prefer', 'require', and 'verify-ca' are treated as aliases for 'verify-full'.
In the next major version (pg-connection-string v3.0.0 and pg v9.0.0), these modes will adopt standard libpq semantics, which have weaker security guarantees.

To prepare for this change:
- If you want the current behavior, explicitly use 'sslmode=verify-full'
- If you want libpq compatibility now, use 'uselibpqcompat=true&sslmode=require'

See https://www.postgresql.org/docs/current/libpq-ssl.html for libpq SSL mode definitions.
(Use `node --trace-warnings ...` to show where the warning was created)
0 documentos a baixar (seleção por plataforma/modalidade) · conc 3

✔ arquivo_texto_sc: 60.631 docs · 59.085 com texto (média 20275 chars)
==== 15/07/2026 15:24:44,11 :: DOWNLOAD ==== 
(node:12880) Warning: SECURITY WARNING: The SSL modes 'prefer', 'require', and 'verify-ca' are treated as aliases for 'verify-full'.
In the next major version (pg-connection-string v3.0.0 and pg v9.0.0), these modes will adopt standard libpq semantics, which have weaker security guarantees.

To prepare for this change:
- If you want the current behavior, explicitly use 'sslmode=verify-full'
- If you want libpq compatibility now, use 'uselibpqcompat=true&sslmode=require'

See https://www.postgresql.org/docs/current/libpq-ssl.html for libpq SSL mode definitions.
(Use `node --trace-warnings ...` to show where the warning was created)
0 documentos a baixar (seleção por plataforma/modalidade) · conc 3

✔ arquivo_texto_sc: 60.631 docs · 59.085 com texto (média 20275 chars)
==== 15/07/2026 15:39:44,10 :: DOWNLOAD ==== 
(node:8688) Warning: SECURITY WARNING: The SSL modes 'prefer', 'require', and 'verify-ca' are treated as aliases for 'verify-full'.
In the next major version (pg-connection-string v3.0.0 and pg v9.0.0), these modes will adopt standard libpq semantics, which have weaker security guarantees.

To prepare for this change:
- If you want the current behavior, explicitly use 'sslmode=verify-full'
- If you want libpq compatibility now, use 'uselibpqcompat=true&sslmode=require'

See https://www.postgresql.org/docs/current/libpq-ssl.html for libpq SSL mode definitions.
(Use `node --trace-warnings ...` to show where the warning was created)
150.090 documentos a baixar (universo = tipo do PNCP; título só ordena) · conc 3
Warning: TT: undefined function: 32
Warning: TT: undefined function: 32
Warning: TT: undefined function: 32
Warning: TT: undefined function: 32
Warning: TT: undefined function: 32
Warning: TT: undefined function: 21
Warning: TT: undefined function: 21
Warning: TT: undefined function: 21
Warning: TT: undefined function: 21
Warning: TT: undefined function: 21
Warning: TT: undefined function: 32
Warning: TT: undefined function: 32
Warning: TT: undefined function: 21
Warning: TT: undefined function: 32
Warning: TT: undefined function: 32
Warning: TT: undefined function: 32
Warning: TT: undefined function: 32
Warning: TT: undefined function: 32
Warning: TT: undefined function: 32
Warning: TT: undefined function: 32
Warning: TT: undefined function: 32
Warning: TT: undefined function: 32
Warning: TT: undefined function: 32
Warning: TT: undefined function: 21
Warning: TT: invalid function id: 136
Warning: TT: undefined function: 21
Warning: TT: undefined function: 21
Warning: TT: undefined function: 32
Warning: TT: undefined function: 32
Warning: TT: undefined function: 32
Warning: TT: undefined function: 32
Warning: TT: undefined function: 32
Warning: TT: undefined function: 32
Warning: TT: undefined function: 32
Warning: TT: undefined function: 32
Warning: TT: undefined function: 32
Warning: TT: undefined function: 21
Warning: TT: undefined function: 32
Warning: TT: undefined function: 32
Warning: TT: undefined function: 32
Warning: TT: undefined function: 32
Warning: TT: undefined function: 21
Warning: TT: undefined function: 21
  100/150090 · 99 com texto · 1 vazios · 0 errosWarning: TT: undefined function: 21
Warning: TT: undefined function: 21
Warning: TT: undefined function: 21
Warning: TT: undefined function: 21
Warning: TT: undefined function: 21
Warning: TT: undefined function: 32
Warning: TT: undefined function: 21
Warning: TT: undefined function: 21
Warning: TT: undefined function: 21
Warning: TT: undefined function: 21
Warning: TT: undefined function: 21
Warning: TT: undefined function: 21
Warning: TT: undefined function: 32
Warning: TT: undefined function: 32
Warning: TT: undefined function: 32
Warning: TT: undefined function: 21
Warning: TT: undefined function: 21
Warning: TT: undefined function: 21
Warning: TT: undefined function: 21
Warning: TT: undefined function: 21
Warning: TT: undefined function: 21
Warning: TT: undefined function: 32
Warning: TT: undefined function: 32
Warning: TT: undefined function: 32
Warning: TT: undefined function: 32
Warning: TT: undefined function: 32
Warning: TT: undefined function: 32
Warning: TT: undefined function: 32
Warning: TT: undefined function: 32
Warning: TT: undefined function: 32
Warning: TT: undefined function: 32
Warning: TT: undefined function: 32
Warning: TT: undefined function: 32
Warning: TT: undefined function: 21
Warning: TT: undefined function: 21
Warning: TT: undefined function: 21
Warning: TT: undefined function: 32
Warning: TT: undefined function: 32
Warning: TT: undefined function: 32
Warning: TT: undefined function: 21
Warning: TT: undefined function: 21
Warning: TT: undefined function: 32
  200/150090 · 197 com texto · 3 vazios · 0 errosWarning: TT: undefined function: 21
Warning: TT: undefined function: 21
Warning: TT: undefined function: 32
Warning: TT: undefined function: 32
Warning: TT: undefined function: 21
Warning: TT: undefined function: 32
Warning: TT: undefined function: 32
Warning: TT: undefined function: 32
Warning: TT: undefined function: 21
Warning: TT: undefined function: 32
Warning: TT: undefined function: 32
Warning: TT: undefined function: 32
Warning: TT: undefined function: 21
Warning: TT: undefined function: 21
Warning: TT: undefined function: 21
Warning: TT: undefined function: 21
Warning: TT: undefined function: 21
Warning: TT: undefined function: 21
Warning: TT: undefined function: 21
Warning: TT: undefined function: 21
Warning: TT: undefined function: 21
Warning: TT: undefined function: 21
Warning: TT: undefined function: 21
Warning: TT: undefined function: 32
Warning: TT: undefined function: 32
Warning: TT: undefined function: 32
Warning: TT: undefined function: 32
Warning: TT: undefined function: 32
Warning: TT: undefined function: 32
Warning: TT: undefined function: 21
Warning: TT: undefined function: 32
Warning: TT: undefined function: 32
Warning: TT: undefined function: 21
Warning: TT: undefined function: 32
Warning: TT: invalid function id: 136
Warning: TT: undefined function: 32
Warning: TT: undefined function: 32
Warning: TT: undefined function: 32
Warning: TT: undefined function: 32
Warning: TT: undefined function: 32
  300/150090 · 292 com texto · 8 vazios · 0 errosWarning: TT: undefined function: 32
Warning: TT: undefined function: 21
Warning: TT: undefined function: 32
Warning: TT: undefined function: 32
Warning: TT: undefined function: 32
Warning: TT: undefined function: 32
Warning: TT: undefined function: 32
Warning: TT: undefined function: 32
Warning: TT: undefined function: 32
Warning: TT: undefined function: 32
Warning: TT: undefined function: 32
Warning: TT: undefined function: 32
Warning: TT: undefined function: 32
Warning: TT: undefined function: 32
Warning: TT: undefined function: 32
Warning: TT: undefined function: 32
Warning: TT: undefined function: 32
Warning: TT: undefined function: 21
Warning: TT: invalid function id: 136
Warning: TT: undefined function: 32
Warning: TT: undefined function: 32
Warning: TT: undefined function: 32
Warning: TT: undefined function: 32
Warning: TT: undefined function: 32
Warning: TT: undefined function: 21
Warning: TT: undefined function: 21
Warning: TT: undefined function: 32
Warning: TT: undefined function: 32
Warning: TT: undefined function: 21
Warning: TT: undefined function: 21
Warning: TT: undefined function: 21
Warning: TT: undefined function: 21
Warning: TT: undefined function: 21
Warning: TT: undefined function: 21
Warning: TT: undefined function: 21
Warning: TT: undefined function: 21
Warning: TT: undefined function: 32
Warning: TT: undefined function: 21
Warning: TT: undefined function: 21
Warning: TT: undefined function: 21
Warning: TT: undefined function: 21
Warning: TT: undefined function: 21
Warning: TT: undefined function: 32
Warning: TT: undefined function: 32
  400/150090 · 382 com texto · 18 vazios · 0 errosWarning: TT: undefined function: 32
Warning: TT: undefined function: 21
Warning: TT: undefined function: 32
Warning: TT: undefined function: 32
Warning: TT: undefined function: 21
Warning: TT: undefined function: 21
Warning: TT: undefined function: 21
Warning: TT: undefined function: 21
Warning: TT: undefined function: 21
Warning: TT: undefined function: 21
Warning: TT: undefined function: 32
Warning: TT: undefined function: 21
Warning: TT: undefined function: 21
Warning: TT: undefined function: 21
Warning: TT: undefined function: 21
Warning: TT: undefined function: 21
Warning: TT: undefined function: 21
Warning: TT: undefined function: 21
Warning: TT: undefined function: 21
Warning: TT: undefined function: 21
Warning: TT: undefined function: 21
Warning: TT: undefined function: 32
Warning: TT: undefined function: 32
Warning: TT: undefined function: 21
Warning: TT: undefined function: 21
Warning: TT: undefined function: 32
Warning: TT: undefined function: 32
Warning: TT: undefined function: 32
Warning: TT: undefined function: 32
Warning: TT: undefined function: 32
Warning: TT: undefined function: 32
Warning: TT: undefined function: 32
Warning: TT: undefined function: 32
Warning: TT: undefined function: 32
Warning: TT: undefined function: 32
Warning: TT: undefined function: 32
Warning: TT: undefined function: 32
Warning: TT: undefined function: 21
Warning: TT: undefined function: 21
Warning: TT: undefined function: 21
Warning: TT: invalid function id: 136
Warning: TT: undefined function: 32
Warning: TT: undefined function: 32
Warning: TT: undefined function: 32
  500/150090 · 472 com texto · 28 vazios · 0 errosWarning: TT: undefined function: 32
Warning: TT: undefined function: 21
Warning: TT: undefined function: 21
Warning: TT: undefined function: 21
Warning: TT: undefined function: 32
Warning: TT: undefined function: 21
Warning: TT: undefined function: 32
Warning: TT: undefined function: 32
Warning: TT: undefined function: 32
Warning: TT: undefined function: 32
Warning: TT: undefined function: 21
Warning: TT: undefined function: 32
Warning: TT: undefined function: 32
Warning: TT: undefined function: 32
Warning: TT: undefined function: 32
Warning: TT: undefined function: 32
Warning: TT: undefined function: 32
Warning: TT: undefined function: 21
Warning: TT: undefined function: 21
Warning: TT: undefined function: 32
Warning: TT: undefined function: 21
Warning: TT: undefined function: 32
Warning: TT: undefined function: 32
Warning: TT: undefined function: 32
Warning: TT: undefined function: 21
Warning: TT: undefined function: 32
Warning: TT: undefined function: 21
Warning: TT: undefined function: 21
Warning: TT: invalid function id: 136
Warning: TT: invalid function id: 136
Warning: TT: undefined function: 21
Warning: TT: invalid function id: 136
Warning: TT: undefined function: 32
Warning: TT: undefined function: 21
Warning: TT: undefined function: 21
Warning: TT: undefined function: 21
Warning: TT: undefined function: 21
Warning: TT: undefined function: 21
Warning: TT: undefined function: 21
Warning: TT: undefined function: 21
Warning: TT: undefined function: 32
Warning: TT: undefined function: 32
Warning: TT: undefined function: 21
Warning: TT: undefined function: 21
Warning: TT: undefined function: 32
Warning: TT: undefined function: 32
Warning: TT: undefined function: 21
Warning: TT: undefined function: 21
Warning: TT: undefined function: 21
Warning: TT: undefined function: 21
Warning: TT: undefined function: 21
Warning: TT: undefined function: 21
Warning: TT: undefined function: 21
Warning: TT: undefined function: 21
Warning: TT: undefined function: 21
Warning: TT: undefined function: 21
Warning: TT: undefined function: 21
Warning: TT: undefined function: 32
Warning: TT: undefined function: 21
Warning: TT: invalid function id: 136
Warning: TT: undefined function: 21
Warning: TT: undefined function: 32
  600/150090 · 572 com texto · 28 vazios · 0 errosWarning: TT: undefined function: 3
Warning: TT: undefined function: 21
Warning: TT: undefined function: 32
Warning: TT: undefined function: 21
Warning: TT: undefined function: 21
Warning: TT: undefined function: 32
Warning: TT: undefined function: 32
Warning: TT: undefined function: 32
Warning: TT: undefined function: 32
Warning: TT: undefined function: 32
Warning: TT: undefined function: 32
Warning: TT: undefined function: 32
Warning: TT: undefined function: 21
Warning: TT: undefined function: 32
Warning: TT: undefined function: 32
Warning: TT: undefined function: 32
Warning: TT: undefined function: 32
Warning: TT: undefined function: 32
Warning: TT: undefined function: 32
Warning: TT: undefined function: 32
Warning: TT: undefined function: 32
Warning: TT: undefined function: 32
Warning: TT: undefined function: 32
Warning: TT: undefined function: 32
Warning: TT: undefined function: 32
Warning: TT: undefined function: 32
Warning: TT: undefined function: 32
Warning: TT: undefined function: 32
Warning: TT: undefined function: 32
Warning: TT: undefined function: 32
Warning: TT: undefined function: 32
Warning: TT: undefined function: 21
Warning: TT: undefined function: 21
Warning: TT: undefined function: 21
Warning: TT: undefined function: 21
Warning: TT: undefined function: 21
Warning: TT: undefined function: 21
Warning: TT: undefined function: 21
Warning: TT: undefined function: 21
Warning: TT: undefined function: 21
Warning: TT: undefined function: 21
Warning: TT: invalid function id: 136
Warning: TT: undefined function: 32
Warning: TT: undefined function: 32
Warning: TT: undefined function: 32
Warning: TT: undefined function: 32
Warning: TT: undefined function: 32
Warning: TT: undefined function: 32
Warning: TT: undefined function: 32
Warning: TT: undefined function: 32
Warning: TT: undefined function: 21
Warning: TT: undefined function: 32
Warning: TT: undefined function: 32
Warning: TT: undefined function: 32
Warning: TT: undefined function: 32
Warning: TT: undefined function: 32
Warning: TT: undefined function: 32
Warning: TT: undefined function: 32
Warning: TT: undefined function: 32
Warning: TT: undefined function: 32
Warning: TT: undefined function: 32
Warning: TT: undefined function: 32
Warning: TT: undefined function: 32
Warning: TT: undefined function: 32
Warning: TT: undefined function: 32
Warning: TT: undefined function: 32
Warning: TT: undefined function: 32
Warning: TT: undefined function: 21
Warning: TT: undefined function: 32
Warning: TT: undefined function: 32
Warning: TT: undefined function: 21
Warning: TT: undefined function: 21
Warning: TT: undefined function: 21
Warning: TT: undefined function: 21
Warning: TT: undefined function: 21
Warning: TT: undefined function: 21
Warning: TT: undefined function: 32
Warning: TT: undefined function: 32
Warning: TT: undefined function: 21
Warning: TT: undefined function: 32
Warning: TT: undefined function: 32
Warning: TT: undefined function: 32
Warning: TT: undefined function: 32
Warning: TT: undefined function: 32
Warning: TT: undefined function: 32
Warning: TT: undefined function: 32
Warning: TT: undefined function: 32
Warning: TT: undefined function: 32
Warning: TT: undefined function: 32
Warning: TT: undefined function: 21
Warning: TT: undefined function: 21
Warning: TT: undefined function: 21
Warning: TT: undefined function: 21
Warning: TT: undefined function: 32
Warning: TT: undefined function: 32
Warning: TT: undefined function: 21
Warning: TT: undefined function: 21
Warning: TT: undefined function: 21
Warning: TT: undefined function: 21
Warning: TT: undefined function: 21
Warning: TT: undefined function: 21
Warning: TT: undefined function: 21
Warning: TT: undefined function: 21
  700/150090 · 671 com texto · 29 vazios · 0 errosWarning: TT: undefined function: 21
Warning: TT: undefined function: 21
Warning: TT: undefined function: 21
Warning: TT: undefined function: 21
Warning: TT: undefined function: 21
Warning: TT: undefined function: 32
Warning: TT: undefined function: 21
Warning: TT: undefined function: 21
Warning: TT: undefined function: 21
Warning: TT: undefined function: 32
Warning: TT: undefined function: 32
Warning: TT: undefined function: 21
Warning: TT: undefined function: 21
Warning: TT: undefined function: 21
Warning: TT: undefined function: 21
Warning: TT: undefined function: 21
Warning: TT: undefined function: 21
Warning: TT: undefined function: 32
Warning: TT: undefined function: 32
Warning: TT: undefined function: 32
Warning: TT: undefined function: 32
Warning: TT: undefined function: 32
Warning: TT: undefined function: 32
Warning: TT: undefined function: 32
Warning: TT: undefined function: 21
Warning: TT: undefined function: 21
Warning: TT: undefined function: 21
Warning: TT: undefined function: 21
Warning: TT: undefined function: 21
Warning: TT: undefined function: 21
Warning: TT: undefined function: 32
Warning: TT: undefined function: 21
Warning: TT: undefined function: 21
Warning: TT: undefined function: 21
Warning: TT: undefined function: 21
Warning: TT: undefined function: 21
Warning: TT: undefined function: 21
Warning: TT: undefined function: 21
Warning: TT: undefined function: 21
Warning: TT: undefined function: 21
Warning: TT: undefined function: 21
Warning: TT: undefined function: 21
Warning: TT: undefined function: 21
Warning: TT: undefined function: 21
Warning: TT: undefined function: 21
Warning: TT: undefined function: 21
Warning: TT: undefined function: 21
Warning: TT: undefined function: 21
Warning: TT: undefined function: 21
Warning: TT: undefined function: 21
Warning: TT: undefined function: 21
Warning: TT: undefined function: 21
  800/150090 · 767 com texto · 33 vazios · 0 errosWarning: TT: undefined function: 21
Warning: TT: undefined function: 21
Warning: TT: undefined function: 32
Warning: TT: undefined function: 21
Warning: TT: undefined function: 21
Warning: TT: undefined function: 21
Warning: TT: undefined function: 21
Warning: TT: undefined function: 32
Warning: TT: undefined function: 32
Warning: TT: undefined function: 21
Warning: TT: undefined function: 21
Warning: TT: undefined function: 21
Warning: TT: undefined function: 32
Warning: TT: undefined function: 32
Warning: TT: undefined function: 32
Warning: TT: undefined function: 32
Warning: TT: undefined function: 32
Warning: TT: undefined function: 32
Warning: TT: undefined function: 32
Warning: TT: undefined function: 32
Warning: TT: undefined function: 32
Warning: TT: undefined function: 32
Warning: TT: undefined function: 32
Warning: TT: undefined function: 32
Warning: TT: undefined function: 32
Warning: TT: undefined function: 32
Warning: TT: undefined function: 32
Warning: TT: undefined function: 21
Warning: TT: undefined function: 32
Warning: TT: undefined function: 21
Warning: TT: undefined function: 21
Warning: TT: undefined function: 21
Warning: TT: undefined function: 32
Warning: TT: undefined function: 21
Warning: TT: undefined function: 32
Warning: TT: undefined function: 32
Warning: TT: undefined function: 32
Warning: TT: undefined function: 21
Warning: TT: undefined function: 32
Warning: TT: undefined function: 32
Warning: TT: undefined function: 32
Warning: TT: undefined function: 32
Warning: TT: undefined function: 32
Warning: TT: undefined function: 32
Warning: TT: undefined function: 32
Warning: TT: undefined function: 32
Warning: TT: undefined function: 32
Warning: TT: undefined function: 32
Warning: TT: undefined function: 32
Warning: TT: undefined function: 32
Warning: TT: undefined function: 32
Warning: TT: undefined function: 32
Warning: TT: undefined function: 21
Warning: TT: undefined function: 32
Warning: TT: undefined function: 32
Warning: TT: undefined function: 32
Warning: TT: undefined function: 32
Warning: TT: undefined function: 32
Warning: TT: undefined function: 32
Warning: TT: undefined function: 21
Warning: TT: undefined function: 21
Warning: TT: undefined function: 32
Warning: TT: undefined function: 32
Warning: TT: undefined function: 32
Warning: TT: undefined function: 21
Warning: TT: undefined function: 21
Warning: TT: undefined function: 32
Warning: TT: undefined function: 32
Warning: TT: undefined function: 32
Warning: TT: undefined function: 32
  900/150090 · 861 com texto · 39 vazios · 0 errosWarning: TT: undefined function: 21
Warning: TT: undefined function: 21
Warning: TT: undefined function: 21
Warning: TT: undefined function: 32
Warning: TT: undefined function: 21
Warning: TT: undefined function: 21
Warning: TT: undefined function: 32
Warning: TT: undefined function: 21
Warning: TT: undefined function: 32
Warning: TT: undefined function: 32
Warning: TT: undefined function: 32
Warning: TT: undefined function: 21
Warning: TT: undefined function: 21
Warning: TT: undefined function: 21
Warning: TT: undefined function: 21
Warning: TT: undefined function: 21
Warning: TT: undefined function: 21
Warning: TT: undefined function: 21
Warning: TT: undefined function: 21
Warning: TT: undefined function: 21
Warning: TT: undefined function: 21
Warning: TT: undefined function: 21
Warning: TT: undefined function: 21
Warning: TT: undefined function: 21
  1000/150090 · 957 com texto · 43 vazios · 0 errosWarning: UnknownErrorException: Ensure that the `standardFontDataUrl` API parameter is provided.
Warning: UnknownErrorException: Ensure that the `standardFontDataUrl` API parameter is provided.
Warning: UnknownErrorException: Ensure that the `standardFontDataUrl` API parameter is provided.
Warning: TT: undefined function: 21
Warning: TT: undefined function: 32
Warning: TT: undefined function: 21
Warning: TT: undefined function: 21
Warning: TT: undefined function: 21
Warning: TT: undefined function: 21
Warning: TT: undefined function: 21
Warning: TT: undefined function: 21
Warning: TT: invalid function id: 136
Warning: TT: undefined function: 21
Warning: TT: undefined function: 21
Warning: TT: undefined function: 21
Warning: TT: undefined function: 21
Warning: TT: undefined function: 21
Warning: TT: undefined function: 21
Warning: TT: undefined function: 21
Warning: TT: undefined function: 21
Warning: TT: undefined function: 21
Warning: TT: undefined function: 21
Warning: TT: undefined function: 21
Warning: TT: undefined function: 32
Warning: TT: undefined function: 21
Warning: TT: undefined function: 32
Warning: TT: undefined function: 32
Warning: TT: undefined function: 21
Warning: TT: undefined function: 21
Warning: TT: undefined function: 21
Warning: TT: undefined function: 21
Warning: TT: undefined function: 21
Warning: TT: undefined function: 21
Warning: TT: undefined function: 21
Warning: TT: undefined function: 21
Warning: TT: undefined function: 21
Warning: TT: undefined function: 32
Warning: TT: undefined function: 32
Warning: TT: undefined function: 32
Warning: TT: undefined function: 21
Warning: TT: undefined function: 32
Warning: TT: undefined function: 21
Warning: TT: undefined function: 21
Warning: TT: undefined function: 21
Warning: TT: undefined function: 21
Warning: TT: undefined function: 21
Warning: TT: undefined function: 21
Warning: TT: undefined function: 21
Warning: TT: undefined function: 21
Warning: TT: undefined function: 21
Warning: TT: undefined function: 21
Warning: TT: undefined function: 21
Warning: TT: undefined function: 21
Warning: TT: undefined function: 21
Warning: TT: invalid function id: 136
Warning: TT: undefined function: 21
Warning: TT: undefined function: 21
Warning: TT: undefined function: 21
  1100/150090 · 1052 com texto · 48 vazios · 0 errosWarning: TT: undefined function: 32
Warning: TT: undefined function: 32
Warning: TT: undefined function: 32
Warning: TT: undefined function: 32
Warning: TT: undefined function: 32
Warning: TT: undefined function: 32
Warning: TT: undefined function: 32
Warning: TT: undefined function: 32
Warning: TT: undefined function: 32
Warning: TT: undefined function: 21
Warning: TT: undefined function: 32
Warning: TT: undefined function: 32
Warning: TT: undefined function: 32
Warning: TT: undefined function: 32
Warning: TT: undefined function: 32
Warning: TT: undefined function: 21
Warning: TT: undefined function: 32
Warning: TT: undefined function: 21
Warning: TT: undefined function: 21
Warning: TT: undefined function: 32
Warning: TT: undefined function: 21
Warning: TT: undefined function: 32
Warning: TT: undefined function: 21
Warning: TT: undefined function: 21
Warning: TT: undefined function: 21
Warning: TT: undefined function: 21
Warning: TT: undefined function: 21
Warning: TT: undefined function: 21
Warning: TT: undefined function: 21
Warning: TT: undefined function: 21
Warning: TT: undefined function: 21
Warning: TT: undefined function: 32
Warning: TT: undefined function: 32
  1200/150090 · 1148 com texto · 52 vazios · 0 errosWarning: TT: undefined function: 21
Warning: TT: undefined function: 21
Warning: TT: undefined function: 21
Warning: TT: undefined function: 21
Warning: TT: undefined function: 21
Warning: TT: undefined function: 32
Warning: TT: undefined function: 21
Warning: TT: undefined function: 21
  1300/150090 · 1248 com texto · 52 vazios · 0 errosWarning: TT: undefined function: 21
Warning: TT: undefined function: 21
Warning: Required "glyf" table is not found -- trying to recover.
Warning: TT: undefined function: 32
Warning: TT: undefined function: 21
Warning: TT: undefined function: 21
Warning: TT: undefined function: 21
Warning: TT: undefined function: 32
Warning: TT: undefined function: 21
Warning: TT: undefined function: 32
Warning: TT: undefined function: 32
Warning: TT: undefined function: 32
Warning: TT: undefined function: 32
Warning: TT: undefined function: 21
Warning: TT: undefined function: 32
Warning: TT: undefined function: 21
Warning: TT: undefined function: 21
Warning: TT: undefined function: 32
Warning: TT: undefined function: 21
Warning: TT: undefined function: 21
Warning: TT: undefined function: 21
Warning: TT: undefined function: 21
Warning: TT: undefined function: 21
Warning: TT: undefined function: 21
Warning: TT: invalid function id: 136
Warning: TT: undefined function: 21
Warning: TT: undefined function: 21
Warning: TT: undefined function: 21
Warning: TT: undefined function: 21
Warning: TT: undefined function: 21
Warning: TT: undefined function: 32
Warning: TT: undefined function: 32
Warning: TT: undefined function: 21
Warning: TT: undefined function: 32
Warning: TT: invalid function id: 136
Warning: TT: undefined function: 21
Warning: TT: undefined function: 21
Warning: TT: undefined function: 32
Warning: TT: undefined function: 21
Warning: TT: undefined function: 32
  1400/150090 · 1346 com texto · 54 vazios · 0 errosWarning: TT: undefined function: 32
Warning: TT: undefined function: 32
Warning: TT: undefined function: 32
Warning: TT: undefined function: 32
Warning: TT: undefined function: 32
Warning: TT: undefined function: 32
Warning: TT: undefined function: 32
Warning: TT: undefined function: 32
Warning: TT: undefined function: 32
Warning: TT: undefined function: 32
Warning: TT: undefined function: 32
Warning: TT: undefined function: 32
Warning: TT: undefined function: 21
Warning: TT: undefined function: 21
Warning: TT: undefined function: 32
Warning: TT: undefined function: 32
Warning: TT: undefined function: 32
Warning: TT: undefined function: 32
Warning: TT: undefined function: 32
Warning: TT: undefined function: 32
Warning: TT: undefined function: 32
Warning: TT: undefined function: 32
Warning: TT: undefined function: 32
Warning: TT: undefined function: 32
Warning: TT: undefined function: 32
Warning: TT: undefined function: 32
Warning: TT: undefined function: 21
Warning: TT: undefined function: 32
Warning: TT: undefined function: 32
Warning: TT: undefined function: 32
Warning: TT: invalid function id: 136
Warning: TT: undefined function: 21
Warning: TT: undefined function: 21
Warning: TT: undefined function: 32
Warning: TT: undefined function: 21
Warning: TT: undefined function: 21
Warning: TT: undefined function: 21
Warning: TT: undefined function: 21
  1500/150090 · 1444 com texto · 56 vazios · 0 errosWarning: TT: undefined function: 32
Warning: TT: undefined function: 32
Warning: TT: undefined function: 21
Warning: TT: undefined function: 32
Warning: TT: undefined function: 32
Warning: TT: undefined function: 21
Warning: TT: undefined function: 21
Warning: TT: undefined function: 21
Warning: TT: undefined function: 21
Warning: TT: invalid function id: 136
Warning: TT: undefined function: 21
Warning: TT: undefined function: 21
Warning: TT: undefined function: 21
Warning: TT: undefined function: 21
Warning: TT: undefined function: 21
Warning: TT: undefined function: 32
Warning: TT: undefined function: 21
Warning: TT: undefined function: 21
Warning: TT: undefined function: 21
Warning: TT: undefined function: 21
Warning: TT: undefined function: 21
Warning: TT: undefined function: 21
Warning: TT: undefined function: 21
Warning: TT: undefined function: 32
Warning: TT: undefined function: 21
Warning: TT: undefined function: 21
Warning: TT: undefined function: 21
Warning: TT: undefined function: 21
Warning: TT: undefined function: 21
Warning: TT: undefined function: 21
Warning: TT: undefined function: 32
Warning: TT: undefined function: 32
Warning: TT: undefined function: 32
Warning: TT: undefined function: 32
Warning: TT: undefined function: 32
Warning: TT: undefined function: 32
Warning: TT: undefined function: 32
Warning: TT: undefined function: 32
Warning: TT: undefined function: 21
Warning: TT: undefined function: 21
Warning: TT: undefined function: 21
Warning: TT: undefined function: 21
Warning: TT: undefined function: 32
Warning: TT: undefined function: 32
Warning: TT: undefined function: 32
Warning: TT: undefined function: 32
Warning: TT: undefined function: 32
Warning: TT: undefined function: 32
Warning: TT: undefined function: 32
Warning: TT: undefined function: 32
Warning: TT: undefined function: 32
Warning: TT: undefined function: 32
Warning: TT: undefined function: 32
Warning: TT: undefined function: 32
Warning: TT: undefined function: 32
Warning: TT: undefined function: 32
Warning: TT: undefined function: 32
Warning: TT: undefined function: 32
Warning: TT: undefined function: 32
Warning: TT: undefined function: 32
Warning: TT: undefined function: 32
Warning: TT: undefined function: 32
Warning: TT: undefined function: 32
Warning: TT: undefined function: 32
Warning: TT: undefined function: 32
Warning: TT: undefined function: 32
Warning: TT: undefined function: 32
Warning: TT: undefined function: 32
Warning: TT: undefined function: 32
Warning: TT: undefined function: 21
Warning: TT: undefined function: 32
Warning: TT: undefined function: 32
Warning: TT: undefined function: 32
Warning: TT: undefined function: 32
Warning: TT: undefined function: 32
Warning: TT: undefined function: 32
  1600/150090 · 1539 com texto · 61 vazios · 0 errosWarning: TT: undefined function: 32
Warning: TT: undefined function: 32
Warning: TT: undefined function: 32
Warning: TT: undefined function: 32
Warning: TT: undefined function: 32
Warning: TT: undefined function: 32
Warning: TT: undefined function: 21
Warning: TT: undefined function: 21
Warning: TT: undefined function: 32
Warning: TT: undefined function: 32
Warning: TT: undefined function: 32
Warning: TT: undefined function: 32
Warning: TT: undefined function: 32
Warning: TT: invalid function id: 136
Warning: TT: undefined function: 21
Warning: TT: undefined function: 21
Warning: TT: undefined function: 32
Warning: TT: undefined function: 32
Warning: TT: undefined function: 32
Warning: TT: undefined function: 21
Warning: TT: invalid function id: 136
Warning: TT: invalid function id: 136
Warning: TT: undefined function: 21
Warning: TT: undefined function: 21
Warning: TT: undefined function: 21
Warning: TT: undefined function: 32
Warning: TT: undefined function: 32
Warning: TT: undefined function: 21
Warning: TT: undefined function: 32
Warning: TT: invalid function id: 136
Warning: TT: undefined function: 21
Warning: TT: undefined function: 21
Warning: TT: undefined function: 32
Warning: TT: undefined function: 21
Warning: TT: undefined function: 21
Warning: TT: undefined function: 21
Warning: TT: invalid function id: 136
Warning: TT: undefined function: 21
Warning: TT: undefined function: 32
Warning: TT: undefined function: 32
Warning: TT: undefined function: 32
Warning: TT: undefined function: 21
Warning: TT: undefined function: 32
Warning: TT: undefined function: 21
Warning: TT: undefined function: 21
Warning: TT: undefined function: 32
Warning: TT: undefined function: 32
Warning: TT: undefined function: 32
Warning: TT: undefined function: 32
Warning: TT: undefined function: 32
Warning: TT: undefined function: 32
Warning: TT: undefined function: 32
Warning: TT: undefined function: 32
Warning: TT: undefined function: 32
Warning: TT: undefined function: 32
Warning: TT: undefined function: 32
Warning: TT: undefined function: 32
Warning: TT: undefined function: 32
  1700/150090 · 1633 com texto · 67 vazios · 0 errosWarning: TT: undefined function: 32
Warning: TT: undefined function: 21
Warning: TT: undefined function: 21
Warning: TT: undefined function: 21
Warning: TT: undefined function: 32
Warning: TT: undefined function: 21
Warning: TT: undefined function: 21
Warning: TT: undefined function: 21
Warning: TT: undefined function: 21
Warning: TT: undefined function: 21
Warning: TT: undefined function: 21
Warning: TT: undefined function: 21
Warning: TT: undefined function: 32
Warning: TT: undefined function: 32
Warning: TT: undefined function: 32
Warning: TT: undefined function: 32
Warning: TT: undefined function: 32
Warning: TT: undefined function: 32
Warning: TT: undefined function: 32
Warning: TT: undefined function: 32
Warning: TT: undefined function: 32
Warning: TT: undefined function: 32
Warning: TT: undefined function: 32
Warning: TT: undefined function: 21
Warning: TT: undefined function: 32
Warning: TT: undefined function: 32
Warning: TT: undefined function: 32
Warning: TT: undefined function: 32
Warning: TT: undefined function: 32
Warning: TT: undefined function: 32
Warning: TT: undefined function: 32
Warning: TT: undefined function: 32
Warning: TT: undefined function: 32
Warning: TT: undefined function: 32
Warning: TT: undefined function: 32
Warning: TT: undefined function: 32
Warning: TT: undefined function: 32
Warning: TT: undefined function: 32
Warning: TT: undefined function: 32
Warning: TT: undefined function: 32
Warning: TT: undefined function: 32
Warning: TT: undefined function: 21
Warning: TT: undefined function: 32
Warning: TT: undefined function: 21
Warning: TT: undefined function: 21
Warning: TT: undefined function: 21
Warning: TT: undefined function: 32
Warning: TT: undefined function: 32
Warning: TT: undefined function: 32
Warning: TT: undefined function: 32
Warning: TT: undefined function: 32
Warning: TT: undefined function: 32
Warning: TT: undefined function: 32
Warning: TT: undefined function: 32
Warning: TT: undefined function: 21
Warning: TT: undefined function: 21
Warning: TT: invalid function id: 136
Warning: TT: invalid function id: 136
Warning: TT: undefined function: 32
Warning: TT: undefined function: 21
Warning: TT: undefined function: 21
  1800/150090 · 1732 com texto · 68 vazios · 0 errosWarning: TT: invalid function id: 136
Warning: TT: undefined function: 21
Warning: TT: undefined function: 21
Warning: TT: undefined function: 21
Warning: TT: invalid function id: 136
Warning: TT: invalid function id: 136
Warning: TT: invalid function id: 136
Warning: TT: undefined function: 21
Warning: TT: undefined function: 21
Warning: TT: undefined function: 32
Warning: TT: undefined function: 32
Warning: TT: undefined function: 21
Warning: TT: undefined function: 32
Warning: TT: undefined function: 32
Warning: TT: undefined function: 21
Warning: TT: undefined function: 32
Warning: TT: undefined function: 21
Warning: TT: undefined function: 21
Warning: TT: undefined function: 21
Warning: TT: invalid function id: 136
Warning: TT: undefined function: 32
Warning: TT: undefined function: 32
Warning: Incorrect 'loca' table length -- attempting to fix it.
Warning: Incorrect 'loca' table length -- attempting to fix it.
Warning: Incorrect 'loca' table length -- attempting to fix it.
Warning: Incorrect 'loca' table length -- attempting to fix it.
Warning: Incorrect 'loca' table length -- attempting to fix it.
Warning: Incorrect 'loca' table length -- attempting to fix it.
Warning: Incorrect 'loca' table length -- attempting to fix it.
Warning: Incorrect 'loca' table length -- attempting to fix it.
Warning: Incorrect 'loca' table length -- attempting to fix it.
Warning: Incorrect 'loca' table length -- attempting to fix it.
Warning: TT: undefined function: 21
Warning: TT: undefined function: 32
Warning: Incorrect 'loca' table length -- attempting to fix it.
Warning: TT: undefined function: 32
Warning: TT: undefined function: 32
Warning: Incorrect 'loca' table length -- attempting to fix it.
Warning: Incorrect 'loca' table length -- attempting to fix it.
Warning: TT: undefined function: 21
Warning: TT: undefined function: 21
  1900/150090 · 1830 com texto · 70 vazios · 0 errosWarning: TT: undefined function: 21
Warning: TT: undefined function: 32
Warning: TT: undefined function: 21
Warning: TT: undefined function: 21
Warning: TT: undefined function: 21
Warning: TT: undefined function: 32
Warning: TT: undefined function: 21
Warning: TT: undefined function: 32
Warning: TT: undefined function: 21
