(node:9900) Warning: SECURITY WARNING: The SSL modes 'prefer', 'require', and 'verify-ca' are treated as aliases for 'verify-full'.
In the next major version (pg-connection-string v3.0.0 and pg v9.0.0), these modes will adopt standard libpq semantics, which have weaker security guarantees.

To prepare for this change:
- If you want the current behavior, explicitly use 'sslmode=verify-full'
- If you want libpq compatibility now, use 'uselibpqcompat=true&sslmode=require'

See https://www.postgresql.org/docs/current/libpq-ssl.html for libpq SSL mode definitions.
(Use `node --trace-warnings ...` to show where the warning was created)
Itens: 161669 processos pendentes (de 241302 no PNCP/SC)...
  …20/161669
  …40/161669
  …60/161669
  …80/161669
  …100/161669
  …120/161669
  …140/161669
  …160/161669
  …180/161669
  …200/161669
  …220/161669
  …240/161669
  …260/161669
  …280/161669
  …300/161669
  …320/161669
  …340/161669
  …360/161669
  …380/161669
  …400/161669
  …420/161669
  …440/161669
  …460/161669
  …480/161669
  …500/161669
  …520/161669
  …540/161669
  …560/161669
  …580/161669
  …600/161669
  …620/161669
  …640/161669
  …660/161669
  …680/161669
  …700/161669
  …720/161669
  …740/161669
  …760/161669
  …780/161669
  …800/161669
  …820/161669
  …840/161669
  …860/161669
  …880/161669
  …900/161669
  …920/161669
  …940/161669
  …960/161669
  …980/161669
  …1000/161669
  …1020/161669
  …1040/161669
  …1060/161669
  …1080/161669
  …1100/161669
  …1120/161669
  …1140/161669
  …1160/161669
  …1180/161669
  …1200/161669
  …1220/161669
  …1240/161669
  …1260/161669
  …1280/161669
  …1300/161669
  …1320/161669
  …1340/161669
  …1360/161669
  …1380/161669
  …1400/161669
  …1420/161669
  …1440/161669
  …1460/161669
  …1480/161669
  …1500/161669
  …1520/161669
  …1540/161669
  …1560/161669
  …1580/161669
  …1600/161669
  …1620/161669
  …1640/161669
  …1660/161669
  …1680/161669
  …1700/161669
  …1720/161669
  …1740/161669
  …1760/161669
  …1780/161669
  …1800/161669
  …1820/161669
  …1840/161669
  …1860/161669
  …1880/161669
  …1900/161669
  …1920/161669
  …1940/161669
  …1960/161669
  …1980/161669
  …2000/161669
  …2020/161669
  …2040/161669
  …2060/161669
  …2080/161669
  …2100/161669
  …2120/161669
  …2140/161669
  …2160/161669
  …2180/161669
  …2200/161669
  …2220/161669
  …2240/161669
  …2260/161669
  …2280/161669
  …2300/161669
  …2320/161669
  …2340/161669
  …2360/161669
  …2380/161669
  …2400/161669
  …2420/161669
  …2440/161669
  …2460/161669
  …2480/161669
  …2500/161669
  …2520/161669
  …2540/161669
  …2560/161669
  …2580/161669
  …2600/161669
  …2620/161669
  …2640/161669
  …2660/161669
  …2680/161669
  …2700/161669
  …2720/161669
  …2740/161669
  …2760/161669
  …2780/161669
  …2800/161669
  …2820/161669
  …2840/161669
  …2860/161669
  …2880/161669
  …2900/161669
  …2920/161669
  …2940/161669
  …2960/161669
  …2980/161669
  …3000/161669
  …3020/161669
  …3040/161669
  …3060/161669
  …3080/161669
  …3100/161669
  …3120/161669
  …3140/161669
  …3160/161669
  …3180/161669
  …3200/161669
  …3220/161669
  …3240/161669
  …3260/161669
  …3280/161669
  …3300/161669
  …3320/161669
  …3340/161669
  …3360/161669
  …3380/161669
  …3400/161669
  …3420/161669
  …3440/161669
  …3460/161669
  …3480/161669
  …3500/161669
  …3520/161669
  …3540/161669
  …3560/161669
  …3580/161669
  …3600/161669
  …3620/161669
  …3640/161669
  …3660/161669
  …3680/161669
  …3700/161669
  …3720/161669
  …3740/161669
  …3760/161669
  …3780/161669
  …3800/161669
  …3820/161669
  …3840/161669
  …3860/161669
  …3880/161669
  …3900/161669
  …3920/161669
  …3940/161669
  …3960/161669
  …3980/161669
  …4000/161669
  …4020/161669
  …4040/161669
  …4060/161669
  …4080/161669
  …4100/161669
  …4120/161669
  …4140/161669
  …4160/161669
  …4180/161669
  …4200/161669
  …4220/161669
  …4240/161669
  …4260/161669
  …4280/161669
  …4300/161669
  …4320/161669
  …4340/161669
  …4360/161669
  …4380/161669
  …4400/161669
  …4420/161669
  …4440/161669
  …4460/161669
  …4480/161669
  …4500/161669
  …4520/161669
  …4540/161669
  …4560/161669
  …4580/161669
  …4600/161669
  …4620/161669
  …4640/161669
  …4660/161669
  …4680/161669
  …4700/161669
  …4720/161669
  …4740/161669
  …4760/161669
  …4780/161669
  …4800/161669
  …4820/161669
  …4840/161669
  …4860/161669
  …4880/161669
  …4900/161669
  …4920/161669
  …4940/161669
  …4960/161669
  …4980/161669
  …5000/161669
  …5020/161669
  …5040/161669
  …5060/161669
  …5080/161669
  …5100/161669
  …5120/161669
  …5140/161669
  …5160/161669
  …5180/161669
  …5200/161669
  …5220/161669
  …5240/161669
  …5260/161669
  …5280/161669
  …5300/161669
  …5320/161669
  …5340/161669
  …5360/161669
  …5380/161669
  …5400/161669
  …5420/161669
  …5440/161669
  …5460/161669
  …5480/161669
  …5500/161669
  …5520/161669
  …5540/161669
  …5560/161669
  …5580/161669
  …5600/161669
  …5620/161669
  …5640/161669
  …5660/161669
  …5680/161669
  …5700/161669
  …5720/161669
  …5740/161669
  …5760/161669
  …5780/161669
  …5800/161669
  …5820/161669
  …5840/161669
  …5860/161669
  …5880/161669
  …5900/161669
  …5920/161669
  …5940/161669
  …5960/161669
  …5980/161669
  …6000/161669
  …6020/161669
  …6040/161669
  …6060/161669
  …6080/161669
  …6100/161669
  …6120/161669
  …6140/161669
  …6160/161669
  …6180/161669
  …6200/161669
  …6220/161669
  …6240/161669
  …6260/161669
  …6280/161669
  …6300/161669
  …6320/161669
  …6340/161669
  …6360/161669
  …6380/161669
  …6400/161669
  …6420/161669
  …6440/161669
  …6460/161669
  …6480/161669
  …6500/161669
  …6520/161669
  …6540/161669
  …6560/161669
  …6580/161669
  …6600/161669
  …6620/161669
  …6640/161669
  …6660/161669
  …6680/161669
  …6700/161669
  …6720/161669
  …6740/161669
  …6760/161669
  …6780/161669
  …6800/161669
  …6820/161669
  …6840/161669
  …6860/161669
  …6880/161669
  …6900/161669
  …6920/161669
  …6940/161669
  …6960/161669
  …6980/161669
  …7000/161669
  …7020/161669
  …7040/161669
  …7060/161669
  …7080/161669
  …7100/161669
  …7120/161669
  …7140/161669
  …7160/161669
  …7180/161669
  …7200/161669
  …7220/161669
  …7240/161669
  …7260/161669
  …7280/161669
  …7300/161669
  …7320/161669
  …7340/161669
  …7360/161669
  …7380/161669
  …7400/161669
  …7420/161669
  …7440/161669
  …7460/161669
  …7480/161669
  …7500/161669
  …7520/161669
  …7540/161669
  …7560/161669
  …7580/161669
  …7600/161669
  …7620/161669
  …7640/161669
  …7660/161669
  …7680/161669
  …7700/161669
  …7720/161669
  …7740/161669
  …7760/161669
  …7780/161669
  …7800/161669
  …7820/161669
  …7840/161669
  …7860/161669
  …7880/161669
  …7900/161669
  …7920/161669
  …7940/161669
  …7960/161669
  …7980/161669
  …8000/161669
  …8020/161669
  …8040/161669
  …8060/161669
  …8080/161669
  …8100/161669
  …8120/161669
  …8140/161669
  …8160/161669
  …8180/161669
  …8200/161669
  …8220/161669
  …8240/161669
  …8260/161669
  …8280/161669
  …8300/161669
  …8320/161669
  …8340/161669
  …8360/161669
  …8380/161669
  …8400/161669
  …8420/161669
  …8440/161669
  …8460/161669
  …8480/161669
  …8500/161669
  …8520/161669
  …8540/161669
  …8560/161669
  …8580/161669
  …8600/161669
  …8620/161669
  …8640/161669
  …8660/161669
  …8680/161669
  …8700/161669
  …8720/161669
  …8740/161669
  …8760/161669
  …8780/161669
  …8800/161669
  …8820/161669
  …8840/161669
  …8860/161669
  …8880/161669
  …8900/161669
  …8920/161669
  …8940/161669
  …8960/161669
  …8980/161669
  …9000/161669
  …9020/161669
  …9040/161669
  …9060/161669
  …9080/161669
  …9100/161669
  …9120/161669
  …9140/161669
  …9160/161669
  …9180/161669
  …9200/161669
  …9220/161669
  …9240/161669
  …9260/161669
  …9280/161669
  …9300/161669
  …9320/161669
  …9340/161669
  …9360/161669
  …9380/161669
  …9400/161669
  …9420/161669
  …9440/161669
  …9460/161669
  …9480/161669
  …9500/161669
  …9520/161669
  …9540/161669
  …9560/161669
  …9580/161669
  …9600/161669
  …9620/161669
  …9640/161669
  …9660/161669
  …9680/161669
  …9700/161669
  …9720/161669
  …9740/161669
  …9760/161669
  …9780/161669
  …9800/161669
  …9820/161669
  …9840/161669
  …9860/161669
  …9880/161669
  …9900/161669
  …9920/161669
  …9940/161669
  …9960/161669
  …9980/161669
  …10000/161669
  …10020/161669
  …10040/161669
  …10060/161669
  …10080/161669
  …10100/161669
  …10120/161669
  …10140/161669
  …10160/161669
  …10180/161669
  …10200/161669
  …10220/161669
  …10240/161669
  …10260/161669
  …10280/161669
  …10300/161669
  …10320/161669
  …10340/161669
  …10360/161669
  …10380/161669
  …10400/161669
  …10420/161669
  …10440/161669
  …10460/161669
  …10480/161669
  …10500/161669
  …10520/161669
  …10540/161669
  …10560/161669
  …10580/161669
  …10600/161669
  …10620/161669
  …10640/161669
  …10660/161669
  …10680/161669
  …10700/161669
  …10720/161669
  …10740/161669
  …10760/161669
  …10780/161669
  …10800/161669
  …10820/161669
  …10840/161669
  …10860/161669
  …10880/161669
  …10900/161669
  …10920/161669
  …10940/161669
  …10960/161669
  …10980/161669
  …11000/161669
  …11020/161669
  …11040/161669
  …11060/161669
  …11080/161669
  …11100/161669
  …11120/161669
  …11140/161669
  …11160/161669
  …11180/161669
  …11200/161669
  …11220/161669
  …11240/161669
  …11260/161669
  …11280/161669
  …11300/161669
  …11320/161669
  …11340/161669
  …11360/161669
  …11380/161669
  …11400/161669
  …11420/161669
  …11440/161669
  …11460/161669
  …11480/161669
  …11500/161669
  …11520/161669
  …11540/161669
  …11560/161669
  …11580/161669
  …11600/161669
  …11620/161669
  …11640/161669
  …11660/161669
  …11680/161669
  …11700/161669
  …11720/161669
  …11740/161669
  …11760/161669
  …11780/161669
  …11800/161669
  …11820/161669
  …11840/161669
  …11860/161669
  …11880/161669
  …11900/161669
  …11920/161669
  …11940/161669
  …11960/161669
  …11980/161669
  …12000/161669
  …12020/161669
  …12040/161669
  …12060/161669
  …12080/161669
  …12100/161669
  …12120/161669
  …12140/161669
  …12160/161669
  …12180/161669
  …12200/161669
  …12220/161669
  …12240/161669
  …12260/161669
  …12280/161669
  …12300/161669
  …12320/161669
  …12340/161669
  …12360/161669
  …12380/161669
  …12400/161669
  …12420/161669
  …12440/161669
  …12460/161669
  …12480/161669
  …12500/161669
  …12520/161669
  …12540/161669
  …12560/161669
  …12580/161669
  …12600/161669
  …12620/161669
  …12640/161669
  …12660/161669
  …12680/161669
  …12700/161669
  …12720/161669
  …12740/161669
  …12760/161669
  …12780/161669
  …12800/161669
  …12820/161669
  …12840/161669
  …12860/161669
  …12880/161669
  …12900/161669
  …12920/161669
  …12940/161669
  …12960/161669
  …12980/161669
  …13000/161669
  …13020/161669
  …13040/161669
  …13060/161669
  …13080/161669
  …13100/161669
  …13120/161669
  …13140/161669
  …13160/161669
  …13180/161669
  …13200/161669
  …13220/161669
  …13240/161669
  …13260/161669
  …13280/161669
  …13300/161669
  …13320/161669
  …13340/161669
  …13360/161669
  …13380/161669
  …13400/161669
  …13420/161669
  …13440/161669
  …13460/161669
  …13480/161669
  …13500/161669
  …13520/161669
  …13540/161669
  …13560/161669
  …13580/161669
  …13600/161669
  …13620/161669
  …13640/161669
  …13660/161669
  …13680/161669
  …13700/161669
  …13720/161669
  …13740/161669
  …13760/161669
  …13780/161669
  …13800/161669
  …13820/161669
  …13840/161669
  …13860/161669
  …13880/161669
  …13900/161669
  …13920/161669
  …13940/161669
  …13960/161669
  …13980/161669
  …14000/161669
  …14020/161669
  …14040/161669
  …14060/161669
  …14080/161669
  …14100/161669
  …14120/161669
  …14140/161669
  …14160/161669
  …14180/161669
  …14200/161669
  …14220/161669
  …14240/161669
  …14260/161669
  …14280/161669
  …14300/161669
  …14320/161669
  …14340/161669
  …14360/161669
  …14380/161669
  …14400/161669
  …14420/161669
  …14440/161669
  …14460/161669
  …14480/161669
  …14500/161669
  …14520/161669
  …14540/161669
  …14560/161669
  …14580/161669
  …14600/161669
  …14620/161669
  …14640/161669
  …14660/161669
  …14680/161669
  …14700/161669
  …14720/161669
  …14740/161669
  …14760/161669
  …14780/161669
  …14800/161669
  …14820/161669
  …14840/161669
  …14860/161669
  …14880/161669
  …14900/161669
  …14920/161669
  …14940/161669
  …14960/161669
  …14980/161669
  …15000/161669
  …15020/161669
  …15040/161669
  …15060/161669
  …15080/161669
  …15100/161669
  …15120/161669
  …15140/161669
  …15160/161669
  …15180/161669
  …15200/161669
  …15220/161669
  …15240/161669
  …15260/161669
  …15280/161669
  …15300/161669
  …15320/161669
  …15340/161669
  …15360/161669
  …15380/161669
  …15400/161669
  …15420/161669
  …15440/161669
  …15460/161669
  …15480/161669
  …15500/161669
  …15520/161669
  …15540/161669
  …15560/161669
  …15580/161669
  …15600/161669
  …15620/161669
  …15640/161669
  …15660/161669
  …15680/161669
  …15700/161669
  …15720/161669
  …15740/161669
  …15760/161669
  …15780/161669
  …15800/161669
  …15820/161669
  …15840/161669
  …15860/161669
  …15880/161669
  …15900/161669
  …15920/161669
  …15940/161669
  …15960/161669
  …15980/161669
  …16000/161669
  …16020/161669
  …16040/161669
  …16060/161669
  …16080/161669
  …16100/161669
  …16120/161669
  …16140/161669
  …16160/161669
  …16180/161669
  …16200/161669
  …16220/161669
  …16240/161669
  …16260/161669
  …16280/161669
  …16300/161669
  …16320/161669
  …16340/161669
  …16360/161669
  …16380/161669
  …16400/161669
  …16420/161669
  …16440/161669
  …16460/161669
  …16480/161669
  …16500/161669
  …16520/161669
  …16540/161669
  …16560/161669
  …16580/161669
  …16600/161669
  …16620/161669
  …16640/161669
  …16660/161669
  …16680/161669
  …16700/161669
  …16720/161669
  …16740/161669
  …16760/161669
  …16780/161669
  …16800/161669
  …16820/161669
  …16840/161669
  …16860/161669
  …16880/161669
  …16900/161669
  …16920/161669
  …16940/161669
  …16960/161669
  …16980/161669
  …17000/161669
  …17020/161669
  …17040/161669
  …17060/161669
  …17080/161669
  …17100/161669
  …17120/161669
  …17140/161669
  …17160/161669
  …17180/161669
  …17200/161669
  …17220/161669
  …17240/161669
  …17260/161669
  …17280/161669
  …17300/161669
  …17320/161669
  …17340/161669
  …17360/161669
  …17380/161669
  …17400/161669
  …17420/161669
  …17440/161669
  …17460/161669
  …17480/161669
  …17500/161669
  …17520/161669
  …17540/161669
  …17560/161669
  …17580/161669
  …17600/161669
  …17620/161669
  …17640/161669
  …17660/161669
  …17680/161669
  …17700/161669
  …17720/161669
  …17740/161669
  …17760/161669
  …17780/161669
  …17800/161669
  …17820/161669
  …17840/161669
  …17860/161669
  …17880/161669
  …17900/161669
  …17920/161669
  …17940/161669
  …17960/161669
  …17980/161669
  …18000/161669
  …18020/161669
  …18040/161669
  …18060/161669
  …18080/161669
  …18100/161669
  …18120/161669
  …18140/161669
  …18160/161669
  …18180/161669
  …18200/161669
  …18220/161669
  …18240/161669
  …18260/161669
  …18280/161669
  …18300/161669
  …18320/161669
  …18340/161669
  …18360/161669
  …18380/161669
  …18400/161669
  …18420/161669
  …18440/161669
  …18460/161669
  …18480/161669
  …18500/161669
  …18520/161669
  …18540/161669
  …18560/161669
  …18580/161669
  …18600/161669
  …18620/161669
  …18640/161669
  …18660/161669
  …18680/161669
  …18700/161669
  …18720/161669
  …18740/161669
  …18760/161669
  …18780/161669
  …18800/161669
  …18820/161669
  …18840/161669
  …18860/161669
  …18880/161669
  …18900/161669
  …18920/161669
  …18940/161669
  …18960/161669
  …18980/161669
  …19000/161669
  …19020/161669
  …19040/161669
  …19060/161669
  …19080/161669
  …19100/161669
  …19120/161669
  …19140/161669
  …19160/161669
  …19180/161669
  …19200/161669
  …19220/161669
  …19240/161669
  …19260/161669
  …19280/161669
  …19300/161669
  …19320/161669
  …19340/161669
  …19360/161669
  …19380/161669
  …19400/161669
  …19420/161669
  …19440/161669
  …19460/161669
  …19480/161669
  …19500/161669
  …19520/161669
  …19540/161669
  …19560/161669
  …19580/161669
  …19600/161669
  …19620/161669
  …19640/161669
  …19660/161669
  …19680/161669
  …19700/161669
  …19720/161669
  …19740/161669
  …19760/161669
  …19780/161669
  …19800/161669
  …19820/161669
  …19840/161669
  …19860/161669
  …19880/161669
  …19900/161669
  …19920/161669
  …19940/161669
  …19960/161669
  …19980/161669
  …20000/161669
  …20020/161669
  …20040/161669
  …20060/161669
  …20080/161669
  …20100/161669
  …20120/161669
  …20140/161669
  …20160/161669
  …20180/161669
  …20200/161669
  …20220/161669
  …20240/161669
  …20260/161669
  …20280/161669
  …20300/161669
  …20320/161669
  …20340/161669
  …20360/161669
  …20380/161669
  …20400/161669
  …20420/161669
  …20440/161669
  …20460/161669
  …20480/161669
  …20500/161669
  …20520/161669
  …20540/161669
  …20560/161669
  …20580/161669
  …20600/161669
  …20620/161669
  …20640/161669
  …20660/161669
  …20680/161669
  …20700/161669
  …20720/161669
  …20740/161669
  …20760/161669
  …20780/161669
  …20800/161669
  …20820/161669
  …20840/161669
  …20860/161669
  …20880/161669
  …20900/161669
  …20920/161669
  …20940/161669
  …20960/161669
  …20980/161669
  …21000/161669
  …21020/161669
  …21040/161669
  …21060/161669
  …21080/161669
  …21100/161669
  …21120/161669
  …21140/161669
  …21160/161669
  …21180/161669
  …21200/161669
  …21220/161669
  …21240/161669
  …21260/161669
  …21280/161669
  …21300/161669
  …21320/161669
  …21340/161669
  …21360/161669
  …21380/161669
  …21400/161669
  …21420/161669
  …21440/161669
  …21460/161669
  …21480/161669
  …21500/161669
  …21520/161669
  …21540/161669
  …21560/161669
  …21580/161669
  …21600/161669
  …21620/161669
  …21640/161669
  …21660/161669
  …21680/161669
  …21700/161669
  …21720/161669
  …21740/161669
  …21760/161669
  …21780/161669
  …21800/161669
  …21820/161669
  …21840/161669
  …21860/161669
  …21880/161669
  …21900/161669
  …21920/161669
  …21940/161669
  …21960/161669
  …21980/161669
  …22000/161669
  …22020/161669
  …22040/161669
  …22060/161669
  …22080/161669
  …22100/161669
  …22120/161669
  …22140/161669
  …22160/161669
  …22180/161669
  …22200/161669
  …22220/161669
  …22240/161669
  …22260/161669
  …22280/161669
  …22300/161669
  …22320/161669
  …22340/161669
  …22360/161669
  …22380/161669
  …22400/161669
  …22420/161669
  …22440/161669
  …22460/161669
  …22480/161669
  …22500/161669
  …22520/161669
  …22540/161669
  …22560/161669
  …22580/161669
  …22600/161669
  …22620/161669
  …22640/161669
  …22660/161669
  …22680/161669
  …22700/161669
  …22720/161669
  …22740/161669
  …22760/161669
  …22780/161669
  …22800/161669
  …22820/161669
  …22840/161669
  …22860/161669
  …22880/161669
  …22900/161669
  …22920/161669
  …22940/161669
  …22960/161669
  …22980/161669
  …23000/161669
  …23020/161669
  …23040/161669
  …23060/161669
  …23080/161669
  …23100/161669
  …23120/161669
  …23140/161669
  …23160/161669
  …23180/161669
  …23200/161669
  …23220/161669
  …23240/161669
  …23260/161669
  …23280/161669
  …23300/161669
  …23320/161669
  …23340/161669
  …23360/161669
  …23380/161669
  …23400/161669
  …23420/161669
  …23440/161669
  …23460/161669
  …23480/161669
  …23500/161669
  …23520/161669
  …23540/161669
  …23560/161669
  …23580/161669
  …23600/161669
  …23620/161669
  …23640/161669
  …23660/161669
  …23680/161669
  …23700/161669
  …23720/161669
  …23740/161669
  …23760/161669
  …23780/161669
  …23800/161669
  …23820/161669
  …23840/161669
  …23860/161669
  …23880/161669
  …23900/161669
  …23920/161669
  …23940/161669
  …23960/161669
  …23980/161669
  …24000/161669
  …24020/161669
  …24040/161669
  …24060/161669
  …24080/161669
  …24100/161669
  …24120/161669
  …24140/161669
  …24160/161669
  …24180/161669
  …24200/161669
  …24220/161669
  …24240/161669
  …24260/161669
  …24280/161669
  …24300/161669
  …24320/161669
  …24340/161669
  …24360/161669
  …24380/161669
  …24400/161669
  …24420/161669
  …24440/161669
  …24460/161669
  …24480/161669
  …24500/161669
  …24520/161669
  …24540/161669
  …24560/161669
  …24580/161669
  …24600/161669
  …24620/161669
  …24640/161669
  …24660/161669
  …24680/161669
  …24700/161669
  …24720/161669
  …24740/161669
  …24760/161669
  …24780/161669
  …24800/161669
  …24820/161669
  …24840/161669
  …24860/161669
  …24880/161669
  …24900/161669
  …24920/161669
  …24940/161669
  …24960/161669
  …24980/161669
  …25000/161669
  …25020/161669
  …25040/161669
  …25060/161669
  …25080/161669
  …25100/161669
  …25120/161669
  …25140/161669
  …25160/161669
  …25180/161669
  …25200/161669
  …25220/161669
  …25240/161669
  …25260/161669
  …25280/161669
  …25300/161669
  …25320/161669
  …25340/161669
  …25360/161669
  …25380/161669
  …25400/161669
  …25420/161669
  …25440/161669
  …25460/161669
  …25480/161669
  …25500/161669
  …25520/161669
  …25540/161669
  …25560/161669
  …25580/161669
  …25600/161669
  …25620/161669
  …25640/161669
  …25660/161669
  …25680/161669
  …25700/161669
  …25720/161669
  …25740/161669
  …25760/161669
  …25780/161669
  …25800/161669
  …25820/161669
  …25840/161669
  …25860/161669
  …25880/161669
  …25900/161669
  …25920/161669
  …25940/161669
  …25960/161669
  …25980/161669
  …26000/161669
  …26020/161669
  …26040/161669
  …26060/161669
  …26080/161669
  …26100/161669
  …26120/161669
  …26140/161669
  …26160/161669
  …26180/161669
  …26200/161669
  …26220/161669
  …26240/161669
  …26260/161669
  …26280/161669
  …26300/161669
  …26320/161669
  …26340/161669
  …26360/161669
  …26380/161669
  …26400/161669
  …26420/161669
  …26440/161669
  …26460/161669
  …26480/161669
  …26500/161669
  …26520/161669
  …26540/161669
  …26560/161669
  …26580/161669
  …26600/161669
  …26620/161669
  …26640/161669
  …26660/161669
  …26680/161669
  …26700/161669
  …26720/161669
  …26740/161669
  …26760/161669
  …26780/161669
  …26800/161669
  …26820/161669
  …26840/161669
  …26860/161669
  …26880/161669
  …26900/161669
  …26920/161669
  …26940/161669
  …26960/161669
  …26980/161669
  …27000/161669
  …27020/161669
  …27040/161669
  …27060/161669
  …27080/161669
  …27100/161669
  …27120/161669
  …27140/161669
  …27160/161669
  …27180/161669
  …27200/161669
  …27220/161669
  …27240/161669
  …27260/161669
  …27280/161669
  …27300/161669
  …27320/161669
  …27340/161669
  …27360/161669
  …27380/161669
  …27400/161669
  …27420/161669
  …27440/161669
  …27460/161669
  …27480/161669
  …27500/161669
  …27520/161669
  …27540/161669
  …27560/161669
  …27580/161669
  …27600/161669
  …27620/161669
  …27640/161669
  …27660/161669
  …27680/161669
  …27700/161669
  …27720/161669
  …27740/161669
  …27760/161669
  …27780/161669
  …27800/161669
  …27820/161669
  …27840/161669
  …27860/161669
  …27880/161669
  …27900/161669
  …27920/161669
  …27940/161669
  …27960/161669
  …27980/161669
  …28000/161669
  …28020/161669
  …28040/161669
  …28060/161669
  …28080/161669
  …28100/161669
  …28120/161669
  …28140/161669
  …28160/161669
  …28180/161669
  …28200/161669
  …28220/161669
  …28240/161669
  …28260/161669
  …28280/161669
  …28300/161669
  …28320/161669
  …28340/161669
  …28360/161669
  …28380/161669
  …28400/161669
  …28420/161669
  …28440/161669
  …28460/161669
  …28480/161669
  …28500/161669
  …28520/161669
  …28540/161669
  …28560/161669
  …28580/161669
  …28600/161669
  …28620/161669
  …28640/161669
  …28660/161669
  …28680/161669
  …28700/161669
  …28720/161669
  …28740/161669
  …28760/161669
  …28780/161669
  …28800/161669
  …28820/161669
  …28840/161669
  …28860/161669
  …28880/161669
  …28900/161669
  …28920/161669
  …28940/161669
  …28960/161669
  …28980/161669
  …29000/161669
  …29020/161669
  …29040/161669
  …29060/161669
  …29080/161669
  …29100/161669
  …29120/161669
  …29140/161669
  …29160/161669
  …29180/161669
  …29200/161669
  …29220/161669
  …29240/161669
  …29260/161669
  …29280/161669
  …29300/161669
  …29320/161669
  …29340/161669
  …29360/161669
  …29380/161669
  …29400/161669
  …29420/161669
  …29440/161669
  …29460/161669
  …29480/161669
  …29500/161669
  …29520/161669
  …29540/161669
  …29560/161669
  …29580/161669
  …29600/161669
  …29620/161669
  …29640/161669
  …29660/161669
  …29680/161669
  …29700/161669
  …29720/161669
  …29740/161669
  …29760/161669
  …29780/161669
  …29800/161669
  …29820/161669
  …29840/161669
  …29860/161669
  …29880/161669
  …29900/161669
  …29920/161669
  …29940/161669
  …29960/161669
  …29980/161669
  …30000/161669
  …30020/161669
  …30040/161669
  …30060/161669
  …30080/161669
  …30100/161669
  …30120/161669
  …30140/161669
  …30160/161669
  …30180/161669
  …30200/161669
  …30220/161669
  …30240/161669
  …30260/161669
  …30280/161669
  …30300/161669
  …30320/161669
  …30340/161669
  …30360/161669
  …30380/161669
  …30400/161669
  …30420/161669
  …30440/161669
  …30460/161669
  …30480/161669
  …30500/161669
  …30520/161669
  …30540/161669
  …30560/161669
  …30580/161669
  …30600/161669
  …30620/161669
  …30640/161669
  …30660/161669
  …30680/161669
  …30700/161669
  …30720/161669
  …30740/161669
  …30760/161669
  …30780/161669
  …30800/161669
  …30820/161669
  …30840/161669
  …30860/161669
  …30880/161669
  …30900/161669
  …30920/161669
  …30940/161669
  …30960/161669
  …30980/161669
  …31000/161669
  …31020/161669
  …31040/161669
  …31060/161669
  …31080/161669
  …31100/161669
  …31120/161669
  …31140/161669
  …31160/161669
  …31180/161669
  …31200/161669
  …31220/161669
  …31240/161669
  …31260/161669
  …31280/161669
  …31300/161669
  …31320/161669
  …31340/161669
  …31360/161669
  …31380/161669
  …31400/161669
  …31420/161669
  …31440/161669
  …31460/161669
  …31480/161669
  …31500/161669
  …31520/161669
  …31540/161669
  …31560/161669
  …31580/161669
  …31600/161669
  …31620/161669
  …31640/161669
  …31660/161669
  …31680/161669
  …31700/161669
  …31720/161669
  …31740/161669
  …31760/161669
  …31780/161669
  …31800/161669
  …31820/161669
  …31840/161669
  …31860/161669
  …31880/161669
  …31900/161669
  …31920/161669
  …31940/161669
  …31960/161669
  …31980/161669
  …32000/161669
  …32020/161669
  …32040/161669
  …32060/161669
  …32080/161669
  …32100/161669
  …32120/161669
  …32140/161669
  …32160/161669
  …32180/161669
  …32200/161669
  …32220/161669
  …32240/161669
  …32260/161669
  …32280/161669
  …32300/161669
  …32320/161669
  …32340/161669
  …32360/161669
  …32380/161669
  …32400/161669
  …32420/161669
  …32440/161669
  …32460/161669
  …32480/161669
  …32500/161669
  …32520/161669
  …32540/161669
  …32560/161669
  …32580/161669
  …32600/161669
  …32620/161669
  …32640/161669
  …32660/161669
  …32680/161669
  …32700/161669
  …32720/161669
  …32740/161669
  …32760/161669
  …32780/161669
  …32800/161669
  …32820/161669
  …32840/161669
  …32860/161669
  …32880/161669
  …32900/161669
  …32920/161669
  …32940/161669
  …32960/161669
  …32980/161669
  …33000/161669
  …33020/161669
  …33040/161669
  …33060/161669
  …33080/161669
  …33100/161669
  …33120/161669
  …33140/161669
  …33160/161669
  …33180/161669
  …33200/161669
  …33220/161669
  …33240/161669
  …33260/161669
  …33280/161669
  …33300/161669
  …33320/161669
  …33340/161669
  …33360/161669
  …33380/161669
  …33400/161669
  …33420/161669
  …33440/161669
  …33460/161669
  …33480/161669
  …33500/161669
  …33520/161669
  …33540/161669
  …33560/161669
  …33580/161669
  …33600/161669
  …33620/161669
  …33640/161669
  …33660/161669
  …33680/161669
  …33700/161669
  …33720/161669
  …33740/161669
  …33760/161669
  …33780/161669
  …33800/161669
  …33820/161669
  …33840/161669
  …33860/161669
  …33880/161669
  …33900/161669
  …33920/161669
  …33940/161669
  …33960/161669
  …33980/161669
  …34000/161669
  …34020/161669
  …34040/161669
  …34060/161669
  …34080/161669
  …34100/161669
  …34120/161669
  …34140/161669
  …34160/161669
  …34180/161669
  …34200/161669
  …34220/161669
  …34240/161669
  …34260/161669
  …34280/161669
  …34300/161669
  …34320/161669
  …34340/161669
  …34360/161669
  …34380/161669
  …34400/161669
  …34420/161669
  …34440/161669
  …34460/161669
  …34480/161669
  …34500/161669
  …34520/161669
  …34540/161669
  …34560/161669
  …34580/161669
  …34600/161669
  …34620/161669
  …34640/161669
  …34660/161669
  …34680/161669
  …34700/161669
  …34720/161669
  …34740/161669
  …34760/161669
  …34780/161669
  …34800/161669
  …34820/161669
  …34840/161669
  …34860/161669
  …34880/161669
  …34900/161669
  …34920/161669
  …34940/161669
  …34960/161669
  …34980/161669
  …35000/161669
  …35020/161669
  …35040/161669
  …35060/161669
  …35080/161669
  …35100/161669
  …35120/161669
  …35140/161669
  …35160/161669
  …35180/161669
  …35200/161669
  …35220/161669
  …35240/161669
  …35260/161669
  …35280/161669
  …35300/161669
  …35320/161669
  …35340/161669
  …35360/161669
  …35380/161669
  …35400/161669
  …35420/161669
  …35440/161669
  …35460/161669
  …35480/161669
  …35500/161669
  …35520/161669
  …35540/161669
  …35560/161669
  …35580/161669
  …35600/161669
  …35620/161669
  …35640/161669
  …35660/161669
  …35680/161669
  …35700/161669
  …35720/161669
  …35740/161669
  …35760/161669
  …35780/161669
  …35800/161669
  …35820/161669
  …35840/161669
  …35860/161669
  …35880/161669
  …35900/161669
  …35920/161669
  …35940/161669
  …35960/161669
  …35980/161669
  …36000/161669
  …36020/161669
  …36040/161669
  …36060/161669
  …36080/161669
  …36100/161669
  …36120/161669
  …36140/161669
  …36160/161669
  …36180/161669
  …36200/161669
  …36220/161669
  …36240/161669
  …36260/161669
  …36280/161669
  …36300/161669
  …36320/161669
  …36340/161669
  …36360/161669
  …36380/161669
  …36400/161669
  …36420/161669
  …36440/161669
  …36460/161669
  …36480/161669
  …36500/161669
  …36520/161669
  …36540/161669
  …36560/161669
  …36580/161669
  …36600/161669
  …36620/161669
  …36640/161669
  …36660/161669
  …36680/161669
  …36700/161669
  …36720/161669
  …36740/161669
  …36760/161669
  …36780/161669
  …36800/161669
  …36820/161669
  …36840/161669
  …36860/161669
  …36880/161669
  …36900/161669
  …36920/161669
  …36940/161669
  …36960/161669
  …36980/161669
  …37000/161669
  …37020/161669
  …37040/161669
  …37060/161669
  …37080/161669
  …37100/161669
  …37120/161669
  …37140/161669
  …37160/161669
  …37180/161669
  …37200/161669
  …37220/161669
  …37240/161669
  …37260/161669
  …37280/161669
  …37300/161669
  …37320/161669
  …37340/161669
  …37360/161669
  …37380/161669
  …37400/161669
  …37420/161669
  …37440/161669
  …37460/161669
  …37480/161669
  …37500/161669
  …37520/161669
  …37540/161669
  …37560/161669
  …37580/161669
  …37600/161669
  …37620/161669
  …37640/161669
  …37660/161669
  …37680/161669
  …37700/161669
  …37720/161669
  …37740/161669
  …37760/161669
  …37780/161669
  …37800/161669
  …37820/161669
  …37840/161669
  …37860/161669
  …37880/161669
  …37900/161669
  …37920/161669
  …37940/161669
  …37960/161669
  …37980/161669
  …38000/161669
  …38020/161669
  …38040/161669
  …38060/161669
  …38080/161669
  …38100/161669
  …38120/161669
  …38140/161669
  …38160/161669
  …38180/161669
  …38200/161669
  …38220/161669
  …38240/161669
  …38260/161669
  …38280/161669
  …38300/161669
  …38320/161669
  …38340/161669
  …38360/161669
  …38380/161669
  …38400/161669
  …38420/161669
  …38440/161669
  …38460/161669
  …38480/161669
  …38500/161669
  …38520/161669
  …38540/161669
  …38560/161669
  …38580/161669
  …38600/161669
  …38620/161669
  …38640/161669
  …38660/161669
  …38680/161669
  …38700/161669
  …38720/161669
  …38740/161669
  …38760/161669
  …38780/161669
  …38800/161669
  …38820/161669
  …38840/161669
  …38860/161669
  …38880/161669
  …38900/161669
  …38920/161669
  …38940/161669
  …38960/161669
  …38980/161669
  …39000/161669
  …39020/161669
  …39040/161669
  …39060/161669
  …39080/161669
  …39100/161669
  …39120/161669
  …39140/161669
  …39160/161669
  …39180/161669
  …39200/161669
  …39220/161669
  …39240/161669
  …39260/161669
  …39280/161669
  …39300/161669
  …39320/161669
  …39340/161669
  …39360/161669
  …39380/161669
  …39400/161669
  …39420/161669
  …39440/161669
  …39460/161669
  …39480/161669
  …39500/161669
  …39520/161669
  …39540/161669
  …39560/161669
  …39580/161669
  …39600/161669
  …39620/161669
  …39640/161669
  …39660/161669
  …39680/161669
  …39700/161669
  …39720/161669
  …39740/161669
  …39760/161669
  …39780/161669
  …39800/161669
  …39820/161669
  …39840/161669
  …39860/161669
  …39880/161669
  …39900/161669
  …39920/161669
  …39940/161669
  …39960/161669
  …39980/161669
  …40000/161669
  …40020/161669
  …40040/161669
  …40060/161669
  …40080/161669
  …40100/161669
  …40120/161669
  …40140/161669
  …40160/161669
  …40180/161669
  …40200/161669
  …40220/161669
  …40240/161669
  …40260/161669
  …40280/161669
  …40300/161669
  …40320/161669
  …40340/161669
  …40360/161669
  …40380/161669
  …40400/161669
  …40420/161669
  …40440/161669
  …40460/161669
  …40480/161669
  …40500/161669
  …40520/161669
  …40540/161669
  …40560/161669
  …40580/161669
  …40600/161669
  …40620/161669
  …40640/161669
  …40660/161669
  …40680/161669
  …40700/161669
  …40720/161669
  …40740/161669
  …40760/161669
  …40780/161669
  …40800/161669
  …40820/161669
  …40840/161669
  …40860/161669
  …40880/161669
  …40900/161669
  …40920/161669
  …40940/161669
  …40960/161669
  …40980/161669
  …41000/161669
  …41020/161669
  …41040/161669
  …41060/161669
  …41080/161669
  …41100/161669
  …41120/161669
  …41140/161669
  …41160/161669
  …41180/161669
  …41200/161669
  …41220/161669
  …41240/161669
  …41260/161669
  …41280/161669
  …41300/161669
  …41320/161669
  …41340/161669
  …41360/161669
  …41380/161669
  …41400/161669
  …41420/161669
  …41440/161669
  …41460/161669
  …41480/161669
  …41500/161669
  …41520/161669
  …41540/161669
  …41560/161669
  …41580/161669
  …41600/161669
  …41620/161669
  …41640/161669
  …41660/161669
  …41680/161669
  …41700/161669
  …41720/161669
  …41740/161669
  …41760/161669
  …41780/161669
  …41800/161669
  …41820/161669
  …41840/161669
  …41860/161669
  …41880/161669
  …41900/161669
  …41920/161669
  …41940/161669
  …41960/161669
  …41980/161669
  …42000/161669
  …42020/161669
  …42040/161669
  …42060/161669
  …42080/161669
  …42100/161669
  …42120/161669
  …42140/161669
  …42160/161669
  …42180/161669
  …42200/161669
  …42220/161669
  …42240/161669
  …42260/161669
  …42280/161669
  …42300/161669
  …42320/161669
  …42340/161669
  …42360/161669
  …42380/161669
  …42400/161669
  …42420/161669
  …42440/161669
  …42460/161669
  …42480/161669
  …42500/161669
  …42520/161669
  …42540/161669
  …42560/161669
  …42580/161669
  …42600/161669
  …42620/161669
  …42640/161669
  …42660/161669
  …42680/161669
  …42700/161669
  …42720/161669
  …42740/161669
  …42760/161669
  …42780/161669
  …42800/161669
  …42820/161669
  …42840/161669
  …42860/161669
  …42880/161669
  …42900/161669
  …42920/161669
  …42940/161669
  …42960/161669
  …42980/161669
  …43000/161669
  …43020/161669
  …43040/161669
  …43060/161669
  …43080/161669
  …43100/161669
  …43120/161669
  …43140/161669
  …43160/161669
  …43180/161669
  …43200/161669
  …43220/161669
  …43240/161669
  …43260/161669
  …43280/161669
  …43300/161669
  …43320/161669
  …43340/161669
  …43360/161669
  …43380/161669
  …43400/161669
  …43420/161669
  …43440/161669
  …43460/161669
  …43480/161669
  …43500/161669
  …43520/161669
  …43540/161669
  …43560/161669
  …43580/161669
  …43600/161669
  …43620/161669
  …43640/161669
  …43660/161669
  …43680/161669
  …43700/161669
  …43720/161669
  …43740/161669
  …43760/161669
  …43780/161669
  …43800/161669
  …43820/161669
  …43840/161669
  …43860/161669
  …43880/161669
  …43900/161669
  …43920/161669
  …43940/161669
  …43960/161669
  …43980/161669
  …44000/161669
  …44020/161669
  …44040/161669
  …44060/161669
  …44080/161669
  …44100/161669
  …44120/161669
  …44140/161669
  …44160/161669
  …44180/161669
  …44200/161669
  …44220/161669
  …44240/161669
  …44260/161669
  …44280/161669
  …44300/161669
  …44320/161669
  …44340/161669
  …44360/161669
  …44380/161669
  …44400/161669
  …44420/161669
  …44440/161669
  …44460/161669
  …44480/161669
  …44500/161669
  …44520/161669
  …44540/161669
  …44560/161669
  …44580/161669
  …44600/161669
  …44620/161669
  …44640/161669
  …44660/161669
  …44680/161669
  …44700/161669
  …44720/161669
  …44740/161669
  …44760/161669
  …44780/161669
  …44800/161669
  …44820/161669
  …44840/161669
  …44860/161669
  …44880/161669
  …44900/161669
  …44920/161669
  …44940/161669
  …44960/161669
  …44980/161669
  …45000/161669
  …45020/161669
  …45040/161669
  …45060/161669
  …45080/161669
  …45100/161669
  …45120/161669
  …45140/161669
  …45160/161669
  …45180/161669
  …45200/161669
  …45220/161669
  …45240/161669
  …45260/161669
  …45280/161669
  …45300/161669
  …45320/161669
  …45340/161669
  …45360/161669
  …45380/161669
  …45400/161669
  …45420/161669
  …45440/161669
  …45460/161669
  …45480/161669
  …45500/161669
  …45520/161669
  …45540/161669
  …45560/161669
  …45580/161669
  …45600/161669
  …45620/161669
  …45640/161669
  …45660/161669
  …45680/161669
  …45700/161669
  …45720/161669
  …45740/161669
  …45760/161669
  …45780/161669
  …45800/161669
  …45820/161669
  …45840/161669
  …45860/161669
  …45880/161669
  …45900/161669
  …45920/161669
  …45940/161669
  …45960/161669
  …45980/161669
  …46000/161669
  …46020/161669
  …46040/161669
  …46060/161669
  …46080/161669
  …46100/161669
  …46120/161669
  …46140/161669
  …46160/161669
  …46180/161669
  …46200/161669
  …46220/161669
  …46240/161669
  …46260/161669
  …46280/161669
  …46300/161669
  …46320/161669
  …46340/161669
  …46360/161669
  …46380/161669
  …46400/161669
  …46420/161669
  …46440/161669
  …46460/161669
  …46480/161669
  …46500/161669
  …46520/161669
  …46540/161669
  …46560/161669
  …46580/161669
  …46600/161669
  …46620/161669
  …46640/161669
  …46660/161669
  …46680/161669
  …46700/161669
  …46720/161669
  …46740/161669
  …46760/161669
  …46780/161669
  …46800/161669
  …46820/161669
  …46840/161669
  …46860/161669
  …46880/161669
  …46900/161669
  …46920/161669
  …46940/161669
  …46960/161669
  …46980/161669
  …47000/161669
  …47020/161669
  …47040/161669
  …47060/161669
  …47080/161669
  …47100/161669
  …47120/161669
  …47140/161669
  …47160/161669
  …47180/161669
  …47200/161669
  …47220/161669
  …47240/161669
  …47260/161669
  …47280/161669
  …47300/161669
  …47320/161669
  …47340/161669
  …47360/161669
  …47380/161669
  …47400/161669
  …47420/161669
  …47440/161669
  …47460/161669
  …47480/161669
  …47500/161669
  …47520/161669
  …47540/161669
  …47560/161669
  …47580/161669
  …47600/161669
  …47620/161669
  …47640/161669
  …47660/161669
  …47680/161669
  …47700/161669
  …47720/161669
  …47740/161669
  …47760/161669
  …47780/161669
  …47800/161669
  …47820/161669
  …47840/161669
  …47860/161669
  …47880/161669
  …47900/161669
  …47920/161669
  …47940/161669
  …47960/161669
  …47980/161669
  …48000/161669
  …48020/161669
  …48040/161669
  …48060/161669
  …48080/161669
  …48100/161669
  …48120/161669
  …48140/161669
  …48160/161669
  …48180/161669
  …48200/161669
  …48220/161669
  …48240/161669
  …48260/161669
  …48280/161669
  …48300/161669
  …48320/161669
  …48340/161669
  …48360/161669
  …48380/161669
  …48400/161669
  …48420/161669
  …48440/161669
  …48460/161669
  …48480/161669
  …48500/161669
  …48520/161669
  …48540/161669
  …48560/161669
  …48580/161669
  …48600/161669
  …48620/161669
  …48640/161669
  …48660/161669
  …48680/161669
  …48700/161669
  …48720/161669
  …48740/161669
  …48760/161669
  …48780/161669
  …48800/161669
  …48820/161669
  …48840/161669
  …48860/161669
  …48880/161669
  …48900/161669
  …48920/161669
  …48940/161669
  …48960/161669
  …48980/161669
  …49000/161669
  …49020/161669
  …49040/161669
  …49060/161669
  …49080/161669
  …49100/161669
  …49120/161669
  …49140/161669
  …49160/161669
  …49180/161669
  …49200/161669
  …49220/161669
  …49240/161669
  …49260/161669
  …49280/161669
  …49300/161669
  …49320/161669
  …49340/161669
  …49360/161669
  …49380/161669
  …49400/161669
  …49420/161669
  …49440/161669
  …49460/161669
  …49480/161669
  …49500/161669
  …49520/161669
  …49540/161669
  …49560/161669
  …49580/161669
  …49600/161669
  …49620/161669
  …49640/161669
  …49660/161669
  …49680/161669
  …49700/161669
  …49720/161669
  …49740/161669
  …49760/161669
  …49780/161669
  …49800/161669
  …49820/161669
  …49840/161669
  …49860/161669
  …49880/161669
  …49900/161669
  …49920/161669
  …49940/161669
  …49960/161669
  …49980/161669
  …50000/161669
  …50020/161669
  …50040/161669
  …50060/161669
  …50080/161669
  …50100/161669
  …50120/161669
  …50140/161669
  …50160/161669
  …50180/161669
  …50200/161669
  …50220/161669
  …50240/161669
  …50260/161669
  …50280/161669
  …50300/161669
  …50320/161669
  …50340/161669
  …50360/161669
  …50380/161669
  …50400/161669
  …50420/161669
  …50440/161669
  …50460/161669
  …50480/161669
  …50500/161669
  …50520/161669
  …50540/161669
  …50560/161669
  …50580/161669
  …50600/161669
  …50620/161669
  …50640/161669
  …50660/161669
  …50680/161669
  …50700/161669
  …50720/161669
  …50740/161669
  …50760/161669
  …50780/161669
  …50800/161669
  …50820/161669
  …50840/161669
  …50860/161669
  …50880/161669
  …50900/161669
  …50920/161669
  …50940/161669
  …50960/161669
  …50980/161669
  …51000/161669
  …51020/161669
  …51040/161669
  …51060/161669
  …51080/161669
  …51100/161669
  …51120/161669
  …51140/161669
  …51160/161669
  …51180/161669
  …51200/161669
  …51220/161669
  …51240/161669
  …51260/161669
  …51280/161669
  …51300/161669
  …51320/161669
  …51340/161669
  …51360/161669
  …51380/161669
  …51400/161669
  …51420/161669
  …51440/161669
  …51460/161669
  …51480/161669
  …51500/161669
  …51520/161669
  …51540/161669
  …51560/161669
  …51580/161669
  …51600/161669
  …51620/161669
  …51640/161669
  …51660/161669
  …51680/161669
  …51700/161669
  …51720/161669
  …51740/161669
  …51760/161669
  …51780/161669
  …51800/161669
  …51820/161669
  …51840/161669
  …51860/161669
  …51880/161669
  …51900/161669
  …51920/161669
  …51940/161669
  …51960/161669
  …51980/161669
  …52000/161669
  …52020/161669
  …52040/161669
  …52060/161669
  …52080/161669
  …52100/161669
  …52120/161669
  …52140/161669
  …52160/161669
  …52180/161669
  …52200/161669
  …52220/161669
  …52240/161669
  …52260/161669
  …52280/161669
  …52300/161669
  …52320/161669
  …52340/161669
  …52360/161669
  …52380/161669
  …52400/161669
  …52420/161669
  …52440/161669
  …52460/161669
  …52480/161669
  …52500/161669
  …52520/161669
  …52540/161669
  …52560/161669
  …52580/161669
  …52600/161669
  …52620/161669
  …52640/161669
  …52660/161669
  …52680/161669
  …52700/161669
  …52720/161669
  …52740/161669
  …52760/161669
  …52780/161669
  …52800/161669
  …52820/161669
  …52840/161669
  …52860/161669
  …52880/161669
  …52900/161669
  …52920/161669
  …52940/161669
  …52960/161669
  …52980/161669
  …53000/161669
  …53020/161669
  …53040/161669
  …53060/161669
  …53080/161669
  …53100/161669
  …53120/161669
  …53140/161669
  …53160/161669
  …53180/161669
  …53200/161669
  …53220/161669
  …53240/161669
  …53260/161669
  …53280/161669
  …53300/161669
  …53320/161669
  …53340/161669
  …53360/161669
  …53380/161669
  …53400/161669
  …53420/161669
  …53440/161669
  …53460/161669
  …53480/161669
  …53500/161669
  …53520/161669
  …53540/161669
  …53560/161669
  …53580/161669
  …53600/161669
  …53620/161669
  …53640/161669
  …53660/161669
  …53680/161669
  …53700/161669
  …53720/161669
  …53740/161669
  …53760/161669
  …53780/161669
  …53800/161669
  …53820/161669
  …53840/161669
  …53860/161669
  …53880/161669
  …53900/161669
  …53920/161669
  …53940/161669
  …53960/161669
  …53980/161669
  …54000/161669
  …54020/161669
  …54040/161669
  …54060/161669
  …54080/161669
  …54100/161669
  …54120/161669
  …54140/161669
  …54160/161669
  …54180/161669
  …54200/161669
  …54220/161669
  …54240/161669
  …54260/161669
  …54280/161669
  …54300/161669
  …54320/161669
  …54340/161669
  …54360/161669
  …54380/161669
  …54400/161669
  …54420/161669
  …54440/161669
  …54460/161669
  …54480/161669
  …54500/161669
  …54520/161669
  …54540/161669
  …54560/161669
  …54580/161669
  …54600/161669
  …54620/161669
  …54640/161669
  …54660/161669
  …54680/161669
  …54700/161669
  …54720/161669
  …54740/161669
  …54760/161669
  …54780/161669
  …54800/161669
  …54820/161669
  …54840/161669
  …54860/161669
  …54880/161669
  …54900/161669
  …54920/161669
  …54940/161669
  …54960/161669
  …54980/161669
  …55000/161669
  …55020/161669
  …55040/161669
  …55060/161669
  …55080/161669
  …55100/161669
  …55120/161669
  …55140/161669
  …55160/161669
  …55180/161669
  …55200/161669
  …55220/161669
  …55240/161669
  …55260/161669
  …55280/161669
  …55300/161669
  …55320/161669
  …55340/161669
  …55360/161669
  …55380/161669
  …55400/161669
  …55420/161669
  …55440/161669
  …55460/161669
  …55480/161669
  …55500/161669
  …55520/161669
  …55540/161669
  …55560/161669
  …55580/161669
  …55600/161669
  …55620/161669
  …55640/161669
  …55660/161669
  …55680/161669
  …55700/161669
  …55720/161669
  …55740/161669
  …55760/161669
  …55780/161669
  …55800/161669
  …55820/161669
  …55840/161669
  …55860/161669
  …55880/161669
  …55900/161669
  …55920/161669
  …55940/161669
  …55960/161669
  …55980/161669
  …56000/161669
  …56020/161669
  …56040/161669
  …56060/161669
  …56080/161669
  …56100/161669
  …56120/161669
  …56140/161669
  …56160/161669
  …56180/161669
  …56200/161669
  …56220/161669
  …56240/161669
  …56260/161669
  …56280/161669
  …56300/161669
  …56320/161669
  …56340/161669
  …56360/161669
  …56380/161669
  …56400/161669
  …56420/161669
  …56440/161669
  …56460/161669
  …56480/161669
  …56500/161669
  …56520/161669
  …56540/161669
  …56560/161669
  …56580/161669
  …56600/161669
  …56620/161669
  …56640/161669
  …56660/161669
  …56680/161669
  …56700/161669
  …56720/161669
  …56740/161669
  …56760/161669
  …56780/161669
  …56800/161669
  …56820/161669
  …56840/161669
  …56860/161669
  …56880/161669
  …56900/161669
  …56920/161669
  …56940/161669
  …56960/161669
  …56980/161669
  …57000/161669
  …57020/161669
  …57040/161669
  …57060/161669
  …57080/161669
  …57100/161669
  …57120/161669
  …57140/161669
  …57160/161669
  …57180/161669
  …57200/161669
  …57220/161669
  …57240/161669
  …57260/161669
  …57280/161669
  …57300/161669
  …57320/161669
  …57340/161669
  …57360/161669
  …57380/161669
  …57400/161669
  …57420/161669
  …57440/161669
  …57460/161669
  …57480/161669
  …57500/161669
  …57520/161669
  …57540/161669
  …57560/161669
  …57580/161669
  …57600/161669
  …57620/161669
  …57640/161669
  …57660/161669
  …57680/161669
  …57700/161669
  …57720/161669
  …57740/161669
  …57760/161669
  …57780/161669
  …57800/161669
  …57820/161669
  …57840/161669
  …57860/161669
  …57880/161669
  …57900/161669
  …57920/161669
  …57940/161669
  …57960/161669
  …57980/161669
  …58000/161669
  …58020/161669
  …58040/161669
  …58060/161669
  …58080/161669
  …58100/161669
  …58120/161669
  …58140/161669
  …58160/161669
  …58180/161669
  …58200/161669
  …58220/161669
  …58240/161669
  …58260/161669
  …58280/161669
  …58300/161669
  …58320/161669
  …58340/161669
  …58360/161669
  …58380/161669
  …58400/161669
  …58420/161669
  …58440/161669
  …58460/161669
  …58480/161669
  …58500/161669
  …58520/161669
  …58540/161669
  …58560/161669
  …58580/161669
  …58600/161669
  …58620/161669
  …58640/161669
  …58660/161669
  …58680/161669
  …58700/161669
  …58720/161669
  …58740/161669
  …58760/161669
  …58780/161669
  …58800/161669
  …58820/161669
  …58840/161669
  …58860/161669
  …58880/161669
  …58900/161669
  …58920/161669
  …58940/161669
  …58960/161669
  …58980/161669
  …59000/161669
  …59020/161669
  …59040/161669
  …59060/161669
  …59080/161669
  …59100/161669
  …59120/161669
  …59140/161669
  …59160/161669
  …59180/161669
  …59200/161669
  …59220/161669
  …59240/161669
  …59260/161669
  …59280/161669
  …59300/161669
  …59320/161669
  …59340/161669
  …59360/161669
  …59380/161669
  …59400/161669
  …59420/161669
  …59440/161669
  …59460/161669
  …59480/161669
  …59500/161669
  …59520/161669
  …59540/161669
  …59560/161669
  …59580/161669
  …59600/161669
  …59620/161669
  …59640/161669
  …59660/161669
  …59680/161669
  …59700/161669
  …59720/161669
  …59740/161669
  …59760/161669
  …59780/161669
  …59800/161669
  …59820/161669
  …59840/161669
  …59860/161669
  …59880/161669
  …59900/161669
  …59920/161669
  …59940/161669
  …59960/161669
  …59980/161669
  …60000/161669
  …60020/161669
  …60040/161669
  …60060/161669
  …60080/161669
  …60100/161669
  …60120/161669
  …60140/161669
  …60160/161669
  …60180/161669
  …60200/161669
  …60220/161669
  …60240/161669
  …60260/161669
  …60280/161669
  …60300/161669
  …60320/161669
  …60340/161669
  …60360/161669
  …60380/161669
  …60400/161669
  …60420/161669
  …60440/161669
  …60460/161669
  …60480/161669
  …60500/161669
  …60520/161669
  …60540/161669
  …60560/161669
  …60580/161669
  …60600/161669
  …60620/161669
  …60640/161669
  …60660/161669
  …60680/161669
  …60700/161669
  …60720/161669
  …60740/161669
  …60760/161669
  …60780/161669
  …60800/161669
  …60820/161669
  …60840/161669
  …60860/161669
  …60880/161669
  …60900/161669
  …60920/161669
  …60940/161669
  …60960/161669
  …60980/161669
  …61000/161669
  …61020/161669
  …61040/161669
  …61060/161669
  …61080/161669
  …61100/161669
  …61120/161669
  …61140/161669
  …61160/161669
  …61180/161669
  …61200/161669
  …61220/161669
  …61240/161669
  …61260/161669
  …61280/161669
  …61300/161669
  …61320/161669
  …61340/161669
  …61360/161669
  …61380/161669
  …61400/161669
  …61420/161669
  …61440/161669
  …61460/161669
  …61480/161669
  …61500/161669
  …61520/161669
  …61540/161669
  …61560/161669
  …61580/161669
  …61600/161669
  …61620/161669
  …61640/161669
  …61660/161669
  …61680/161669
  …61700/161669
  …61720/161669
  …61740/161669
  …61760/161669
  …61780/161669
  …61800/161669
  …61820/161669
  …61840/161669
  …61860/161669
  …61880/161669
  …61900/161669
  …61920/161669
  …61940/161669
  …61960/161669
  …61980/161669
  …62000/161669
  …62020/161669
  …62040/161669
  …62060/161669
  …62080/161669
  …62100/161669
  …62120/161669
  …62140/161669
  …62160/161669
  …62180/161669
  …62200/161669
  …62220/161669
  …62240/161669
  …62260/161669
  …62280/161669
  …62300/161669
  …62320/161669
  …62340/161669
  …62360/161669
  …62380/161669
  …62400/161669
  …62420/161669
  …62440/161669
  …62460/161669
(node:27068) Warning: SECURITY WARNING: The SSL modes 'prefer', 'require', and 'verify-ca' are treated as aliases for 'verify-full'.
In the next major version (pg-connection-string v3.0.0 and pg v9.0.0), these modes will adopt standard libpq semantics, which have weaker security guarantees.

To prepare for this change:
- If you want the current behavior, explicitly use 'sslmode=verify-full'
- If you want libpq compatibility now, use 'uselibpqcompat=true&sslmode=require'

See https://www.postgresql.org/docs/current/libpq-ssl.html for libpq SSL mode definitions.
(Use `node --trace-warnings ...` to show where the warning was created)
Itens: 99195 processos pendentes (de 241302 no PNCP/SC)...
  …20/99195
  …40/99195
  …60/99195
  …80/99195
  …100/99195
  …120/99195
  …140/99195
  …160/99195
  …180/99195
  …200/99195
  …220/99195
  …240/99195
  …260/99195
  …280/99195
  …300/99195
  …320/99195
  …340/99195
  …360/99195
  …380/99195
  …400/99195
  …420/99195
  …440/99195
  …460/99195
  …480/99195
  …500/99195
  …520/99195
  …540/99195
  …560/99195
  …580/99195
  …600/99195
  …620/99195
  …640/99195
  …660/99195
  …680/99195
  …700/99195
  …720/99195
  …740/99195
  …760/99195
  …780/99195
  …800/99195
  …820/99195
  …840/99195
  …860/99195
  …880/99195
  …900/99195
  …920/99195
  …940/99195
  …960/99195
  …980/99195
  …1000/99195
  …1020/99195
  …1040/99195
  …1060/99195
  …1080/99195
  …1100/99195
  …1120/99195
  …1140/99195
  …1160/99195
  …1180/99195
  …1200/99195
  …1220/99195
  …1240/99195
  …1260/99195
  …1280/99195
  …1300/99195
  …1320/99195
  …1340/99195
  …1360/99195
  …1380/99195
  …1400/99195
  …1420/99195
  …1440/99195
  …1460/99195
  …1480/99195
  …1500/99195
  …1520/99195
  …1540/99195
  …1560/99195
  …1580/99195
  …1600/99195
  …1620/99195
  …1640/99195
  …1660/99195
  …1680/99195
  …1700/99195
  …1720/99195
  …1740/99195
  …1760/99195
  …1780/99195
  …1800/99195
  …1820/99195
  …1840/99195
  …1860/99195
  …1880/99195
  …1900/99195
  …1920/99195
  …1940/99195
  …1960/99195
  …1980/99195
  …2000/99195
  …2020/99195
  …2040/99195
  …2060/99195
  …2080/99195
  …2100/99195
  …2120/99195
  …2140/99195
  …2160/99195
  …2180/99195
  …2200/99195
  …2220/99195
  …2240/99195
  …2260/99195
  …2280/99195
  …2300/99195
  …2320/99195
  …2340/99195
  …2360/99195
  …2380/99195
  …2400/99195
  …2420/99195
  …2440/99195
  …2460/99195
  …2480/99195
  …2500/99195
  …2520/99195
  …2540/99195
  …2560/99195
  …2580/99195
  …2600/99195
  …2620/99195
  …2640/99195
  …2660/99195
  …2680/99195
  …2700/99195
  …2720/99195
  …2740/99195
  …2760/99195
  …2780/99195
  …2800/99195
  …2820/99195
  …2840/99195
  …2860/99195
  …2880/99195
  …2900/99195
  …2920/99195
  …2940/99195
  …2960/99195
  …2980/99195
  …3000/99195
  …3020/99195
  …3040/99195
  …3060/99195
  …3080/99195
  …3100/99195
  …3120/99195
  …3140/99195
  …3160/99195
  …3180/99195
  …3200/99195
  …3220/99195
  …3240/99195
  …3260/99195
  …3280/99195
  …3300/99195
  …3320/99195
  …3340/99195
  …3360/99195
  …3380/99195
  …3400/99195
  …3420/99195
  …3440/99195
  …3460/99195
  …3480/99195
  …3500/99195
  …3520/99195
  …3540/99195
  …3560/99195
  …3580/99195
  …3600/99195
  …3620/99195
  …3640/99195
  …3660/99195
  …3680/99195
  …3700/99195
  …3720/99195
  …3740/99195
  …3760/99195
  …3780/99195
  …3800/99195
  …3820/99195
  …3840/99195
  …3860/99195
  …3880/99195
  …3900/99195
  …3920/99195
  …3940/99195
  …3960/99195
  …3980/99195
  …4000/99195
  …4020/99195
  …4040/99195
  …4060/99195
  …4080/99195
  …4100/99195
  …4120/99195
  …4140/99195
  …4160/99195
  …4180/99195
  …4200/99195
  …4220/99195
  …4240/99195
  …4260/99195
  …4280/99195
  …4300/99195
  …4320/99195
  …4340/99195
  …4360/99195
  …4380/99195
  …4400/99195
  …4420/99195
  …4440/99195
  …4460/99195
  …4480/99195
  …4500/99195
  …4520/99195
  …4540/99195
  …4560/99195
  …4580/99195
  …4600/99195
  …4620/99195
  …4640/99195
  …4660/99195
  …4680/99195
  …4700/99195
  …4720/99195
  …4740/99195
  …4760/99195
  …4780/99195
  …4800/99195
  …4820/99195
  …4840/99195
  …4860/99195
  …4880/99195
  …4900/99195
  …4920/99195
  …4940/99195
  …4960/99195
  …4980/99195
  …5000/99195
  …5020/99195
  …5040/99195
  …5060/99195
  …5080/99195
  …5100/99195
  …5120/99195
  …5140/99195
  …5160/99195
  …5180/99195
  …5200/99195
  …5220/99195
  …5240/99195
  …5260/99195
  …5280/99195
  …5300/99195
  …5320/99195
  …5340/99195
  …5360/99195
  …5380/99195
  …5400/99195
  …5420/99195
  …5440/99195
  …5460/99195
  …5480/99195
  …5500/99195
  …5520/99195
  …5540/99195
  …5560/99195
  …5580/99195
  …5600/99195
  …5620/99195
  …5640/99195
  …5660/99195
  …5680/99195
  …5700/99195
  …5720/99195
  …5740/99195
  …5760/99195
  …5780/99195
  …5800/99195
  …5820/99195
  …5840/99195
  …5860/99195
  …5880/99195
  …5900/99195
  …5920/99195
  …5940/99195
  …5960/99195
  …5980/99195
  …6000/99195
  …6020/99195
  …6040/99195
  …6060/99195
  …6080/99195
  …6100/99195
  …6120/99195
  …6140/99195
  …6160/99195
  …6180/99195
  …6200/99195
  …6220/99195
  …6240/99195
  …6260/99195
  …6280/99195
  …6300/99195
  …6320/99195
  …6340/99195
  …6360/99195
  …6380/99195
  …6400/99195
  …6420/99195
  …6440/99195
  …6460/99195
  …6480/99195
  …6500/99195
  …6520/99195
  …6540/99195
  …6560/99195
  …6580/99195
  …6600/99195
  …6620/99195
  …6640/99195
  …6660/99195
  …6680/99195
  …6700/99195
  …6720/99195
  …6740/99195
  …6760/99195
  …6780/99195
  …6800/99195
  …6820/99195
  …6840/99195
  …6860/99195
  …6880/99195
  …6900/99195
  …6920/99195
  …6940/99195
  …6960/99195
  …6980/99195
  …7000/99195
  …7020/99195
  …7040/99195
  …7060/99195
  …7080/99195
  …7100/99195
  …7120/99195
  …7140/99195
  …7160/99195
  …7180/99195
  …7200/99195
  …7220/99195
  …7240/99195
  …7260/99195
  …7280/99195
  …7300/99195
  …7320/99195
  …7340/99195
  …7360/99195
  …7380/99195
  …7400/99195
  …7420/99195
  …7440/99195
  …7460/99195
  …7480/99195
  …7500/99195
  …7520/99195
  …7540/99195
  …7560/99195
  …7580/99195
  …7600/99195
  …7620/99195
  …7640/99195
  …7660/99195
  …7680/99195
  …7700/99195
  …7720/99195
  …7740/99195
  …7760/99195
  …7780/99195
  …7800/99195
  …7820/99195
  …7840/99195
  …7860/99195
  …7880/99195
  …7900/99195
  …7920/99195
  …7940/99195
  …7960/99195
  …7980/99195
  …8000/99195
  …8020/99195
  …8040/99195
  …8060/99195
  …8080/99195
  …8100/99195
  …8120/99195
  …8140/99195
  …8160/99195
  …8180/99195
  …8200/99195
  …8220/99195
  …8240/99195
  …8260/99195
  …8280/99195
  …8300/99195
  …8320/99195
  …8340/99195
  …8360/99195
  …8380/99195
  …8400/99195
  …8420/99195
  …8440/99195
  …8460/99195
  …8480/99195
  …8500/99195
  …8520/99195
  …8540/99195
  …8560/99195
  …8580/99195
  …8600/99195
  …8620/99195
  …8640/99195
  …8660/99195
  …8680/99195
  …8700/99195
  …8720/99195
  …8740/99195
  …8760/99195
  …8780/99195
  …8800/99195
  …8820/99195
  …8840/99195
  …8860/99195
  …8880/99195
  …8900/99195
  …8920/99195
  …8940/99195
  …8960/99195
  …8980/99195
  …9000/99195
  …9020/99195
  …9040/99195
  …9060/99195
  …9080/99195
  …9100/99195
  …9120/99195
  …9140/99195
  …9160/99195
  …9180/99195
  …9200/99195
  …9220/99195
  …9240/99195
  …9260/99195
  …9280/99195
  …9300/99195
  …9320/99195
  …9340/99195
  …9360/99195
  …9380/99195
  …9400/99195
  …9420/99195
  …9440/99195
  …9460/99195
  …9480/99195
  …9500/99195
  …9520/99195
  …9540/99195
  …9560/99195
  …9580/99195
  …9600/99195
  …9620/99195
  …9640/99195
  …9660/99195
  …9680/99195
  …9700/99195
  …9720/99195
  …9740/99195
  …9760/99195
  …9780/99195
  …9800/99195
  …9820/99195
  …9840/99195
  …9860/99195
  …9880/99195
  …9900/99195
  …9920/99195
  …9940/99195
  …9960/99195
  …9980/99195
  …10000/99195
  …10020/99195
  …10040/99195
  …10060/99195
  …10080/99195
  …10100/99195
  …10120/99195
  …10140/99195
  …10160/99195
  …10180/99195
  …10200/99195
  …10220/99195
  …10240/99195
  …10260/99195
  …10280/99195
  …10300/99195
  …10320/99195
  …10340/99195
  …10360/99195
  …10380/99195
  …10400/99195
  …10420/99195
  …10440/99195
  …10460/99195
  …10480/99195
  …10500/99195
  …10520/99195
  …10540/99195
  …10560/99195
  …10580/99195
  …10600/99195
  …10620/99195
  …10640/99195
  …10660/99195
  …10680/99195
  …10700/99195
  …10720/99195
  …10740/99195
  …10760/99195
  …10780/99195
  …10800/99195
  …10820/99195
  …10840/99195
  …10860/99195
  …10880/99195
  …10900/99195
  …10920/99195
  …10940/99195
  …10960/99195
  …10980/99195
  …11000/99195
  …11020/99195
  …11040/99195
  …11060/99195
  …11080/99195
  …11100/99195
  …11120/99195
  …11140/99195
  …11160/99195
  …11180/99195
  …11200/99195
  …11220/99195
  …11240/99195
  …11260/99195
  …11280/99195
  …11300/99195
  …11320/99195
  …11340/99195
  …11360/99195
  …11380/99195
  …11400/99195
  …11420/99195
  …11440/99195
  …11460/99195
  …11480/99195
  …11500/99195
  …11520/99195
  …11540/99195
  …11560/99195
  …11580/99195
  …11600/99195
  …11620/99195
  …11640/99195
  …11660/99195
  …11680/99195
  …11700/99195
  …11720/99195
  …11740/99195
  …11760/99195
  …11780/99195
  …11800/99195
  …11820/99195
  …11840/99195
  …11860/99195
  …11880/99195
  …11900/99195
  …11920/99195
  …11940/99195
  …11960/99195
  …11980/99195
  …12000/99195
  …12020/99195
  …12040/99195
  …12060/99195
  …12080/99195
  …12100/99195
  …12120/99195
  …12140/99195
  …12160/99195
  …12180/99195
  …12200/99195
  …12220/99195
  …12240/99195
  …12260/99195
  …12280/99195
  …12300/99195
  …12320/99195
  …12340/99195
  …12360/99195
  …12380/99195
  …12400/99195
  …12420/99195
  …12440/99195
  …12460/99195
  …12480/99195
  …12500/99195
  …12520/99195
  …12540/99195
  …12560/99195
  …12580/99195
  …12600/99195
  …12620/99195
  …12640/99195
  …12660/99195
  …12680/99195
  …12700/99195
  …12720/99195
  …12740/99195
  …12760/99195
  …12780/99195
  …12800/99195
  …12820/99195
  …12840/99195
  …12860/99195
  …12880/99195
  …12900/99195
  …12920/99195
  …12940/99195
  …12960/99195
  …12980/99195
  …13000/99195
  …13020/99195
  …13040/99195
  …13060/99195
  …13080/99195
  …13100/99195
  …13120/99195
  …13140/99195
  …13160/99195
  …13180/99195
  …13200/99195
  …13220/99195
  …13240/99195
  …13260/99195
  …13280/99195
  …13300/99195
  …13320/99195
  …13340/99195
  …13360/99195
  …13380/99195
  …13400/99195
  …13420/99195
  …13440/99195
  …13460/99195
  …13480/99195
  …13500/99195
  …13520/99195
  …13540/99195
  …13560/99195
  …13580/99195
  …13600/99195
  …13620/99195
  …13640/99195
  …13660/99195
  …13680/99195
  …13700/99195
  …13720/99195
  …13740/99195
  …13760/99195
  …13780/99195
  …13800/99195
  …13820/99195
  …13840/99195
  …13860/99195
  …13880/99195
  …13900/99195
  …13920/99195
  …13940/99195
  …13960/99195
  …13980/99195
  …14000/99195
  …14020/99195
  …14040/99195
  …14060/99195
  …14080/99195
  …14100/99195
  …14120/99195
  …14140/99195
  …14160/99195
  …14180/99195
  …14200/99195
  …14220/99195
  …14240/99195
  …14260/99195
  …14280/99195
  …14300/99195
  …14320/99195
  …14340/99195
  …14360/99195
  …14380/99195
  …14400/99195
  …14420/99195
  …14440/99195
  …14460/99195
  …14480/99195
  …14500/99195
  …14520/99195
  …14540/99195
  …14560/99195
  …14580/99195
  …14600/99195
  …14620/99195
  …14640/99195
  …14660/99195
  …14680/99195
  …14700/99195
  …14720/99195
  …14740/99195
  …14760/99195
  …14780/99195
  …14800/99195
  …14820/99195
  …14840/99195
  …14860/99195
  …14880/99195
  …14900/99195
  …14920/99195
  …14940/99195
  …14960/99195
  …14980/99195
  …15000/99195
  …15020/99195
  …15040/99195
  …15060/99195
  …15080/99195
  …15100/99195
  …15120/99195
  …15140/99195
  …15160/99195
  …15180/99195
  …15200/99195
  …15220/99195
  …15240/99195
  …15260/99195
  …15280/99195
  …15300/99195
  …15320/99195
  …15340/99195
  …15360/99195
  …15380/99195
  …15400/99195
  …15420/99195
  …15440/99195
  …15460/99195
  …15480/99195
  …15500/99195
  …15520/99195
  …15540/99195
  …15560/99195
  …15580/99195
  …15600/99195
  …15620/99195
  …15640/99195
  …15660/99195
  …15680/99195
  …15700/99195
  …15720/99195
  …15740/99195
  …15760/99195
  …15780/99195
  …15800/99195
  …15820/99195
  …15840/99195
  …15860/99195
  …15880/99195
  …15900/99195
  …15920/99195
  …15940/99195
  …15960/99195
  …15980/99195
  …16000/99195
  …16020/99195
  …16040/99195
  …16060/99195
  …16080/99195
  …16100/99195
  …16120/99195
  …16140/99195
  …16160/99195
  …16180/99195
  …16200/99195
  …16220/99195
  …16240/99195
  …16260/99195
  …16280/99195
  …16300/99195
  …16320/99195
  …16340/99195
  …16360/99195
  …16380/99195
  …16400/99195
  …16420/99195
  …16440/99195
  …16460/99195
  …16480/99195
  …16500/99195
  …16520/99195
  …16540/99195
  …16560/99195
  …16580/99195
  …16600/99195
  …16620/99195
  …16640/99195
  …16660/99195
  …16680/99195
  …16700/99195
  …16720/99195
  …16740/99195
  …16760/99195
  …16780/99195
  …16800/99195
  …16820/99195
  …16840/99195
  …16860/99195
  …16880/99195
  …16900/99195
  …16920/99195
  …16940/99195
  …16960/99195
  …16980/99195
  …17000/99195
  …17020/99195
  …17040/99195
  …17060/99195
  …17080/99195
  …17100/99195
  …17120/99195
  …17140/99195
  …17160/99195
  …17180/99195
  …17200/99195
  …17220/99195
  …17240/99195
  …17260/99195
  …17280/99195
  …17300/99195
  …17320/99195
  …17340/99195
  …17360/99195
  …17380/99195
  …17400/99195
  …17420/99195
  …17440/99195
  …17460/99195
  …17480/99195
  …17500/99195
  …17520/99195
  …17540/99195
  …17560/99195
  …17580/99195
  …17600/99195
  …17620/99195
  …17640/99195
  …17660/99195
  …17680/99195
  …17700/99195
  …17720/99195
  …17740/99195
  …17760/99195
  …17780/99195
  …17800/99195
  …17820/99195
  …17840/99195
  …17860/99195
  …17880/99195
  …17900/99195
  …17920/99195
  …17940/99195
  …17960/99195
  …17980/99195
  …18000/99195
  …18020/99195
  …18040/99195
  …18060/99195
  …18080/99195
  …18100/99195
  …18120/99195
  …18140/99195
  …18160/99195
  …18180/99195
  …18200/99195
  …18220/99195
  …18240/99195
  …18260/99195
  …18280/99195
  …18300/99195
  …18320/99195
  …18340/99195
  …18360/99195
  …18380/99195
  …18400/99195
  …18420/99195
  …18440/99195
  …18460/99195
  …18480/99195
  …18500/99195
  …18520/99195
  …18540/99195
  …18560/99195
  …18580/99195
  …18600/99195
  …18620/99195
  …18640/99195
  …18660/99195
  …18680/99195
  …18700/99195
  …18720/99195
  …18740/99195
  …18760/99195
  …18780/99195
  …18800/99195
  …18820/99195
  …18840/99195
  …18860/99195
  …18880/99195
  …18900/99195
  …18920/99195
  …18940/99195
  …18960/99195
  …18980/99195
  …19000/99195
  …19020/99195
  …19040/99195
  …19060/99195
  …19080/99195
  …19100/99195
  …19120/99195
  …19140/99195
  …19160/99195
  …19180/99195
  …19200/99195
  …19220/99195
  …19240/99195
  …19260/99195
  …19280/99195
  …19300/99195
  …19320/99195
  …19340/99195
  …19360/99195
  …19380/99195
  …19400/99195
  …19420/99195
  …19440/99195
  …19460/99195
  …19480/99195
  …19500/99195
  …19520/99195
  …19540/99195
  …19560/99195
  …19580/99195
  …19600/99195
  …19620/99195
  …19640/99195
  …19660/99195
  …19680/99195
  …19700/99195
  …19720/99195
  …19740/99195
  …19760/99195
  …19780/99195
  …19800/99195
  …19820/99195
  …19840/99195
  …19860/99195
  …19880/99195
  …19900/99195
  …19920/99195
  …19940/99195
  …19960/99195
  …19980/99195
  …20000/99195
  …20020/99195
  …20040/99195
  …20060/99195
  …20080/99195
  …20100/99195
  …20120/99195
  …20140/99195
  …20160/99195
  …20180/99195
  …20200/99195
  …20220/99195
  …20240/99195
  …20260/99195
  …20280/99195
  …20300/99195
  …20320/99195
  …20340/99195
  …20360/99195
  …20380/99195
  …20400/99195
  …20420/99195
  …20440/99195
  …20460/99195
  …20480/99195
  …20500/99195
  …20520/99195
  …20540/99195
  …20560/99195
  …20580/99195
  …20600/99195
  …20620/99195
  …20640/99195
  …20660/99195
  …20680/99195
  …20700/99195
  …20720/99195
  …20740/99195
  …20760/99195
  …20780/99195
  …20800/99195
  …20820/99195
  …20840/99195
  …20860/99195
  …20880/99195
  …20900/99195
  …20920/99195
  …20940/99195
  …20960/99195
  …20980/99195
  …21000/99195
  …21020/99195
  …21040/99195
  …21060/99195
  …21080/99195
  …21100/99195
  …21120/99195
  …21140/99195
  …21160/99195
  …21180/99195
  …21200/99195
  …21220/99195
  …21240/99195
  …21260/99195
  …21280/99195
  …21300/99195
  …21320/99195
  …21340/99195
  …21360/99195
  …21380/99195
  …21400/99195
  …21420/99195
  …21440/99195
  …21460/99195
  …21480/99195
  …21500/99195
  …21520/99195
  …21540/99195
  …21560/99195
  …21580/99195
  …21600/99195
  …21620/99195
  …21640/99195
  …21660/99195
  …21680/99195
  …21700/99195
  …21720/99195
  …21740/99195
  …21760/99195
  …21780/99195
  …21800/99195
  …21820/99195
  …21840/99195
  …21860/99195
  …21880/99195
  …21900/99195
  …21920/99195
  …21940/99195
  …21960/99195
  …21980/99195
  …22000/99195
  …22020/99195
  …22040/99195
  …22060/99195
  …22080/99195
  …22100/99195
  …22120/99195
  …22140/99195
  …22160/99195
  …22180/99195
  …22200/99195
  …22220/99195
  …22240/99195
  …22260/99195
  …22280/99195
  …22300/99195
  …22320/99195
  …22340/99195
  …22360/99195
  …22380/99195
  …22400/99195
  …22420/99195
  …22440/99195
  …22460/99195
  …22480/99195
  …22500/99195
  …22520/99195
  …22540/99195
  …22560/99195
  …22580/99195
  …22600/99195
  …22620/99195
  …22640/99195
  …22660/99195
  …22680/99195
  …22700/99195
  …22720/99195
  …22740/99195
  …22760/99195
  …22780/99195
  …22800/99195
  …22820/99195
  …22840/99195
  …22860/99195
  …22880/99195
  …22900/99195
  …22920/99195
  …22940/99195
  …22960/99195
  …22980/99195
  …23000/99195
  …23020/99195
  …23040/99195
  …23060/99195
  …23080/99195
  …23100/99195
  …23120/99195
  …23140/99195
  …23160/99195
  …23180/99195
  …23200/99195
  …23220/99195
  …23240/99195
  …23260/99195
  …23280/99195
  …23300/99195
  …23320/99195
  …23340/99195
  …23360/99195
  …23380/99195
  …23400/99195
  …23420/99195
  …23440/99195
  …23460/99195
  …23480/99195
  …23500/99195
  …23520/99195
  …23540/99195
  …23560/99195
  …23580/99195
  …23600/99195
  …23620/99195
  …23640/99195
  …23660/99195
  …23680/99195
  …23700/99195
  …23720/99195
  …23740/99195
  …23760/99195
  …23780/99195
  …23800/99195
  …23820/99195
  …23840/99195
  …23860/99195
  …23880/99195
  …23900/99195
  …23920/99195
  …23940/99195
  …23960/99195
  …23980/99195
  …24000/99195
  …24020/99195
  …24040/99195
  …24060/99195
  …24080/99195
  …24100/99195
  …24120/99195
  …24140/99195
  …24160/99195
  …24180/99195
  …24200/99195
  …24220/99195
  …24240/99195
  …24260/99195
  …24280/99195
  …24300/99195
  …24320/99195
  …24340/99195
  …24360/99195
  …24380/99195
  …24400/99195
  …24420/99195
  …24440/99195
  …24460/99195
  …24480/99195
  …24500/99195
  …24520/99195
  …24540/99195
  …24560/99195
  …24580/99195
  …24600/99195
  …24620/99195
  …24640/99195
  …24660/99195
  …24680/99195
  …24700/99195
  …24720/99195
  …24740/99195
  …24760/99195
  …24780/99195
  …24800/99195
  …24820/99195
  …24840/99195
  …24860/99195
  …24880/99195
  …24900/99195
  …24920/99195
  …24940/99195
  …24960/99195
  …24980/99195
  …25000/99195
  …25020/99195
  …25040/99195
  …25060/99195
  …25080/99195
  …25100/99195
  …25120/99195
  …25140/99195
  …25160/99195
  …25180/99195
  …25200/99195
  …25220/99195
  …25240/99195
  …25260/99195
  …25280/99195
  …25300/99195
  …25320/99195
  …25340/99195
  …25360/99195
  …25380/99195
  …25400/99195
  …25420/99195
  …25440/99195
  …25460/99195
  …25480/99195
  …25500/99195
  …25520/99195
  …25540/99195
  …25560/99195
  …25580/99195
  …25600/99195
  …25620/99195
  …25640/99195
  …25660/99195
  …25680/99195
  …25700/99195
  …25720/99195
  …25740/99195
  …25760/99195
  …25780/99195
  …25800/99195
  …25820/99195
  …25840/99195
  …25860/99195
  …25880/99195
  …25900/99195
  …25920/99195
  …25940/99195
  …25960/99195
  …25980/99195
  …26000/99195
  …26020/99195
  …26040/99195
  …26060/99195
  …26080/99195
  …26100/99195
  …26120/99195
  …26140/99195
  …26160/99195
  …26180/99195
  …26200/99195
  …26220/99195
  …26240/99195
  …26260/99195
  …26280/99195
  …26300/99195
  …26320/99195
  …26340/99195
  …26360/99195
  …26380/99195
  …26400/99195
  …26420/99195
  …26440/99195
  …26460/99195
  …26480/99195
  …26500/99195
  …26520/99195
  …26540/99195
  …26560/99195
  …26580/99195
  …26600/99195
  …26620/99195
  …26640/99195
  …26660/99195
  …26680/99195
  …26700/99195
  …26720/99195
  …26740/99195
  …26760/99195
  …26780/99195
  …26800/99195
  …26820/99195
  …26840/99195
  …26860/99195
  …26880/99195
  …26900/99195
  …26920/99195
  …26940/99195
  …26960/99195
  …26980/99195
  …27000/99195
  …27020/99195
  …27040/99195
  …27060/99195
  …27080/99195
  …27100/99195
  …27120/99195
  …27140/99195
  …27160/99195
  …27180/99195
  …27200/99195
  …27220/99195
  …27240/99195
  …27260/99195
  …27280/99195
  …27300/99195
  …27320/99195
  …27340/99195
  …27360/99195
  …27380/99195
  …27400/99195
  …27420/99195
  …27440/99195
  …27460/99195
  …27480/99195
  …27500/99195
  …27520/99195
  …27540/99195
  …27560/99195
  …27580/99195
  …27600/99195
  …27620/99195
  …27640/99195
  …27660/99195
  …27680/99195
  …27700/99195
  …27720/99195
  …27740/99195
  …27760/99195
  …27780/99195
  …27800/99195
  …27820/99195
  …27840/99195
  …27860/99195
  …27880/99195
  …27900/99195
  …27920/99195
  …27940/99195
  …27960/99195
  …27980/99195
  …28000/99195
  …28020/99195
  …28040/99195
  …28060/99195
  …28080/99195
  …28100/99195
  …28120/99195
  …28140/99195
  …28160/99195
  …28180/99195
  …28200/99195
  …28220/99195
  …28240/99195
  …28260/99195
  …28280/99195
  …28300/99195
  …28320/99195
  …28340/99195
  …28360/99195
  …28380/99195
  …28400/99195
  …28420/99195
  …28440/99195
  …28460/99195
  …28480/99195
  …28500/99195
  …28520/99195
  …28540/99195
  …28560/99195
  …28580/99195
  …28600/99195
  …28620/99195
  …28640/99195
  …28660/99195
  …28680/99195
  …28700/99195
  …28720/99195
  …28740/99195
  …28760/99195
  …28780/99195
  …28800/99195
  …28820/99195
  …28840/99195
  …28860/99195
  …28880/99195
  …28900/99195
  …28920/99195
  …28940/99195
  …28960/99195
  …28980/99195
  …29000/99195
  …29020/99195
  …29040/99195
  …29060/99195
  …29080/99195
  …29100/99195
  …29120/99195
  …29140/99195
  …29160/99195
  …29180/99195
  …29200/99195
  …29220/99195
  …29240/99195
  …29260/99195
  …29280/99195
  …29300/99195
  …29320/99195
  …29340/99195
  …29360/99195
  …29380/99195
  …29400/99195
  …29420/99195
  …29440/99195
  …29460/99195
  …29480/99195
  …29500/99195
  …29520/99195
  …29540/99195
  …29560/99195
  …29580/99195
  …29600/99195
  …29620/99195
  …29640/99195
  …29660/99195
  …29680/99195
  …29700/99195
  …29720/99195
  …29740/99195
  …29760/99195
  …29780/99195
  …29800/99195
  …29820/99195
  …29840/99195
  …29860/99195
  …29880/99195
  …29900/99195
  …29920/99195
  …29940/99195
  …29960/99195
  …29980/99195
  …30000/99195
  …30020/99195
  …30040/99195
  …30060/99195
  …30080/99195
  …30100/99195
  …30120/99195
  …30140/99195
  …30160/99195
  …30180/99195
  …30200/99195
  …30220/99195
  …30240/99195
  …30260/99195
  …30280/99195
  …30300/99195
  …30320/99195
  …30340/99195
  …30360/99195
  …30380/99195
  …30400/99195
  …30420/99195
  …30440/99195
  …30460/99195
  …30480/99195
  …30500/99195
  …30520/99195
  …30540/99195
  …30560/99195
  …30580/99195
  …30600/99195
  …30620/99195
  …30640/99195
  …30660/99195
  …30680/99195
  …30700/99195
  …30720/99195
  …30740/99195
  …30760/99195
  …30780/99195
  …30800/99195
  …30820/99195
  …30840/99195
  …30860/99195
  …30880/99195
  …30900/99195
  …30920/99195
  …30940/99195
  …30960/99195
  …30980/99195
  …31000/99195
  …31020/99195
  …31040/99195
  …31060/99195
  …31080/99195
  …31100/99195
  …31120/99195
  …31140/99195
  …31160/99195
  …31180/99195
  …31200/99195
  …31220/99195
  …31240/99195
  …31260/99195
  …31280/99195
  …31300/99195
  …31320/99195
  …31340/99195
  …31360/99195
  …31380/99195
  …31400/99195
  …31420/99195
  …31440/99195
  …31460/99195
  …31480/99195
  …31500/99195
  …31520/99195
  …31540/99195
  …31560/99195
  …31580/99195
  …31600/99195
  …31620/99195
  …31640/99195
  …31660/99195
  …31680/99195
  …31700/99195
  …31720/99195
  …31740/99195
  …31760/99195
  …31780/99195
  …31800/99195
  …31820/99195
  …31840/99195
  …31860/99195
  …31880/99195
  …31900/99195
  …31920/99195
  …31940/99195
  …31960/99195
  …31980/99195
  …32000/99195
  …32020/99195
  …32040/99195
  …32060/99195
  …32080/99195
  …32100/99195
  …32120/99195
  …32140/99195
  …32160/99195
  …32180/99195
  …32200/99195
  …32220/99195
  …32240/99195
  …32260/99195
  …32280/99195
  …32300/99195
  …32320/99195
  …32340/99195
  …32360/99195
  …32380/99195
  …32400/99195
  …32420/99195
  …32440/99195
  …32460/99195
  …32480/99195
  …32500/99195
  …32520/99195
  …32540/99195
  …32560/99195
  …32580/99195
  …32600/99195
  …32620/99195
  …32640/99195
  …32660/99195
  …32680/99195
  …32700/99195
  …32720/99195
  …32740/99195
  …32760/99195
  …32780/99195
  …32800/99195
  …32820/99195
  …32840/99195
  …32860/99195
  …32880/99195
  …32900/99195
  …32920/99195
  …32940/99195
  …32960/99195
  …32980/99195
  …33000/99195
  …33020/99195
  …33040/99195
  …33060/99195
  …33080/99195
  …33100/99195
  …33120/99195
  …33140/99195
  …33160/99195
  …33180/99195
  …33200/99195
  …33220/99195
  …33240/99195
  …33260/99195
  …33280/99195
  …33300/99195
  …33320/99195
  …33340/99195
  …33360/99195
  …33380/99195
  …33400/99195
  …33420/99195
  …33440/99195
  …33460/99195
  …33480/99195
  …33500/99195
  …33520/99195
  …33540/99195
  …33560/99195
  …33580/99195
  …33600/99195
  …33620/99195
  …33640/99195
  …33660/99195
  …33680/99195
  …33700/99195
  …33720/99195
  …33740/99195
  …33760/99195
  …33780/99195
  …33800/99195
  …33820/99195
  …33840/99195
  …33860/99195
  …33880/99195
  …33900/99195
  …33920/99195
  …33940/99195
  …33960/99195
  …33980/99195
  …34000/99195
  …34020/99195
  …34040/99195
  …34060/99195
  …34080/99195
  …34100/99195
  …34120/99195
  …34140/99195
  …34160/99195
  …34180/99195
  …34200/99195
  …34220/99195
  …34240/99195
  …34260/99195
  …34280/99195
  …34300/99195
  …34320/99195
  …34340/99195
  …34360/99195
  …34380/99195
  …34400/99195
  …34420/99195
  …34440/99195
  …34460/99195
  …34480/99195
  …34500/99195
  …34520/99195
  …34540/99195
  …34560/99195
  …34580/99195
  …34600/99195
  …34620/99195
  …34640/99195
  …34660/99195
  …34680/99195
  …34700/99195
  …34720/99195
  …34740/99195
  …34760/99195
  …34780/99195
  …34800/99195
  …34820/99195
  …34840/99195
  …34860/99195
  …34880/99195
  …34900/99195
  …34920/99195
  …34940/99195
  …34960/99195
  …34980/99195
  …35000/99195
  …35020/99195
  …35040/99195
  …35060/99195
  …35080/99195
  …35100/99195
  …35120/99195
  …35140/99195
  …35160/99195
  …35180/99195
  …35200/99195
  …35220/99195
  …35240/99195
  …35260/99195
  …35280/99195
  …35300/99195
  …35320/99195
  …35340/99195
  …35360/99195
  …35380/99195
  …35400/99195
  …35420/99195
  …35440/99195
  …35460/99195
  …35480/99195
  …35500/99195
  …35520/99195
  …35540/99195
  …35560/99195
  …35580/99195
  …35600/99195
  …35620/99195
  …35640/99195
  …35660/99195
  …35680/99195
  …35700/99195
  …35720/99195
  …35740/99195
  …35760/99195
  …35780/99195
  …35800/99195
  …35820/99195
  …35840/99195
  …35860/99195
  …35880/99195
  …35900/99195
  …35920/99195
  …35940/99195
  …35960/99195
  …35980/99195
  …36000/99195
  …36020/99195
  …36040/99195
  …36060/99195
  …36080/99195
  …36100/99195
  …36120/99195
  …36140/99195
  …36160/99195
  …36180/99195
  …36200/99195
  …36220/99195
  …36240/99195
  …36260/99195
  …36280/99195
  …36300/99195
  …36320/99195
  …36340/99195
  …36360/99195
  …36380/99195
  …36400/99195
  …36420/99195
  …36440/99195
  …36460/99195
  …36480/99195
  …36500/99195
  …36520/99195
  …36540/99195
  …36560/99195
  …36580/99195
  …36600/99195
  …36620/99195
  …36640/99195
  …36660/99195
  …36680/99195
  …36700/99195
  …36720/99195
  …36740/99195
  …36760/99195
  …36780/99195
  …36800/99195
  …36820/99195
  …36840/99195
  …36860/99195
  …36880/99195
  …36900/99195
  …36920/99195
  …36940/99195
  …36960/99195
  …36980/99195
  …37000/99195
  …37020/99195
  …37040/99195
  …37060/99195
  …37080/99195
  …37100/99195
  …37120/99195
  …37140/99195
  …37160/99195
  …37180/99195
  …37200/99195
  …37220/99195
  …37240/99195
  …37260/99195
  …37280/99195
  …37300/99195
  …37320/99195
  …37340/99195
  …37360/99195
  …37380/99195
  …37400/99195
  …37420/99195
  …37440/99195
  …37460/99195
  …37480/99195
  …37500/99195
  …37520/99195
  …37540/99195
  …37560/99195
  …37580/99195
  …37600/99195
  …37620/99195
  …37640/99195
  …37660/99195
  …37680/99195
  …37700/99195
  …37720/99195
  …37740/99195
  …37760/99195
  …37780/99195
  …37800/99195
  …37820/99195
  …37840/99195
  …37860/99195
  …37880/99195
  …37900/99195
  …37920/99195
  …37940/99195
  …37960/99195
  …37980/99195
  …38000/99195
  …38020/99195
  …38040/99195
  …38060/99195
  …38080/99195
  …38100/99195
  …38120/99195
  …38140/99195
  …38160/99195
  …38180/99195
  …38200/99195
  …38220/99195
  …38240/99195
  …38260/99195
  …38280/99195
  …38300/99195
  …38320/99195
  …38340/99195
  …38360/99195
  …38380/99195
  …38400/99195
  …38420/99195
  …38440/99195
  …38460/99195
  …38480/99195
  …38500/99195
  …38520/99195
  …38540/99195
  …38560/99195
  …38580/99195
  …38600/99195
  …38620/99195
  …38640/99195
  …38660/99195
  …38680/99195
  …38700/99195
  …38720/99195
  …38740/99195
  …38760/99195
  …38780/99195
  …38800/99195
  …38820/99195
  …38840/99195
  …38860/99195
  …38880/99195
  …38900/99195
  …38920/99195
  …38940/99195
  …38960/99195
  …38980/99195
  …39000/99195
  …39020/99195
  …39040/99195
  …39060/99195
  …39080/99195
  …39100/99195
  …39120/99195
  …39140/99195
  …39160/99195
  …39180/99195
  …39200/99195
  …39220/99195
  …39240/99195
  …39260/99195
  …39280/99195
  …39300/99195
  …39320/99195
  …39340/99195
  …39360/99195
  …39380/99195
  …39400/99195
  …39420/99195
  …39440/99195
  …39460/99195
  …39480/99195
  …39500/99195
  …39520/99195
  …39540/99195
  …39560/99195
  …39580/99195
  …39600/99195
  …39620/99195
  …39640/99195
  …39660/99195
  …39680/99195
  …39700/99195
  …39720/99195
  …39740/99195
  …39760/99195
  …39780/99195
  …39800/99195
  …39820/99195
  …39840/99195
  …39860/99195
  …39880/99195
  …39900/99195
  …39920/99195
  …39940/99195
  …39960/99195
  …39980/99195
  …40000/99195
  …40020/99195
  …40040/99195
  …40060/99195
  …40080/99195
  …40100/99195
  …40120/99195
  …40140/99195
  …40160/99195
  …40180/99195
  …40200/99195
  …40220/99195
  …40240/99195
  …40260/99195
  …40280/99195
  …40300/99195
  …40320/99195
  …40340/99195
  …40360/99195
  …40380/99195
  …40400/99195
  …40420/99195
  …40440/99195
  …40460/99195
  …40480/99195
  …40500/99195
  …40520/99195
  …40540/99195
  …40560/99195
  …40580/99195
  …40600/99195
  …40620/99195
  …40640/99195
  …40660/99195
  …40680/99195
  …40700/99195
  …40720/99195
  …40740/99195
  …40760/99195
  …40780/99195
  …40800/99195
  …40820/99195
  …40840/99195
  …40860/99195
  …40880/99195
  …40900/99195
  …40920/99195
  …40940/99195
  …40960/99195
  …40980/99195
  …41000/99195
  …41020/99195
  …41040/99195
  …41060/99195
  …41080/99195
  …41100/99195
  …41120/99195
  …41140/99195
  …41160/99195
  …41180/99195
  …41200/99195
  …41220/99195
  …41240/99195
  …41260/99195
  …41280/99195
  …41300/99195
  …41320/99195
  …41340/99195
  …41360/99195
  …41380/99195
  …41400/99195
  …41420/99195
  …41440/99195
  …41460/99195
  …41480/99195
  …41500/99195
  …41520/99195
  …41540/99195
  …41560/99195
  …41580/99195
  …41600/99195
  …41620/99195
  …41640/99195
  …41660/99195
  …41680/99195
  …41700/99195
  …41720/99195
  …41740/99195
  …41760/99195
  …41780/99195
  …41800/99195
  …41820/99195
  …41840/99195
  …41860/99195
  …41880/99195
  …41900/99195
  …41920/99195
  …41940/99195
  …41960/99195
  …41980/99195
  …42000/99195
  …42020/99195
  …42040/99195
  …42060/99195
  …42080/99195
  …42100/99195
  …42120/99195
  …42140/99195
  …42160/99195
  …42180/99195
  …42200/99195
  …42220/99195
  …42240/99195
  …42260/99195
  …42280/99195
  …42300/99195
  …42320/99195
  …42340/99195
  …42360/99195
  …42380/99195
  …42400/99195
  …42420/99195
  …42440/99195
  …42460/99195
  …42480/99195
  …42500/99195
  …42520/99195
  …42540/99195
  …42560/99195
  …42580/99195
  …42600/99195
  …42620/99195
  …42640/99195
  …42660/99195
  …42680/99195
  …42700/99195
  …42720/99195
  …42740/99195
  …42760/99195
  …42780/99195
  …42800/99195
  …42820/99195
  …42840/99195
  …42860/99195
  …42880/99195
  …42900/99195
  …42920/99195
  …42940/99195
  …42960/99195
  …42980/99195
  …43000/99195
  …43020/99195
  …43040/99195
  …43060/99195
  …43080/99195
  …43100/99195
  …43120/99195
  …43140/99195
  …43160/99195
  …43180/99195
  …43200/99195
  …43220/99195
  …43240/99195
  …43260/99195
  …43280/99195
  …43300/99195
  …43320/99195
  …43340/99195
  …43360/99195
  …43380/99195
  …43400/99195
  …43420/99195
  …43440/99195
  …43460/99195
  …43480/99195
^C(node:21388) Warning: SECURITY WARNING: The SSL modes 'prefer', 'require', and 'verify-ca' are treated as aliases for 'verify-full'.
In the next major version (pg-connection-string v3.0.0 and pg v9.0.0), these modes will adopt standard libpq semantics, which have weaker security guarantees.

To prepare for this change:
- If you want the current behavior, explicitly use 'sslmode=verify-full'
- If you want libpq compatibility now, use 'uselibpqcompat=true&sslmode=require'

See https://www.postgresql.org/docs/current/libpq-ssl.html for libpq SSL mode definitions.
(Use `node --trace-warnings ...` to show where the warning was created)
Itens: 55699 processos pendentes (de 241302 no PNCP/SC)...
  …20/55699
  …40/55699
  …60/55699
  …80/55699
  …100/55699
  …120/55699
  …140/55699
  …160/55699
  …180/55699
  …200/55699
  …220/55699
  …240/55699
  …260/55699
  …280/55699
  …300/55699
  …320/55699
  …340/55699
  …360/55699
  …380/55699
  …400/55699
  …420/55699
  …440/55699
  …460/55699
  …480/55699
  …500/55699
  …520/55699
  …540/55699
  …560/55699
  …580/55699
  …600/55699
  …620/55699
  …640/55699
  …660/55699
  …680/55699
  …700/55699
  …720/55699
  …740/55699
  …760/55699
  …780/55699
  …800/55699
  …820/55699
  …840/55699
  …860/55699
  …880/55699
  …900/55699
  …920/55699
  …940/55699
  …960/55699
  …980/55699
  …1000/55699
  …1020/55699
  …1040/55699
  …1060/55699
  …1080/55699
  …1100/55699
  …1120/55699
  …1140/55699
  …1160/55699
  …1180/55699
  …1200/55699
  …1220/55699
  …1240/55699
  …1260/55699
  …1280/55699
  …1300/55699
  …1320/55699
  …1340/55699
  …1360/55699
  …1380/55699
  …1400/55699
  …1420/55699
  …1440/55699
  …1460/55699
  …1480/55699
  …1500/55699
  …1520/55699
  …1540/55699
  …1560/55699
  …1580/55699
  …1600/55699
  …1620/55699
  …1640/55699
  …1660/55699
  …1680/55699
  …1700/55699
  …1720/55699
  …1740/55699
  …1760/55699
  …1780/55699
  …1800/55699
  …1820/55699
  …1840/55699
  …1860/55699
  …1880/55699
  …1900/55699
  …1920/55699
  …1940/55699
  …1960/55699
  …1980/55699
  …2000/55699
  …2020/55699
  …2040/55699
  …2060/55699
  …2080/55699
  …2100/55699
  …2120/55699
  …2140/55699
  …2160/55699
  …2180/55699
  …2200/55699
  …2220/55699
  …2240/55699
  …2260/55699
  …2280/55699
  …2300/55699
  …2320/55699
  …2340/55699
  …2360/55699
  …2380/55699
  …2400/55699
  …2420/55699
  …2440/55699
  …2460/55699
  …2480/55699
  …2500/55699
  …2520/55699
  …2540/55699
  …2560/55699
  …2580/55699
  …2600/55699
  …2620/55699
  …2640/55699
  …2660/55699
  …2680/55699
  …2700/55699
  …2720/55699
  …2740/55699
  …2760/55699
  …2780/55699
  …2800/55699
  …2820/55699
  …2840/55699
  …2860/55699
  …2880/55699
  …2900/55699
  …2920/55699
  …2940/55699
  …2960/55699
  …2980/55699
  …3000/55699
  …3020/55699
  …3040/55699
  …3060/55699
  …3080/55699
  …3100/55699
  …3120/55699
  …3140/55699
  …3160/55699
  …3180/55699
  …3200/55699
  …3220/55699
  …3240/55699
  …3260/55699
  …3280/55699
  …3300/55699
  …3320/55699
  …3340/55699
  …3360/55699
  …3380/55699
  …3400/55699
  …3420/55699
  …3440/55699
  …3460/55699
  …3480/55699
  …3500/55699
  …3520/55699
  …3540/55699
  …3560/55699
  …3580/55699
  …3600/55699
  …3620/55699
  …3640/55699
  …3660/55699
  …3680/55699
  …3700/55699
  …3720/55699
  …3740/55699
  …3760/55699
  …3780/55699
  …3800/55699
  …3820/55699
  …3840/55699
  …3860/55699
  …3880/55699
  …3900/55699
  …3920/55699
  …3940/55699
  …3960/55699
  …3980/55699
  …4000/55699
  …4020/55699
  …4040/55699
  …4060/55699
  …4080/55699
  …4100/55699
  …4120/55699
  …4140/55699
  …4160/55699
  …4180/55699
  …4200/55699
  …4220/55699
  …4240/55699
  …4260/55699
  …4280/55699
  …4300/55699
  …4320/55699
  …4340/55699
  …4360/55699
  …4380/55699
  …4400/55699
  …4420/55699
  …4440/55699
  …4460/55699
  …4480/55699
  …4500/55699
  …4520/55699
  …4540/55699
  …4560/55699
  …4580/55699
  …4600/55699
  …4620/55699
  …4640/55699
  …4660/55699
  …4680/55699
  …4700/55699
  …4720/55699
  …4740/55699
  …4760/55699
  …4780/55699
  …4800/55699
  …4820/55699
  …4840/55699
  …4860/55699
  …4880/55699
  …4900/55699
  …4920/55699
  …4940/55699
  …4960/55699
  …4980/55699
  …5000/55699
  …5020/55699
  …5040/55699
  …5060/55699
  …5080/55699
  …5100/55699
  …5120/55699
  …5140/55699
  …5160/55699
  …5180/55699
  …5200/55699
  …5220/55699
  …5240/55699
  …5260/55699
  …5280/55699
  …5300/55699
  …5320/55699
  …5340/55699
  …5360/55699
  …5380/55699
  …5400/55699
  …5420/55699
  …5440/55699
  …5460/55699
  …5480/55699
  …5500/55699
  …5520/55699
  …5540/55699
  …5560/55699
  …5580/55699
  …5600/55699
  …5620/55699
  …5640/55699
  …5660/55699
  …5680/55699
  …5700/55699
  …5720/55699
  …5740/55699
  …5760/55699
  …5780/55699
  …5800/55699
  …5820/55699
  …5840/55699
  …5860/55699
  …5880/55699
  …5900/55699
  …5920/55699
  …5940/55699
  …5960/55699
  …5980/55699
  …6000/55699
  …6020/55699
  …6040/55699
  …6060/55699
  …6080/55699
  …6100/55699
  …6120/55699
  …6140/55699
  …6160/55699
  …6180/55699
  …6200/55699
  …6220/55699
  …6240/55699
  …6260/55699
  …6280/55699
  …6300/55699
  …6320/55699
  …6340/55699
  …6360/55699
  …6380/55699
  …6400/55699
  …6420/55699
  …6440/55699
  …6460/55699
  …6480/55699
  …6500/55699
  …6520/55699
  …6540/55699
  …6560/55699
  …6580/55699
  …6600/55699
  …6620/55699
  …6640/55699
  …6660/55699
  …6680/55699
  …6700/55699
  …6720/55699
  …6740/55699
  …6760/55699
  …6780/55699
  …6800/55699
  …6820/55699
  …6840/55699
  …6860/55699
  …6880/55699
  …6900/55699
  …6920/55699
  …6940/55699
  …6960/55699
  …6980/55699
  …7000/55699
  …7020/55699
  …7040/55699
  …7060/55699
  …7080/55699
  …7100/55699
  …7120/55699
  …7140/55699
  …7160/55699
  …7180/55699
  …7200/55699
  …7220/55699
  …7240/55699
  …7260/55699
  …7280/55699
  …7300/55699
  …7320/55699
  …7340/55699
  …7360/55699
  …7380/55699
  …7400/55699
  …7420/55699
  …7440/55699
  …7460/55699
  …7480/55699
  …7500/55699
  …7520/55699
  …7540/55699
  …7560/55699
  …7580/55699
  …7600/55699
  …7620/55699
  …7640/55699
  …7660/55699
  …7680/55699
  …7700/55699
  …7720/55699
  …7740/55699
  …7760/55699
  …7780/55699
  …7800/55699
  …7820/55699
  …7840/55699
  …7860/55699
  …7880/55699
  …7900/55699
  …7920/55699
  …7940/55699
  …7960/55699
  …7980/55699
  …8000/55699
  …8020/55699
  …8040/55699
  …8060/55699
  …8080/55699
  …8100/55699
  …8120/55699
  …8140/55699
  …8160/55699
  …8180/55699
  …8200/55699
  …8220/55699
  …8240/55699
  …8260/55699
  …8280/55699
  …8300/55699
  …8320/55699
  …8340/55699
  …8360/55699
  …8380/55699
  …8400/55699
  …8420/55699
  …8440/55699
  …8460/55699
  …8480/55699
  …8500/55699
  …8520/55699
  …8540/55699
  …8560/55699
  …8580/55699
  …8600/55699
  …8620/55699
  …8640/55699
  …8660/55699
  …8680/55699
  …8700/55699
  …8720/55699
  …8740/55699
  …8760/55699
  …8780/55699
  …8800/55699
  …8820/55699
  …8840/55699
  …8860/55699
  …8880/55699
  …8900/55699
  …8920/55699
  …8940/55699
  …8960/55699
  …8980/55699
  …9000/55699
  …9020/55699
  …9040/55699
  …9060/55699
  …9080/55699
  …9100/55699
  …9120/55699
  …9140/55699
  …9160/55699
  …9180/55699
  …9200/55699
  …9220/55699
  …9240/55699
  …9260/55699
  …9280/55699
  …9300/55699
  …9320/55699
  …9340/55699
  …9360/55699
  …9380/55699
  …9400/55699
  …9420/55699
  …9440/55699
  …9460/55699
  …9480/55699
  …9500/55699
  …9520/55699
  …9540/55699
  …9560/55699
  …9580/55699
  …9600/55699
  …9620/55699
  …9640/55699
  …9660/55699
  …9680/55699
  …9700/55699
  …9720/55699
  …9740/55699
  …9760/55699
  …9780/55699
  …9800/55699
  …9820/55699
  …9840/55699
  …9860/55699
  …9880/55699
  …9900/55699
  …9920/55699
  …9940/55699
  …9960/55699
  …9980/55699
  …10000/55699
  …10020/55699
  …10040/55699
  …10060/55699
  …10080/55699
  …10100/55699
  …10120/55699
  …10140/55699
  …10160/55699
  …10180/55699
  …10200/55699
  …10220/55699
  …10240/55699
  …10260/55699
  …10280/55699
  …10300/55699
  …10320/55699
  …10340/55699
  …10360/55699
  …10380/55699
  …10400/55699
  …10420/55699
  …10440/55699
  …10460/55699
  …10480/55699
  …10500/55699
  …10520/55699
  …10540/55699
  …10560/55699
  …10580/55699
  …10600/55699
  …10620/55699
  …10640/55699
  …10660/55699
  …10680/55699
  …10700/55699
  …10720/55699
  …10740/55699
  …10760/55699
  …10780/55699
  …10800/55699
  …10820/55699
  …10840/55699
  …10860/55699
  …10880/55699
  …10900/55699
  …10920/55699
  …10940/55699
  …10960/55699
  …10980/55699
  …11000/55699
  …11020/55699
  …11040/55699
  …11060/55699
  …11080/55699
  …11100/55699
  …11120/55699
  …11140/55699
  …11160/55699
  …11180/55699
  …11200/55699
  …11220/55699
  …11240/55699
  …11260/55699
  …11280/55699
  …11300/55699
  …11320/55699
  …11340/55699
  …11360/55699
  …11380/55699
  …11400/55699
  …11420/55699
  …11440/55699
  …11460/55699
  …11480/55699
  …11500/55699
  …11520/55699
  …11540/55699
  …11560/55699
  …11580/55699
  …11600/55699
  …11620/55699
  …11640/55699
  …11660/55699
  …11680/55699
  …11700/55699
  …11720/55699
  …11740/55699
  …11760/55699
  …11780/55699
  …11800/55699
  …11820/55699
  …11840/55699
  …11860/55699
  …11880/55699
  …11900/55699
  …11920/55699
  …11940/55699
  …11960/55699
  …11980/55699
  …12000/55699
  …12020/55699
  …12040/55699
  …12060/55699
  …12080/55699
  …12100/55699
  …12120/55699
  …12140/55699
  …12160/55699
  …12180/55699
  …12200/55699
  …12220/55699
  …12240/55699
  …12260/55699
  …12280/55699
  …12300/55699
  …12320/55699
  …12340/55699
  …12360/55699
  …12380/55699
  …12400/55699
  …12420/55699
  …12440/55699
  …12460/55699
  …12480/55699
  …12500/55699
  …12520/55699
  …12540/55699
  …12560/55699
  …12580/55699
  …12600/55699
  …12620/55699
  …12640/55699
  …12660/55699
  …12680/55699
  …12700/55699
  …12720/55699
  …12740/55699
  …12760/55699
  …12780/55699
  …12800/55699
  …12820/55699
  …12840/55699
  …12860/55699
  …12880/55699
  …12900/55699
  …12920/55699
  …12940/55699
  …12960/55699
  …12980/55699
  …13000/55699
  …13020/55699
  …13040/55699
  …13060/55699
  …13080/55699
  …13100/55699
  …13120/55699
  …13140/55699
  …13160/55699
  …13180/55699
  …13200/55699
  …13220/55699
  …13240/55699
  …13260/55699
  …13280/55699
  …13300/55699
  …13320/55699
  …13340/55699
  …13360/55699
  …13380/55699
  …13400/55699
  …13420/55699
  …13440/55699
  …13460/55699
  …13480/55699
  …13500/55699
  …13520/55699
  …13540/55699
  …13560/55699
  …13580/55699
  …13600/55699
  …13620/55699
  …13640/55699
  …13660/55699
  …13680/55699
  …13700/55699
  …13720/55699
  …13740/55699
  …13760/55699
  …13780/55699
  …13800/55699
  …13820/55699
  …13840/55699
  …13860/55699
  …13880/55699
  …13900/55699
  …13920/55699
  …13940/55699
  …13960/55699
  …13980/55699
  …14000/55699
  …14020/55699
  …14040/55699
  …14060/55699
  …14080/55699
  …14100/55699
  …14120/55699
  …14140/55699
  …14160/55699
  …14180/55699
  …14200/55699
  …14220/55699
  …14240/55699
  …14260/55699
  …14280/55699
  …14300/55699
  …14320/55699
  …14340/55699
  …14360/55699
  …14380/55699
  …14400/55699
  …14420/55699
  …14440/55699
  …14460/55699
  …14480/55699
  …14500/55699
  …14520/55699
  …14540/55699
  …14560/55699
  …14580/55699
  …14600/55699
  …14620/55699
  …14640/55699
  …14660/55699
  …14680/55699
  …14700/55699
  …14720/55699
  …14740/55699
  …14760/55699
  …14780/55699
  …14800/55699
  …14820/55699
  …14840/55699
  …14860/55699
  …14880/55699
  …14900/55699
  …14920/55699
  …14940/55699
  …14960/55699
  …14980/55699
  …15000/55699
  …15020/55699
  …15040/55699
  …15060/55699
  …15080/55699
  …15100/55699
  …15120/55699
  …15140/55699
  …15160/55699
  …15180/55699
  …15200/55699
  …15220/55699
  …15240/55699
  …15260/55699
  …15280/55699
  …15300/55699
  …15320/55699
  …15340/55699
  …15360/55699
  …15380/55699
  …15400/55699
  …15420/55699
  …15440/55699
  …15460/55699
  …15480/55699
  …15500/55699
  …15520/55699
  …15540/55699
  …15560/55699
  …15580/55699
  …15600/55699
  …15620/55699
  …15640/55699
  …15660/55699
  …15680/55699
  …15700/55699
  …15720/55699
  …15740/55699
  …15760/55699
  …15780/55699
  …15800/55699
  …15820/55699
  …15840/55699
  …15860/55699
  …15880/55699
  …15900/55699
  …15920/55699
  …15940/55699
  …15960/55699
  …15980/55699
  …16000/55699
  …16020/55699
  …16040/55699
  …16060/55699
  …16080/55699
  …16100/55699
  …16120/55699
  …16140/55699
  …16160/55699
  …16180/55699
  …16200/55699
  …16220/55699
  …16240/55699
  …16260/55699
  …16280/55699
  …16300/55699
  …16320/55699
  …16340/55699
  …16360/55699
  …16380/55699
  …16400/55699
  …16420/55699
  …16440/55699
  …16460/55699
  …16480/55699
  …16500/55699
  …16520/55699
  …16540/55699
  …16560/55699
  …16580/55699
  …16600/55699
  …16620/55699
  …16640/55699
  …16660/55699
  …16680/55699
  …16700/55699
  …16720/55699
  …16740/55699
  …16760/55699
  …16780/55699
  …16800/55699
  …16820/55699
  …16840/55699
  …16860/55699
  …16880/55699
  …16900/55699
  …16920/55699
  …16940/55699
  …16960/55699
  …16980/55699
  …17000/55699
  …17020/55699
  …17040/55699
  …17060/55699
  …17080/55699
  …17100/55699
  …17120/55699
  …17140/55699
  …17160/55699
  …17180/55699
  …17200/55699
  …17220/55699
  …17240/55699
  …17260/55699
  …17280/55699
  …17300/55699
  …17320/55699
  …17340/55699
  …17360/55699
  …17380/55699
  …17400/55699
  …17420/55699
  …17440/55699
  …17460/55699
  …17480/55699
  …17500/55699
  …17520/55699
  …17540/55699
  …17560/55699
  …17580/55699
  …17600/55699
  …17620/55699
  …17640/55699
  …17660/55699
  …17680/55699
  …17700/55699
  …17720/55699
  …17740/55699
  …17760/55699
  …17780/55699
  …17800/55699
  …17820/55699
  …17840/55699
  …17860/55699
  …17880/55699
  …17900/55699
  …17920/55699
  …17940/55699
  …17960/55699
  …17980/55699
  …18000/55699
  …18020/55699
  …18040/55699
  …18060/55699
  …18080/55699
  …18100/55699
  …18120/55699
  …18140/55699
  …18160/55699
  …18180/55699
  …18200/55699
  …18220/55699
  …18240/55699
  …18260/55699
  …18280/55699
  …18300/55699
  …18320/55699
  …18340/55699
  …18360/55699
  …18380/55699
  …18400/55699
  …18420/55699
  …18440/55699
  …18460/55699
  …18480/55699
  …18500/55699
  …18520/55699
  …18540/55699
  …18560/55699
  …18580/55699
  …18600/55699
  …18620/55699
  …18640/55699
  …18660/55699
  …18680/55699
  …18700/55699
  …18720/55699
  …18740/55699
  …18760/55699
  …18780/55699
  …18800/55699
  …18820/55699
  …18840/55699
  …18860/55699
  …18880/55699
  …18900/55699
  …18920/55699
  …18940/55699
  …18960/55699
  …18980/55699
  …19000/55699
  …19020/55699
  …19040/55699
  …19060/55699
  …19080/55699
  …19100/55699
  …19120/55699
  …19140/55699
  …19160/55699
  …19180/55699
  …19200/55699
  …19220/55699
  …19240/55699
  …19260/55699
  …19280/55699
  …19300/55699
  …19320/55699
  …19340/55699
  …19360/55699
  …19380/55699
  …19400/55699
  …19420/55699
  …19440/55699
  …19460/55699
  …19480/55699
  …19500/55699
  …19520/55699
  …19540/55699
  …19560/55699
  …19580/55699
  …19600/55699
  …19620/55699
  …19640/55699
  …19660/55699
  …19680/55699
  …19700/55699
  …19720/55699
  …19740/55699
  …19760/55699
  …19780/55699
  …19800/55699
  …19820/55699
  …19840/55699
  …19860/55699
  …19880/55699
  …19900/55699
  …19920/55699
  …19940/55699
  …19960/55699
  …19980/55699
  …20000/55699
  …20020/55699
  …20040/55699
  …20060/55699
  …20080/55699
  …20100/55699
  …20120/55699
  …20140/55699
  …20160/55699
  …20180/55699
  …20200/55699
  …20220/55699
  …20240/55699
  …20260/55699
  …20280/55699
  …20300/55699
  …20320/55699
  …20340/55699
  …20360/55699
  …20380/55699
  …20400/55699
  …20420/55699
  …20440/55699
  …20460/55699
  …20480/55699
  …20500/55699
  …20520/55699
  …20540/55699
  …20560/55699
  …20580/55699
  …20600/55699
  …20620/55699
  …20640/55699
  …20660/55699
  …20680/55699
  …20700/55699
  …20720/55699
  …20740/55699
  …20760/55699
  …20780/55699
  …20800/55699
  …20820/55699
  …20840/55699
  …20860/55699
  …20880/55699
  …20900/55699
  …20920/55699
  …20940/55699
  …20960/55699
  …20980/55699
  …21000/55699
  …21020/55699
  …21040/55699
  …21060/55699
  …21080/55699
  …21100/55699
  …21120/55699
  …21140/55699
  …21160/55699
  …21180/55699
  …21200/55699
  …21220/55699
  …21240/55699
  …21260/55699
  …21280/55699
  …21300/55699
  …21320/55699
  …21340/55699
  …21360/55699
  …21380/55699
  …21400/55699
  …21420/55699
  …21440/55699
  …21460/55699
  …21480/55699
  …21500/55699
  …21520/55699
  …21540/55699
  …21560/55699
  …21580/55699
  …21600/55699
  …21620/55699
  …21640/55699
  …21660/55699
  …21680/55699
  …21700/55699
  …21720/55699
  …21740/55699
  …21760/55699
  …21780/55699
  …21800/55699
  …21820/55699
  …21840/55699
  …21860/55699
  …21880/55699
  …21900/55699
  …21920/55699
  …21940/55699
  …21960/55699
  …21980/55699
  …22000/55699
  …22020/55699
  …22040/55699
  …22060/55699
  …22080/55699
  …22100/55699
  …22120/55699
  …22140/55699
  …22160/55699
  …22180/55699
  …22200/55699
  …22220/55699
  …22240/55699
  …22260/55699
  …22280/55699
  …22300/55699
  …22320/55699
  …22340/55699
  …22360/55699
  …22380/55699
  …22400/55699
  …22420/55699
  …22440/55699
  …22460/55699
  …22480/55699
  …22500/55699
  …22520/55699
  …22540/55699
  …22560/55699
  …22580/55699
  …22600/55699
  …22620/55699
  …22640/55699
  …22660/55699
  …22680/55699
  …22700/55699
  …22720/55699
  …22740/55699
  …22760/55699
  …22780/55699
  …22800/55699
  …22820/55699
  …22840/55699
  …22860/55699
  …22880/55699
  …22900/55699
  …22920/55699
  …22940/55699
  …22960/55699
  …22980/55699
  …23000/55699
  …23020/55699
  …23040/55699
  …23060/55699
  …23080/55699
  …23100/55699
  …23120/55699
  …23140/55699
  …23160/55699
  …23180/55699
  …23200/55699
  …23220/55699
  …23240/55699
  …23260/55699
  …23280/55699
  …23300/55699
  …23320/55699
  …23340/55699
  …23360/55699
  …23380/55699
  …23400/55699
  …23420/55699
  …23440/55699
  …23460/55699
  …23480/55699
  …23500/55699
  …23520/55699
  …23540/55699
  …23560/55699
  …23580/55699
  …23600/55699
  …23620/55699
  …23640/55699
  …23660/55699
  …23680/55699
  …23700/55699
  …23720/55699
  …23740/55699
  …23760/55699
  …23780/55699
  …23800/55699
  …23820/55699
  …23840/55699
  …23860/55699
  …23880/55699
  …23900/55699
  …23920/55699
  …23940/55699
  …23960/55699
  …23980/55699
  …24000/55699
  …24020/55699
  …24040/55699
  …24060/55699
  …24080/55699
  …24100/55699
  …24120/55699
  …24140/55699
  …24160/55699
  …24180/55699
  …24200/55699
  …24220/55699
  …24240/55699
  …24260/55699
  …24280/55699
  …24300/55699
  …24320/55699
  …24340/55699
  …24360/55699
  …24380/55699
  …24400/55699
  …24420/55699
  …24440/55699
  …24460/55699
  …24480/55699
  …24500/55699
  …24520/55699
  …24540/55699
  …24560/55699
  …24580/55699
  …24600/55699
  …24620/55699
  …24640/55699
  …24660/55699
  …24680/55699
  …24700/55699
  …24720/55699
  …24740/55699
  …24760/55699
  …24780/55699
  …24800/55699
  …24820/55699
  …24840/55699
  …24860/55699
  …24880/55699
  …24900/55699
  …24920/55699
  …24940/55699
  …24960/55699
  …24980/55699
  …25000/55699
  …25020/55699
  …25040/55699
  …25060/55699
  …25080/55699
  …25100/55699
  …25120/55699
  …25140/55699
  …25160/55699
  …25180/55699
  …25200/55699
  …25220/55699
  …25240/55699
  …25260/55699
  …25280/55699
  …25300/55699
  …25320/55699
  …25340/55699
  …25360/55699
  …25380/55699
  …25400/55699
  …25420/55699
  …25440/55699
  …25460/55699
  …25480/55699
  …25500/55699
  …25520/55699
  …25540/55699
  …25560/55699
  …25580/55699
  …25600/55699
  …25620/55699
  …25640/55699
  …25660/55699
  …25680/55699
  …25700/55699
  …25720/55699
  …25740/55699
  …25760/55699
  …25780/55699
  …25800/55699
  …25820/55699
  …25840/55699
  …25860/55699
  …25880/55699
  …25900/55699
  …25920/55699
  …25940/55699
  …25960/55699
  …25980/55699
  …26000/55699
  …26020/55699
  …26040/55699
  …26060/55699
  …26080/55699
  …26100/55699
  …26120/55699
  …26140/55699
  …26160/55699
  …26180/55699
  …26200/55699
  …26220/55699
  …26240/55699
  …26260/55699
  …26280/55699
  …26300/55699
  …26320/55699
  …26340/55699
  …26360/55699
  …26380/55699
  …26400/55699
  …26420/55699
  …26440/55699
  …26460/55699
  …26480/55699
  …26500/55699
  …26520/55699
  …26540/55699
  …26560/55699
  …26580/55699
  …26600/55699
  …26620/55699
  …26640/55699
  …26660/55699
  …26680/55699
  …26700/55699
  …26720/55699
  …26740/55699
  …26760/55699
  …26780/55699
  …26800/55699
  …26820/55699
  …26840/55699
  …26860/55699
  …26880/55699
  …26900/55699
  …26920/55699
  …26940/55699
  …26960/55699
  …26980/55699
  …27000/55699
  …27020/55699
  …27040/55699
  …27060/55699
  …27080/55699
  …27100/55699
  …27120/55699
  …27140/55699
  …27160/55699
  …27180/55699
  …27200/55699
  …27220/55699
  …27240/55699
  …27260/55699
  …27280/55699
  …27300/55699
  …27320/55699
  …27340/55699
  …27360/55699
  …27380/55699
  …27400/55699
  …27420/55699
  …27440/55699
  …27460/55699
  …27480/55699
  …27500/55699
  …27520/55699
  …27540/55699
  …27560/55699
  …27580/55699
  …27600/55699
  …27620/55699
  …27640/55699
  …27660/55699
  …27680/55699
  …27700/55699
  …27720/55699
  …27740/55699
  …27760/55699
  …27780/55699
  …27800/55699
  …27820/55699
  …27840/55699
  …27860/55699
  …27880/55699
  …27900/55699
  …27920/55699
  …27940/55699
  …27960/55699
  …27980/55699
  …28000/55699
  …28020/55699
  …28040/55699
  …28060/55699
  …28080/55699
  …28100/55699
  …28120/55699
  …28140/55699
  …28160/55699
  …28180/55699
  …28200/55699
  …28220/55699
  …28240/55699
  …28260/55699
  …28280/55699
  …28300/55699
  …28320/55699
  …28340/55699
  …28360/55699
  …28380/55699
  …28400/55699
  …28420/55699
  …28440/55699
  …28460/55699
  …28480/55699
  …28500/55699
  …28520/55699
  …28540/55699
  …28560/55699
  …28580/55699
  …28600/55699
  …28620/55699
  …28640/55699
  …28660/55699
  …28680/55699
  …28700/55699
  …28720/55699
  …28740/55699
  …28760/55699
  …28780/55699
  …28800/55699
  …28820/55699
  …28840/55699
  …28860/55699
  …28880/55699
  …28900/55699
  …28920/55699
  …28940/55699
  …28960/55699
  …28980/55699
  …29000/55699
  …29020/55699
  …29040/55699
  …29060/55699
  …29080/55699
  …29100/55699
  …29120/55699
  …29140/55699
  …29160/55699
  …29180/55699
  …29200/55699
  …29220/55699
  …29240/55699
  …29260/55699
  …29280/55699
  …29300/55699
  …29320/55699
  …29340/55699
  …29360/55699
  …29380/55699
  …29400/55699
  …29420/55699
  …29440/55699
  …29460/55699
  …29480/55699
  …29500/55699
  …29520/55699
  …29540/55699
  …29560/55699
  …29580/55699
  …29600/55699
  …29620/55699
  …29640/55699
  …29660/55699
  …29680/55699
  …29700/55699
  …29720/55699
  …29740/55699
  …29760/55699
  …29780/55699
  …29800/55699
  …29820/55699
  …29840/55699
  …29860/55699
  …29880/55699
  …29900/55699
  …29920/55699
  …29940/55699
  …29960/55699
  …29980/55699
  …30000/55699
  …30020/55699
  …30040/55699
  …30060/55699
  …30080/55699
  …30100/55699
  …30120/55699
  …30140/55699
  …30160/55699
  …30180/55699
  …30200/55699
  …30220/55699
  …30240/55699
  …30260/55699
  …30280/55699
  …30300/55699
  …30320/55699
  …30340/55699
  …30360/55699
  …30380/55699
  …30400/55699
  …30420/55699
  …30440/55699
  …30460/55699
  …30480/55699
  …30500/55699
  …30520/55699
  …30540/55699
  …30560/55699
  …30580/55699
  …30600/55699
  …30620/55699
  …30640/55699
  …30660/55699
  …30680/55699
  …30700/55699
  …30720/55699
  …30740/55699
  …30760/55699
  …30780/55699
  …30800/55699
  …30820/55699
  …30840/55699
  …30860/55699
  …30880/55699
  …30900/55699
  …30920/55699
  …30940/55699
  …30960/55699
  …30980/55699
  …31000/55699
  …31020/55699
  …31040/55699
  …31060/55699
  …31080/55699
  …31100/55699
  …31120/55699
  …31140/55699
  …31160/55699
  …31180/55699
  …31200/55699
  …31220/55699
  …31240/55699
  …31260/55699
  …31280/55699
  …31300/55699
  …31320/55699
  …31340/55699
  …31360/55699
  …31380/55699
  …31400/55699
  …31420/55699
  …31440/55699
  …31460/55699
  …31480/55699
  …31500/55699
  …31520/55699
  …31540/55699
  …31560/55699
  …31580/55699
  …31600/55699
  …31620/55699
  …31640/55699
  …31660/55699
  …31680/55699
  …31700/55699
  …31720/55699
  …31740/55699
  …31760/55699
  …31780/55699
  …31800/55699
  …31820/55699
  …31840/55699
  …31860/55699
  …31880/55699
  …31900/55699
  …31920/55699
  …31940/55699
  …31960/55699
  …31980/55699
  …32000/55699
  …32020/55699
  …32040/55699
  …32060/55699
  …32080/55699
  …32100/55699
  …32120/55699
  …32140/55699
  …32160/55699
  …32180/55699
  …32200/55699
  …32220/55699
  …32240/55699
  …32260/55699
  …32280/55699
  …32300/55699
  …32320/55699
  …32340/55699
  …32360/55699
  …32380/55699
  …32400/55699
  …32420/55699
  …32440/55699
  …32460/55699
  …32480/55699
  …32500/55699
  …32520/55699
  …32540/55699
  …32560/55699
  …32580/55699
  …32600/55699
  …32620/55699
  …32640/55699
  …32660/55699
  …32680/55699
  …32700/55699
  …32720/55699
  …32740/55699
  …32760/55699
  …32780/55699
  …32800/55699
  …32820/55699
  …32840/55699
  …32860/55699
  …32880/55699
  …32900/55699
  …32920/55699
  …32940/55699
  …32960/55699
  …32980/55699
  …33000/55699
  …33020/55699
  …33040/55699
  …33060/55699
  …33080/55699
  …33100/55699
  …33120/55699
  …33140/55699
  …33160/55699
  …33180/55699
  …33200/55699
  …33220/55699
  …33240/55699
  …33260/55699
  …33280/55699
  …33300/55699
  …33320/55699
  …33340/55699
  …33360/55699
  …33380/55699
  …33400/55699
  …33420/55699
  …33440/55699
  …33460/55699
  …33480/55699
  …33500/55699
  …33520/55699
  …33540/55699
  …33560/55699
  …33580/55699
  …33600/55699
  …33620/55699
  …33640/55699
  …33660/55699
  …33680/55699
  …33700/55699
  …33720/55699
  …33740/55699
  …33760/55699
  …33780/55699
  …33800/55699
  …33820/55699
  …33840/55699
  …33860/55699
  …33880/55699
  …33900/55699
  …33920/55699
  …33940/55699
  …33960/55699
  …33980/55699
  …34000/55699
  …34020/55699
  …34040/55699
  …34060/55699
  …34080/55699
  …34100/55699
  …34120/55699
  …34140/55699
  …34160/55699
  …34180/55699
  …34200/55699
  …34220/55699
  …34240/55699
  …34260/55699
  …34280/55699
  …34300/55699
  …34320/55699
  …34340/55699
  …34360/55699
  …34380/55699
  …34400/55699
  …34420/55699
  …34440/55699
  …34460/55699
  …34480/55699
  …34500/55699
  …34520/55699
  …34540/55699
  …34560/55699
  …34580/55699
  …34600/55699
  …34620/55699
  …34640/55699
  …34660/55699
  …34680/55699
  …34700/55699
  …34720/55699
  …34740/55699
  …34760/55699
  …34780/55699
  …34800/55699
  …34820/55699
  …34840/55699
  …34860/55699
  …34880/55699
  …34900/55699
  …34920/55699
  …34940/55699
  …34960/55699
  …34980/55699
  …35000/55699
  …35020/55699
  …35040/55699
  …35060/55699
  …35080/55699
  …35100/55699
  …35120/55699
  …35140/55699
  …35160/55699
  …35180/55699
  …35200/55699
  …35220/55699
  …35240/55699
  …35260/55699
  …35280/55699
  …35300/55699
  …35320/55699
  …35340/55699
  …35360/55699
  …35380/55699
  …35400/55699
  …35420/55699
  …35440/55699
  …35460/55699
  …35480/55699
  …35500/55699
  …35520/55699
  …35540/55699
  …35560/55699
  …35580/55699
  …35600/55699
  …35620/55699
  …35640/55699
  …35660/55699
  …35680/55699
  …35700/55699
  …35720/55699
  …35740/55699
  …35760/55699
  …35780/55699
  …35800/55699
  …35820/55699
  …35840/55699
  …35860/55699
  …35880/55699
  …35900/55699
  …35920/55699
  …35940/55699
  …35960/55699
  …35980/55699
  …36000/55699
  …36020/55699
  …36040/55699
  …36060/55699
  …36080/55699
  …36100/55699
  …36120/55699
  …36140/55699
  …36160/55699
  …36180/55699
  …36200/55699
  …36220/55699
  …36240/55699
  …36260/55699
  …36280/55699
  …36300/55699
  …36320/55699
  …36340/55699
  …36360/55699
  …36380/55699
  …36400/55699
  …36420/55699
  …36440/55699
  …36460/55699
  …36480/55699
  …36500/55699
  …36520/55699
  …36540/55699
  …36560/55699
  …36580/55699
  …36600/55699
  …36620/55699
  …36640/55699
  …36660/55699
  …36680/55699
  …36700/55699
  …36720/55699
  …36740/55699
  …36760/55699
  …36780/55699
  …36800/55699
  …36820/55699
  …36840/55699
  …36860/55699
  …36880/55699
  …36900/55699
  …36920/55699
  …36940/55699
  …36960/55699
  …36980/55699
  …37000/55699
  …37020/55699
  …37040/55699
  …37060/55699
  …37080/55699
  …37100/55699
  …37120/55699
  …37140/55699
  …37160/55699
  …37180/55699
  …37200/55699
  …37220/55699
  …37240/55699
  …37260/55699
  …37280/55699
  …37300/55699
  …37320/55699
  …37340/55699
  …37360/55699
  …37380/55699
  …37400/55699
  …37420/55699
  …37440/55699
  …37460/55699
  …37480/55699
  …37500/55699
  …37520/55699
  …37540/55699
  …37560/55699
  …37580/55699
  …37600/55699
  …37620/55699
  …37640/55699
  …37660/55699
  …37680/55699
  …37700/55699
  …37720/55699
  …37740/55699
  …37760/55699
  …37780/55699
  …37800/55699
  …37820/55699
  …37840/55699
  …37860/55699
  …37880/55699
  …37900/55699
  …37920/55699
  …37940/55699
  …37960/55699
  …37980/55699
  …38000/55699
  …38020/55699
  …38040/55699
  …38060/55699
  …38080/55699
  …38100/55699
  …38120/55699
  …38140/55699
  …38160/55699
  …38180/55699
  …38200/55699
  …38220/55699
  …38240/55699
  …38260/55699
  …38280/55699
  …38300/55699
  …38320/55699
  …38340/55699
  …38360/55699
  …38380/55699
  …38400/55699
  …38420/55699
  …38440/55699
  …38460/55699
  …38480/55699
  …38500/55699
  …38520/55699
  …38540/55699
  …38560/55699
  …38580/55699
  …38600/55699
  …38620/55699
  …38640/55699
  …38660/55699
  …38680/55699
  …38700/55699
  …38720/55699
  …38740/55699
  …38760/55699
  …38780/55699
  …38800/55699
  …38820/55699
  …38840/55699
  …38860/55699
  …38880/55699
  …38900/55699
  …38920/55699
  …38940/55699
  …38960/55699
  …38980/55699
  …39000/55699
  …39020/55699
  …39040/55699
  …39060/55699
  …39080/55699
  …39100/55699
  …39120/55699
  …39140/55699
  …39160/55699
  …39180/55699
  …39200/55699
  …39220/55699
  …39240/55699
  …39260/55699
  …39280/55699
  …39300/55699
  …39320/55699
  …39340/55699
  …39360/55699
  …39380/55699
  …39400/55699
  …39420/55699
  …39440/55699
  …39460/55699
  …39480/55699
  …39500/55699
  …39520/55699
  …39540/55699
  …39560/55699
  …39580/55699
  …39600/55699
  …39620/55699
  …39640/55699
  …39660/55699
  …39680/55699
  …39700/55699
  …39720/55699
  …39740/55699
  …39760/55699
  …39780/55699
  …39800/55699
  …39820/55699
  …39840/55699
  …39860/55699
  …39880/55699
  …39900/55699
  …39920/55699
  …39940/55699
  …39960/55699
  …39980/55699
  …40000/55699
  …40020/55699
  …40040/55699
  …40060/55699
  …40080/55699
  …40100/55699
  …40120/55699
  …40140/55699
  …40160/55699
  …40180/55699
  …40200/55699
  …40220/55699
  …40240/55699
  …40260/55699
  …40280/55699
  …40300/55699
  …40320/55699
  …40340/55699
  …40360/55699
  …40380/55699
  …40400/55699
  …40420/55699
  …40440/55699
  …40460/55699
  …40480/55699
  …40500/55699
  …40520/55699
  …40540/55699
  …40560/55699
  …40580/55699
  …40600/55699
  …40620/55699
  …40640/55699
  …40660/55699
  …40680/55699
  …40700/55699
  …40720/55699
  …40740/55699
  …40760/55699
  …40780/55699
  …40800/55699
  …40820/55699
  …40840/55699
  …40860/55699
  …40880/55699
  …40900/55699
  …40920/55699
  …40940/55699
  …40960/55699
  …40980/55699
  …41000/55699
  …41020/55699
  …41040/55699
  …41060/55699
  …41080/55699
  …41100/55699
  …41120/55699
  …41140/55699
  …41160/55699
  …41180/55699
  …41200/55699
  …41220/55699
  …41240/55699
  …41260/55699
  …41280/55699
  …41300/55699
  …41320/55699
  …41340/55699
  …41360/55699
  …41380/55699
  …41400/55699
  …41420/55699
  …41440/55699
  …41460/55699
  …41480/55699
  …41500/55699
  …41520/55699
  …41540/55699
  …41560/55699
  …41580/55699
  …41600/55699
  …41620/55699
  …41640/55699
  …41660/55699
  …41680/55699
  …41700/55699
  …41720/55699
  …41740/55699
  …41760/55699
  …41780/55699
  …41800/55699
  …41820/55699
  …41840/55699
  …41860/55699
  …41880/55699
  …41900/55699
  …41920/55699
  …41940/55699
  …41960/55699
  …41980/55699
  …42000/55699
  …42020/55699
  …42040/55699
  …42060/55699
  …42080/55699
  …42100/55699
  …42120/55699
  …42140/55699
  …42160/55699
  …42180/55699
  …42200/55699
  …42220/55699
  …42240/55699
  …42260/55699
  …42280/55699
  …42300/55699
  …42320/55699
  …42340/55699
  …42360/55699
  …42380/55699
  …42400/55699
  …42420/55699
  …42440/55699
  …42460/55699
  …42480/55699
  …42500/55699
  …42520/55699
  …42540/55699
  …42560/55699
  …42580/55699
  …42600/55699
  …42620/55699
  …42640/55699
  …42660/55699
  …42680/55699
  …42700/55699
  …42720/55699
  …42740/55699
  …42760/55699
  …42780/55699
  …42800/55699
  …42820/55699
  …42840/55699
  …42860/55699
  …42880/55699
  …42900/55699
  …42920/55699
  …42940/55699
  …42960/55699
  …42980/55699
  …43000/55699
  …43020/55699
  …43040/55699
  …43060/55699
  …43080/55699
  …43100/55699
  …43120/55699
  …43140/55699
  …43160/55699
  …43180/55699
  …43200/55699
  …43220/55699
  …43240/55699
  …43260/55699
  …43280/55699
  …43300/55699
  …43320/55699
  …43340/55699
  …43360/55699
  …43380/55699
  …43400/55699
  …43420/55699
  …43440/55699
  …43460/55699
  …43480/55699
  …43500/55699
  …43520/55699
  …43540/55699
  …43560/55699
  …43580/55699
  …43600/55699
  …43620/55699
  …43640/55699
  …43660/55699
  …43680/55699
  …43700/55699
  …43720/55699
  …43740/55699
  …43760/55699
  …43780/55699
  …43800/55699
  …43820/55699
  …43840/55699
  …43860/55699
  …43880/55699
  …43900/55699
  …43920/55699
  …43940/55699
  …43960/55699
  …43980/55699
  …44000/55699
  …44020/55699
  …44040/55699
  …44060/55699
  …44080/55699
  …44100/55699
  …44120/55699
  …44140/55699
  …44160/55699
  …44180/55699
  …44200/55699
  …44220/55699
  …44240/55699
  …44260/55699
  …44280/55699
  …44300/55699
  …44320/55699
  …44340/55699
  …44360/55699
  …44380/55699
  …44400/55699
  …44420/55699
  …44440/55699
  …44460/55699
  …44480/55699
  …44500/55699
  …44520/55699
  …44540/55699
  …44560/55699
  …44580/55699
  …44600/55699
  …44620/55699
  …44640/55699
  …44660/55699
  …44680/55699
  …44700/55699
  …44720/55699
  …44740/55699
  …44760/55699
  …44780/55699
  …44800/55699
  …44820/55699
  …44840/55699
  …44860/55699
  …44880/55699
  …44900/55699
  …44920/55699
  …44940/55699
  …44960/55699
  …44980/55699
  …45000/55699
  …45020/55699
  …45040/55699
  …45060/55699
  …45080/55699
  …45100/55699
  …45120/55699
  …45140/55699
  …45160/55699
  …45180/55699
  …45200/55699
  …45220/55699
  …45240/55699
  …45260/55699
  …45280/55699
  …45300/55699
  …45320/55699
  …45340/55699
  …45360/55699
  …45380/55699
  …45400/55699
  …45420/55699
  …45440/55699
  …45460/55699
  …45480/55699
  …45500/55699
  …45520/55699
  …45540/55699
  …45560/55699
  …45580/55699
  …45600/55699
  …45620/55699
  …45640/55699
  …45660/55699
  …45680/55699
  …45700/55699
  …45720/55699
  …45740/55699
  …45760/55699
  …45780/55699
  …45800/55699
  …45820/55699
  …45840/55699
  …45860/55699
  …45880/55699
  …45900/55699
  …45920/55699
  …45940/55699
  …45960/55699
  …45980/55699
  …46000/55699
  …46020/55699
  …46040/55699
  …46060/55699
  …46080/55699
  …46100/55699
  …46120/55699
  …46140/55699
  …46160/55699
  …46180/55699
  …46200/55699
  …46220/55699
  …46240/55699
  …46260/55699
  …46280/55699
  …46300/55699
  …46320/55699
  …46340/55699
  …46360/55699
  …46380/55699
  …46400/55699
  …46420/55699
  …46440/55699
  …46460/55699
  …46480/55699
  …46500/55699
  …46520/55699
  …46540/55699
  …46560/55699
  …46580/55699
  …46600/55699
  …46620/55699
  …46640/55699
  …46660/55699
  …46680/55699
  …46700/55699
  …46720/55699
  …46740/55699
  …46760/55699
  …46780/55699
  …46800/55699
  …46820/55699
  …46840/55699
  …46860/55699
  …46880/55699
  …46900/55699
  …46920/55699
  …46940/55699
  …46960/55699
  …46980/55699
  …47000/55699
  …47020/55699
  …47040/55699
  …47060/55699
  …47080/55699
  …47100/55699
  …47120/55699
  …47140/55699
  …47160/55699
  …47180/55699
  …47200/55699
  …47220/55699
  …47240/55699
  …47260/55699
  …47280/55699
  …47300/55699
  …47320/55699
  …47340/55699
  …47360/55699
  …47380/55699
  …47400/55699
  …47420/55699
  …47440/55699
  …47460/55699
  …47480/55699
  …47500/55699
  …47520/55699
  …47540/55699
  …47560/55699
  …47580/55699
  …47600/55699
  …47620/55699
  …47640/55699
  …47660/55699
  …47680/55699
  …47700/55699
  …47720/55699
  …47740/55699
  …47760/55699
  …47780/55699
  …47800/55699
  …47820/55699
  …47840/55699
  …47860/55699
  …47880/55699
  …47900/55699
  …47920/55699
  …47940/55699
  …47960/55699
  …47980/55699
  …48000/55699
  …48020/55699
  …48040/55699
  …48060/55699
  …48080/55699
  …48100/55699
  …48120/55699
  …48140/55699
  …48160/55699
  …48180/55699
  …48200/55699
  …48220/55699
  …48240/55699
  …48260/55699
  …48280/55699
  …48300/55699
  …48320/55699
  …48340/55699
  …48360/55699
  …48380/55699
  …48400/55699
  …48420/55699
  …48440/55699
  …48460/55699
  …48480/55699
  …48500/55699
  …48520/55699
  …48540/55699
  …48560/55699
  …48580/55699
  …48600/55699
  …48620/55699
  …48640/55699
  …48660/55699
  …48680/55699
  …48700/55699
  …48720/55699
  …48740/55699
  …48760/55699
  …48780/55699
  …48800/55699
  …48820/55699
  …48840/55699
  …48860/55699
  …48880/55699
  …48900/55699
  …48920/55699
  …48940/55699
  …48960/55699
  …48980/55699
  …49000/55699
  …49020/55699
  …49040/55699
  …49060/55699
  …49080/55699
  …49100/55699
  …49120/55699
  …49140/55699
  …49160/55699
  …49180/55699
  …49200/55699
  …49220/55699
  …49240/55699
  …49260/55699
  …49280/55699
  …49300/55699
  …49320/55699
  …49340/55699
  …49360/55699
  …49380/55699
  …49400/55699
  …49420/55699
  …49440/55699
  …49460/55699
  …49480/55699
  …49500/55699
  …49520/55699
  …49540/55699
  …49560/55699
  …49580/55699
  …49600/55699
  …49620/55699
  …49640/55699
  …49660/55699
  …49680/55699
  …49700/55699
  …49720/55699
  …49740/55699
  …49760/55699
  …49780/55699
  …49800/55699
  …49820/55699
  …49840/55699
  …49860/55699
  …49880/55699
  …49900/55699
  …49920/55699
  …49940/55699
  …49960/55699
  …49980/55699
  …50000/55699
  …50020/55699
  …50040/55699
  …50060/55699
  …50080/55699
  …50100/55699
  …50120/55699
  …50140/55699
  …50160/55699
  …50180/55699
  …50200/55699
  …50220/55699
  …50240/55699
  …50260/55699
  …50280/55699
  …50300/55699
  …50320/55699
  …50340/55699
  …50360/55699
  …50380/55699
  …50400/55699
  …50420/55699
  …50440/55699
  …50460/55699
  …50480/55699
  …50500/55699
  …50520/55699
  …50540/55699
  …50560/55699
  …50580/55699
  …50600/55699
  …50620/55699
  …50640/55699
  …50660/55699
  …50680/55699
  …50700/55699
  …50720/55699
  …50740/55699
  …50760/55699
  …50780/55699
  …50800/55699
  …50820/55699
  …50840/55699
  …50860/55699
  …50880/55699
  …50900/55699
  …50920/55699
  …50940/55699
  …50960/55699
  …50980/55699
  …51000/55699
  …51020/55699
  …51040/55699
  …51060/55699
  …51080/55699
  …51100/55699
  …51120/55699
  …51140/55699
  …51160/55699
  …51180/55699
  …51200/55699
  …51220/55699
  …51240/55699
  …51260/55699
  …51280/55699
  …51300/55699
  …51320/55699
  …51340/55699
  …51360/55699
  …51380/55699
  …51400/55699
  …51420/55699
  …51440/55699
  …51460/55699
  …51480/55699
  …51500/55699
  …51520/55699
  …51540/55699
  …51560/55699
  …51580/55699
  …51600/55699
  …51620/55699
  …51640/55699
  …51660/55699
  …51680/55699
  …51700/55699
  …51720/55699
  …51740/55699
  …51760/55699
  …51780/55699
  …51800/55699
  …51820/55699
  …51840/55699
  …51860/55699
  …51880/55699
  …51900/55699
  …51920/55699
  …51940/55699
  …51960/55699
  …51980/55699
  …52000/55699
  …52020/55699
  …52040/55699
  …52060/55699
  …52080/55699
  …52100/55699
  …52120/55699
  …52140/55699
  …52160/55699
  …52180/55699
  …52200/55699
  …52220/55699
  …52240/55699
  …52260/55699
  …52280/55699
  …52300/55699
  …52320/55699
  …52340/55699
  …52360/55699
  …52380/55699
  …52400/55699
  …52420/55699
  …52440/55699
  …52460/55699
  …52480/55699
  …52500/55699
  …52520/55699
  …52540/55699
  …52560/55699
  …52580/55699
  …52600/55699
  …52620/55699
  …52640/55699
  …52660/55699
  …52680/55699
  …52700/55699
  …52720/55699
  …52740/55699
  …52760/55699
  …52780/55699
  …52800/55699
  …52820/55699
  …52840/55699
  …52860/55699
  …52880/55699
  …52900/55699
  …52920/55699
  …52940/55699
  …52960/55699
  …52980/55699
  …53000/55699
  …53020/55699
  …53040/55699
  …53060/55699
  …53080/55699
  …53100/55699
  …53120/55699
  …53140/55699
  …53160/55699
  …53180/55699
  …53200/55699
  …53220/55699
  …53240/55699
  …53260/55699
  …53280/55699
  …53300/55699
  …53320/55699
  …53340/55699
  …53360/55699
  …53380/55699
  …53400/55699
  …53420/55699
  …53440/55699
  …53460/55699
  …53480/55699
  …53500/55699
  …53520/55699
  …53540/55699
  …53560/55699
  …53580/55699
  …53600/55699
  …53620/55699
  …53640/55699
  …53660/55699
  …53680/55699
  …53700/55699
  …53720/55699
  …53740/55699
  …53760/55699
  …53780/55699
  …53800/55699
  …53820/55699
  …53840/55699
  …53860/55699
  …53880/55699
  …53900/55699
  …53920/55699
  …53940/55699
  …53960/55699
  …53980/55699
  …54000/55699
  …54020/55699
  …54040/55699
  …54060/55699
  …54080/55699
  …54100/55699
  …54120/55699
  …54140/55699
  …54160/55699
  …54180/55699
  …54200/55699
  …54220/55699
  …54240/55699
  …54260/55699
  …54280/55699
  …54300/55699
  …54320/55699
  …54340/55699
  …54360/55699
  …54380/55699
  …54400/55699
  …54420/55699
  …54440/55699
  …54460/55699
  …54480/55699
  …54500/55699
  …54520/55699
  …54540/55699
  …54560/55699
  …54580/55699
  …54600/55699
  …54620/55699
  …54640/55699
  …54660/55699
  …54680/55699
  …54700/55699
  …54720/55699
  …54740/55699
  …54760/55699
  …54780/55699
  …54800/55699
  …54820/55699
  …54840/55699
  …54860/55699
  …54880/55699
  …54900/55699
  …54920/55699
  …54940/55699
  …54960/55699
  …54980/55699
  …55000/55699
  …55020/55699
  …55040/55699
  …55060/55699
  …55080/55699
  …55100/55699
  …55120/55699
  …55140/55699
  …55160/55699
  …55180/55699
  …55200/55699
  …55220/55699
  …55240/55699
  …55260/55699
  …55280/55699
  …55300/55699
  …55320/55699
  …55340/55699
  …55360/55699
  …55380/55699
  …55400/55699
  …55420/55699
  …55440/55699
  …55460/55699
  …55480/55699
  …55500/55699
  …55520/55699
  …55540/55699
  …55560/55699
  …55580/55699
  …55600/55699
  …55620/55699
  …55640/55699
  …55660/55699
  …55680/55699
Concluído: 55695 processos c/ itens nesta rodada | total 2192953 itens em 241298 processos
(node:35752) Warning: SECURITY WARNING: The SSL modes 'prefer', 'require', and 'verify-ca' are treated as aliases for 'verify-full'.
In the next major version (pg-connection-string v3.0.0 and pg v9.0.0), these modes will adopt standard libpq semantics, which have weaker security guarantees.

To prepare for this change:
- If you want the current behavior, explicitly use 'sslmode=verify-full'
- If you want libpq compatibility now, use 'uselibpqcompat=true&sslmode=require'

See https://www.postgresql.org/docs/current/libpq-ssl.html for libpq SSL mode definitions.
(Use `node --trace-warnings ...` to show where the warning was created)
Itens: 4 processos pendentes (de 241302 no PNCP/SC)...
Concluído: 0 processos c/ itens nesta rodada | total 2192953 itens em 241298 processos
(node:28892) Warning: SECURITY WARNING: The SSL modes 'prefer', 'require', and 'verify-ca' are treated as aliases for 'verify-full'.
In the next major version (pg-connection-string v3.0.0 and pg v9.0.0), these modes will adopt standard libpq semantics, which have weaker security guarantees.

To prepare for this change:
- If you want the current behavior, explicitly use 'sslmode=verify-full'
- If you want libpq compatibility now, use 'uselibpqcompat=true&sslmode=require'

See https://www.postgresql.org/docs/current/libpq-ssl.html for libpq SSL mode definitions.
(Use `node --trace-warnings ...` to show where the warning was created)
Itens: 0 processos pendentes (de 0 no PNCP/SC)...
Concluído: 0 processos c/ itens nesta rodada | total 2192953 itens em 241298 processos
(node:15896) Warning: SECURITY WARNING: The SSL modes 'prefer', 'require', and 'verify-ca' are treated as aliases for 'verify-full'.
In the next major version (pg-connection-string v3.0.0 and pg v9.0.0), these modes will adopt standard libpq semantics, which have weaker security guarantees.

To prepare for this change:
- If you want the current behavior, explicitly use 'sslmode=verify-full'
- If you want libpq compatibility now, use 'uselibpqcompat=true&sslmode=require'

See https://www.postgresql.org/docs/current/libpq-ssl.html for libpq SSL mode definitions.
(Use `node --trace-warnings ...` to show where the warning was created)
Itens: 4 processos pendentes (de 241302 no PNCP/SC)...
Concluído: 0 processos c/ itens nesta rodada | total 2192953 itens em 241298 processos
(node:2848) Warning: SECURITY WARNING: The SSL modes 'prefer', 'require', and 'verify-ca' are treated as aliases for 'verify-full'.
In the next major version (pg-connection-string v3.0.0 and pg v9.0.0), these modes will adopt standard libpq semantics, which have weaker security guarantees.

To prepare for this change:
- If you want the current behavior, explicitly use 'sslmode=verify-full'
- If you want libpq compatibility now, use 'uselibpqcompat=true&sslmode=require'

See https://www.postgresql.org/docs/current/libpq-ssl.html for libpq SSL mode definitions.
(Use `node --trace-warnings ...` to show where the warning was created)
Itens: 4 processos pendentes (de 241302 no PNCP/SC)...
Concluído: 0 processos c/ itens nesta rodada | total 2192953 itens em 241298 processos
(node:19516) Warning: SECURITY WARNING: The SSL modes 'prefer', 'require', and 'verify-ca' are treated as aliases for 'verify-full'.
In the next major version (pg-connection-string v3.0.0 and pg v9.0.0), these modes will adopt standard libpq semantics, which have weaker security guarantees.

To prepare for this change:
- If you want the current behavior, explicitly use 'sslmode=verify-full'
- If you want libpq compatibility now, use 'uselibpqcompat=true&sslmode=require'

See https://www.postgresql.org/docs/current/libpq-ssl.html for libpq SSL mode definitions.
(Use `node --trace-warnings ...` to show where the warning was created)
Itens: 1540 processos pendentes (de 248233 no PNCP/SC) · INGEST_VERSAO=4
  …20/1540
  …40/1540
  …60/1540
  …80/1540
  …100/1540
  …120/1540
  …140/1540
  …160/1540
  …180/1540
  …200/1540
  …220/1540
  …240/1540
  …260/1540
  …280/1540
  …300/1540
  …320/1540
  …340/1540
  …360/1540
  …380/1540
  …400/1540
  …420/1540
  …440/1540
  …460/1540
  …480/1540
  …500/1540
  …520/1540
  …540/1540
  …560/1540
  …580/1540
  …600/1540
  …620/1540
  …640/1540
  …660/1540
  …680/1540
  …700/1540
  …720/1540
  …740/1540
  …760/1540
  …780/1540
  …800/1540
  …820/1540
  …840/1540
  …860/1540
  …880/1540
  …900/1540
  …920/1540
  …940/1540
  …960/1540
  …980/1540
  …1000/1540
  …1020/1540
  …1040/1540
  …1060/1540
  …1080/1540
  …1100/1540
  …1120/1540
  …1140/1540
  …1160/1540
  …1180/1540
  …1200/1540
  …1220/1540
  …1240/1540
  …1260/1540
  …1280/1540
  …1300/1540
  …1320/1540
  …1340/1540
  …1360/1540
  …1380/1540
  …1400/1540
  …1420/1540
  …1440/1540
  …1460/1540
  …1480/1540
  …1500/1540
  …1520/1540
  …1540/1540
Concluído: 1494 processos c/ itens nesta rodada | total 2263753 itens em 248201 processos
(node:18740) Warning: SECURITY WARNING: The SSL modes 'prefer', 'require', and 'verify-ca' are treated as aliases for 'verify-full'.
In the next major version (pg-connection-string v3.0.0 and pg v9.0.0), these modes will adopt standard libpq semantics, which have weaker security guarantees.

To prepare for this change:
- If you want the current behavior, explicitly use 'sslmode=verify-full'
- If you want libpq compatibility now, use 'uselibpqcompat=true&sslmode=require'

See https://www.postgresql.org/docs/current/libpq-ssl.html for libpq SSL mode definitions.
(Use `node --trace-warnings ...` to show where the warning was created)
Itens: 46 processos pendentes (de 248233 no PNCP/SC) · INGEST_VERSAO=4
  …20/46
  …40/46
Concluído: 0 processos c/ itens nesta rodada | total 2263753 itens em 248201 processos
(node:40728) Warning: SECURITY WARNING: The SSL modes 'prefer', 'require', and 'verify-ca' are treated as aliases for 'verify-full'.
In the next major version (pg-connection-string v3.0.0 and pg v9.0.0), these modes will adopt standard libpq semantics, which have weaker security guarantees.

To prepare for this change:
- If you want the current behavior, explicitly use 'sslmode=verify-full'
- If you want libpq compatibility now, use 'uselibpqcompat=true&sslmode=require'

See https://www.postgresql.org/docs/current/libpq-ssl.html for libpq SSL mode definitions.
(Use `node --trace-warnings ...` to show where the warning was created)
Itens: 46 processos pendentes (de 248233 no PNCP/SC) · INGEST_VERSAO=4
  …20/46
  …40/46
Concluído: 0 processos c/ itens nesta rodada | total 2263753 itens em 248201 processos
(node:46788) Warning: SECURITY WARNING: The SSL modes 'prefer', 'require', and 'verify-ca' are treated as aliases for 'verify-full'.
In the next major version (pg-connection-string v3.0.0 and pg v9.0.0), these modes will adopt standard libpq semantics, which have weaker security guarantees.

To prepare for this change:
- If you want the current behavior, explicitly use 'sslmode=verify-full'
- If you want libpq compatibility now, use 'uselibpqcompat=true&sslmode=require'

See https://www.postgresql.org/docs/current/libpq-ssl.html for libpq SSL mode definitions.
(Use `node --trace-warnings ...` to show where the warning was created)
Itens: 46 processos pendentes (de 248233 no PNCP/SC) · INGEST_VERSAO=4
  …20/46
  …40/46
Concluído: 0 processos c/ itens nesta rodada | total 2263753 itens em 248201 processos
(node:45088) Warning: SECURITY WARNING: The SSL modes 'prefer', 'require', and 'verify-ca' are treated as aliases for 'verify-full'.
In the next major version (pg-connection-string v3.0.0 and pg v9.0.0), these modes will adopt standard libpq semantics, which have weaker security guarantees.

To prepare for this change:
- If you want the current behavior, explicitly use 'sslmode=verify-full'
- If you want libpq compatibility now, use 'uselibpqcompat=true&sslmode=require'

See https://www.postgresql.org/docs/current/libpq-ssl.html for libpq SSL mode definitions.
(Use `node --trace-warnings ...` to show where the warning was created)
Itens: 46 processos pendentes (de 248233 no PNCP/SC) · INGEST_VERSAO=4
  …20/46
  …40/46
Concluído: 0 processos c/ itens nesta rodada | total 2263753 itens em 248201 processos
(node:50116) Warning: SECURITY WARNING: The SSL modes 'prefer', 'require', and 'verify-ca' are treated as aliases for 'verify-full'.
In the next major version (pg-connection-string v3.0.0 and pg v9.0.0), these modes will adopt standard libpq semantics, which have weaker security guarantees.

To prepare for this change:
- If you want the current behavior, explicitly use 'sslmode=verify-full'
- If you want libpq compatibility now, use 'uselibpqcompat=true&sslmode=require'

See https://www.postgresql.org/docs/current/libpq-ssl.html for libpq SSL mode definitions.
(Use `node --trace-warnings ...` to show where the warning was created)
Itens: 46 processos pendentes (de 248233 no PNCP/SC) · INGEST_VERSAO=4
  …20/46
  …40/46
Concluído: 0 processos c/ itens nesta rodada | total 2263753 itens em 248201 processos
(node:25856) Warning: SECURITY WARNING: The SSL modes 'prefer', 'require', and 'verify-ca' are treated as aliases for 'verify-full'.
In the next major version (pg-connection-string v3.0.0 and pg v9.0.0), these modes will adopt standard libpq semantics, which have weaker security guarantees.

To prepare for this change:
- If you want the current behavior, explicitly use 'sslmode=verify-full'
- If you want libpq compatibility now, use 'uselibpqcompat=true&sslmode=require'

See https://www.postgresql.org/docs/current/libpq-ssl.html for libpq SSL mode definitions.
(Use `node --trace-warnings ...` to show where the warning was created)
Itens: 46 processos pendentes (de 248233 no PNCP/SC) · INGEST_VERSAO=4
  …20/46
  …40/46
Concluído: 0 processos c/ itens nesta rodada | total 2263753 itens em 248201 processos
(node:11396) Warning: SECURITY WARNING: The SSL modes 'prefer', 'require', and 'verify-ca' are treated as aliases for 'verify-full'.
In the next major version (pg-connection-string v3.0.0 and pg v9.0.0), these modes will adopt standard libpq semantics, which have weaker security guarantees.

To prepare for this change:
- If you want the current behavior, explicitly use 'sslmode=verify-full'
- If you want libpq compatibility now, use 'uselibpqcompat=true&sslmode=require'

See https://www.postgresql.org/docs/current/libpq-ssl.html for libpq SSL mode definitions.
(Use `node --trace-warnings ...` to show where the warning was created)
Itens: 46 processos pendentes (de 248233 no PNCP/SC) · INGEST_VERSAO=4
  …20/46
  …40/46
Concluído: 0 processos c/ itens nesta rodada | total 2263753 itens em 248201 processos
(node:40588) Warning: SECURITY WARNING: The SSL modes 'prefer', 'require', and 'verify-ca' are treated as aliases for 'verify-full'.
In the next major version (pg-connection-string v3.0.0 and pg v9.0.0), these modes will adopt standard libpq semantics, which have weaker security guarantees.

To prepare for this change:
- If you want the current behavior, explicitly use 'sslmode=verify-full'
- If you want libpq compatibility now, use 'uselibpqcompat=true&sslmode=require'

See https://www.postgresql.org/docs/current/libpq-ssl.html for libpq SSL mode definitions.
(Use `node --trace-warnings ...` to show where the warning was created)
Itens: 46 processos pendentes (de 248233 no PNCP/SC) · INGEST_VERSAO=4
  …20/46
  …40/46
Concluído: 0 processos c/ itens nesta rodada | total 2263753 itens em 248201 processos
(node:41120) Warning: SECURITY WARNING: The SSL modes 'prefer', 'require', and 'verify-ca' are treated as aliases for 'verify-full'.
In the next major version (pg-connection-string v3.0.0 and pg v9.0.0), these modes will adopt standard libpq semantics, which have weaker security guarantees.

To prepare for this change:
- If you want the current behavior, explicitly use 'sslmode=verify-full'
- If you want libpq compatibility now, use 'uselibpqcompat=true&sslmode=require'

See https://www.postgresql.org/docs/current/libpq-ssl.html for libpq SSL mode definitions.
(Use `node --trace-warnings ...` to show where the warning was created)
Itens: 46 processos pendentes (de 248233 no PNCP/SC) · INGEST_VERSAO=4
  …20/46
  …40/46
Concluído: 0 processos c/ itens nesta rodada | total 2263753 itens em 248201 processos
(node:35004) Warning: SECURITY WARNING: The SSL modes 'prefer', 'require', and 'verify-ca' are treated as aliases for 'verify-full'.
In the next major version (pg-connection-string v3.0.0 and pg v9.0.0), these modes will adopt standard libpq semantics, which have weaker security guarantees.

To prepare for this change:
- If you want the current behavior, explicitly use 'sslmode=verify-full'
- If you want libpq compatibility now, use 'uselibpqcompat=true&sslmode=require'

See https://www.postgresql.org/docs/current/libpq-ssl.html for libpq SSL mode definitions.
(Use `node --trace-warnings ...` to show where the warning was created)
Itens: 46 processos pendentes (de 248233 no PNCP/SC) · INGEST_VERSAO=4
  …20/46
  …40/46
Concluído: 0 processos c/ itens nesta rodada | total 2263753 itens em 248201 processos
(node:16432) Warning: SECURITY WARNING: The SSL modes 'prefer', 'require', and 'verify-ca' are treated as aliases for 'verify-full'.
In the next major version (pg-connection-string v3.0.0 and pg v9.0.0), these modes will adopt standard libpq semantics, which have weaker security guarantees.

To prepare for this change:
- If you want the current behavior, explicitly use 'sslmode=verify-full'
- If you want libpq compatibility now, use 'uselibpqcompat=true&sslmode=require'

See https://www.postgresql.org/docs/current/libpq-ssl.html for libpq SSL mode definitions.
(Use `node --trace-warnings ...` to show where the warning was created)
Itens: 46 processos pendentes (de 248233 no PNCP/SC) · INGEST_VERSAO=4
  …20/46
  …40/46
Concluído: 0 processos c/ itens nesta rodada | total 2263753 itens em 248201 processos
(node:40104) Warning: SECURITY WARNING: The SSL modes 'prefer', 'require', and 'verify-ca' are treated as aliases for 'verify-full'.
In the next major version (pg-connection-string v3.0.0 and pg v9.0.0), these modes will adopt standard libpq semantics, which have weaker security guarantees.

To prepare for this change:
- If you want the current behavior, explicitly use 'sslmode=verify-full'
- If you want libpq compatibility now, use 'uselibpqcompat=true&sslmode=require'

See https://www.postgresql.org/docs/current/libpq-ssl.html for libpq SSL mode definitions.
(Use `node --trace-warnings ...` to show where the warning was created)
Itens: 46 processos pendentes (de 248233 no PNCP/SC) · INGEST_VERSAO=4
  …20/46
  …40/46
Concluído: 0 processos c/ itens nesta rodada | total 2263753 itens em 248201 processos
(node:24232) Warning: SECURITY WARNING: The SSL modes 'prefer', 'require', and 'verify-ca' are treated as aliases for 'verify-full'.
In the next major version (pg-connection-string v3.0.0 and pg v9.0.0), these modes will adopt standard libpq semantics, which have weaker security guarantees.

To prepare for this change:
- If you want the current behavior, explicitly use 'sslmode=verify-full'
- If you want libpq compatibility now, use 'uselibpqcompat=true&sslmode=require'

See https://www.postgresql.org/docs/current/libpq-ssl.html for libpq SSL mode definitions.
(Use `node --trace-warnings ...` to show where the warning was created)
^C(node:29652) Warning: SECURITY WARNING: The SSL modes 'prefer', 'require', and 'verify-ca' are treated as aliases for 'verify-full'.
In the next major version (pg-connection-string v3.0.0 and pg v9.0.0), these modes will adopt standard libpq semantics, which have weaker security guarantees.

To prepare for this change:
- If you want the current behavior, explicitly use 'sslmode=verify-full'
- If you want libpq compatibility now, use 'uselibpqcompat=true&sslmode=require'

See https://www.postgresql.org/docs/current/libpq-ssl.html for libpq SSL mode definitions.
(Use `node --trace-warnings ...` to show where the warning was created)
Itens: 46 processos pendentes (de 248233 no PNCP/SC) · INGEST_VERSAO=4
  …20/46
  …40/46
Concluído: 0 processos c/ itens nesta rodada | total 2263753 itens em 248201 processos
(node:50956) Warning: SECURITY WARNING: The SSL modes 'prefer', 'require', and 'verify-ca' are treated as aliases for 'verify-full'.
In the next major version (pg-connection-string v3.0.0 and pg v9.0.0), these modes will adopt standard libpq semantics, which have weaker security guarantees.

To prepare for this change:
- If you want the current behavior, explicitly use 'sslmode=verify-full'
- If you want libpq compatibility now, use 'uselibpqcompat=true&sslmode=require'

See https://www.postgresql.org/docs/current/libpq-ssl.html for libpq SSL mode definitions.
(Use `node --trace-warnings ...` to show where the warning was created)
^C(node:50756) Warning: SECURITY WARNING: The SSL modes 'prefer', 'require', and 'verify-ca' are treated as aliases for 'verify-full'.
In the next major version (pg-connection-string v3.0.0 and pg v9.0.0), these modes will adopt standard libpq semantics, which have weaker security guarantees.

To prepare for this change:
- If you want the current behavior, explicitly use 'sslmode=verify-full'
- If you want libpq compatibility now, use 'uselibpqcompat=true&sslmode=require'

See https://www.postgresql.org/docs/current/libpq-ssl.html for libpq SSL mode definitions.
(Use `node --trace-warnings ...` to show where the warning was created)
Itens: 46 processos pendentes (de 248233 no PNCP/SC) · INGEST_VERSAO=4
  …20/46
  …40/46
Concluído: 0 processos c/ itens nesta rodada | total 2263753 itens em 248201 processos
(node:44684) Warning: SECURITY WARNING: The SSL modes 'prefer', 'require', and 'verify-ca' are treated as aliases for 'verify-full'.
In the next major version (pg-connection-string v3.0.0 and pg v9.0.0), these modes will adopt standard libpq semantics, which have weaker security guarantees.

To prepare for this change:
- If you want the current behavior, explicitly use 'sslmode=verify-full'
- If you want libpq compatibility now, use 'uselibpqcompat=true&sslmode=require'

See https://www.postgresql.org/docs/current/libpq-ssl.html for libpq SSL mode definitions.
(Use `node --trace-warnings ...` to show where the warning was created)
Itens: 46 processos pendentes (de 248233 no PNCP/SC) · INGEST_VERSAO=4
  …20/46
  …40/46
Concluído: 0 processos c/ itens nesta rodada | total 2263753 itens em 248201 processos
(node:37176) Warning: SECURITY WARNING: The SSL modes 'prefer', 'require', and 'verify-ca' are treated as aliases for 'verify-full'.
In the next major version (pg-connection-string v3.0.0 and pg v9.0.0), these modes will adopt standard libpq semantics, which have weaker security guarantees.

To prepare for this change:
- If you want the current behavior, explicitly use 'sslmode=verify-full'
- If you want libpq compatibility now, use 'uselibpqcompat=true&sslmode=require'

See https://www.postgresql.org/docs/current/libpq-ssl.html for libpq SSL mode definitions.
(Use `node --trace-warnings ...` to show where the warning was created)
Itens: 46 processos pendentes (de 248233 no PNCP/SC) · INGEST_VERSAO=4
  …20/46
  …40/46
Concluído: 0 processos c/ itens nesta rodada | total 2263753 itens em 248201 processos
(node:27248) Warning: SECURITY WARNING: The SSL modes 'prefer', 'require', and 'verify-ca' are treated as aliases for 'verify-full'.
In the next major version (pg-connection-string v3.0.0 and pg v9.0.0), these modes will adopt standard libpq semantics, which have weaker security guarantees.

To prepare for this change:
- If you want the current behavior, explicitly use 'sslmode=verify-full'
- If you want libpq compatibility now, use 'uselibpqcompat=true&sslmode=require'

See https://www.postgresql.org/docs/current/libpq-ssl.html for libpq SSL mode definitions.
(Use `node --trace-warnings ...` to show where the warning was created)
Itens: 46 processos pendentes (de 248233 no PNCP/SC) · INGEST_VERSAO=4
  …20/46
  …40/46
Concluído: 0 processos c/ itens nesta rodada | total 2263753 itens em 248201 processos
(node:49200) Warning: SECURITY WARNING: The SSL modes 'prefer', 'require', and 'verify-ca' are treated as aliases for 'verify-full'.
In the next major version (pg-connection-string v3.0.0 and pg v9.0.0), these modes will adopt standard libpq semantics, which have weaker security guarantees.

To prepare for this change:
- If you want the current behavior, explicitly use 'sslmode=verify-full'
- If you want libpq compatibility now, use 'uselibpqcompat=true&sslmode=require'

See https://www.postgresql.org/docs/current/libpq-ssl.html for libpq SSL mode definitions.
(Use `node --trace-warnings ...` to show where the warning was created)
Itens: 46 processos pendentes (de 248233 no PNCP/SC) · INGEST_VERSAO=4
  …20/46
  …40/46
Concluído: 0 processos c/ itens nesta rodada | total 2263753 itens em 248201 processos
(node:50984) Warning: SECURITY WARNING: The SSL modes 'prefer', 'require', and 'verify-ca' are treated as aliases for 'verify-full'.
In the next major version (pg-connection-string v3.0.0 and pg v9.0.0), these modes will adopt standard libpq semantics, which have weaker security guarantees.

To prepare for this change:
- If you want the current behavior, explicitly use 'sslmode=verify-full'
- If you want libpq compatibility now, use 'uselibpqcompat=true&sslmode=require'

See https://www.postgresql.org/docs/current/libpq-ssl.html for libpq SSL mode definitions.
(Use `node --trace-warnings ...` to show where the warning was created)
Itens: 46 processos pendentes (de 248233 no PNCP/SC) · INGEST_VERSAO=4
  …20/46
  …40/46
Concluído: 0 processos c/ itens nesta rodada | total 2263753 itens em 248201 processos
(node:48736) Warning: SECURITY WARNING: The SSL modes 'prefer', 'require', and 'verify-ca' are treated as aliases for 'verify-full'.
In the next major version (pg-connection-string v3.0.0 and pg v9.0.0), these modes will adopt standard libpq semantics, which have weaker security guarantees.

To prepare for this change:
- If you want the current behavior, explicitly use 'sslmode=verify-full'
- If you want libpq compatibility now, use 'uselibpqcompat=true&sslmode=require'

See https://www.postgresql.org/docs/current/libpq-ssl.html for libpq SSL mode definitions.
(Use `node --trace-warnings ...` to show where the warning was created)
Itens: 46 processos pendentes (de 248233 no PNCP/SC) · INGEST_VERSAO=4
  …20/46
  …40/46
Concluído: 0 processos c/ itens nesta rodada | total 2263753 itens em 248201 processos
(node:5968) Warning: SECURITY WARNING: The SSL modes 'prefer', 'require', and 'verify-ca' are treated as aliases for 'verify-full'.
In the next major version (pg-connection-string v3.0.0 and pg v9.0.0), these modes will adopt standard libpq semantics, which have weaker security guarantees.

To prepare for this change:
- If you want the current behavior, explicitly use 'sslmode=verify-full'
- If you want libpq compatibility now, use 'uselibpqcompat=true&sslmode=require'

See https://www.postgresql.org/docs/current/libpq-ssl.html for libpq SSL mode definitions.
(Use `node --trace-warnings ...` to show where the warning was created)
Itens: 46 processos pendentes (de 248233 no PNCP/SC) · INGEST_VERSAO=4
  …20/46
  …40/46
Concluído: 0 processos c/ itens nesta rodada | total 2263753 itens em 248201 processos
(node:40676) Warning: SECURITY WARNING: The SSL modes 'prefer', 'require', and 'verify-ca' are treated as aliases for 'verify-full'.
In the next major version (pg-connection-string v3.0.0 and pg v9.0.0), these modes will adopt standard libpq semantics, which have weaker security guarantees.

To prepare for this change:
- If you want the current behavior, explicitly use 'sslmode=verify-full'
- If you want libpq compatibility now, use 'uselibpqcompat=true&sslmode=require'

See https://www.postgresql.org/docs/current/libpq-ssl.html for libpq SSL mode definitions.
(Use `node --trace-warnings ...` to show where the warning was created)
Itens: 46 processos pendentes (de 248233 no PNCP/SC) · INGEST_VERSAO=4
  …20/46
  …40/46
Concluído: 0 processos c/ itens nesta rodada | total 2263753 itens em 248201 processos
(node:48072) Warning: SECURITY WARNING: The SSL modes 'prefer', 'require', and 'verify-ca' are treated as aliases for 'verify-full'.
In the next major version (pg-connection-string v3.0.0 and pg v9.0.0), these modes will adopt standard libpq semantics, which have weaker security guarantees.

To prepare for this change:
- If you want the current behavior, explicitly use 'sslmode=verify-full'
- If you want libpq compatibility now, use 'uselibpqcompat=true&sslmode=require'

See https://www.postgresql.org/docs/current/libpq-ssl.html for libpq SSL mode definitions.
(Use `node --trace-warnings ...` to show where the warning was created)
Itens: 46 processos pendentes (de 248233 no PNCP/SC) · INGEST_VERSAO=4
  …20/46
  …40/46
Concluído: 0 processos c/ itens nesta rodada | total 2263753 itens em 248201 processos
(node:51780) Warning: SECURITY WARNING: The SSL modes 'prefer', 'require', and 'verify-ca' are treated as aliases for 'verify-full'.
In the next major version (pg-connection-string v3.0.0 and pg v9.0.0), these modes will adopt standard libpq semantics, which have weaker security guarantees.

To prepare for this change:
- If you want the current behavior, explicitly use 'sslmode=verify-full'
- If you want libpq compatibility now, use 'uselibpqcompat=true&sslmode=require'

See https://www.postgresql.org/docs/current/libpq-ssl.html for libpq SSL mode definitions.
(Use `node --trace-warnings ...` to show where the warning was created)
Itens: 46 processos pendentes (de 248233 no PNCP/SC) · INGEST_VERSAO=4
  …20/46
  …40/46
Concluído: 0 processos c/ itens nesta rodada | total 2263753 itens em 248201 processos
(node:24280) Warning: SECURITY WARNING: The SSL modes 'prefer', 'require', and 'verify-ca' are treated as aliases for 'verify-full'.
In the next major version (pg-connection-string v3.0.0 and pg v9.0.0), these modes will adopt standard libpq semantics, which have weaker security guarantees.

To prepare for this change:
- If you want the current behavior, explicitly use 'sslmode=verify-full'
- If you want libpq compatibility now, use 'uselibpqcompat=true&sslmode=require'

See https://www.postgresql.org/docs/current/libpq-ssl.html for libpq SSL mode definitions.
(Use `node --trace-warnings ...` to show where the warning was created)
Itens: 46 processos pendentes (de 248233 no PNCP/SC) · INGEST_VERSAO=4
  …20/46
  …40/46
Concluído: 0 processos c/ itens nesta rodada | total 2263753 itens em 248201 processos
(node:23892) Warning: SECURITY WARNING: The SSL modes 'prefer', 'require', and 'verify-ca' are treated as aliases for 'verify-full'.
In the next major version (pg-connection-string v3.0.0 and pg v9.0.0), these modes will adopt standard libpq semantics, which have weaker security guarantees.

To prepare for this change:
- If you want the current behavior, explicitly use 'sslmode=verify-full'
- If you want libpq compatibility now, use 'uselibpqcompat=true&sslmode=require'

See https://www.postgresql.org/docs/current/libpq-ssl.html for libpq SSL mode definitions.
(Use `node --trace-warnings ...` to show where the warning was created)
Itens: 46 processos pendentes (de 248233 no PNCP/SC) · INGEST_VERSAO=4
  …20/46
  …40/46
Concluído: 0 processos c/ itens nesta rodada | total 2263753 itens em 248201 processos
(node:30844) Warning: SECURITY WARNING: The SSL modes 'prefer', 'require', and 'verify-ca' are treated as aliases for 'verify-full'.
In the next major version (pg-connection-string v3.0.0 and pg v9.0.0), these modes will adopt standard libpq semantics, which have weaker security guarantees.

To prepare for this change:
- If you want the current behavior, explicitly use 'sslmode=verify-full'
- If you want libpq compatibility now, use 'uselibpqcompat=true&sslmode=require'

See https://www.postgresql.org/docs/current/libpq-ssl.html for libpq SSL mode definitions.
(Use `node --trace-warnings ...` to show where the warning was created)
Itens: 46 processos pendentes (de 248233 no PNCP/SC) · INGEST_VERSAO=4
  …20/46
  …40/46
Concluído: 0 processos c/ itens nesta rodada | total 2263753 itens em 248201 processos
(node:51356) Warning: SECURITY WARNING: The SSL modes 'prefer', 'require', and 'verify-ca' are treated as aliases for 'verify-full'.
In the next major version (pg-connection-string v3.0.0 and pg v9.0.0), these modes will adopt standard libpq semantics, which have weaker security guarantees.

To prepare for this change:
- If you want the current behavior, explicitly use 'sslmode=verify-full'
- If you want libpq compatibility now, use 'uselibpqcompat=true&sslmode=require'

See https://www.postgresql.org/docs/current/libpq-ssl.html for libpq SSL mode definitions.
(Use `node --trace-warnings ...` to show where the warning was created)
Itens: 46 processos pendentes (de 248233 no PNCP/SC) · INGEST_VERSAO=4
  …20/46
  …40/46
Concluído: 0 processos c/ itens nesta rodada | total 2263753 itens em 248201 processos
(node:44064) Warning: SECURITY WARNING: The SSL modes 'prefer', 'require', and 'verify-ca' are treated as aliases for 'verify-full'.
In the next major version (pg-connection-string v3.0.0 and pg v9.0.0), these modes will adopt standard libpq semantics, which have weaker security guarantees.

To prepare for this change:
- If you want the current behavior, explicitly use 'sslmode=verify-full'
- If you want libpq compatibility now, use 'uselibpqcompat=true&sslmode=require'

See https://www.postgresql.org/docs/current/libpq-ssl.html for libpq SSL mode definitions.
(Use `node --trace-warnings ...` to show where the warning was created)
Itens: 46 processos pendentes (de 248233 no PNCP/SC) · INGEST_VERSAO=4
  …20/46
  …40/46
Concluído: 0 processos c/ itens nesta rodada | total 2263753 itens em 248201 processos
(node:41980) Warning: SECURITY WARNING: The SSL modes 'prefer', 'require', and 'verify-ca' are treated as aliases for 'verify-full'.
In the next major version (pg-connection-string v3.0.0 and pg v9.0.0), these modes will adopt standard libpq semantics, which have weaker security guarantees.

To prepare for this change:
- If you want the current behavior, explicitly use 'sslmode=verify-full'
- If you want libpq compatibility now, use 'uselibpqcompat=true&sslmode=require'

See https://www.postgresql.org/docs/current/libpq-ssl.html for libpq SSL mode definitions.
(Use `node --trace-warnings ...` to show where the warning was created)
Itens: 46 processos pendentes (de 248233 no PNCP/SC) · INGEST_VERSAO=4
  …20/46
  …40/46
Concluído: 0 processos c/ itens nesta rodada | total 2263753 itens em 248201 processos
(node:2856) Warning: SECURITY WARNING: The SSL modes 'prefer', 'require', and 'verify-ca' are treated as aliases for 'verify-full'.
In the next major version (pg-connection-string v3.0.0 and pg v9.0.0), these modes will adopt standard libpq semantics, which have weaker security guarantees.

To prepare for this change:
- If you want the current behavior, explicitly use 'sslmode=verify-full'
- If you want libpq compatibility now, use 'uselibpqcompat=true&sslmode=require'

See https://www.postgresql.org/docs/current/libpq-ssl.html for libpq SSL mode definitions.
(Use `node --trace-warnings ...` to show where the warning was created)
Itens: 46 processos pendentes (de 248233 no PNCP/SC) · INGEST_VERSAO=4
  …20/46
  …40/46
Concluído: 0 processos c/ itens nesta rodada | total 2263753 itens em 248201 processos
(node:15604) Warning: SECURITY WARNING: The SSL modes 'prefer', 'require', and 'verify-ca' are treated as aliases for 'verify-full'.
In the next major version (pg-connection-string v3.0.0 and pg v9.0.0), these modes will adopt standard libpq semantics, which have weaker security guarantees.

To prepare for this change:
- If you want the current behavior, explicitly use 'sslmode=verify-full'
- If you want libpq compatibility now, use 'uselibpqcompat=true&sslmode=require'

See https://www.postgresql.org/docs/current/libpq-ssl.html for libpq SSL mode definitions.
(Use `node --trace-warnings ...` to show where the warning was created)
Itens: 46 processos pendentes (de 248233 no PNCP/SC) · INGEST_VERSAO=4
  …20/46
  …40/46
Concluído: 0 processos c/ itens nesta rodada | total 2263753 itens em 248201 processos
(node:27604) Warning: SECURITY WARNING: The SSL modes 'prefer', 'require', and 'verify-ca' are treated as aliases for 'verify-full'.
In the next major version (pg-connection-string v3.0.0 and pg v9.0.0), these modes will adopt standard libpq semantics, which have weaker security guarantees.

To prepare for this change:
- If you want the current behavior, explicitly use 'sslmode=verify-full'
- If you want libpq compatibility now, use 'uselibpqcompat=true&sslmode=require'

See https://www.postgresql.org/docs/current/libpq-ssl.html for libpq SSL mode definitions.
(Use `node --trace-warnings ...` to show where the warning was created)
Itens: 46 processos pendentes (de 248233 no PNCP/SC) · INGEST_VERSAO=4
  …20/46
  …40/46
Concluído: 0 processos c/ itens nesta rodada | total 2263753 itens em 248201 processos
(node:27384) Warning: SECURITY WARNING: The SSL modes 'prefer', 'require', and 'verify-ca' are treated as aliases for 'verify-full'.
In the next major version (pg-connection-string v3.0.0 and pg v9.0.0), these modes will adopt standard libpq semantics, which have weaker security guarantees.

To prepare for this change:
- If you want the current behavior, explicitly use 'sslmode=verify-full'
- If you want libpq compatibility now, use 'uselibpqcompat=true&sslmode=require'

See https://www.postgresql.org/docs/current/libpq-ssl.html for libpq SSL mode definitions.
(Use `node --trace-warnings ...` to show where the warning was created)
Itens: 46 processos pendentes (de 248233 no PNCP/SC) · INGEST_VERSAO=4
  …20/46
  …40/46
Concluído: 0 processos c/ itens nesta rodada | total 2263753 itens em 248201 processos
(node:50776) Warning: SECURITY WARNING: The SSL modes 'prefer', 'require', and 'verify-ca' are treated as aliases for 'verify-full'.
In the next major version (pg-connection-string v3.0.0 and pg v9.0.0), these modes will adopt standard libpq semantics, which have weaker security guarantees.

To prepare for this change:
- If you want the current behavior, explicitly use 'sslmode=verify-full'
- If you want libpq compatibility now, use 'uselibpqcompat=true&sslmode=require'

See https://www.postgresql.org/docs/current/libpq-ssl.html for libpq SSL mode definitions.
(Use `node --trace-warnings ...` to show where the warning was created)
Itens: 46 processos pendentes (de 248233 no PNCP/SC) · INGEST_VERSAO=4
  …20/46
  …40/46
Concluído: 0 processos c/ itens nesta rodada | total 2263753 itens em 248201 processos
(node:9052) Warning: SECURITY WARNING: The SSL modes 'prefer', 'require', and 'verify-ca' are treated as aliases for 'verify-full'.
In the next major version (pg-connection-string v3.0.0 and pg v9.0.0), these modes will adopt standard libpq semantics, which have weaker security guarantees.

To prepare for this change:
- If you want the current behavior, explicitly use 'sslmode=verify-full'
- If you want libpq compatibility now, use 'uselibpqcompat=true&sslmode=require'

See https://www.postgresql.org/docs/current/libpq-ssl.html for libpq SSL mode definitions.
(Use `node --trace-warnings ...` to show where the warning was created)
Itens: 46 processos pendentes (de 248233 no PNCP/SC) · INGEST_VERSAO=4
  …20/46
  …40/46
Concluído: 0 processos c/ itens nesta rodada | total 2263753 itens em 248201 processos
(node:36856) Warning: SECURITY WARNING: The SSL modes 'prefer', 'require', and 'verify-ca' are treated as aliases for 'verify-full'.
In the next major version (pg-connection-string v3.0.0 and pg v9.0.0), these modes will adopt standard libpq semantics, which have weaker security guarantees.

To prepare for this change:
- If you want the current behavior, explicitly use 'sslmode=verify-full'
- If you want libpq compatibility now, use 'uselibpqcompat=true&sslmode=require'

See https://www.postgresql.org/docs/current/libpq-ssl.html for libpq SSL mode definitions.
(Use `node --trace-warnings ...` to show where the warning was created)
Itens: 46 processos pendentes (de 248233 no PNCP/SC) · INGEST_VERSAO=4
  …20/46
  …40/46
Concluído: 0 processos c/ itens nesta rodada | total 2263753 itens em 248201 processos
(node:33788) Warning: SECURITY WARNING: The SSL modes 'prefer', 'require', and 'verify-ca' are treated as aliases for 'verify-full'.
In the next major version (pg-connection-string v3.0.0 and pg v9.0.0), these modes will adopt standard libpq semantics, which have weaker security guarantees.

To prepare for this change:
- If you want the current behavior, explicitly use 'sslmode=verify-full'
- If you want libpq compatibility now, use 'uselibpqcompat=true&sslmode=require'

See https://www.postgresql.org/docs/current/libpq-ssl.html for libpq SSL mode definitions.
(Use `node --trace-warnings ...` to show where the warning was created)
Itens: 46 processos pendentes (de 248233 no PNCP/SC) · INGEST_VERSAO=4
  …20/46
  …40/46
Concluído: 0 processos c/ itens nesta rodada | total 2263753 itens em 248201 processos
(node:31500) Warning: SECURITY WARNING: The SSL modes 'prefer', 'require', and 'verify-ca' are treated as aliases for 'verify-full'.
In the next major version (pg-connection-string v3.0.0 and pg v9.0.0), these modes will adopt standard libpq semantics, which have weaker security guarantees.

To prepare for this change:
- If you want the current behavior, explicitly use 'sslmode=verify-full'
- If you want libpq compatibility now, use 'uselibpqcompat=true&sslmode=require'

See https://www.postgresql.org/docs/current/libpq-ssl.html for libpq SSL mode definitions.
(Use `node --trace-warnings ...` to show where the warning was created)
Itens: 46 processos pendentes (de 248233 no PNCP/SC) · INGEST_VERSAO=4
  …20/46
  …40/46
Concluído: 0 processos c/ itens nesta rodada | total 2263753 itens em 248201 processos
(node:30184) Warning: SECURITY WARNING: The SSL modes 'prefer', 'require', and 'verify-ca' are treated as aliases for 'verify-full'.
In the next major version (pg-connection-string v3.0.0 and pg v9.0.0), these modes will adopt standard libpq semantics, which have weaker security guarantees.

To prepare for this change:
- If you want the current behavior, explicitly use 'sslmode=verify-full'
- If you want libpq compatibility now, use 'uselibpqcompat=true&sslmode=require'

See https://www.postgresql.org/docs/current/libpq-ssl.html for libpq SSL mode definitions.
(Use `node --trace-warnings ...` to show where the warning was created)
Itens: 46 processos pendentes (de 248233 no PNCP/SC) · INGEST_VERSAO=4
  …20/46
  …40/46
Concluído: 0 processos c/ itens nesta rodada | total 2263753 itens em 248201 processos
(node:40272) Warning: SECURITY WARNING: The SSL modes 'prefer', 'require', and 'verify-ca' are treated as aliases for 'verify-full'.
In the next major version (pg-connection-string v3.0.0 and pg v9.0.0), these modes will adopt standard libpq semantics, which have weaker security guarantees.

To prepare for this change:
- If you want the current behavior, explicitly use 'sslmode=verify-full'
- If you want libpq compatibility now, use 'uselibpqcompat=true&sslmode=require'

See https://www.postgresql.org/docs/current/libpq-ssl.html for libpq SSL mode definitions.
(Use `node --trace-warnings ...` to show where the warning was created)
Itens: 46 processos pendentes (de 248233 no PNCP/SC) · INGEST_VERSAO=4
  …20/46
  …40/46
Concluído: 0 processos c/ itens nesta rodada | total 2263753 itens em 248201 processos
(node:28012) Warning: SECURITY WARNING: The SSL modes 'prefer', 'require', and 'verify-ca' are treated as aliases for 'verify-full'.
In the next major version (pg-connection-string v3.0.0 and pg v9.0.0), these modes will adopt standard libpq semantics, which have weaker security guarantees.

To prepare for this change:
- If you want the current behavior, explicitly use 'sslmode=verify-full'
- If you want libpq compatibility now, use 'uselibpqcompat=true&sslmode=require'

See https://www.postgresql.org/docs/current/libpq-ssl.html for libpq SSL mode definitions.
(Use `node --trace-warnings ...` to show where the warning was created)
Itens: 46 processos pendentes (de 248233 no PNCP/SC) · INGEST_VERSAO=4
  …20/46
  …40/46
Concluído: 0 processos c/ itens nesta rodada | total 2263753 itens em 248201 processos
(node:42308) Warning: SECURITY WARNING: The SSL modes 'prefer', 'require', and 'verify-ca' are treated as aliases for 'verify-full'.
In the next major version (pg-connection-string v3.0.0 and pg v9.0.0), these modes will adopt standard libpq semantics, which have weaker security guarantees.

To prepare for this change:
- If you want the current behavior, explicitly use 'sslmode=verify-full'
- If you want libpq compatibility now, use 'uselibpqcompat=true&sslmode=require'

See https://www.postgresql.org/docs/current/libpq-ssl.html for libpq SSL mode definitions.
(Use `node --trace-warnings ...` to show where the warning was created)
Itens: 46 processos pendentes (de 248233 no PNCP/SC) · INGEST_VERSAO=4
  …20/46
  …40/46
Concluído: 0 processos c/ itens nesta rodada | total 2263753 itens em 248201 processos
(node:50332) Warning: SECURITY WARNING: The SSL modes 'prefer', 'require', and 'verify-ca' are treated as aliases for 'verify-full'.
In the next major version (pg-connection-string v3.0.0 and pg v9.0.0), these modes will adopt standard libpq semantics, which have weaker security guarantees.

To prepare for this change:
- If you want the current behavior, explicitly use 'sslmode=verify-full'
- If you want libpq compatibility now, use 'uselibpqcompat=true&sslmode=require'

See https://www.postgresql.org/docs/current/libpq-ssl.html for libpq SSL mode definitions.
(Use `node --trace-warnings ...` to show where the warning was created)
Itens: 46 processos pendentes (de 248233 no PNCP/SC) · INGEST_VERSAO=4
  …20/46
  …40/46
Concluído: 0 processos c/ itens nesta rodada | total 2263753 itens em 248201 processos
(node:44124) Warning: SECURITY WARNING: The SSL modes 'prefer', 'require', and 'verify-ca' are treated as aliases for 'verify-full'.
In the next major version (pg-connection-string v3.0.0 and pg v9.0.0), these modes will adopt standard libpq semantics, which have weaker security guarantees.

To prepare for this change:
- If you want the current behavior, explicitly use 'sslmode=verify-full'
- If you want libpq compatibility now, use 'uselibpqcompat=true&sslmode=require'

See https://www.postgresql.org/docs/current/libpq-ssl.html for libpq SSL mode definitions.
(Use `node --trace-warnings ...` to show where the warning was created)
Itens: 46 processos pendentes (de 248233 no PNCP/SC) · INGEST_VERSAO=4
  …20/46
  …40/46
Concluído: 0 processos c/ itens nesta rodada | total 2263753 itens em 248201 processos
(node:30984) Warning: SECURITY WARNING: The SSL modes 'prefer', 'require', and 'verify-ca' are treated as aliases for 'verify-full'.
In the next major version (pg-connection-string v3.0.0 and pg v9.0.0), these modes will adopt standard libpq semantics, which have weaker security guarantees.

To prepare for this change:
- If you want the current behavior, explicitly use 'sslmode=verify-full'
- If you want libpq compatibility now, use 'uselibpqcompat=true&sslmode=require'

See https://www.postgresql.org/docs/current/libpq-ssl.html for libpq SSL mode definitions.
(Use `node --trace-warnings ...` to show where the warning was created)
Itens: 46 processos pendentes (de 248233 no PNCP/SC) · INGEST_VERSAO=4
  …20/46
  …40/46
Concluído: 0 processos c/ itens nesta rodada | total 2263753 itens em 248201 processos
(node:6072) Warning: SECURITY WARNING: The SSL modes 'prefer', 'require', and 'verify-ca' are treated as aliases for 'verify-full'.
In the next major version (pg-connection-string v3.0.0 and pg v9.0.0), these modes will adopt standard libpq semantics, which have weaker security guarantees.

To prepare for this change:
- If you want the current behavior, explicitly use 'sslmode=verify-full'
- If you want libpq compatibility now, use 'uselibpqcompat=true&sslmode=require'

See https://www.postgresql.org/docs/current/libpq-ssl.html for libpq SSL mode definitions.
(Use `node --trace-warnings ...` to show where the warning was created)
Itens: 384 processos pendentes (de 248571 no PNCP/SC) · INGEST_VERSAO=4
  …20/384
  …40/384
  …60/384
  …80/384
  …100/384
  …120/384
  …140/384
  …160/384
  …180/384
  …200/384
  …220/384
  …240/384
  …260/384
  …280/384
  …300/384
  …320/384
  …340/384
  …360/384
  …380/384
Concluído: 338 processos c/ itens nesta rodada | total 2267832 itens em 248539 processos
(node:21468) Warning: SECURITY WARNING: The SSL modes 'prefer', 'require', and 'verify-ca' are treated as aliases for 'verify-full'.
In the next major version (pg-connection-string v3.0.0 and pg v9.0.0), these modes will adopt standard libpq semantics, which have weaker security guarantees.

To prepare for this change:
- If you want the current behavior, explicitly use 'sslmode=verify-full'
- If you want libpq compatibility now, use 'uselibpqcompat=true&sslmode=require'

See https://www.postgresql.org/docs/current/libpq-ssl.html for libpq SSL mode definitions.
(Use `node --trace-warnings ...` to show where the warning was created)
Itens: 46 processos pendentes (de 248571 no PNCP/SC) · INGEST_VERSAO=4
  …20/46
  …40/46
Concluído: 0 processos c/ itens nesta rodada | total 2267832 itens em 248539 processos
(node:40176) Warning: SECURITY WARNING: The SSL modes 'prefer', 'require', and 'verify-ca' are treated as aliases for 'verify-full'.
In the next major version (pg-connection-string v3.0.0 and pg v9.0.0), these modes will adopt standard libpq semantics, which have weaker security guarantees.

To prepare for this change:
- If you want the current behavior, explicitly use 'sslmode=verify-full'
- If you want libpq compatibility now, use 'uselibpqcompat=true&sslmode=require'

See https://www.postgresql.org/docs/current/libpq-ssl.html for libpq SSL mode definitions.
(Use `node --trace-warnings ...` to show where the warning was created)
Itens: 46 processos pendentes (de 248571 no PNCP/SC) · INGEST_VERSAO=4
  …20/46
  …40/46
Concluído: 0 processos c/ itens nesta rodada | total 2267832 itens em 248539 processos
(node:49444) Warning: SECURITY WARNING: The SSL modes 'prefer', 'require', and 'verify-ca' are treated as aliases for 'verify-full'.
In the next major version (pg-connection-string v3.0.0 and pg v9.0.0), these modes will adopt standard libpq semantics, which have weaker security guarantees.

To prepare for this change:
- If you want the current behavior, explicitly use 'sslmode=verify-full'
- If you want libpq compatibility now, use 'uselibpqcompat=true&sslmode=require'

See https://www.postgresql.org/docs/current/libpq-ssl.html for libpq SSL mode definitions.
(Use `node --trace-warnings ...` to show where the warning was created)
Itens: 46 processos pendentes (de 248571 no PNCP/SC) · INGEST_VERSAO=4
  …20/46
  …40/46
Concluído: 0 processos c/ itens nesta rodada | total 2267832 itens em 248539 processos
(node:41652) Warning: SECURITY WARNING: The SSL modes 'prefer', 'require', and 'verify-ca' are treated as aliases for 'verify-full'.
In the next major version (pg-connection-string v3.0.0 and pg v9.0.0), these modes will adopt standard libpq semantics, which have weaker security guarantees.

To prepare for this change:
- If you want the current behavior, explicitly use 'sslmode=verify-full'
- If you want libpq compatibility now, use 'uselibpqcompat=true&sslmode=require'

See https://www.postgresql.org/docs/current/libpq-ssl.html for libpq SSL mode definitions.
(Use `node --trace-warnings ...` to show where the warning was created)
Itens: 46 processos pendentes (de 248571 no PNCP/SC) · INGEST_VERSAO=4
  …20/46
  …40/46
Concluído: 0 processos c/ itens nesta rodada | total 2267832 itens em 248539 processos
(node:40268) Warning: SECURITY WARNING: The SSL modes 'prefer', 'require', and 'verify-ca' are treated as aliases for 'verify-full'.
In the next major version (pg-connection-string v3.0.0 and pg v9.0.0), these modes will adopt standard libpq semantics, which have weaker security guarantees.

To prepare for this change:
- If you want the current behavior, explicitly use 'sslmode=verify-full'
- If you want libpq compatibility now, use 'uselibpqcompat=true&sslmode=require'

See https://www.postgresql.org/docs/current/libpq-ssl.html for libpq SSL mode definitions.
(Use `node --trace-warnings ...` to show where the warning was created)
Itens: 46 processos pendentes (de 248571 no PNCP/SC) · INGEST_VERSAO=4
  …20/46
  …40/46
Concluído: 0 processos c/ itens nesta rodada | total 2267832 itens em 248539 processos
(node:48024) Warning: SECURITY WARNING: The SSL modes 'prefer', 'require', and 'verify-ca' are treated as aliases for 'verify-full'.
In the next major version (pg-connection-string v3.0.0 and pg v9.0.0), these modes will adopt standard libpq semantics, which have weaker security guarantees.

To prepare for this change:
- If you want the current behavior, explicitly use 'sslmode=verify-full'
- If you want libpq compatibility now, use 'uselibpqcompat=true&sslmode=require'

See https://www.postgresql.org/docs/current/libpq-ssl.html for libpq SSL mode definitions.
(Use `node --trace-warnings ...` to show where the warning was created)
Itens: 46 processos pendentes (de 248571 no PNCP/SC) · INGEST_VERSAO=4
  …20/46
  …40/46
Concluído: 0 processos c/ itens nesta rodada | total 2267832 itens em 248539 processos
(node:51220) Warning: SECURITY WARNING: The SSL modes 'prefer', 'require', and 'verify-ca' are treated as aliases for 'verify-full'.
In the next major version (pg-connection-string v3.0.0 and pg v9.0.0), these modes will adopt standard libpq semantics, which have weaker security guarantees.

To prepare for this change:
- If you want the current behavior, explicitly use 'sslmode=verify-full'
- If you want libpq compatibility now, use 'uselibpqcompat=true&sslmode=require'

See https://www.postgresql.org/docs/current/libpq-ssl.html for libpq SSL mode definitions.
(Use `node --trace-warnings ...` to show where the warning was created)
Itens: 46 processos pendentes (de 248571 no PNCP/SC) · INGEST_VERSAO=4
  …20/46
  …40/46
Concluído: 0 processos c/ itens nesta rodada | total 2267832 itens em 248539 processos
(node:40924) Warning: SECURITY WARNING: The SSL modes 'prefer', 'require', and 'verify-ca' are treated as aliases for 'verify-full'.
In the next major version (pg-connection-string v3.0.0 and pg v9.0.0), these modes will adopt standard libpq semantics, which have weaker security guarantees.

To prepare for this change:
- If you want the current behavior, explicitly use 'sslmode=verify-full'
- If you want libpq compatibility now, use 'uselibpqcompat=true&sslmode=require'

See https://www.postgresql.org/docs/current/libpq-ssl.html for libpq SSL mode definitions.
(Use `node --trace-warnings ...` to show where the warning was created)
Itens: 46 processos pendentes (de 248571 no PNCP/SC) · INGEST_VERSAO=4
  …20/46
  …40/46
Concluído: 0 processos c/ itens nesta rodada | total 2267832 itens em 248539 processos
(node:30196) Warning: SECURITY WARNING: The SSL modes 'prefer', 'require', and 'verify-ca' are treated as aliases for 'verify-full'.
In the next major version (pg-connection-string v3.0.0 and pg v9.0.0), these modes will adopt standard libpq semantics, which have weaker security guarantees.

To prepare for this change:
- If you want the current behavior, explicitly use 'sslmode=verify-full'
- If you want libpq compatibility now, use 'uselibpqcompat=true&sslmode=require'

See https://www.postgresql.org/docs/current/libpq-ssl.html for libpq SSL mode definitions.
(Use `node --trace-warnings ...` to show where the warning was created)
Itens: 46 processos pendentes (de 248571 no PNCP/SC) · INGEST_VERSAO=4
  …20/46
  …40/46
Concluído: 0 processos c/ itens nesta rodada | total 2267832 itens em 248539 processos
(node:49548) Warning: SECURITY WARNING: The SSL modes 'prefer', 'require', and 'verify-ca' are treated as aliases for 'verify-full'.
In the next major version (pg-connection-string v3.0.0 and pg v9.0.0), these modes will adopt standard libpq semantics, which have weaker security guarantees.

To prepare for this change:
- If you want the current behavior, explicitly use 'sslmode=verify-full'
- If you want libpq compatibility now, use 'uselibpqcompat=true&sslmode=require'

See https://www.postgresql.org/docs/current/libpq-ssl.html for libpq SSL mode definitions.
(Use `node --trace-warnings ...` to show where the warning was created)
Itens: 46 processos pendentes (de 248571 no PNCP/SC) · INGEST_VERSAO=4
  …20/46
  …40/46
Concluído: 0 processos c/ itens nesta rodada | total 2267832 itens em 248539 processos
(node:48416) Warning: SECURITY WARNING: The SSL modes 'prefer', 'require', and 'verify-ca' are treated as aliases for 'verify-full'.
In the next major version (pg-connection-string v3.0.0 and pg v9.0.0), these modes will adopt standard libpq semantics, which have weaker security guarantees.

To prepare for this change:
- If you want the current behavior, explicitly use 'sslmode=verify-full'
- If you want libpq compatibility now, use 'uselibpqcompat=true&sslmode=require'

See https://www.postgresql.org/docs/current/libpq-ssl.html for libpq SSL mode definitions.
(Use `node --trace-warnings ...` to show where the warning was created)
Itens: 46 processos pendentes (de 248571 no PNCP/SC) · INGEST_VERSAO=4
  …20/46
  …40/46
Concluído: 0 processos c/ itens nesta rodada | total 2267832 itens em 248539 processos
(node:48096) Warning: SECURITY WARNING: The SSL modes 'prefer', 'require', and 'verify-ca' are treated as aliases for 'verify-full'.
In the next major version (pg-connection-string v3.0.0 and pg v9.0.0), these modes will adopt standard libpq semantics, which have weaker security guarantees.

To prepare for this change:
- If you want the current behavior, explicitly use 'sslmode=verify-full'
- If you want libpq compatibility now, use 'uselibpqcompat=true&sslmode=require'

See https://www.postgresql.org/docs/current/libpq-ssl.html for libpq SSL mode definitions.
(Use `node --trace-warnings ...` to show where the warning was created)
Itens: 46 processos pendentes (de 248571 no PNCP/SC) · INGEST_VERSAO=4
  …20/46
  …40/46
Concluído: 0 processos c/ itens nesta rodada | total 2267832 itens em 248539 processos
(node:47140) Warning: SECURITY WARNING: The SSL modes 'prefer', 'require', and 'verify-ca' are treated as aliases for 'verify-full'.
In the next major version (pg-connection-string v3.0.0 and pg v9.0.0), these modes will adopt standard libpq semantics, which have weaker security guarantees.

To prepare for this change:
- If you want the current behavior, explicitly use 'sslmode=verify-full'
- If you want libpq compatibility now, use 'uselibpqcompat=true&sslmode=require'

See https://www.postgresql.org/docs/current/libpq-ssl.html for libpq SSL mode definitions.
(Use `node --trace-warnings ...` to show where the warning was created)
Itens: 46 processos pendentes (de 248571 no PNCP/SC) · INGEST_VERSAO=4
  …20/46
  …40/46
Concluído: 0 processos c/ itens nesta rodada | total 2267832 itens em 248539 processos
(node:41156) Warning: SECURITY WARNING: The SSL modes 'prefer', 'require', and 'verify-ca' are treated as aliases for 'verify-full'.
In the next major version (pg-connection-string v3.0.0 and pg v9.0.0), these modes will adopt standard libpq semantics, which have weaker security guarantees.

To prepare for this change:
- If you want the current behavior, explicitly use 'sslmode=verify-full'
- If you want libpq compatibility now, use 'uselibpqcompat=true&sslmode=require'

See https://www.postgresql.org/docs/current/libpq-ssl.html for libpq SSL mode definitions.
(Use `node --trace-warnings ...` to show where the warning was created)
Itens: 46 processos pendentes (de 248571 no PNCP/SC) · INGEST_VERSAO=4
  …20/46
  …40/46
Concluído: 0 processos c/ itens nesta rodada | total 2267832 itens em 248539 processos
(node:19208) Warning: SECURITY WARNING: The SSL modes 'prefer', 'require', and 'verify-ca' are treated as aliases for 'verify-full'.
In the next major version (pg-connection-string v3.0.0 and pg v9.0.0), these modes will adopt standard libpq semantics, which have weaker security guarantees.

To prepare for this change:
- If you want the current behavior, explicitly use 'sslmode=verify-full'
- If you want libpq compatibility now, use 'uselibpqcompat=true&sslmode=require'

See https://www.postgresql.org/docs/current/libpq-ssl.html for libpq SSL mode definitions.
(Use `node --trace-warnings ...` to show where the warning was created)
Itens: 46 processos pendentes (de 248571 no PNCP/SC) · INGEST_VERSAO=4
  …20/46
  …40/46
Concluído: 0 processos c/ itens nesta rodada | total 2267832 itens em 248539 processos
(node:48748) Warning: SECURITY WARNING: The SSL modes 'prefer', 'require', and 'verify-ca' are treated as aliases for 'verify-full'.
In the next major version (pg-connection-string v3.0.0 and pg v9.0.0), these modes will adopt standard libpq semantics, which have weaker security guarantees.

To prepare for this change:
- If you want the current behavior, explicitly use 'sslmode=verify-full'
- If you want libpq compatibility now, use 'uselibpqcompat=true&sslmode=require'

See https://www.postgresql.org/docs/current/libpq-ssl.html for libpq SSL mode definitions.
(Use `node --trace-warnings ...` to show where the warning was created)
Itens: 46 processos pendentes (de 248571 no PNCP/SC) · INGEST_VERSAO=4
  …20/46
  …40/46
Concluído: 0 processos c/ itens nesta rodada | total 2267832 itens em 248539 processos
(node:51532) Warning: SECURITY WARNING: The SSL modes 'prefer', 'require', and 'verify-ca' are treated as aliases for 'verify-full'.
In the next major version (pg-connection-string v3.0.0 and pg v9.0.0), these modes will adopt standard libpq semantics, which have weaker security guarantees.

To prepare for this change:
- If you want the current behavior, explicitly use 'sslmode=verify-full'
- If you want libpq compatibility now, use 'uselibpqcompat=true&sslmode=require'

See https://www.postgresql.org/docs/current/libpq-ssl.html for libpq SSL mode definitions.
(Use `node --trace-warnings ...` to show where the warning was created)
Itens: 46 processos pendentes (de 248571 no PNCP/SC) · INGEST_VERSAO=4
  …20/46
  …40/46
Concluído: 0 processos c/ itens nesta rodada | total 2267832 itens em 248539 processos
(node:50240) Warning: SECURITY WARNING: The SSL modes 'prefer', 'require', and 'verify-ca' are treated as aliases for 'verify-full'.
In the next major version (pg-connection-string v3.0.0 and pg v9.0.0), these modes will adopt standard libpq semantics, which have weaker security guarantees.

To prepare for this change:
- If you want the current behavior, explicitly use 'sslmode=verify-full'
- If you want libpq compatibility now, use 'uselibpqcompat=true&sslmode=require'

See https://www.postgresql.org/docs/current/libpq-ssl.html for libpq SSL mode definitions.
(Use `node --trace-warnings ...` to show where the warning was created)
Itens: 46 processos pendentes (de 248571 no PNCP/SC) · INGEST_VERSAO=4
  …20/46
  …40/46
Concluído: 0 processos c/ itens nesta rodada | total 2267832 itens em 248539 processos
(node:29568) Warning: SECURITY WARNING: The SSL modes 'prefer', 'require', and 'verify-ca' are treated as aliases for 'verify-full'.
In the next major version (pg-connection-string v3.0.0 and pg v9.0.0), these modes will adopt standard libpq semantics, which have weaker security guarantees.

To prepare for this change:
- If you want the current behavior, explicitly use 'sslmode=verify-full'
- If you want libpq compatibility now, use 'uselibpqcompat=true&sslmode=require'

See https://www.postgresql.org/docs/current/libpq-ssl.html for libpq SSL mode definitions.
(Use `node --trace-warnings ...` to show where the warning was created)
Itens: 46 processos pendentes (de 248571 no PNCP/SC) · INGEST_VERSAO=4
  …20/46
  …40/46
Concluído: 0 processos c/ itens nesta rodada | total 2267832 itens em 248539 processos
(node:12096) Warning: SECURITY WARNING: The SSL modes 'prefer', 'require', and 'verify-ca' are treated as aliases for 'verify-full'.
In the next major version (pg-connection-string v3.0.0 and pg v9.0.0), these modes will adopt standard libpq semantics, which have weaker security guarantees.

To prepare for this change:
- If you want the current behavior, explicitly use 'sslmode=verify-full'
- If you want libpq compatibility now, use 'uselibpqcompat=true&sslmode=require'

See https://www.postgresql.org/docs/current/libpq-ssl.html for libpq SSL mode definitions.
(Use `node --trace-warnings ...` to show where the warning was created)
Itens: 46 processos pendentes (de 248571 no PNCP/SC) · INGEST_VERSAO=4
  …20/46
  …40/46
Concluído: 0 processos c/ itens nesta rodada | total 2267832 itens em 248539 processos
(node:19076) Warning: SECURITY WARNING: The SSL modes 'prefer', 'require', and 'verify-ca' are treated as aliases for 'verify-full'.
In the next major version (pg-connection-string v3.0.0 and pg v9.0.0), these modes will adopt standard libpq semantics, which have weaker security guarantees.

To prepare for this change:
- If you want the current behavior, explicitly use 'sslmode=verify-full'
- If you want libpq compatibility now, use 'uselibpqcompat=true&sslmode=require'

See https://www.postgresql.org/docs/current/libpq-ssl.html for libpq SSL mode definitions.
(Use `node --trace-warnings ...` to show where the warning was created)
Itens: 46 processos pendentes (de 248571 no PNCP/SC) · INGEST_VERSAO=4
  …20/46
  …40/46
Concluído: 0 processos c/ itens nesta rodada | total 2267832 itens em 248539 processos
(node:31588) Warning: SECURITY WARNING: The SSL modes 'prefer', 'require', and 'verify-ca' are treated as aliases for 'verify-full'.
In the next major version (pg-connection-string v3.0.0 and pg v9.0.0), these modes will adopt standard libpq semantics, which have weaker security guarantees.

To prepare for this change:
- If you want the current behavior, explicitly use 'sslmode=verify-full'
- If you want libpq compatibility now, use 'uselibpqcompat=true&sslmode=require'

See https://www.postgresql.org/docs/current/libpq-ssl.html for libpq SSL mode definitions.
(Use `node --trace-warnings ...` to show where the warning was created)
Itens: 46 processos pendentes (de 248571 no PNCP/SC) · INGEST_VERSAO=4
  …20/46
  …40/46
Concluído: 0 processos c/ itens nesta rodada | total 2267832 itens em 248539 processos
(node:22356) Warning: SECURITY WARNING: The SSL modes 'prefer', 'require', and 'verify-ca' are treated as aliases for 'verify-full'.
In the next major version (pg-connection-string v3.0.0 and pg v9.0.0), these modes will adopt standard libpq semantics, which have weaker security guarantees.

To prepare for this change:
- If you want the current behavior, explicitly use 'sslmode=verify-full'
- If you want libpq compatibility now, use 'uselibpqcompat=true&sslmode=require'

See https://www.postgresql.org/docs/current/libpq-ssl.html for libpq SSL mode definitions.
(Use `node --trace-warnings ...` to show where the warning was created)
Itens: 46 processos pendentes (de 248571 no PNCP/SC) · INGEST_VERSAO=4
  …20/46
  …40/46
Concluído: 0 processos c/ itens nesta rodada | total 2267832 itens em 248539 processos
(node:51360) Warning: SECURITY WARNING: The SSL modes 'prefer', 'require', and 'verify-ca' are treated as aliases for 'verify-full'.
In the next major version (pg-connection-string v3.0.0 and pg v9.0.0), these modes will adopt standard libpq semantics, which have weaker security guarantees.

To prepare for this change:
- If you want the current behavior, explicitly use 'sslmode=verify-full'
- If you want libpq compatibility now, use 'uselibpqcompat=true&sslmode=require'

See https://www.postgresql.org/docs/current/libpq-ssl.html for libpq SSL mode definitions.
(Use `node --trace-warnings ...` to show where the warning was created)
Itens: 46 processos pendentes (de 248571 no PNCP/SC) · INGEST_VERSAO=4
  …20/46
  …40/46
Concluído: 0 processos c/ itens nesta rodada | total 2267832 itens em 248539 processos
(node:50000) Warning: SECURITY WARNING: The SSL modes 'prefer', 'require', and 'verify-ca' are treated as aliases for 'verify-full'.
In the next major version (pg-connection-string v3.0.0 and pg v9.0.0), these modes will adopt standard libpq semantics, which have weaker security guarantees.

To prepare for this change:
- If you want the current behavior, explicitly use 'sslmode=verify-full'
- If you want libpq compatibility now, use 'uselibpqcompat=true&sslmode=require'

See https://www.postgresql.org/docs/current/libpq-ssl.html for libpq SSL mode definitions.
(Use `node --trace-warnings ...` to show where the warning was created)
Itens: 46 processos pendentes (de 248571 no PNCP/SC) · INGEST_VERSAO=4
  …20/46
  …40/46
Concluído: 0 processos c/ itens nesta rodada | total 2267832 itens em 248539 processos
(node:7956) Warning: SECURITY WARNING: The SSL modes 'prefer', 'require', and 'verify-ca' are treated as aliases for 'verify-full'.
In the next major version (pg-connection-string v3.0.0 and pg v9.0.0), these modes will adopt standard libpq semantics, which have weaker security guarantees.

To prepare for this change:
- If you want the current behavior, explicitly use 'sslmode=verify-full'
- If you want libpq compatibility now, use 'uselibpqcompat=true&sslmode=require'

See https://www.postgresql.org/docs/current/libpq-ssl.html for libpq SSL mode definitions.
(Use `node --trace-warnings ...` to show where the warning was created)
Itens: 46 processos pendentes (de 248571 no PNCP/SC) · INGEST_VERSAO=4
  …20/46
  …40/46
Concluído: 0 processos c/ itens nesta rodada | total 2267832 itens em 248539 processos
(node:9772) Warning: SECURITY WARNING: The SSL modes 'prefer', 'require', and 'verify-ca' are treated as aliases for 'verify-full'.
In the next major version (pg-connection-string v3.0.0 and pg v9.0.0), these modes will adopt standard libpq semantics, which have weaker security guarantees.

To prepare for this change:
- If you want the current behavior, explicitly use 'sslmode=verify-full'
- If you want libpq compatibility now, use 'uselibpqcompat=true&sslmode=require'

See https://www.postgresql.org/docs/current/libpq-ssl.html for libpq SSL mode definitions.
(Use `node --trace-warnings ...` to show where the warning was created)
Itens: 46 processos pendentes (de 248571 no PNCP/SC) · INGEST_VERSAO=4
  …20/46
  …40/46
Concluído: 0 processos c/ itens nesta rodada | total 2267832 itens em 248539 processos
(node:28352) Warning: SECURITY WARNING: The SSL modes 'prefer', 'require', and 'verify-ca' are treated as aliases for 'verify-full'.
In the next major version (pg-connection-string v3.0.0 and pg v9.0.0), these modes will adopt standard libpq semantics, which have weaker security guarantees.

To prepare for this change:
- If you want the current behavior, explicitly use 'sslmode=verify-full'
- If you want libpq compatibility now, use 'uselibpqcompat=true&sslmode=require'

See https://www.postgresql.org/docs/current/libpq-ssl.html for libpq SSL mode definitions.
(Use `node --trace-warnings ...` to show where the warning was created)
Itens: 46 processos pendentes (de 248571 no PNCP/SC) · INGEST_VERSAO=4
  …20/46
  …40/46
Concluído: 0 processos c/ itens nesta rodada | total 2267832 itens em 248539 processos
(node:51140) Warning: SECURITY WARNING: The SSL modes 'prefer', 'require', and 'verify-ca' are treated as aliases for 'verify-full'.
In the next major version (pg-connection-string v3.0.0 and pg v9.0.0), these modes will adopt standard libpq semantics, which have weaker security guarantees.

To prepare for this change:
- If you want the current behavior, explicitly use 'sslmode=verify-full'
- If you want libpq compatibility now, use 'uselibpqcompat=true&sslmode=require'

See https://www.postgresql.org/docs/current/libpq-ssl.html for libpq SSL mode definitions.
(Use `node --trace-warnings ...` to show where the warning was created)
Itens: 46 processos pendentes (de 248571 no PNCP/SC) · INGEST_VERSAO=4
  …20/46
  …40/46
Concluído: 0 processos c/ itens nesta rodada | total 2267832 itens em 248539 processos
(node:43508) Warning: SECURITY WARNING: The SSL modes 'prefer', 'require', and 'verify-ca' are treated as aliases for 'verify-full'.
In the next major version (pg-connection-string v3.0.0 and pg v9.0.0), these modes will adopt standard libpq semantics, which have weaker security guarantees.

To prepare for this change:
- If you want the current behavior, explicitly use 'sslmode=verify-full'
- If you want libpq compatibility now, use 'uselibpqcompat=true&sslmode=require'

See https://www.postgresql.org/docs/current/libpq-ssl.html for libpq SSL mode definitions.
(Use `node --trace-warnings ...` to show where the warning was created)
Itens: 46 processos pendentes (de 248571 no PNCP/SC) · INGEST_VERSAO=4
  …20/46
  …40/46
Concluído: 0 processos c/ itens nesta rodada | total 2267832 itens em 248539 processos
(node:42176) Warning: SECURITY WARNING: The SSL modes 'prefer', 'require', and 'verify-ca' are treated as aliases for 'verify-full'.
In the next major version (pg-connection-string v3.0.0 and pg v9.0.0), these modes will adopt standard libpq semantics, which have weaker security guarantees.

To prepare for this change:
- If you want the current behavior, explicitly use 'sslmode=verify-full'
- If you want libpq compatibility now, use 'uselibpqcompat=true&sslmode=require'

See https://www.postgresql.org/docs/current/libpq-ssl.html for libpq SSL mode definitions.
(Use `node --trace-warnings ...` to show where the warning was created)
Itens: 46 processos pendentes (de 248571 no PNCP/SC) · INGEST_VERSAO=4
  …20/46
  …40/46
Concluído: 0 processos c/ itens nesta rodada | total 2267832 itens em 248539 processos
(node:49956) Warning: SECURITY WARNING: The SSL modes 'prefer', 'require', and 'verify-ca' are treated as aliases for 'verify-full'.
In the next major version (pg-connection-string v3.0.0 and pg v9.0.0), these modes will adopt standard libpq semantics, which have weaker security guarantees.

To prepare for this change:
- If you want the current behavior, explicitly use 'sslmode=verify-full'
- If you want libpq compatibility now, use 'uselibpqcompat=true&sslmode=require'

See https://www.postgresql.org/docs/current/libpq-ssl.html for libpq SSL mode definitions.
(Use `node --trace-warnings ...` to show where the warning was created)
Itens: 46 processos pendentes (de 248571 no PNCP/SC) · INGEST_VERSAO=4
  …20/46
  …40/46
Concluído: 0 processos c/ itens nesta rodada | total 2267832 itens em 248539 processos
(node:51760) Warning: SECURITY WARNING: The SSL modes 'prefer', 'require', and 'verify-ca' are treated as aliases for 'verify-full'.
In the next major version (pg-connection-string v3.0.0 and pg v9.0.0), these modes will adopt standard libpq semantics, which have weaker security guarantees.

To prepare for this change:
- If you want the current behavior, explicitly use 'sslmode=verify-full'
- If you want libpq compatibility now, use 'uselibpqcompat=true&sslmode=require'

See https://www.postgresql.org/docs/current/libpq-ssl.html for libpq SSL mode definitions.
(Use `node --trace-warnings ...` to show where the warning was created)
Itens: 46 processos pendentes (de 248571 no PNCP/SC) · INGEST_VERSAO=4
  …20/46
  …40/46
Concluído: 0 processos c/ itens nesta rodada | total 2267832 itens em 248539 processos
(node:43948) Warning: SECURITY WARNING: The SSL modes 'prefer', 'require', and 'verify-ca' are treated as aliases for 'verify-full'.
In the next major version (pg-connection-string v3.0.0 and pg v9.0.0), these modes will adopt standard libpq semantics, which have weaker security guarantees.

To prepare for this change:
- If you want the current behavior, explicitly use 'sslmode=verify-full'
- If you want libpq compatibility now, use 'uselibpqcompat=true&sslmode=require'

See https://www.postgresql.org/docs/current/libpq-ssl.html for libpq SSL mode definitions.
(Use `node --trace-warnings ...` to show where the warning was created)
Itens: 46 processos pendentes (de 248571 no PNCP/SC) · INGEST_VERSAO=4
  …20/46
  …40/46
Concluído: 0 processos c/ itens nesta rodada | total 2267832 itens em 248539 processos
(node:39968) Warning: SECURITY WARNING: The SSL modes 'prefer', 'require', and 'verify-ca' are treated as aliases for 'verify-full'.
In the next major version (pg-connection-string v3.0.0 and pg v9.0.0), these modes will adopt standard libpq semantics, which have weaker security guarantees.

To prepare for this change:
- If you want the current behavior, explicitly use 'sslmode=verify-full'
- If you want libpq compatibility now, use 'uselibpqcompat=true&sslmode=require'

See https://www.postgresql.org/docs/current/libpq-ssl.html for libpq SSL mode definitions.
(Use `node --trace-warnings ...` to show where the warning was created)
Itens: 46 processos pendentes (de 248571 no PNCP/SC) · INGEST_VERSAO=4
  …20/46
  …40/46
Concluído: 0 processos c/ itens nesta rodada | total 2267832 itens em 248539 processos
(node:27900) Warning: SECURITY WARNING: The SSL modes 'prefer', 'require', and 'verify-ca' are treated as aliases for 'verify-full'.
In the next major version (pg-connection-string v3.0.0 and pg v9.0.0), these modes will adopt standard libpq semantics, which have weaker security guarantees.

To prepare for this change:
- If you want the current behavior, explicitly use 'sslmode=verify-full'
- If you want libpq compatibility now, use 'uselibpqcompat=true&sslmode=require'

See https://www.postgresql.org/docs/current/libpq-ssl.html for libpq SSL mode definitions.
(Use `node --trace-warnings ...` to show where the warning was created)
Itens: 46 processos pendentes (de 248571 no PNCP/SC) · INGEST_VERSAO=4
  …20/46
  …40/46
Concluído: 0 processos c/ itens nesta rodada | total 2267832 itens em 248539 processos
(node:49084) Warning: SECURITY WARNING: The SSL modes 'prefer', 'require', and 'verify-ca' are treated as aliases for 'verify-full'.
In the next major version (pg-connection-string v3.0.0 and pg v9.0.0), these modes will adopt standard libpq semantics, which have weaker security guarantees.

To prepare for this change:
- If you want the current behavior, explicitly use 'sslmode=verify-full'
- If you want libpq compatibility now, use 'uselibpqcompat=true&sslmode=require'

See https://www.postgresql.org/docs/current/libpq-ssl.html for libpq SSL mode definitions.
(Use `node --trace-warnings ...` to show where the warning was created)
^C(node:50792) Warning: SECURITY WARNING: The SSL modes 'prefer', 'require', and 'verify-ca' are treated as aliases for 'verify-full'.
In the next major version (pg-connection-string v3.0.0 and pg v9.0.0), these modes will adopt standard libpq semantics, which have weaker security guarantees.

To prepare for this change:
- If you want the current behavior, explicitly use 'sslmode=verify-full'
- If you want libpq compatibility now, use 'uselibpqcompat=true&sslmode=require'

See https://www.postgresql.org/docs/current/libpq-ssl.html for libpq SSL mode definitions.
(Use `node --trace-warnings ...` to show where the warning was created)
Itens: 46 processos pendentes (de 248571 no PNCP/SC) · INGEST_VERSAO=4
  …20/46
  …40/46
Concluído: 0 processos c/ itens nesta rodada | total 2267832 itens em 248539 processos
(node:49576) Warning: SECURITY WARNING: The SSL modes 'prefer', 'require', and 'verify-ca' are treated as aliases for 'verify-full'.
In the next major version (pg-connection-string v3.0.0 and pg v9.0.0), these modes will adopt standard libpq semantics, which have weaker security guarantees.

To prepare for this change:
- If you want the current behavior, explicitly use 'sslmode=verify-full'
- If you want libpq compatibility now, use 'uselibpqcompat=true&sslmode=require'

See https://www.postgresql.org/docs/current/libpq-ssl.html for libpq SSL mode definitions.
(Use `node --trace-warnings ...` to show where the warning was created)
Itens: 46 processos pendentes (de 248571 no PNCP/SC) · INGEST_VERSAO=4
  …20/46
  …40/46
Concluído: 0 processos c/ itens nesta rodada | total 2267832 itens em 248539 processos
(node:28352) Warning: SECURITY WARNING: The SSL modes 'prefer', 'require', and 'verify-ca' are treated as aliases for 'verify-full'.
In the next major version (pg-connection-string v3.0.0 and pg v9.0.0), these modes will adopt standard libpq semantics, which have weaker security guarantees.

To prepare for this change:
- If you want the current behavior, explicitly use 'sslmode=verify-full'
- If you want libpq compatibility now, use 'uselibpqcompat=true&sslmode=require'

See https://www.postgresql.org/docs/current/libpq-ssl.html for libpq SSL mode definitions.
(Use `node --trace-warnings ...` to show where the warning was created)
Itens: 46 processos pendentes (de 248571 no PNCP/SC) · INGEST_VERSAO=4
  …20/46
  …40/46
Concluído: 0 processos c/ itens nesta rodada | total 2267832 itens em 248539 processos
(node:50224) Warning: SECURITY WARNING: The SSL modes 'prefer', 'require', and 'verify-ca' are treated as aliases for 'verify-full'.
In the next major version (pg-connection-string v3.0.0 and pg v9.0.0), these modes will adopt standard libpq semantics, which have weaker security guarantees.

To prepare for this change:
- If you want the current behavior, explicitly use 'sslmode=verify-full'
- If you want libpq compatibility now, use 'uselibpqcompat=true&sslmode=require'

See https://www.postgresql.org/docs/current/libpq-ssl.html for libpq SSL mode definitions.
(Use `node --trace-warnings ...` to show where the warning was created)
Itens: 46 processos pendentes (de 248571 no PNCP/SC) · INGEST_VERSAO=4
  …20/46
  …40/46
Concluído: 0 processos c/ itens nesta rodada | total 2267832 itens em 248539 processos
(node:50820) Warning: SECURITY WARNING: The SSL modes 'prefer', 'require', and 'verify-ca' are treated as aliases for 'verify-full'.
In the next major version (pg-connection-string v3.0.0 and pg v9.0.0), these modes will adopt standard libpq semantics, which have weaker security guarantees.

To prepare for this change:
- If you want the current behavior, explicitly use 'sslmode=verify-full'
- If you want libpq compatibility now, use 'uselibpqcompat=true&sslmode=require'

See https://www.postgresql.org/docs/current/libpq-ssl.html for libpq SSL mode definitions.
(Use `node --trace-warnings ...` to show where the warning was created)
Itens: 46 processos pendentes (de 248571 no PNCP/SC) · INGEST_VERSAO=4
  …20/46
  …40/46
Concluído: 0 processos c/ itens nesta rodada | total 2267832 itens em 248539 processos
(node:46684) Warning: SECURITY WARNING: The SSL modes 'prefer', 'require', and 'verify-ca' are treated as aliases for 'verify-full'.
In the next major version (pg-connection-string v3.0.0 and pg v9.0.0), these modes will adopt standard libpq semantics, which have weaker security guarantees.

To prepare for this change:
- If you want the current behavior, explicitly use 'sslmode=verify-full'
- If you want libpq compatibility now, use 'uselibpqcompat=true&sslmode=require'

See https://www.postgresql.org/docs/current/libpq-ssl.html for libpq SSL mode definitions.
(Use `node --trace-warnings ...` to show where the warning was created)
Itens: 46 processos pendentes (de 248571 no PNCP/SC) · INGEST_VERSAO=4
  …20/46
  …40/46
Concluído: 0 processos c/ itens nesta rodada | total 2267832 itens em 248539 processos
(node:50884) Warning: SECURITY WARNING: The SSL modes 'prefer', 'require', and 'verify-ca' are treated as aliases for 'verify-full'.
In the next major version (pg-connection-string v3.0.0 and pg v9.0.0), these modes will adopt standard libpq semantics, which have weaker security guarantees.

To prepare for this change:
- If you want the current behavior, explicitly use 'sslmode=verify-full'
- If you want libpq compatibility now, use 'uselibpqcompat=true&sslmode=require'

See https://www.postgresql.org/docs/current/libpq-ssl.html for libpq SSL mode definitions.
(Use `node --trace-warnings ...` to show where the warning was created)
Itens: 46 processos pendentes (de 248571 no PNCP/SC) · INGEST_VERSAO=4
  …20/46
  …40/46
Concluído: 0 processos c/ itens nesta rodada | total 2267832 itens em 248539 processos
(node:14676) Warning: SECURITY WARNING: The SSL modes 'prefer', 'require', and 'verify-ca' are treated as aliases for 'verify-full'.
In the next major version (pg-connection-string v3.0.0 and pg v9.0.0), these modes will adopt standard libpq semantics, which have weaker security guarantees.

To prepare for this change:
- If you want the current behavior, explicitly use 'sslmode=verify-full'
- If you want libpq compatibility now, use 'uselibpqcompat=true&sslmode=require'

See https://www.postgresql.org/docs/current/libpq-ssl.html for libpq SSL mode definitions.
(Use `node --trace-warnings ...` to show where the warning was created)
Itens: 46 processos pendentes (de 248571 no PNCP/SC) · INGEST_VERSAO=4
  …20/46
  …40/46
Concluído: 0 processos c/ itens nesta rodada | total 2267832 itens em 248539 processos
(node:40472) Warning: SECURITY WARNING: The SSL modes 'prefer', 'require', and 'verify-ca' are treated as aliases for 'verify-full'.
In the next major version (pg-connection-string v3.0.0 and pg v9.0.0), these modes will adopt standard libpq semantics, which have weaker security guarantees.

To prepare for this change:
- If you want the current behavior, explicitly use 'sslmode=verify-full'
- If you want libpq compatibility now, use 'uselibpqcompat=true&sslmode=require'

See https://www.postgresql.org/docs/current/libpq-ssl.html for libpq SSL mode definitions.
(Use `node --trace-warnings ...` to show where the warning was created)
Itens: 46 processos pendentes (de 248571 no PNCP/SC) · INGEST_VERSAO=4
  …20/46
  …40/46
Concluído: 0 processos c/ itens nesta rodada | total 2267832 itens em 248539 processos
(node:25800) Warning: SECURITY WARNING: The SSL modes 'prefer', 'require', and 'verify-ca' are treated as aliases for 'verify-full'.
In the next major version (pg-connection-string v3.0.0 and pg v9.0.0), these modes will adopt standard libpq semantics, which have weaker security guarantees.

To prepare for this change:
- If you want the current behavior, explicitly use 'sslmode=verify-full'
- If you want libpq compatibility now, use 'uselibpqcompat=true&sslmode=require'

See https://www.postgresql.org/docs/current/libpq-ssl.html for libpq SSL mode definitions.
(Use `node --trace-warnings ...` to show where the warning was created)
Itens: 46 processos pendentes (de 248571 no PNCP/SC) · INGEST_VERSAO=4
  …20/46
  …40/46
Concluído: 0 processos c/ itens nesta rodada | total 2267832 itens em 248539 processos
(node:924) Warning: SECURITY WARNING: The SSL modes 'prefer', 'require', and 'verify-ca' are treated as aliases for 'verify-full'.
In the next major version (pg-connection-string v3.0.0 and pg v9.0.0), these modes will adopt standard libpq semantics, which have weaker security guarantees.

To prepare for this change:
- If you want the current behavior, explicitly use 'sslmode=verify-full'
- If you want libpq compatibility now, use 'uselibpqcompat=true&sslmode=require'

See https://www.postgresql.org/docs/current/libpq-ssl.html for libpq SSL mode definitions.
(Use `node --trace-warnings ...` to show where the warning was created)
ERRO: Error: Query read timeout
    at C:\Users\PC\pnigp\node_modules\pg\lib\client.js:646:17
    at process.processTicksAndRejections (node:internal/process/task_queues:104:5)
    at async main (file:///C:/Users/PC/pnigp/scripts/ingest_itens_sc.mjs:187:18)
(node:5924) Warning: SECURITY WARNING: The SSL modes 'prefer', 'require', and 'verify-ca' are treated as aliases for 'verify-full'.
In the next major version (pg-connection-string v3.0.0 and pg v9.0.0), these modes will adopt standard libpq semantics, which have weaker security guarantees.

To prepare for this change:
- If you want the current behavior, explicitly use 'sslmode=verify-full'
- If you want libpq compatibility now, use 'uselibpqcompat=true&sslmode=require'

See https://www.postgresql.org/docs/current/libpq-ssl.html for libpq SSL mode definitions.
(Use `node --trace-warnings ...` to show where the warning was created)
ERRO: Error: Connection terminated unexpectedly
    at Connection.<anonymous> (C:\Users\PC\pnigp\node_modules\pg\lib\client.js:193:73)
    at Object.onceWrapper (node:events:630:28)
    at Connection.emit (node:events:509:28)
    at Socket.<anonymous> (C:\Users\PC\pnigp\node_modules\pg\lib\connection.js:61:12)
    at Socket.emit (node:events:521:24)
    at TCP.<anonymous> (node:net:350:12)
(node:40512) Warning: SECURITY WARNING: The SSL modes 'prefer', 'require', and 'verify-ca' are treated as aliases for 'verify-full'.
In the next major version (pg-connection-string v3.0.0 and pg v9.0.0), these modes will adopt standard libpq semantics, which have weaker security guarantees.

To prepare for this change:
- If you want the current behavior, explicitly use 'sslmode=verify-full'
- If you want libpq compatibility now, use 'uselibpqcompat=true&sslmode=require'

See https://www.postgresql.org/docs/current/libpq-ssl.html for libpq SSL mode definitions.
(Use `node --trace-warnings ...` to show where the warning was created)
Itens: 46 processos pendentes (de 248571 no PNCP/SC) · INGEST_VERSAO=4
  …20/46
  …40/46
Concluído: 0 processos c/ itens nesta rodada | total 2267832 itens em 248539 processos
(node:16792) Warning: SECURITY WARNING: The SSL modes 'prefer', 'require', and 'verify-ca' are treated as aliases for 'verify-full'.
In the next major version (pg-connection-string v3.0.0 and pg v9.0.0), these modes will adopt standard libpq semantics, which have weaker security guarantees.

To prepare for this change:
- If you want the current behavior, explicitly use 'sslmode=verify-full'
- If you want libpq compatibility now, use 'uselibpqcompat=true&sslmode=require'

See https://www.postgresql.org/docs/current/libpq-ssl.html for libpq SSL mode definitions.
(Use `node --trace-warnings ...` to show where the warning was created)
Itens: 46 processos pendentes (de 248571 no PNCP/SC) · INGEST_VERSAO=4
  …20/46
  …40/46
Concluído: 0 processos c/ itens nesta rodada | total 2267832 itens em 248539 processos
(node:10844) Warning: SECURITY WARNING: The SSL modes 'prefer', 'require', and 'verify-ca' are treated as aliases for 'verify-full'.
In the next major version (pg-connection-string v3.0.0 and pg v9.0.0), these modes will adopt standard libpq semantics, which have weaker security guarantees.

To prepare for this change:
- If you want the current behavior, explicitly use 'sslmode=verify-full'
- If you want libpq compatibility now, use 'uselibpqcompat=true&sslmode=require'

See https://www.postgresql.org/docs/current/libpq-ssl.html for libpq SSL mode definitions.
(Use `node --trace-warnings ...` to show where the warning was created)
Itens: 46 processos pendentes (de 248571 no PNCP/SC) · INGEST_VERSAO=4
  …20/46
  …40/46
Concluído: 0 processos c/ itens nesta rodada | total 2267832 itens em 248539 processos
(node:51688) Warning: SECURITY WARNING: The SSL modes 'prefer', 'require', and 'verify-ca' are treated as aliases for 'verify-full'.
In the next major version (pg-connection-string v3.0.0 and pg v9.0.0), these modes will adopt standard libpq semantics, which have weaker security guarantees.

To prepare for this change:
- If you want the current behavior, explicitly use 'sslmode=verify-full'
- If you want libpq compatibility now, use 'uselibpqcompat=true&sslmode=require'

See https://www.postgresql.org/docs/current/libpq-ssl.html for libpq SSL mode definitions.
(Use `node --trace-warnings ...` to show where the warning was created)
Itens: 46 processos pendentes (de 248571 no PNCP/SC) · INGEST_VERSAO=4
  …20/46
  …40/46
Concluído: 0 processos c/ itens nesta rodada | total 2267832 itens em 248539 processos
(node:28132) Warning: SECURITY WARNING: The SSL modes 'prefer', 'require', and 'verify-ca' are treated as aliases for 'verify-full'.
In the next major version (pg-connection-string v3.0.0 and pg v9.0.0), these modes will adopt standard libpq semantics, which have weaker security guarantees.

To prepare for this change:
- If you want the current behavior, explicitly use 'sslmode=verify-full'
- If you want libpq compatibility now, use 'uselibpqcompat=true&sslmode=require'

See https://www.postgresql.org/docs/current/libpq-ssl.html for libpq SSL mode definitions.
(Use `node --trace-warnings ...` to show where the warning was created)
Itens: 46 processos pendentes (de 248571 no PNCP/SC) · INGEST_VERSAO=4
  …20/46
  …40/46
Concluído: 0 processos c/ itens nesta rodada | total 2267832 itens em 248539 processos
(node:19852) Warning: SECURITY WARNING: The SSL modes 'prefer', 'require', and 'verify-ca' are treated as aliases for 'verify-full'.
In the next major version (pg-connection-string v3.0.0 and pg v9.0.0), these modes will adopt standard libpq semantics, which have weaker security guarantees.

To prepare for this change:
- If you want the current behavior, explicitly use 'sslmode=verify-full'
- If you want libpq compatibility now, use 'uselibpqcompat=true&sslmode=require'

See https://www.postgresql.org/docs/current/libpq-ssl.html for libpq SSL mode definitions.
(Use `node --trace-warnings ...` to show where the warning was created)
ERRO: Error: Query read timeout
    at C:\Users\PC\pnigp\node_modules\pg\lib\client.js:646:17
    at process.processTicksAndRejections (node:internal/process/task_queues:104:5)
    at async main (file:///C:/Users/PC/pnigp/scripts/ingest_itens_sc.mjs:187:18)
(node:45948) Warning: SECURITY WARNING: The SSL modes 'prefer', 'require', and 'verify-ca' are treated as aliases for 'verify-full'.
In the next major version (pg-connection-string v3.0.0 and pg v9.0.0), these modes will adopt standard libpq semantics, which have weaker security guarantees.

To prepare for this change:
- If you want the current behavior, explicitly use 'sslmode=verify-full'
- If you want libpq compatibility now, use 'uselibpqcompat=true&sslmode=require'

See https://www.postgresql.org/docs/current/libpq-ssl.html for libpq SSL mode definitions.
(Use `node --trace-warnings ...` to show where the warning was created)
Itens: 46 processos pendentes (de 248571 no PNCP/SC) · INGEST_VERSAO=4
  …20/46
  …40/46
Concluído: 0 processos c/ itens nesta rodada | total 2267832 itens em 248539 processos
(node:50696) Warning: SECURITY WARNING: The SSL modes 'prefer', 'require', and 'verify-ca' are treated as aliases for 'verify-full'.
In the next major version (pg-connection-string v3.0.0 and pg v9.0.0), these modes will adopt standard libpq semantics, which have weaker security guarantees.

To prepare for this change:
- If you want the current behavior, explicitly use 'sslmode=verify-full'
- If you want libpq compatibility now, use 'uselibpqcompat=true&sslmode=require'

See https://www.postgresql.org/docs/current/libpq-ssl.html for libpq SSL mode definitions.
(Use `node --trace-warnings ...` to show where the warning was created)
Itens: 46 processos pendentes (de 248571 no PNCP/SC) · INGEST_VERSAO=4
  …20/46
  …40/46
Concluído: 0 processos c/ itens nesta rodada | total 2267832 itens em 248539 processos
(node:27420) Warning: SECURITY WARNING: The SSL modes 'prefer', 'require', and 'verify-ca' are treated as aliases for 'verify-full'.
In the next major version (pg-connection-string v3.0.0 and pg v9.0.0), these modes will adopt standard libpq semantics, which have weaker security guarantees.

To prepare for this change:
- If you want the current behavior, explicitly use 'sslmode=verify-full'
- If you want libpq compatibility now, use 'uselibpqcompat=true&sslmode=require'

See https://www.postgresql.org/docs/current/libpq-ssl.html for libpq SSL mode definitions.
(Use `node --trace-warnings ...` to show where the warning was created)
Itens: 46 processos pendentes (de 248571 no PNCP/SC) · INGEST_VERSAO=4
  …20/46
  …40/46
Concluído: 0 processos c/ itens nesta rodada | total 2267832 itens em 248539 processos
(node:36176) Warning: SECURITY WARNING: The SSL modes 'prefer', 'require', and 'verify-ca' are treated as aliases for 'verify-full'.
In the next major version (pg-connection-string v3.0.0 and pg v9.0.0), these modes will adopt standard libpq semantics, which have weaker security guarantees.

To prepare for this change:
- If you want the current behavior, explicitly use 'sslmode=verify-full'
- If you want libpq compatibility now, use 'uselibpqcompat=true&sslmode=require'

See https://www.postgresql.org/docs/current/libpq-ssl.html for libpq SSL mode definitions.
(Use `node --trace-warnings ...` to show where the warning was created)
Itens: 46 processos pendentes (de 248571 no PNCP/SC) · INGEST_VERSAO=4
  …20/46
  …40/46
Concluído: 0 processos c/ itens nesta rodada | total 2267832 itens em 248539 processos
(node:50956) Warning: SECURITY WARNING: The SSL modes 'prefer', 'require', and 'verify-ca' are treated as aliases for 'verify-full'.
In the next major version (pg-connection-string v3.0.0 and pg v9.0.0), these modes will adopt standard libpq semantics, which have weaker security guarantees.

To prepare for this change:
- If you want the current behavior, explicitly use 'sslmode=verify-full'
- If you want libpq compatibility now, use 'uselibpqcompat=true&sslmode=require'

See https://www.postgresql.org/docs/current/libpq-ssl.html for libpq SSL mode definitions.
(Use `node --trace-warnings ...` to show where the warning was created)
Itens: 46 processos pendentes (de 248571 no PNCP/SC) · INGEST_VERSAO=4
  …20/46
  …40/46
Concluído: 0 processos c/ itens nesta rodada | total 2267832 itens em 248539 processos
(node:24392) Warning: SECURITY WARNING: The SSL modes 'prefer', 'require', and 'verify-ca' are treated as aliases for 'verify-full'.
In the next major version (pg-connection-string v3.0.0 and pg v9.0.0), these modes will adopt standard libpq semantics, which have weaker security guarantees.

To prepare for this change:
- If you want the current behavior, explicitly use 'sslmode=verify-full'
- If you want libpq compatibility now, use 'uselibpqcompat=true&sslmode=require'

See https://www.postgresql.org/docs/current/libpq-ssl.html for libpq SSL mode definitions.
(Use `node --trace-warnings ...` to show where the warning was created)
Itens: 47 processos pendentes (de 248572 no PNCP/SC) · INGEST_VERSAO=4
  …20/47
  …40/47
Concluído: 1 processos c/ itens nesta rodada | total 2267833 itens em 248540 processos
(node:24224) Warning: SECURITY WARNING: The SSL modes 'prefer', 'require', and 'verify-ca' are treated as aliases for 'verify-full'.
In the next major version (pg-connection-string v3.0.0 and pg v9.0.0), these modes will adopt standard libpq semantics, which have weaker security guarantees.

To prepare for this change:
- If you want the current behavior, explicitly use 'sslmode=verify-full'
- If you want libpq compatibility now, use 'uselibpqcompat=true&sslmode=require'

See https://www.postgresql.org/docs/current/libpq-ssl.html for libpq SSL mode definitions.
(Use `node --trace-warnings ...` to show where the warning was created)
Itens: 46 processos pendentes (de 248572 no PNCP/SC) · INGEST_VERSAO=4
  …20/46
  …40/46
Concluído: 0 processos c/ itens nesta rodada | total 2267833 itens em 248540 processos
(node:49656) Warning: SECURITY WARNING: The SSL modes 'prefer', 'require', and 'verify-ca' are treated as aliases for 'verify-full'.
In the next major version (pg-connection-string v3.0.0 and pg v9.0.0), these modes will adopt standard libpq semantics, which have weaker security guarantees.

To prepare for this change:
- If you want the current behavior, explicitly use 'sslmode=verify-full'
- If you want libpq compatibility now, use 'uselibpqcompat=true&sslmode=require'

See https://www.postgresql.org/docs/current/libpq-ssl.html for libpq SSL mode definitions.
(Use `node --trace-warnings ...` to show where the warning was created)
Itens: 46 processos pendentes (de 248572 no PNCP/SC) · INGEST_VERSAO=4
  …20/46
  …40/46
Concluído: 0 processos c/ itens nesta rodada | total 2267833 itens em 248540 processos
(node:24608) Warning: SECURITY WARNING: The SSL modes 'prefer', 'require', and 'verify-ca' are treated as aliases for 'verify-full'.
In the next major version (pg-connection-string v3.0.0 and pg v9.0.0), these modes will adopt standard libpq semantics, which have weaker security guarantees.

To prepare for this change:
- If you want the current behavior, explicitly use 'sslmode=verify-full'
- If you want libpq compatibility now, use 'uselibpqcompat=true&sslmode=require'

See https://www.postgresql.org/docs/current/libpq-ssl.html for libpq SSL mode definitions.
(Use `node --trace-warnings ...` to show where the warning was created)
Itens: 46 processos pendentes (de 248572 no PNCP/SC) · INGEST_VERSAO=4
  …20/46
  …40/46
Concluído: 0 processos c/ itens nesta rodada | total 2267833 itens em 248540 processos
(node:10704) Warning: SECURITY WARNING: The SSL modes 'prefer', 'require', and 'verify-ca' are treated as aliases for 'verify-full'.
In the next major version (pg-connection-string v3.0.0 and pg v9.0.0), these modes will adopt standard libpq semantics, which have weaker security guarantees.

To prepare for this change:
- If you want the current behavior, explicitly use 'sslmode=verify-full'
- If you want libpq compatibility now, use 'uselibpqcompat=true&sslmode=require'

See https://www.postgresql.org/docs/current/libpq-ssl.html for libpq SSL mode definitions.
(Use `node --trace-warnings ...` to show where the warning was created)
Itens: 46 processos pendentes (de 248572 no PNCP/SC) · INGEST_VERSAO=4
  …20/46
  …40/46
Concluído: 0 processos c/ itens nesta rodada | total 2267833 itens em 248540 processos
(node:51720) Warning: SECURITY WARNING: The SSL modes 'prefer', 'require', and 'verify-ca' are treated as aliases for 'verify-full'.
In the next major version (pg-connection-string v3.0.0 and pg v9.0.0), these modes will adopt standard libpq semantics, which have weaker security guarantees.

To prepare for this change:
- If you want the current behavior, explicitly use 'sslmode=verify-full'
- If you want libpq compatibility now, use 'uselibpqcompat=true&sslmode=require'

See https://www.postgresql.org/docs/current/libpq-ssl.html for libpq SSL mode definitions.
(Use `node --trace-warnings ...` to show where the warning was created)
^C(node:48948) Warning: SECURITY WARNING: The SSL modes 'prefer', 'require', and 'verify-ca' are treated as aliases for 'verify-full'.
In the next major version (pg-connection-string v3.0.0 and pg v9.0.0), these modes will adopt standard libpq semantics, which have weaker security guarantees.

To prepare for this change:
- If you want the current behavior, explicitly use 'sslmode=verify-full'
- If you want libpq compatibility now, use 'uselibpqcompat=true&sslmode=require'

See https://www.postgresql.org/docs/current/libpq-ssl.html for libpq SSL mode definitions.
(Use `node --trace-warnings ...` to show where the warning was created)
Itens: 46 processos pendentes (de 248572 no PNCP/SC) · INGEST_VERSAO=4
  …20/46
  …40/46
Concluído: 0 processos c/ itens nesta rodada | total 2267833 itens em 248540 processos
(node:51480) Warning: SECURITY WARNING: The SSL modes 'prefer', 'require', and 'verify-ca' are treated as aliases for 'verify-full'.
In the next major version (pg-connection-string v3.0.0 and pg v9.0.0), these modes will adopt standard libpq semantics, which have weaker security guarantees.

To prepare for this change:
- If you want the current behavior, explicitly use 'sslmode=verify-full'
- If you want libpq compatibility now, use 'uselibpqcompat=true&sslmode=require'

See https://www.postgresql.org/docs/current/libpq-ssl.html for libpq SSL mode definitions.
(Use `node --trace-warnings ...` to show where the warning was created)
Itens: 46 processos pendentes (de 248572 no PNCP/SC) · INGEST_VERSAO=4
  …20/46
  …40/46
Concluído: 0 processos c/ itens nesta rodada | total 2267833 itens em 248540 processos
(node:31048) Warning: SECURITY WARNING: The SSL modes 'prefer', 'require', and 'verify-ca' are treated as aliases for 'verify-full'.
In the next major version (pg-connection-string v3.0.0 and pg v9.0.0), these modes will adopt standard libpq semantics, which have weaker security guarantees.

To prepare for this change:
- If you want the current behavior, explicitly use 'sslmode=verify-full'
- If you want libpq compatibility now, use 'uselibpqcompat=true&sslmode=require'

See https://www.postgresql.org/docs/current/libpq-ssl.html for libpq SSL mode definitions.
(Use `node --trace-warnings ...` to show where the warning was created)
Itens: 46 processos pendentes (de 248572 no PNCP/SC) · INGEST_VERSAO=4
  …20/46
  …40/46
Concluído: 0 processos c/ itens nesta rodada | total 2267833 itens em 248540 processos
(node:12200) Warning: SECURITY WARNING: The SSL modes 'prefer', 'require', and 'verify-ca' are treated as aliases for 'verify-full'.
In the next major version (pg-connection-string v3.0.0 and pg v9.0.0), these modes will adopt standard libpq semantics, which have weaker security guarantees.

To prepare for this change:
- If you want the current behavior, explicitly use 'sslmode=verify-full'
- If you want libpq compatibility now, use 'uselibpqcompat=true&sslmode=require'

See https://www.postgresql.org/docs/current/libpq-ssl.html for libpq SSL mode definitions.
(Use `node --trace-warnings ...` to show where the warning was created)
Itens: 46 processos pendentes (de 248572 no PNCP/SC) · INGEST_VERSAO=4
  …20/46
  …40/46
Concluído: 0 processos c/ itens nesta rodada | total 2267833 itens em 248540 processos
(node:44156) Warning: SECURITY WARNING: The SSL modes 'prefer', 'require', and 'verify-ca' are treated as aliases for 'verify-full'.
In the next major version (pg-connection-string v3.0.0 and pg v9.0.0), these modes will adopt standard libpq semantics, which have weaker security guarantees.

To prepare for this change:
- If you want the current behavior, explicitly use 'sslmode=verify-full'
- If you want libpq compatibility now, use 'uselibpqcompat=true&sslmode=require'

See https://www.postgresql.org/docs/current/libpq-ssl.html for libpq SSL mode definitions.
(Use `node --trace-warnings ...` to show where the warning was created)
Itens: 46 processos pendentes (de 248572 no PNCP/SC) · INGEST_VERSAO=4
  …20/46
  …40/46
Concluído: 0 processos c/ itens nesta rodada | total 2267833 itens em 248540 processos
(node:40932) Warning: SECURITY WARNING: The SSL modes 'prefer', 'require', and 'verify-ca' are treated as aliases for 'verify-full'.
In the next major version (pg-connection-string v3.0.0 and pg v9.0.0), these modes will adopt standard libpq semantics, which have weaker security guarantees.

To prepare for this change:
- If you want the current behavior, explicitly use 'sslmode=verify-full'
- If you want libpq compatibility now, use 'uselibpqcompat=true&sslmode=require'

See https://www.postgresql.org/docs/current/libpq-ssl.html for libpq SSL mode definitions.
(Use `node --trace-warnings ...` to show where the warning was created)
(node:26448) Warning: SECURITY WARNING: The SSL modes 'prefer', 'require', and 'verify-ca' are treated as aliases for 'verify-full'.
In the next major version (pg-connection-string v3.0.0 and pg v9.0.0), these modes will adopt standard libpq semantics, which have weaker security guarantees.

To prepare for this change:
- If you want the current behavior, explicitly use 'sslmode=verify-full'
- If you want libpq compatibility now, use 'uselibpqcompat=true&sslmode=require'

See https://www.postgresql.org/docs/current/libpq-ssl.html for libpq SSL mode definitions.
(Use `node --trace-warnings ...` to show where the warning was created)
Itens: 46 processos pendentes (de 248572 no PNCP/SC) · INGEST_VERSAO=4
  …20/46
  …40/46
Concluído: 0 processos c/ itens nesta rodada | total 2267833 itens em 248540 processos
(node:45148) Warning: SECURITY WARNING: The SSL modes 'prefer', 'require', and 'verify-ca' are treated as aliases for 'verify-full'.
In the next major version (pg-connection-string v3.0.0 and pg v9.0.0), these modes will adopt standard libpq semantics, which have weaker security guarantees.

To prepare for this change:
- If you want the current behavior, explicitly use 'sslmode=verify-full'
- If you want libpq compatibility now, use 'uselibpqcompat=true&sslmode=require'

See https://www.postgresql.org/docs/current/libpq-ssl.html for libpq SSL mode definitions.
(Use `node --trace-warnings ...` to show where the warning was created)
Itens: 46 processos pendentes (de 248572 no PNCP/SC) · INGEST_VERSAO=4
  …20/46
  …40/46
Concluído: 0 processos c/ itens nesta rodada | total 2267833 itens em 248540 processos
(node:48132) Warning: SECURITY WARNING: The SSL modes 'prefer', 'require', and 'verify-ca' are treated as aliases for 'verify-full'.
In the next major version (pg-connection-string v3.0.0 and pg v9.0.0), these modes will adopt standard libpq semantics, which have weaker security guarantees.

To prepare for this change:
- If you want the current behavior, explicitly use 'sslmode=verify-full'
- If you want libpq compatibility now, use 'uselibpqcompat=true&sslmode=require'

See https://www.postgresql.org/docs/current/libpq-ssl.html for libpq SSL mode definitions.
(Use `node --trace-warnings ...` to show where the warning was created)
Itens: 46 processos pendentes (de 248572 no PNCP/SC) · INGEST_VERSAO=4
  …20/46
  …40/46
Concluído: 0 processos c/ itens nesta rodada | total 2267833 itens em 248540 processos
(node:51616) Warning: SECURITY WARNING: The SSL modes 'prefer', 'require', and 'verify-ca' are treated as aliases for 'verify-full'.
In the next major version (pg-connection-string v3.0.0 and pg v9.0.0), these modes will adopt standard libpq semantics, which have weaker security guarantees.

To prepare for this change:
- If you want the current behavior, explicitly use 'sslmode=verify-full'
- If you want libpq compatibility now, use 'uselibpqcompat=true&sslmode=require'

See https://www.postgresql.org/docs/current/libpq-ssl.html for libpq SSL mode definitions.
(Use `node --trace-warnings ...` to show where the warning was created)
Itens: 46 processos pendentes (de 248572 no PNCP/SC) · INGEST_VERSAO=4
  …20/46
  …40/46
Concluído: 0 processos c/ itens nesta rodada | total 2267833 itens em 248540 processos
(node:30920) Warning: SECURITY WARNING: The SSL modes 'prefer', 'require', and 'verify-ca' are treated as aliases for 'verify-full'.
In the next major version (pg-connection-string v3.0.0 and pg v9.0.0), these modes will adopt standard libpq semantics, which have weaker security guarantees.

To prepare for this change:
- If you want the current behavior, explicitly use 'sslmode=verify-full'
- If you want libpq compatibility now, use 'uselibpqcompat=true&sslmode=require'

See https://www.postgresql.org/docs/current/libpq-ssl.html for libpq SSL mode definitions.
(Use `node --trace-warnings ...` to show where the warning was created)
Itens: 46 processos pendentes (de 248572 no PNCP/SC) · INGEST_VERSAO=4
  …20/46
  …40/46
Concluído: 0 processos c/ itens nesta rodada | total 2267833 itens em 248540 processos
(node:32544) Warning: SECURITY WARNING: The SSL modes 'prefer', 'require', and 'verify-ca' are treated as aliases for 'verify-full'.
In the next major version (pg-connection-string v3.0.0 and pg v9.0.0), these modes will adopt standard libpq semantics, which have weaker security guarantees.

To prepare for this change:
- If you want the current behavior, explicitly use 'sslmode=verify-full'
- If you want libpq compatibility now, use 'uselibpqcompat=true&sslmode=require'

See https://www.postgresql.org/docs/current/libpq-ssl.html for libpq SSL mode definitions.
(Use `node --trace-warnings ...` to show where the warning was created)
Itens: 46 processos pendentes (de 248572 no PNCP/SC) · INGEST_VERSAO=4
  …20/46
  …40/46
Concluído: 0 processos c/ itens nesta rodada | total 2267833 itens em 248540 processos
(node:45744) Warning: SECURITY WARNING: The SSL modes 'prefer', 'require', and 'verify-ca' are treated as aliases for 'verify-full'.
In the next major version (pg-connection-string v3.0.0 and pg v9.0.0), these modes will adopt standard libpq semantics, which have weaker security guarantees.

To prepare for this change:
- If you want the current behavior, explicitly use 'sslmode=verify-full'
- If you want libpq compatibility now, use 'uselibpqcompat=true&sslmode=require'

See https://www.postgresql.org/docs/current/libpq-ssl.html for libpq SSL mode definitions.
(Use `node --trace-warnings ...` to show where the warning was created)
Itens: 46 processos pendentes (de 248572 no PNCP/SC) · INGEST_VERSAO=4
  …20/46
  …40/46
Concluído: 0 processos c/ itens nesta rodada | total 2267833 itens em 248540 processos
(node:27448) Warning: SECURITY WARNING: The SSL modes 'prefer', 'require', and 'verify-ca' are treated as aliases for 'verify-full'.
In the next major version (pg-connection-string v3.0.0 and pg v9.0.0), these modes will adopt standard libpq semantics, which have weaker security guarantees.

To prepare for this change:
- If you want the current behavior, explicitly use 'sslmode=verify-full'
- If you want libpq compatibility now, use 'uselibpqcompat=true&sslmode=require'

See https://www.postgresql.org/docs/current/libpq-ssl.html for libpq SSL mode definitions.
(Use `node --trace-warnings ...` to show where the warning was created)
Itens: 46 processos pendentes (de 248572 no PNCP/SC) · INGEST_VERSAO=4
  …20/46
  …40/46
Concluído: 0 processos c/ itens nesta rodada | total 2267833 itens em 248540 processos
(node:41348) Warning: SECURITY WARNING: The SSL modes 'prefer', 'require', and 'verify-ca' are treated as aliases for 'verify-full'.
In the next major version (pg-connection-string v3.0.0 and pg v9.0.0), these modes will adopt standard libpq semantics, which have weaker security guarantees.

To prepare for this change:
- If you want the current behavior, explicitly use 'sslmode=verify-full'
- If you want libpq compatibility now, use 'uselibpqcompat=true&sslmode=require'

See https://www.postgresql.org/docs/current/libpq-ssl.html for libpq SSL mode definitions.
(Use `node --trace-warnings ...` to show where the warning was created)
Itens: 46 processos pendentes (de 248572 no PNCP/SC) · INGEST_VERSAO=4
  …20/46
  …40/46
Concluído: 0 processos c/ itens nesta rodada | total 2267833 itens em 248540 processos
(node:13512) Warning: SECURITY WARNING: The SSL modes 'prefer', 'require', and 'verify-ca' are treated as aliases for 'verify-full'.
In the next major version (pg-connection-string v3.0.0 and pg v9.0.0), these modes will adopt standard libpq semantics, which have weaker security guarantees.

To prepare for this change:
- If you want the current behavior, explicitly use 'sslmode=verify-full'
- If you want libpq compatibility now, use 'uselibpqcompat=true&sslmode=require'

See https://www.postgresql.org/docs/current/libpq-ssl.html for libpq SSL mode definitions.
(Use `node --trace-warnings ...` to show where the warning was created)
Itens: 46 processos pendentes (de 248572 no PNCP/SC) · INGEST_VERSAO=4
  …20/46
  …40/46
Concluído: 0 processos c/ itens nesta rodada | total 2267833 itens em 248540 processos
(node:51476) Warning: SECURITY WARNING: The SSL modes 'prefer', 'require', and 'verify-ca' are treated as aliases for 'verify-full'.
In the next major version (pg-connection-string v3.0.0 and pg v9.0.0), these modes will adopt standard libpq semantics, which have weaker security guarantees.

To prepare for this change:
- If you want the current behavior, explicitly use 'sslmode=verify-full'
- If you want libpq compatibility now, use 'uselibpqcompat=true&sslmode=require'

See https://www.postgresql.org/docs/current/libpq-ssl.html for libpq SSL mode definitions.
(Use `node --trace-warnings ...` to show where the warning was created)
Itens: 46 processos pendentes (de 248572 no PNCP/SC) · INGEST_VERSAO=4
  …20/46
  …40/46
Concluído: 0 processos c/ itens nesta rodada | total 2267833 itens em 248540 processos
(node:6520) Warning: SECURITY WARNING: The SSL modes 'prefer', 'require', and 'verify-ca' are treated as aliases for 'verify-full'.
In the next major version (pg-connection-string v3.0.0 and pg v9.0.0), these modes will adopt standard libpq semantics, which have weaker security guarantees.

To prepare for this change:
- If you want the current behavior, explicitly use 'sslmode=verify-full'
- If you want libpq compatibility now, use 'uselibpqcompat=true&sslmode=require'

See https://www.postgresql.org/docs/current/libpq-ssl.html for libpq SSL mode definitions.
(Use `node --trace-warnings ...` to show where the warning was created)
Itens: 46 processos pendentes (de 248572 no PNCP/SC) · INGEST_VERSAO=4
  …20/46
  …40/46
Concluído: 0 processos c/ itens nesta rodada | total 2267833 itens em 248540 processos
(node:34088) Warning: SECURITY WARNING: The SSL modes 'prefer', 'require', and 'verify-ca' are treated as aliases for 'verify-full'.
In the next major version (pg-connection-string v3.0.0 and pg v9.0.0), these modes will adopt standard libpq semantics, which have weaker security guarantees.

To prepare for this change:
- If you want the current behavior, explicitly use 'sslmode=verify-full'
- If you want libpq compatibility now, use 'uselibpqcompat=true&sslmode=require'

See https://www.postgresql.org/docs/current/libpq-ssl.html for libpq SSL mode definitions.
(Use `node --trace-warnings ...` to show where the warning was created)
Itens: 46 processos pendentes (de 248572 no PNCP/SC) · INGEST_VERSAO=4
  …20/46
  …40/46
Concluído: 0 processos c/ itens nesta rodada | total 2267833 itens em 248540 processos
(node:20156) Warning: SECURITY WARNING: The SSL modes 'prefer', 'require', and 'verify-ca' are treated as aliases for 'verify-full'.
In the next major version (pg-connection-string v3.0.0 and pg v9.0.0), these modes will adopt standard libpq semantics, which have weaker security guarantees.

To prepare for this change:
- If you want the current behavior, explicitly use 'sslmode=verify-full'
- If you want libpq compatibility now, use 'uselibpqcompat=true&sslmode=require'

See https://www.postgresql.org/docs/current/libpq-ssl.html for libpq SSL mode definitions.
(Use `node --trace-warnings ...` to show where the warning was created)
Itens: 46 processos pendentes (de 248572 no PNCP/SC) · INGEST_VERSAO=4
  …20/46
  …40/46
Concluído: 0 processos c/ itens nesta rodada | total 2267833 itens em 248540 processos
(node:51112) Warning: SECURITY WARNING: The SSL modes 'prefer', 'require', and 'verify-ca' are treated as aliases for 'verify-full'.
In the next major version (pg-connection-string v3.0.0 and pg v9.0.0), these modes will adopt standard libpq semantics, which have weaker security guarantees.

To prepare for this change:
- If you want the current behavior, explicitly use 'sslmode=verify-full'
- If you want libpq compatibility now, use 'uselibpqcompat=true&sslmode=require'

See https://www.postgresql.org/docs/current/libpq-ssl.html for libpq SSL mode definitions.
(Use `node --trace-warnings ...` to show where the warning was created)
Itens: 46 processos pendentes (de 248572 no PNCP/SC) · INGEST_VERSAO=4
  …20/46
  …40/46
Concluído: 0 processos c/ itens nesta rodada | total 2267833 itens em 248540 processos
(node:40560) Warning: SECURITY WARNING: The SSL modes 'prefer', 'require', and 'verify-ca' are treated as aliases for 'verify-full'.
In the next major version (pg-connection-string v3.0.0 and pg v9.0.0), these modes will adopt standard libpq semantics, which have weaker security guarantees.

To prepare for this change:
- If you want the current behavior, explicitly use 'sslmode=verify-full'
- If you want libpq compatibility now, use 'uselibpqcompat=true&sslmode=require'

See https://www.postgresql.org/docs/current/libpq-ssl.html for libpq SSL mode definitions.
(Use `node --trace-warnings ...` to show where the warning was created)
Itens: 46 processos pendentes (de 248572 no PNCP/SC) · INGEST_VERSAO=4
  …20/46
  …40/46
Concluído: 0 processos c/ itens nesta rodada | total 2267833 itens em 248540 processos
(node:15312) Warning: SECURITY WARNING: The SSL modes 'prefer', 'require', and 'verify-ca' are treated as aliases for 'verify-full'.
In the next major version (pg-connection-string v3.0.0 and pg v9.0.0), these modes will adopt standard libpq semantics, which have weaker security guarantees.

To prepare for this change:
- If you want the current behavior, explicitly use 'sslmode=verify-full'
- If you want libpq compatibility now, use 'uselibpqcompat=true&sslmode=require'

See https://www.postgresql.org/docs/current/libpq-ssl.html for libpq SSL mode definitions.
(Use `node --trace-warnings ...` to show where the warning was created)
^C(node:46564) Warning: SECURITY WARNING: The SSL modes 'prefer', 'require', and 'verify-ca' are treated as aliases for 'verify-full'.
In the next major version (pg-connection-string v3.0.0 and pg v9.0.0), these modes will adopt standard libpq semantics, which have weaker security guarantees.

To prepare for this change:
- If you want the current behavior, explicitly use 'sslmode=verify-full'
- If you want libpq compatibility now, use 'uselibpqcompat=true&sslmode=require'

See https://www.postgresql.org/docs/current/libpq-ssl.html for libpq SSL mode definitions.
(Use `node --trace-warnings ...` to show where the warning was created)
Itens: 46 processos pendentes (de 248572 no PNCP/SC) · INGEST_VERSAO=4
  …20/46
  …40/46
Concluído: 0 processos c/ itens nesta rodada | total 2267833 itens em 248540 processos
(node:41292) Warning: SECURITY WARNING: The SSL modes 'prefer', 'require', and 'verify-ca' are treated as aliases for 'verify-full'.
In the next major version (pg-connection-string v3.0.0 and pg v9.0.0), these modes will adopt standard libpq semantics, which have weaker security guarantees.

To prepare for this change:
- If you want the current behavior, explicitly use 'sslmode=verify-full'
- If you want libpq compatibility now, use 'uselibpqcompat=true&sslmode=require'

See https://www.postgresql.org/docs/current/libpq-ssl.html for libpq SSL mode definitions.
(Use `node --trace-warnings ...` to show where the warning was created)
Itens: 46 processos pendentes (de 248572 no PNCP/SC) · INGEST_VERSAO=4
  …20/46
  …40/46
Concluído: 0 processos c/ itens nesta rodada | total 2267833 itens em 248540 processos
(node:34772) Warning: SECURITY WARNING: The SSL modes 'prefer', 'require', and 'verify-ca' are treated as aliases for 'verify-full'.
In the next major version (pg-connection-string v3.0.0 and pg v9.0.0), these modes will adopt standard libpq semantics, which have weaker security guarantees.

To prepare for this change:
- If you want the current behavior, explicitly use 'sslmode=verify-full'
- If you want libpq compatibility now, use 'uselibpqcompat=true&sslmode=require'

See https://www.postgresql.org/docs/current/libpq-ssl.html for libpq SSL mode definitions.
(Use `node --trace-warnings ...` to show where the warning was created)
Itens: 46 processos pendentes (de 248572 no PNCP/SC) · INGEST_VERSAO=4
  …20/46
  …40/46
Concluído: 0 processos c/ itens nesta rodada | total 2267833 itens em 248540 processos
(node:3424) Warning: SECURITY WARNING: The SSL modes 'prefer', 'require', and 'verify-ca' are treated as aliases for 'verify-full'.
In the next major version (pg-connection-string v3.0.0 and pg v9.0.0), these modes will adopt standard libpq semantics, which have weaker security guarantees.

To prepare for this change:
- If you want the current behavior, explicitly use 'sslmode=verify-full'
- If you want libpq compatibility now, use 'uselibpqcompat=true&sslmode=require'

See https://www.postgresql.org/docs/current/libpq-ssl.html for libpq SSL mode definitions.
(Use `node --trace-warnings ...` to show where the warning was created)
Itens: 46 processos pendentes (de 248572 no PNCP/SC) · INGEST_VERSAO=4
  …20/46
  …40/46
Concluído: 0 processos c/ itens nesta rodada | total 2267833 itens em 248540 processos
(node:47148) Warning: SECURITY WARNING: The SSL modes 'prefer', 'require', and 'verify-ca' are treated as aliases for 'verify-full'.
In the next major version (pg-connection-string v3.0.0 and pg v9.0.0), these modes will adopt standard libpq semantics, which have weaker security guarantees.

To prepare for this change:
- If you want the current behavior, explicitly use 'sslmode=verify-full'
- If you want libpq compatibility now, use 'uselibpqcompat=true&sslmode=require'

See https://www.postgresql.org/docs/current/libpq-ssl.html for libpq SSL mode definitions.
(Use `node --trace-warnings ...` to show where the warning was created)
Itens: 46 processos pendentes (de 248572 no PNCP/SC) · INGEST_VERSAO=4
  …20/46
  …40/46
Concluído: 0 processos c/ itens nesta rodada | total 2267833 itens em 248540 processos
(node:33556) Warning: SECURITY WARNING: The SSL modes 'prefer', 'require', and 'verify-ca' are treated as aliases for 'verify-full'.
In the next major version (pg-connection-string v3.0.0 and pg v9.0.0), these modes will adopt standard libpq semantics, which have weaker security guarantees.

To prepare for this change:
- If you want the current behavior, explicitly use 'sslmode=verify-full'
- If you want libpq compatibility now, use 'uselibpqcompat=true&sslmode=require'

See https://www.postgresql.org/docs/current/libpq-ssl.html for libpq SSL mode definitions.
(Use `node --trace-warnings ...` to show where the warning was created)
Itens: 46 processos pendentes (de 248572 no PNCP/SC) · INGEST_VERSAO=4
  …20/46
  …40/46
Concluído: 0 processos c/ itens nesta rodada | total 2267833 itens em 248540 processos
(node:34404) Warning: SECURITY WARNING: The SSL modes 'prefer', 'require', and 'verify-ca' are treated as aliases for 'verify-full'.
In the next major version (pg-connection-string v3.0.0 and pg v9.0.0), these modes will adopt standard libpq semantics, which have weaker security guarantees.

To prepare for this change:
- If you want the current behavior, explicitly use 'sslmode=verify-full'
- If you want libpq compatibility now, use 'uselibpqcompat=true&sslmode=require'

See https://www.postgresql.org/docs/current/libpq-ssl.html for libpq SSL mode definitions.
(Use `node --trace-warnings ...` to show where the warning was created)
Itens: 46 processos pendentes (de 248572 no PNCP/SC) · INGEST_VERSAO=4
  …20/46
  …40/46
Concluído: 0 processos c/ itens nesta rodada | total 2267833 itens em 248540 processos
(node:42104) Warning: SECURITY WARNING: The SSL modes 'prefer', 'require', and 'verify-ca' are treated as aliases for 'verify-full'.
In the next major version (pg-connection-string v3.0.0 and pg v9.0.0), these modes will adopt standard libpq semantics, which have weaker security guarantees.

To prepare for this change:
- If you want the current behavior, explicitly use 'sslmode=verify-full'
- If you want libpq compatibility now, use 'uselibpqcompat=true&sslmode=require'

See https://www.postgresql.org/docs/current/libpq-ssl.html for libpq SSL mode definitions.
(Use `node --trace-warnings ...` to show where the warning was created)
Itens: 46 processos pendentes (de 248572 no PNCP/SC) · INGEST_VERSAO=4
  …20/46
  …40/46
Concluído: 0 processos c/ itens nesta rodada | total 2267833 itens em 248540 processos
(node:18640) Warning: SECURITY WARNING: The SSL modes 'prefer', 'require', and 'verify-ca' are treated as aliases for 'verify-full'.
In the next major version (pg-connection-string v3.0.0 and pg v9.0.0), these modes will adopt standard libpq semantics, which have weaker security guarantees.

To prepare for this change:
- If you want the current behavior, explicitly use 'sslmode=verify-full'
- If you want libpq compatibility now, use 'uselibpqcompat=true&sslmode=require'

See https://www.postgresql.org/docs/current/libpq-ssl.html for libpq SSL mode definitions.
(Use `node --trace-warnings ...` to show where the warning was created)
Itens: 46 processos pendentes (de 248572 no PNCP/SC) · INGEST_VERSAO=4
  …20/46
  …40/46
Concluído: 0 processos c/ itens nesta rodada | total 2267833 itens em 248540 processos
(node:14900) Warning: SECURITY WARNING: The SSL modes 'prefer', 'require', and 'verify-ca' are treated as aliases for 'verify-full'.
In the next major version (pg-connection-string v3.0.0 and pg v9.0.0), these modes will adopt standard libpq semantics, which have weaker security guarantees.

To prepare for this change:
- If you want the current behavior, explicitly use 'sslmode=verify-full'
- If you want libpq compatibility now, use 'uselibpqcompat=true&sslmode=require'

See https://www.postgresql.org/docs/current/libpq-ssl.html for libpq SSL mode definitions.
(Use `node --trace-warnings ...` to show where the warning was created)
Itens: 46 processos pendentes (de 248572 no PNCP/SC) · INGEST_VERSAO=4
  …20/46
  …40/46
Concluído: 0 processos c/ itens nesta rodada | total 2267833 itens em 248540 processos
(node:19516) Warning: SECURITY WARNING: The SSL modes 'prefer', 'require', and 'verify-ca' are treated as aliases for 'verify-full'.
In the next major version (pg-connection-string v3.0.0 and pg v9.0.0), these modes will adopt standard libpq semantics, which have weaker security guarantees.

To prepare for this change:
- If you want the current behavior, explicitly use 'sslmode=verify-full'
- If you want libpq compatibility now, use 'uselibpqcompat=true&sslmode=require'

See https://www.postgresql.org/docs/current/libpq-ssl.html for libpq SSL mode definitions.
(Use `node --trace-warnings ...` to show where the warning was created)
Itens: 46 processos pendentes (de 248572 no PNCP/SC) · INGEST_VERSAO=4
  …20/46
  …40/46
Concluído: 0 processos c/ itens nesta rodada | total 2267833 itens em 248540 processos
(node:43600) Warning: SECURITY WARNING: The SSL modes 'prefer', 'require', and 'verify-ca' are treated as aliases for 'verify-full'.
In the next major version (pg-connection-string v3.0.0 and pg v9.0.0), these modes will adopt standard libpq semantics, which have weaker security guarantees.

To prepare for this change:
- If you want the current behavior, explicitly use 'sslmode=verify-full'
- If you want libpq compatibility now, use 'uselibpqcompat=true&sslmode=require'

See https://www.postgresql.org/docs/current/libpq-ssl.html for libpq SSL mode definitions.
(Use `node --trace-warnings ...` to show where the warning was created)
^C(node:15676) Warning: SECURITY WARNING: The SSL modes 'prefer', 'require', and 'verify-ca' are treated as aliases for 'verify-full'.
In the next major version (pg-connection-string v3.0.0 and pg v9.0.0), these modes will adopt standard libpq semantics, which have weaker security guarantees.

To prepare for this change:
- If you want the current behavior, explicitly use 'sslmode=verify-full'
- If you want libpq compatibility now, use 'uselibpqcompat=true&sslmode=require'

See https://www.postgresql.org/docs/current/libpq-ssl.html for libpq SSL mode definitions.
(Use `node --trace-warnings ...` to show where the warning was created)
Itens: 46 processos pendentes (de 248572 no PNCP/SC) · INGEST_VERSAO=4
  …20/46
  …40/46
Concluído: 0 processos c/ itens nesta rodada | total 2267833 itens em 248540 processos
(node:7416) Warning: SECURITY WARNING: The SSL modes 'prefer', 'require', and 'verify-ca' are treated as aliases for 'verify-full'.
In the next major version (pg-connection-string v3.0.0 and pg v9.0.0), these modes will adopt standard libpq semantics, which have weaker security guarantees.

To prepare for this change:
- If you want the current behavior, explicitly use 'sslmode=verify-full'
- If you want libpq compatibility now, use 'uselibpqcompat=true&sslmode=require'

See https://www.postgresql.org/docs/current/libpq-ssl.html for libpq SSL mode definitions.
(Use `node --trace-warnings ...` to show where the warning was created)
Itens: 46 processos pendentes (de 248572 no PNCP/SC) · INGEST_VERSAO=4
  …20/46
  …40/46
Concluído: 0 processos c/ itens nesta rodada | total 2267833 itens em 248540 processos
(node:50380) Warning: SECURITY WARNING: The SSL modes 'prefer', 'require', and 'verify-ca' are treated as aliases for 'verify-full'.
In the next major version (pg-connection-string v3.0.0 and pg v9.0.0), these modes will adopt standard libpq semantics, which have weaker security guarantees.

To prepare for this change:
- If you want the current behavior, explicitly use 'sslmode=verify-full'
- If you want libpq compatibility now, use 'uselibpqcompat=true&sslmode=require'

See https://www.postgresql.org/docs/current/libpq-ssl.html for libpq SSL mode definitions.
(Use `node --trace-warnings ...` to show where the warning was created)
Itens: 46 processos pendentes (de 248572 no PNCP/SC) · INGEST_VERSAO=4
  …20/46
  …40/46
Concluído: 0 processos c/ itens nesta rodada | total 2267833 itens em 248540 processos
(node:9552) Warning: SECURITY WARNING: The SSL modes 'prefer', 'require', and 'verify-ca' are treated as aliases for 'verify-full'.
In the next major version (pg-connection-string v3.0.0 and pg v9.0.0), these modes will adopt standard libpq semantics, which have weaker security guarantees.

To prepare for this change:
- If you want the current behavior, explicitly use 'sslmode=verify-full'
- If you want libpq compatibility now, use 'uselibpqcompat=true&sslmode=require'

See https://www.postgresql.org/docs/current/libpq-ssl.html for libpq SSL mode definitions.
(Use `node --trace-warnings ...` to show where the warning was created)
Itens: 46 processos pendentes (de 248572 no PNCP/SC) · INGEST_VERSAO=4
  …20/46
  …40/46
Concluído: 0 processos c/ itens nesta rodada | total 2267833 itens em 248540 processos
(node:43904) Warning: SECURITY WARNING: The SSL modes 'prefer', 'require', and 'verify-ca' are treated as aliases for 'verify-full'.
In the next major version (pg-connection-string v3.0.0 and pg v9.0.0), these modes will adopt standard libpq semantics, which have weaker security guarantees.

To prepare for this change:
- If you want the current behavior, explicitly use 'sslmode=verify-full'
- If you want libpq compatibility now, use 'uselibpqcompat=true&sslmode=require'

See https://www.postgresql.org/docs/current/libpq-ssl.html for libpq SSL mode definitions.
(Use `node --trace-warnings ...` to show where the warning was created)
Itens: 46 processos pendentes (de 248572 no PNCP/SC) · INGEST_VERSAO=4
  …20/46
  …40/46
Concluído: 0 processos c/ itens nesta rodada | total 2267833 itens em 248540 processos
(node:12492) Warning: SECURITY WARNING: The SSL modes 'prefer', 'require', and 'verify-ca' are treated as aliases for 'verify-full'.
In the next major version (pg-connection-string v3.0.0 and pg v9.0.0), these modes will adopt standard libpq semantics, which have weaker security guarantees.

To prepare for this change:
- If you want the current behavior, explicitly use 'sslmode=verify-full'
- If you want libpq compatibility now, use 'uselibpqcompat=true&sslmode=require'

See https://www.postgresql.org/docs/current/libpq-ssl.html for libpq SSL mode definitions.
(Use `node --trace-warnings ...` to show where the warning was created)
Itens: 46 processos pendentes (de 248572 no PNCP/SC) · INGEST_VERSAO=4
  …20/46
  …40/46
Concluído: 0 processos c/ itens nesta rodada | total 2267833 itens em 248540 processos
(node:20380) Warning: SECURITY WARNING: The SSL modes 'prefer', 'require', and 'verify-ca' are treated as aliases for 'verify-full'.
In the next major version (pg-connection-string v3.0.0 and pg v9.0.0), these modes will adopt standard libpq semantics, which have weaker security guarantees.

To prepare for this change:
- If you want the current behavior, explicitly use 'sslmode=verify-full'
- If you want libpq compatibility now, use 'uselibpqcompat=true&sslmode=require'

See https://www.postgresql.org/docs/current/libpq-ssl.html for libpq SSL mode definitions.
(Use `node --trace-warnings ...` to show where the warning was created)
Itens: 46 processos pendentes (de 248572 no PNCP/SC) · INGEST_VERSAO=4
  …20/46
  …40/46
Concluído: 0 processos c/ itens nesta rodada | total 2267833 itens em 248540 processos
(node:45344) Warning: SECURITY WARNING: The SSL modes 'prefer', 'require', and 'verify-ca' are treated as aliases for 'verify-full'.
In the next major version (pg-connection-string v3.0.0 and pg v9.0.0), these modes will adopt standard libpq semantics, which have weaker security guarantees.

To prepare for this change:
- If you want the current behavior, explicitly use 'sslmode=verify-full'
- If you want libpq compatibility now, use 'uselibpqcompat=true&sslmode=require'

See https://www.postgresql.org/docs/current/libpq-ssl.html for libpq SSL mode definitions.
(Use `node --trace-warnings ...` to show where the warning was created)
Itens: 46 processos pendentes (de 248572 no PNCP/SC) · INGEST_VERSAO=4
  …20/46
  …40/46
Concluído: 0 processos c/ itens nesta rodada | total 2267833 itens em 248540 processos
(node:39644) Warning: SECURITY WARNING: The SSL modes 'prefer', 'require', and 'verify-ca' are treated as aliases for 'verify-full'.
In the next major version (pg-connection-string v3.0.0 and pg v9.0.0), these modes will adopt standard libpq semantics, which have weaker security guarantees.

To prepare for this change:
- If you want the current behavior, explicitly use 'sslmode=verify-full'
- If you want libpq compatibility now, use 'uselibpqcompat=true&sslmode=require'

See https://www.postgresql.org/docs/current/libpq-ssl.html for libpq SSL mode definitions.
(Use `node --trace-warnings ...` to show where the warning was created)
Itens: 46 processos pendentes (de 248572 no PNCP/SC) · INGEST_VERSAO=4
  …20/46
  …40/46
Concluído: 0 processos c/ itens nesta rodada | total 2267833 itens em 248540 processos
(node:50348) Warning: SECURITY WARNING: The SSL modes 'prefer', 'require', and 'verify-ca' are treated as aliases for 'verify-full'.
In the next major version (pg-connection-string v3.0.0 and pg v9.0.0), these modes will adopt standard libpq semantics, which have weaker security guarantees.

To prepare for this change:
- If you want the current behavior, explicitly use 'sslmode=verify-full'
- If you want libpq compatibility now, use 'uselibpqcompat=true&sslmode=require'

See https://www.postgresql.org/docs/current/libpq-ssl.html for libpq SSL mode definitions.
(Use `node --trace-warnings ...` to show where the warning was created)
Itens: 46 processos pendentes (de 248572 no PNCP/SC) · INGEST_VERSAO=4
  …20/46
  …40/46
Concluído: 0 processos c/ itens nesta rodada | total 2267833 itens em 248540 processos
(node:51156) Warning: SECURITY WARNING: The SSL modes 'prefer', 'require', and 'verify-ca' are treated as aliases for 'verify-full'.
In the next major version (pg-connection-string v3.0.0 and pg v9.0.0), these modes will adopt standard libpq semantics, which have weaker security guarantees.

To prepare for this change:
- If you want the current behavior, explicitly use 'sslmode=verify-full'
- If you want libpq compatibility now, use 'uselibpqcompat=true&sslmode=require'

See https://www.postgresql.org/docs/current/libpq-ssl.html for libpq SSL mode definitions.
(Use `node --trace-warnings ...` to show where the warning was created)
Itens: 46 processos pendentes (de 248572 no PNCP/SC) · INGEST_VERSAO=4
  …20/46
  …40/46
Concluído: 0 processos c/ itens nesta rodada | total 2267833 itens em 248540 processos
(node:50484) Warning: SECURITY WARNING: The SSL modes 'prefer', 'require', and 'verify-ca' are treated as aliases for 'verify-full'.
In the next major version (pg-connection-string v3.0.0 and pg v9.0.0), these modes will adopt standard libpq semantics, which have weaker security guarantees.

To prepare for this change:
- If you want the current behavior, explicitly use 'sslmode=verify-full'
- If you want libpq compatibility now, use 'uselibpqcompat=true&sslmode=require'

See https://www.postgresql.org/docs/current/libpq-ssl.html for libpq SSL mode definitions.
(Use `node --trace-warnings ...` to show where the warning was created)
Itens: 46 processos pendentes (de 248572 no PNCP/SC) · INGEST_VERSAO=4
  …20/46
  …40/46
Concluído: 0 processos c/ itens nesta rodada | total 2267833 itens em 248540 processos
(node:39164) Warning: SECURITY WARNING: The SSL modes 'prefer', 'require', and 'verify-ca' are treated as aliases for 'verify-full'.
In the next major version (pg-connection-string v3.0.0 and pg v9.0.0), these modes will adopt standard libpq semantics, which have weaker security guarantees.

To prepare for this change:
- If you want the current behavior, explicitly use 'sslmode=verify-full'
- If you want libpq compatibility now, use 'uselibpqcompat=true&sslmode=require'

See https://www.postgresql.org/docs/current/libpq-ssl.html for libpq SSL mode definitions.
(Use `node --trace-warnings ...` to show where the warning was created)
Itens: 46 processos pendentes (de 248572 no PNCP/SC) · INGEST_VERSAO=4
  …20/46
  …40/46
Concluído: 0 processos c/ itens nesta rodada | total 2267833 itens em 248540 processos
(node:8564) Warning: SECURITY WARNING: The SSL modes 'prefer', 'require', and 'verify-ca' are treated as aliases for 'verify-full'.
In the next major version (pg-connection-string v3.0.0 and pg v9.0.0), these modes will adopt standard libpq semantics, which have weaker security guarantees.

To prepare for this change:
- If you want the current behavior, explicitly use 'sslmode=verify-full'
- If you want libpq compatibility now, use 'uselibpqcompat=true&sslmode=require'

See https://www.postgresql.org/docs/current/libpq-ssl.html for libpq SSL mode definitions.
(Use `node --trace-warnings ...` to show where the warning was created)
^C(node:51576) Warning: SECURITY WARNING: The SSL modes 'prefer', 'require', and 'verify-ca' are treated as aliases for 'verify-full'.
In the next major version (pg-connection-string v3.0.0 and pg v9.0.0), these modes will adopt standard libpq semantics, which have weaker security guarantees.

To prepare for this change:
- If you want the current behavior, explicitly use 'sslmode=verify-full'
- If you want libpq compatibility now, use 'uselibpqcompat=true&sslmode=require'

See https://www.postgresql.org/docs/current/libpq-ssl.html for libpq SSL mode definitions.
(Use `node --trace-warnings ...` to show where the warning was created)
Itens: 46 processos pendentes (de 248572 no PNCP/SC) · INGEST_VERSAO=4
  …20/46
  …40/46
Concluído: 0 processos c/ itens nesta rodada | total 2267833 itens em 248540 processos
(node:43436) Warning: SECURITY WARNING: The SSL modes 'prefer', 'require', and 'verify-ca' are treated as aliases for 'verify-full'.
In the next major version (pg-connection-string v3.0.0 and pg v9.0.0), these modes will adopt standard libpq semantics, which have weaker security guarantees.

To prepare for this change:
- If you want the current behavior, explicitly use 'sslmode=verify-full'
- If you want libpq compatibility now, use 'uselibpqcompat=true&sslmode=require'

See https://www.postgresql.org/docs/current/libpq-ssl.html for libpq SSL mode definitions.
(Use `node --trace-warnings ...` to show where the warning was created)
Itens: 46 processos pendentes (de 248572 no PNCP/SC) · INGEST_VERSAO=4
  …20/46
  …40/46
Concluído: 0 processos c/ itens nesta rodada | total 2267833 itens em 248540 processos
(node:40912) Warning: SECURITY WARNING: The SSL modes 'prefer', 'require', and 'verify-ca' are treated as aliases for 'verify-full'.
In the next major version (pg-connection-string v3.0.0 and pg v9.0.0), these modes will adopt standard libpq semantics, which have weaker security guarantees.

To prepare for this change:
- If you want the current behavior, explicitly use 'sslmode=verify-full'
- If you want libpq compatibility now, use 'uselibpqcompat=true&sslmode=require'

See https://www.postgresql.org/docs/current/libpq-ssl.html for libpq SSL mode definitions.
(Use `node --trace-warnings ...` to show where the warning was created)
Itens: 46 processos pendentes (de 248572 no PNCP/SC) · INGEST_VERSAO=4
  …20/46
  …40/46
Concluído: 0 processos c/ itens nesta rodada | total 2267833 itens em 248540 processos
(node:46104) Warning: SECURITY WARNING: The SSL modes 'prefer', 'require', and 'verify-ca' are treated as aliases for 'verify-full'.
In the next major version (pg-connection-string v3.0.0 and pg v9.0.0), these modes will adopt standard libpq semantics, which have weaker security guarantees.

To prepare for this change:
- If you want the current behavior, explicitly use 'sslmode=verify-full'
- If you want libpq compatibility now, use 'uselibpqcompat=true&sslmode=require'

See https://www.postgresql.org/docs/current/libpq-ssl.html for libpq SSL mode definitions.
(Use `node --trace-warnings ...` to show where the warning was created)
Itens: 46 processos pendentes (de 248572 no PNCP/SC) · INGEST_VERSAO=4
  …20/46
  …40/46
Concluído: 0 processos c/ itens nesta rodada | total 2267833 itens em 248540 processos
(node:46624) Warning: SECURITY WARNING: The SSL modes 'prefer', 'require', and 'verify-ca' are treated as aliases for 'verify-full'.
In the next major version (pg-connection-string v3.0.0 and pg v9.0.0), these modes will adopt standard libpq semantics, which have weaker security guarantees.

To prepare for this change:
- If you want the current behavior, explicitly use 'sslmode=verify-full'
- If you want libpq compatibility now, use 'uselibpqcompat=true&sslmode=require'

See https://www.postgresql.org/docs/current/libpq-ssl.html for libpq SSL mode definitions.
(Use `node --trace-warnings ...` to show where the warning was created)
Itens: 46 processos pendentes (de 248572 no PNCP/SC) · INGEST_VERSAO=4
  …20/46
  …40/46
Concluído: 0 processos c/ itens nesta rodada | total 2267833 itens em 248540 processos
(node:41184) Warning: SECURITY WARNING: The SSL modes 'prefer', 'require', and 'verify-ca' are treated as aliases for 'verify-full'.
In the next major version (pg-connection-string v3.0.0 and pg v9.0.0), these modes will adopt standard libpq semantics, which have weaker security guarantees.

To prepare for this change:
- If you want the current behavior, explicitly use 'sslmode=verify-full'
- If you want libpq compatibility now, use 'uselibpqcompat=true&sslmode=require'

See https://www.postgresql.org/docs/current/libpq-ssl.html for libpq SSL mode definitions.
(Use `node --trace-warnings ...` to show where the warning was created)
Itens: 46 processos pendentes (de 248572 no PNCP/SC) · INGEST_VERSAO=4
  …20/46
  …40/46
Concluído: 0 processos c/ itens nesta rodada | total 2267833 itens em 248540 processos
(node:42256) Warning: SECURITY WARNING: The SSL modes 'prefer', 'require', and 'verify-ca' are treated as aliases for 'verify-full'.
In the next major version (pg-connection-string v3.0.0 and pg v9.0.0), these modes will adopt standard libpq semantics, which have weaker security guarantees.

To prepare for this change:
- If you want the current behavior, explicitly use 'sslmode=verify-full'
- If you want libpq compatibility now, use 'uselibpqcompat=true&sslmode=require'

See https://www.postgresql.org/docs/current/libpq-ssl.html for libpq SSL mode definitions.
(Use `node --trace-warnings ...` to show where the warning was created)
Itens: 438 processos pendentes (de 248964 no PNCP/SC) · INGEST_VERSAO=4
  …20/438
  …40/438
  …60/438
  …80/438
  …100/438
  …120/438
  …140/438
  …160/438
  …180/438
  …200/438
  …220/438
  …240/438
  …260/438
  …280/438
  …300/438
  …320/438
  …340/438
  …360/438
  …380/438
  …400/438
  …420/438
Concluído: 392 processos c/ itens nesta rodada | total 2271219 itens em 248932 processos
(node:50748) Warning: SECURITY WARNING: The SSL modes 'prefer', 'require', and 'verify-ca' are treated as aliases for 'verify-full'.
In the next major version (pg-connection-string v3.0.0 and pg v9.0.0), these modes will adopt standard libpq semantics, which have weaker security guarantees.

To prepare for this change:
- If you want the current behavior, explicitly use 'sslmode=verify-full'
- If you want libpq compatibility now, use 'uselibpqcompat=true&sslmode=require'

See https://www.postgresql.org/docs/current/libpq-ssl.html for libpq SSL mode definitions.
(Use `node --trace-warnings ...` to show where the warning was created)
Itens: 46 processos pendentes (de 248964 no PNCP/SC) · INGEST_VERSAO=4
  …20/46
  …40/46
Concluído: 0 processos c/ itens nesta rodada | total 2271219 itens em 248932 processos
(node:48620) Warning: SECURITY WARNING: The SSL modes 'prefer', 'require', and 'verify-ca' are treated as aliases for 'verify-full'.
In the next major version (pg-connection-string v3.0.0 and pg v9.0.0), these modes will adopt standard libpq semantics, which have weaker security guarantees.

To prepare for this change:
- If you want the current behavior, explicitly use 'sslmode=verify-full'
- If you want libpq compatibility now, use 'uselibpqcompat=true&sslmode=require'

See https://www.postgresql.org/docs/current/libpq-ssl.html for libpq SSL mode definitions.
(Use `node --trace-warnings ...` to show where the warning was created)
Itens: 46 processos pendentes (de 248964 no PNCP/SC) · INGEST_VERSAO=4
  …20/46
  …40/46
Concluído: 0 processos c/ itens nesta rodada | total 2271219 itens em 248932 processos
(node:52256) Warning: SECURITY WARNING: The SSL modes 'prefer', 'require', and 'verify-ca' are treated as aliases for 'verify-full'.
In the next major version (pg-connection-string v3.0.0 and pg v9.0.0), these modes will adopt standard libpq semantics, which have weaker security guarantees.

To prepare for this change:
- If you want the current behavior, explicitly use 'sslmode=verify-full'
- If you want libpq compatibility now, use 'uselibpqcompat=true&sslmode=require'

See https://www.postgresql.org/docs/current/libpq-ssl.html for libpq SSL mode definitions.
(Use `node --trace-warnings ...` to show where the warning was created)
Itens: 46 processos pendentes (de 248964 no PNCP/SC) · INGEST_VERSAO=4
  …20/46
  …40/46
Concluído: 0 processos c/ itens nesta rodada | total 2271219 itens em 248932 processos
(node:51856) Warning: SECURITY WARNING: The SSL modes 'prefer', 'require', and 'verify-ca' are treated as aliases for 'verify-full'.
In the next major version (pg-connection-string v3.0.0 and pg v9.0.0), these modes will adopt standard libpq semantics, which have weaker security guarantees.

To prepare for this change:
- If you want the current behavior, explicitly use 'sslmode=verify-full'
- If you want libpq compatibility now, use 'uselibpqcompat=true&sslmode=require'

See https://www.postgresql.org/docs/current/libpq-ssl.html for libpq SSL mode definitions.
(Use `node --trace-warnings ...` to show where the warning was created)
Itens: 46 processos pendentes (de 248964 no PNCP/SC) · INGEST_VERSAO=4
  …20/46
  …40/46
Concluído: 0 processos c/ itens nesta rodada | total 2271219 itens em 248932 processos
(node:16788) Warning: SECURITY WARNING: The SSL modes 'prefer', 'require', and 'verify-ca' are treated as aliases for 'verify-full'.
In the next major version (pg-connection-string v3.0.0 and pg v9.0.0), these modes will adopt standard libpq semantics, which have weaker security guarantees.

To prepare for this change:
- If you want the current behavior, explicitly use 'sslmode=verify-full'
- If you want libpq compatibility now, use 'uselibpqcompat=true&sslmode=require'

See https://www.postgresql.org/docs/current/libpq-ssl.html for libpq SSL mode definitions.
(Use `node --trace-warnings ...` to show where the warning was created)
ERRO: Error: getaddrinfo ENOTFOUND ep-noisy-butterfly-atdmtc4k-pooler.c-9.us-east-1.aws.neon.tech
    at C:\Users\PC\pnigp\node_modules\pg-pool\index.js:45:11
    at process.processTicksAndRejections (node:internal/process/task_queues:104:5)
    at async main (file:///C:/Users/PC/pnigp/scripts/ingest_itens_sc.mjs:122:3) {
  errno: -3008,
  code: 'ENOTFOUND',
  syscall: 'getaddrinfo',
  hostname: 'ep-noisy-butterfly-atdmtc4k-pooler.c-9.us-east-1.aws.neon.tech'
}
(node:34880) Warning: SECURITY WARNING: The SSL modes 'prefer', 'require', and 'verify-ca' are treated as aliases for 'verify-full'.
In the next major version (pg-connection-string v3.0.0 and pg v9.0.0), these modes will adopt standard libpq semantics, which have weaker security guarantees.

To prepare for this change:
- If you want the current behavior, explicitly use 'sslmode=verify-full'
- If you want libpq compatibility now, use 'uselibpqcompat=true&sslmode=require'

See https://www.postgresql.org/docs/current/libpq-ssl.html for libpq SSL mode definitions.
(Use `node --trace-warnings ...` to show where the warning was created)
Itens: 46 processos pendentes (de 248964 no PNCP/SC) · INGEST_VERSAO=4
  …20/46
  …40/46
Concluído: 0 processos c/ itens nesta rodada | total 2271219 itens em 248932 processos
(node:55640) Warning: SECURITY WARNING: The SSL modes 'prefer', 'require', and 'verify-ca' are treated as aliases for 'verify-full'.
In the next major version (pg-connection-string v3.0.0 and pg v9.0.0), these modes will adopt standard libpq semantics, which have weaker security guarantees.

To prepare for this change:
- If you want the current behavior, explicitly use 'sslmode=verify-full'
- If you want libpq compatibility now, use 'uselibpqcompat=true&sslmode=require'

See https://www.postgresql.org/docs/current/libpq-ssl.html for libpq SSL mode definitions.
(Use `node --trace-warnings ...` to show where the warning was created)
ERRO: Error: getaddrinfo ENOTFOUND ep-noisy-butterfly-atdmtc4k-pooler.c-9.us-east-1.aws.neon.tech
    at C:\Users\PC\pnigp\node_modules\pg-pool\index.js:45:11
    at process.processTicksAndRejections (node:internal/process/task_queues:104:5)
    at async main (file:///C:/Users/PC/pnigp/scripts/ingest_itens_sc.mjs:122:3) {
  errno: -3008,
  code: 'ENOTFOUND',
  syscall: 'getaddrinfo',
  hostname: 'ep-noisy-butterfly-atdmtc4k-pooler.c-9.us-east-1.aws.neon.tech'
}
(node:45172) Warning: SECURITY WARNING: The SSL modes 'prefer', 'require', and 'verify-ca' are treated as aliases for 'verify-full'.
In the next major version (pg-connection-string v3.0.0 and pg v9.0.0), these modes will adopt standard libpq semantics, which have weaker security guarantees.

To prepare for this change:
- If you want the current behavior, explicitly use 'sslmode=verify-full'
- If you want libpq compatibility now, use 'uselibpqcompat=true&sslmode=require'

See https://www.postgresql.org/docs/current/libpq-ssl.html for libpq SSL mode definitions.
(Use `node --trace-warnings ...` to show where the warning was created)
Itens: 46 processos pendentes (de 248964 no PNCP/SC) · INGEST_VERSAO=4
  …20/46
  …40/46
Concluído: 0 processos c/ itens nesta rodada | total 2271219 itens em 248932 processos
(node:2012) Warning: SECURITY WARNING: The SSL modes 'prefer', 'require', and 'verify-ca' are treated as aliases for 'verify-full'.
In the next major version (pg-connection-string v3.0.0 and pg v9.0.0), these modes will adopt standard libpq semantics, which have weaker security guarantees.

To prepare for this change:
- If you want the current behavior, explicitly use 'sslmode=verify-full'
- If you want libpq compatibility now, use 'uselibpqcompat=true&sslmode=require'

See https://www.postgresql.org/docs/current/libpq-ssl.html for libpq SSL mode definitions.
(Use `node --trace-warnings ...` to show where the warning was created)
Itens: 46 processos pendentes (de 248964 no PNCP/SC) · INGEST_VERSAO=4
  …20/46
  …40/46
Concluído: 0 processos c/ itens nesta rodada | total 2271219 itens em 248932 processos
(node:29360) Warning: SECURITY WARNING: The SSL modes 'prefer', 'require', and 'verify-ca' are treated as aliases for 'verify-full'.
In the next major version (pg-connection-string v3.0.0 and pg v9.0.0), these modes will adopt standard libpq semantics, which have weaker security guarantees.

To prepare for this change:
- If you want the current behavior, explicitly use 'sslmode=verify-full'
- If you want libpq compatibility now, use 'uselibpqcompat=true&sslmode=require'

See https://www.postgresql.org/docs/current/libpq-ssl.html for libpq SSL mode definitions.
(Use `node --trace-warnings ...` to show where the warning was created)
ERRO: Error: getaddrinfo ENOTFOUND ep-noisy-butterfly-atdmtc4k-pooler.c-9.us-east-1.aws.neon.tech
    at C:\Users\PC\pnigp\node_modules\pg-pool\index.js:45:11
    at process.processTicksAndRejections (node:internal/process/task_queues:104:5)
    at async main (file:///C:/Users/PC/pnigp/scripts/ingest_itens_sc.mjs:122:3) {
  errno: -3008,
  code: 'ENOTFOUND',
  syscall: 'getaddrinfo',
  hostname: 'ep-noisy-butterfly-atdmtc4k-pooler.c-9.us-east-1.aws.neon.tech'
}
(node:44380) Warning: SECURITY WARNING: The SSL modes 'prefer', 'require', and 'verify-ca' are treated as aliases for 'verify-full'.
In the next major version (pg-connection-string v3.0.0 and pg v9.0.0), these modes will adopt standard libpq semantics, which have weaker security guarantees.

To prepare for this change:
- If you want the current behavior, explicitly use 'sslmode=verify-full'
- If you want libpq compatibility now, use 'uselibpqcompat=true&sslmode=require'

See https://www.postgresql.org/docs/current/libpq-ssl.html for libpq SSL mode definitions.
(Use `node --trace-warnings ...` to show where the warning was created)
(node:31620) Warning: SECURITY WARNING: The SSL modes 'prefer', 'require', and 'verify-ca' are treated as aliases for 'verify-full'.
In the next major version (pg-connection-string v3.0.0 and pg v9.0.0), these modes will adopt standard libpq semantics, which have weaker security guarantees.

To prepare for this change:
- If you want the current behavior, explicitly use 'sslmode=verify-full'
- If you want libpq compatibility now, use 'uselibpqcompat=true&sslmode=require'

See https://www.postgresql.org/docs/current/libpq-ssl.html for libpq SSL mode definitions.
(Use `node --trace-warnings ...` to show where the warning was created)
Itens: 46 processos pendentes (de 248964 no PNCP/SC) · INGEST_VERSAO=4
  …20/46
  …40/46
Concluído: 0 processos c/ itens nesta rodada | total 2271219 itens em 248932 processos
(node:19052) Warning: SECURITY WARNING: The SSL modes 'prefer', 'require', and 'verify-ca' are treated as aliases for 'verify-full'.
In the next major version (pg-connection-string v3.0.0 and pg v9.0.0), these modes will adopt standard libpq semantics, which have weaker security guarantees.

To prepare for this change:
- If you want the current behavior, explicitly use 'sslmode=verify-full'
- If you want libpq compatibility now, use 'uselibpqcompat=true&sslmode=require'

See https://www.postgresql.org/docs/current/libpq-ssl.html for libpq SSL mode definitions.
(Use `node --trace-warnings ...` to show where the warning was created)
Itens: 46 processos pendentes (de 248964 no PNCP/SC) · INGEST_VERSAO=4
  …20/46
  …40/46
Concluído: 0 processos c/ itens nesta rodada | total 2271219 itens em 248932 processos
(node:19208) Warning: SECURITY WARNING: The SSL modes 'prefer', 'require', and 'verify-ca' are treated as aliases for 'verify-full'.
In the next major version (pg-connection-string v3.0.0 and pg v9.0.0), these modes will adopt standard libpq semantics, which have weaker security guarantees.

To prepare for this change:
- If you want the current behavior, explicitly use 'sslmode=verify-full'
- If you want libpq compatibility now, use 'uselibpqcompat=true&sslmode=require'

See https://www.postgresql.org/docs/current/libpq-ssl.html for libpq SSL mode definitions.
(Use `node --trace-warnings ...` to show where the warning was created)
node:events:487
      throw er; // Unhandled 'error' event
      ^

Error: 84CF0000:error:0A000119:SSL routines:tls_get_more_records:decryption failed or bad record mac:openssl\ssl\record\methods\tls_common.c:874:

Emitted 'error' event on Client instance at:
    at Client._handleErrorEvent (C:\Users\PC\pnigp\node_modules\pg\lib\client.js:411:10)
    at Connection.emit (node:events:509:28)
    at TLSSocket.reportStreamError (C:\Users\PC\pnigp\node_modules\pg\lib\connection.js:56:12)
    at TLSSocket.emit (node:events:509:28)
    at TLSSocket._emitTLSError (node:internal/tls/wrap:1058:10)
    at TLSWrap.onerror (node:internal/tls/wrap:496:11) {
  library: 'SSL routines',
  reason: 'decryption failed or bad record mac',
  code: 'ERR_SSL_DECRYPTION_FAILED_OR_BAD_RECORD_MAC'
}

Node.js v24.16.0
(node:41836) Warning: SECURITY WARNING: The SSL modes 'prefer', 'require', and 'verify-ca' are treated as aliases for 'verify-full'.
In the next major version (pg-connection-string v3.0.0 and pg v9.0.0), these modes will adopt standard libpq semantics, which have weaker security guarantees.

To prepare for this change:
- If you want the current behavior, explicitly use 'sslmode=verify-full'
- If you want libpq compatibility now, use 'uselibpqcompat=true&sslmode=require'

See https://www.postgresql.org/docs/current/libpq-ssl.html for libpq SSL mode definitions.
(Use `node --trace-warnings ...` to show where the warning was created)
Itens: 484 processos pendentes (de 249402 no PNCP/SC) · INGEST_VERSAO=4
  …20/484
  …40/484
  …60/484
  …80/484
  …100/484
  …120/484
  …140/484
  …160/484
  …180/484
  …200/484
  …220/484
  …240/484
  …260/484
  …280/484
  …300/484
  …320/484
  …340/484
  …360/484
  …380/484
  …400/484
  …420/484
  …440/484
  …460/484
  …480/484
Concluído: 438 processos c/ itens nesta rodada | total 2275577 itens em 249370 processos
(node:51640) Warning: SECURITY WARNING: The SSL modes 'prefer', 'require', and 'verify-ca' are treated as aliases for 'verify-full'.
In the next major version (pg-connection-string v3.0.0 and pg v9.0.0), these modes will adopt standard libpq semantics, which have weaker security guarantees.

To prepare for this change:
- If you want the current behavior, explicitly use 'sslmode=verify-full'
- If you want libpq compatibility now, use 'uselibpqcompat=true&sslmode=require'

See https://www.postgresql.org/docs/current/libpq-ssl.html for libpq SSL mode definitions.
(Use `node --trace-warnings ...` to show where the warning was created)
Itens: 46 processos pendentes (de 249402 no PNCP/SC) · INGEST_VERSAO=4
  …20/46
  …40/46
Concluído: 0 processos c/ itens nesta rodada | total 2275577 itens em 249370 processos
(node:45044) Warning: SECURITY WARNING: The SSL modes 'prefer', 'require', and 'verify-ca' are treated as aliases for 'verify-full'.
In the next major version (pg-connection-string v3.0.0 and pg v9.0.0), these modes will adopt standard libpq semantics, which have weaker security guarantees.

To prepare for this change:
- If you want the current behavior, explicitly use 'sslmode=verify-full'
- If you want libpq compatibility now, use 'uselibpqcompat=true&sslmode=require'

See https://www.postgresql.org/docs/current/libpq-ssl.html for libpq SSL mode definitions.
(Use `node --trace-warnings ...` to show where the warning was created)
Itens: 46 processos pendentes (de 249402 no PNCP/SC) · INGEST_VERSAO=4
  …20/46
  …40/46
Concluído: 0 processos c/ itens nesta rodada | total 2275577 itens em 249370 processos
(node:37540) Warning: SECURITY WARNING: The SSL modes 'prefer', 'require', and 'verify-ca' are treated as aliases for 'verify-full'.
In the next major version (pg-connection-string v3.0.0 and pg v9.0.0), these modes will adopt standard libpq semantics, which have weaker security guarantees.

To prepare for this change:
- If you want the current behavior, explicitly use 'sslmode=verify-full'
- If you want libpq compatibility now, use 'uselibpqcompat=true&sslmode=require'

See https://www.postgresql.org/docs/current/libpq-ssl.html for libpq SSL mode definitions.
(Use `node --trace-warnings ...` to show where the warning was created)
Itens: 46 processos pendentes (de 249402 no PNCP/SC) · INGEST_VERSAO=4
  …20/46
  …40/46
Concluído: 0 processos c/ itens nesta rodada | total 2275577 itens em 249370 processos
(node:49920) Warning: SECURITY WARNING: The SSL modes 'prefer', 'require', and 'verify-ca' are treated as aliases for 'verify-full'.
In the next major version (pg-connection-string v3.0.0 and pg v9.0.0), these modes will adopt standard libpq semantics, which have weaker security guarantees.

To prepare for this change:
- If you want the current behavior, explicitly use 'sslmode=verify-full'
- If you want libpq compatibility now, use 'uselibpqcompat=true&sslmode=require'

See https://www.postgresql.org/docs/current/libpq-ssl.html for libpq SSL mode definitions.
(Use `node --trace-warnings ...` to show where the warning was created)
Itens: 46 processos pendentes (de 249402 no PNCP/SC) · INGEST_VERSAO=4
  …20/46
  …40/46
Concluído: 0 processos c/ itens nesta rodada | total 2275577 itens em 249370 processos
(node:51996) Warning: SECURITY WARNING: The SSL modes 'prefer', 'require', and 'verify-ca' are treated as aliases for 'verify-full'.
In the next major version (pg-connection-string v3.0.0 and pg v9.0.0), these modes will adopt standard libpq semantics, which have weaker security guarantees.

To prepare for this change:
- If you want the current behavior, explicitly use 'sslmode=verify-full'
- If you want libpq compatibility now, use 'uselibpqcompat=true&sslmode=require'

See https://www.postgresql.org/docs/current/libpq-ssl.html for libpq SSL mode definitions.
(Use `node --trace-warnings ...` to show where the warning was created)
Itens: 46 processos pendentes (de 249402 no PNCP/SC) · INGEST_VERSAO=4
  …20/46
  …40/46
Concluído: 0 processos c/ itens nesta rodada | total 2275577 itens em 249370 processos
(node:57736) Warning: SECURITY WARNING: The SSL modes 'prefer', 'require', and 'verify-ca' are treated as aliases for 'verify-full'.
In the next major version (pg-connection-string v3.0.0 and pg v9.0.0), these modes will adopt standard libpq semantics, which have weaker security guarantees.

To prepare for this change:
- If you want the current behavior, explicitly use 'sslmode=verify-full'
- If you want libpq compatibility now, use 'uselibpqcompat=true&sslmode=require'

See https://www.postgresql.org/docs/current/libpq-ssl.html for libpq SSL mode definitions.
(Use `node --trace-warnings ...` to show where the warning was created)
Itens: 46 processos pendentes (de 249402 no PNCP/SC) · INGEST_VERSAO=4
  …20/46
  …40/46
Concluído: 0 processos c/ itens nesta rodada | total 2275577 itens em 249370 processos
(node:53116) Warning: SECURITY WARNING: The SSL modes 'prefer', 'require', and 'verify-ca' are treated as aliases for 'verify-full'.
In the next major version (pg-connection-string v3.0.0 and pg v9.0.0), these modes will adopt standard libpq semantics, which have weaker security guarantees.

To prepare for this change:
- If you want the current behavior, explicitly use 'sslmode=verify-full'
- If you want libpq compatibility now, use 'uselibpqcompat=true&sslmode=require'

See https://www.postgresql.org/docs/current/libpq-ssl.html for libpq SSL mode definitions.
(Use `node --trace-warnings ...` to show where the warning was created)
Itens: 46 processos pendentes (de 249402 no PNCP/SC) · INGEST_VERSAO=4
  …20/46
  …40/46
Concluído: 0 processos c/ itens nesta rodada | total 2275577 itens em 249370 processos
(node:55192) Warning: SECURITY WARNING: The SSL modes 'prefer', 'require', and 'verify-ca' are treated as aliases for 'verify-full'.
In the next major version (pg-connection-string v3.0.0 and pg v9.0.0), these modes will adopt standard libpq semantics, which have weaker security guarantees.

To prepare for this change:
- If you want the current behavior, explicitly use 'sslmode=verify-full'
- If you want libpq compatibility now, use 'uselibpqcompat=true&sslmode=require'

See https://www.postgresql.org/docs/current/libpq-ssl.html for libpq SSL mode definitions.
(Use `node --trace-warnings ...` to show where the warning was created)
Itens: 46 processos pendentes (de 249402 no PNCP/SC) · INGEST_VERSAO=4
  …20/46
  …40/46
Concluído: 0 processos c/ itens nesta rodada | total 2275577 itens em 249370 processos
(node:46280) Warning: SECURITY WARNING: The SSL modes 'prefer', 'require', and 'verify-ca' are treated as aliases for 'verify-full'.
In the next major version (pg-connection-string v3.0.0 and pg v9.0.0), these modes will adopt standard libpq semantics, which have weaker security guarantees.

To prepare for this change:
- If you want the current behavior, explicitly use 'sslmode=verify-full'
- If you want libpq compatibility now, use 'uselibpqcompat=true&sslmode=require'

See https://www.postgresql.org/docs/current/libpq-ssl.html for libpq SSL mode definitions.
(Use `node --trace-warnings ...` to show where the warning was created)
Itens: 46 processos pendentes (de 249402 no PNCP/SC) · INGEST_VERSAO=4
  …20/46
  …40/46
Concluído: 0 processos c/ itens nesta rodada | total 2275577 itens em 249370 processos
(node:50812) Warning: SECURITY WARNING: The SSL modes 'prefer', 'require', and 'verify-ca' are treated as aliases for 'verify-full'.
In the next major version (pg-connection-string v3.0.0 and pg v9.0.0), these modes will adopt standard libpq semantics, which have weaker security guarantees.

To prepare for this change:
- If you want the current behavior, explicitly use 'sslmode=verify-full'
- If you want libpq compatibility now, use 'uselibpqcompat=true&sslmode=require'

See https://www.postgresql.org/docs/current/libpq-ssl.html for libpq SSL mode definitions.
(Use `node --trace-warnings ...` to show where the warning was created)
Itens: 46 processos pendentes (de 249402 no PNCP/SC) · INGEST_VERSAO=4
  …20/46
  …40/46
Concluído: 0 processos c/ itens nesta rodada | total 2275577 itens em 249370 processos
(node:53332) Warning: SECURITY WARNING: The SSL modes 'prefer', 'require', and 'verify-ca' are treated as aliases for 'verify-full'.
In the next major version (pg-connection-string v3.0.0 and pg v9.0.0), these modes will adopt standard libpq semantics, which have weaker security guarantees.

To prepare for this change:
- If you want the current behavior, explicitly use 'sslmode=verify-full'
- If you want libpq compatibility now, use 'uselibpqcompat=true&sslmode=require'

See https://www.postgresql.org/docs/current/libpq-ssl.html for libpq SSL mode definitions.
(Use `node --trace-warnings ...` to show where the warning was created)
Itens: 46 processos pendentes (de 249402 no PNCP/SC) · INGEST_VERSAO=4
  …20/46
  …40/46
Concluído: 0 processos c/ itens nesta rodada | total 2275577 itens em 249370 processos
(node:56608) Warning: SECURITY WARNING: The SSL modes 'prefer', 'require', and 'verify-ca' are treated as aliases for 'verify-full'.
In the next major version (pg-connection-string v3.0.0 and pg v9.0.0), these modes will adopt standard libpq semantics, which have weaker security guarantees.

To prepare for this change:
- If you want the current behavior, explicitly use 'sslmode=verify-full'
- If you want libpq compatibility now, use 'uselibpqcompat=true&sslmode=require'

See https://www.postgresql.org/docs/current/libpq-ssl.html for libpq SSL mode definitions.
(Use `node --trace-warnings ...` to show where the warning was created)
Itens: 46 processos pendentes (de 249402 no PNCP/SC) · INGEST_VERSAO=4
  …20/46
  …40/46
Concluído: 0 processos c/ itens nesta rodada | total 2275577 itens em 249370 processos
(node:484) Warning: SECURITY WARNING: The SSL modes 'prefer', 'require', and 'verify-ca' are treated as aliases for 'verify-full'.
In the next major version (pg-connection-string v3.0.0 and pg v9.0.0), these modes will adopt standard libpq semantics, which have weaker security guarantees.

To prepare for this change:
- If you want the current behavior, explicitly use 'sslmode=verify-full'
- If you want libpq compatibility now, use 'uselibpqcompat=true&sslmode=require'

See https://www.postgresql.org/docs/current/libpq-ssl.html for libpq SSL mode definitions.
(Use `node --trace-warnings ...` to show where the warning was created)
Itens: 46 processos pendentes (de 249402 no PNCP/SC) · INGEST_VERSAO=4
  …20/46
  …40/46
Concluído: 0 processos c/ itens nesta rodada | total 2275577 itens em 249370 processos
(node:57324) Warning: SECURITY WARNING: The SSL modes 'prefer', 'require', and 'verify-ca' are treated as aliases for 'verify-full'.
In the next major version (pg-connection-string v3.0.0 and pg v9.0.0), these modes will adopt standard libpq semantics, which have weaker security guarantees.

To prepare for this change:
- If you want the current behavior, explicitly use 'sslmode=verify-full'
- If you want libpq compatibility now, use 'uselibpqcompat=true&sslmode=require'

See https://www.postgresql.org/docs/current/libpq-ssl.html for libpq SSL mode definitions.
(Use `node --trace-warnings ...` to show where the warning was created)
Itens: 46 processos pendentes (de 249402 no PNCP/SC) · INGEST_VERSAO=4
  …20/46
  …40/46
Concluído: 0 processos c/ itens nesta rodada | total 2275577 itens em 249370 processos
(node:57388) Warning: SECURITY WARNING: The SSL modes 'prefer', 'require', and 'verify-ca' are treated as aliases for 'verify-full'.
In the next major version (pg-connection-string v3.0.0 and pg v9.0.0), these modes will adopt standard libpq semantics, which have weaker security guarantees.

To prepare for this change:
- If you want the current behavior, explicitly use 'sslmode=verify-full'
- If you want libpq compatibility now, use 'uselibpqcompat=true&sslmode=require'

See https://www.postgresql.org/docs/current/libpq-ssl.html for libpq SSL mode definitions.
(Use `node --trace-warnings ...` to show where the warning was created)
^C(node:41640) Warning: SECURITY WARNING: The SSL modes 'prefer', 'require', and 'verify-ca' are treated as aliases for 'verify-full'.
In the next major version (pg-connection-string v3.0.0 and pg v9.0.0), these modes will adopt standard libpq semantics, which have weaker security guarantees.

To prepare for this change:
- If you want the current behavior, explicitly use 'sslmode=verify-full'
- If you want libpq compatibility now, use 'uselibpqcompat=true&sslmode=require'

See https://www.postgresql.org/docs/current/libpq-ssl.html for libpq SSL mode definitions.
(Use `node --trace-warnings ...` to show where the warning was created)
Itens: 46 processos pendentes (de 249402 no PNCP/SC) · INGEST_VERSAO=4
  …20/46
  …40/46
Concluído: 0 processos c/ itens nesta rodada | total 2275577 itens em 249370 processos
(node:41800) Warning: SECURITY WARNING: The SSL modes 'prefer', 'require', and 'verify-ca' are treated as aliases for 'verify-full'.
In the next major version (pg-connection-string v3.0.0 and pg v9.0.0), these modes will adopt standard libpq semantics, which have weaker security guarantees.

To prepare for this change:
- If you want the current behavior, explicitly use 'sslmode=verify-full'
- If you want libpq compatibility now, use 'uselibpqcompat=true&sslmode=require'

See https://www.postgresql.org/docs/current/libpq-ssl.html for libpq SSL mode definitions.
(Use `node --trace-warnings ...` to show where the warning was created)
Itens: 46 processos pendentes (de 249402 no PNCP/SC) · INGEST_VERSAO=4
  …20/46
  …40/46
Concluído: 0 processos c/ itens nesta rodada | total 2275577 itens em 249370 processos
(node:45436) Warning: SECURITY WARNING: The SSL modes 'prefer', 'require', and 'verify-ca' are treated as aliases for 'verify-full'.
In the next major version (pg-connection-string v3.0.0 and pg v9.0.0), these modes will adopt standard libpq semantics, which have weaker security guarantees.

To prepare for this change:
- If you want the current behavior, explicitly use 'sslmode=verify-full'
- If you want libpq compatibility now, use 'uselibpqcompat=true&sslmode=require'

See https://www.postgresql.org/docs/current/libpq-ssl.html for libpq SSL mode definitions.
(Use `node --trace-warnings ...` to show where the warning was created)
Itens: 46 processos pendentes (de 249402 no PNCP/SC) · INGEST_VERSAO=4
  …20/46
  …40/46
Concluído: 0 processos c/ itens nesta rodada | total 2275577 itens em 249370 processos
(node:52324) Warning: SECURITY WARNING: The SSL modes 'prefer', 'require', and 'verify-ca' are treated as aliases for 'verify-full'.
In the next major version (pg-connection-string v3.0.0 and pg v9.0.0), these modes will adopt standard libpq semantics, which have weaker security guarantees.

To prepare for this change:
- If you want the current behavior, explicitly use 'sslmode=verify-full'
- If you want libpq compatibility now, use 'uselibpqcompat=true&sslmode=require'

See https://www.postgresql.org/docs/current/libpq-ssl.html for libpq SSL mode definitions.
(Use `node --trace-warnings ...` to show where the warning was created)
Itens: 46 processos pendentes (de 249402 no PNCP/SC) · INGEST_VERSAO=4
  …20/46
  …40/46
Concluído: 0 processos c/ itens nesta rodada | total 2275577 itens em 249370 processos
(node:7256) Warning: SECURITY WARNING: The SSL modes 'prefer', 'require', and 'verify-ca' are treated as aliases for 'verify-full'.
In the next major version (pg-connection-string v3.0.0 and pg v9.0.0), these modes will adopt standard libpq semantics, which have weaker security guarantees.

To prepare for this change:
- If you want the current behavior, explicitly use 'sslmode=verify-full'
- If you want libpq compatibility now, use 'uselibpqcompat=true&sslmode=require'

See https://www.postgresql.org/docs/current/libpq-ssl.html for libpq SSL mode definitions.
(Use `node --trace-warnings ...` to show where the warning was created)
Itens: 46 processos pendentes (de 249402 no PNCP/SC) · INGEST_VERSAO=4
  …20/46
  …40/46
Concluído: 0 processos c/ itens nesta rodada | total 2275577 itens em 249370 processos
(node:48152) Warning: SECURITY WARNING: The SSL modes 'prefer', 'require', and 'verify-ca' are treated as aliases for 'verify-full'.
In the next major version (pg-connection-string v3.0.0 and pg v9.0.0), these modes will adopt standard libpq semantics, which have weaker security guarantees.

To prepare for this change:
- If you want the current behavior, explicitly use 'sslmode=verify-full'
- If you want libpq compatibility now, use 'uselibpqcompat=true&sslmode=require'

See https://www.postgresql.org/docs/current/libpq-ssl.html for libpq SSL mode definitions.
(Use `node --trace-warnings ...` to show where the warning was created)
Itens: 46 processos pendentes (de 249402 no PNCP/SC) · INGEST_VERSAO=4
  …20/46
  …40/46
Concluído: 0 processos c/ itens nesta rodada | total 2275577 itens em 249370 processos
(node:48100) Warning: SECURITY WARNING: The SSL modes 'prefer', 'require', and 'verify-ca' are treated as aliases for 'verify-full'.
In the next major version (pg-connection-string v3.0.0 and pg v9.0.0), these modes will adopt standard libpq semantics, which have weaker security guarantees.

To prepare for this change:
- If you want the current behavior, explicitly use 'sslmode=verify-full'
- If you want libpq compatibility now, use 'uselibpqcompat=true&sslmode=require'

See https://www.postgresql.org/docs/current/libpq-ssl.html for libpq SSL mode definitions.
(Use `node --trace-warnings ...` to show where the warning was created)
Itens: 46 processos pendentes (de 249402 no PNCP/SC) · INGEST_VERSAO=4
  …20/46
  …40/46
Concluído: 0 processos c/ itens nesta rodada | total 2275577 itens em 249370 processos
(node:53736) Warning: SECURITY WARNING: The SSL modes 'prefer', 'require', and 'verify-ca' are treated as aliases for 'verify-full'.
In the next major version (pg-connection-string v3.0.0 and pg v9.0.0), these modes will adopt standard libpq semantics, which have weaker security guarantees.

To prepare for this change:
- If you want the current behavior, explicitly use 'sslmode=verify-full'
- If you want libpq compatibility now, use 'uselibpqcompat=true&sslmode=require'

See https://www.postgresql.org/docs/current/libpq-ssl.html for libpq SSL mode definitions.
(Use `node --trace-warnings ...` to show where the warning was created)
Itens: 46 processos pendentes (de 249402 no PNCP/SC) · INGEST_VERSAO=4
  …20/46
  …40/46
Concluído: 0 processos c/ itens nesta rodada | total 2275577 itens em 249370 processos
(node:10456) Warning: SECURITY WARNING: The SSL modes 'prefer', 'require', and 'verify-ca' are treated as aliases for 'verify-full'.
In the next major version (pg-connection-string v3.0.0 and pg v9.0.0), these modes will adopt standard libpq semantics, which have weaker security guarantees.

To prepare for this change:
- If you want the current behavior, explicitly use 'sslmode=verify-full'
- If you want libpq compatibility now, use 'uselibpqcompat=true&sslmode=require'

See https://www.postgresql.org/docs/current/libpq-ssl.html for libpq SSL mode definitions.
(Use `node --trace-warnings ...` to show where the warning was created)
Itens: 46 processos pendentes (de 249402 no PNCP/SC) · INGEST_VERSAO=4
  …20/46
  …40/46
Concluído: 0 processos c/ itens nesta rodada | total 2275577 itens em 249370 processos
(node:53268) Warning: SECURITY WARNING: The SSL modes 'prefer', 'require', and 'verify-ca' are treated as aliases for 'verify-full'.
In the next major version (pg-connection-string v3.0.0 and pg v9.0.0), these modes will adopt standard libpq semantics, which have weaker security guarantees.

To prepare for this change:
- If you want the current behavior, explicitly use 'sslmode=verify-full'
- If you want libpq compatibility now, use 'uselibpqcompat=true&sslmode=require'

See https://www.postgresql.org/docs/current/libpq-ssl.html for libpq SSL mode definitions.
(Use `node --trace-warnings ...` to show where the warning was created)
Itens: 46 processos pendentes (de 249402 no PNCP/SC) · INGEST_VERSAO=4
  …20/46
  …40/46
Concluído: 0 processos c/ itens nesta rodada | total 2275577 itens em 249370 processos
(node:56932) Warning: SECURITY WARNING: The SSL modes 'prefer', 'require', and 'verify-ca' are treated as aliases for 'verify-full'.
In the next major version (pg-connection-string v3.0.0 and pg v9.0.0), these modes will adopt standard libpq semantics, which have weaker security guarantees.

To prepare for this change:
- If you want the current behavior, explicitly use 'sslmode=verify-full'
- If you want libpq compatibility now, use 'uselibpqcompat=true&sslmode=require'

See https://www.postgresql.org/docs/current/libpq-ssl.html for libpq SSL mode definitions.
(Use `node --trace-warnings ...` to show where the warning was created)
Itens: 46 processos pendentes (de 249402 no PNCP/SC) · INGEST_VERSAO=4
  …20/46
  …40/46
Concluído: 0 processos c/ itens nesta rodada | total 2275577 itens em 249370 processos
(node:44448) Warning: SECURITY WARNING: The SSL modes 'prefer', 'require', and 'verify-ca' are treated as aliases for 'verify-full'.
In the next major version (pg-connection-string v3.0.0 and pg v9.0.0), these modes will adopt standard libpq semantics, which have weaker security guarantees.

To prepare for this change:
- If you want the current behavior, explicitly use 'sslmode=verify-full'
- If you want libpq compatibility now, use 'uselibpqcompat=true&sslmode=require'

See https://www.postgresql.org/docs/current/libpq-ssl.html for libpq SSL mode definitions.
(Use `node --trace-warnings ...` to show where the warning was created)
Itens: 46 processos pendentes (de 249402 no PNCP/SC) · INGEST_VERSAO=4
  …20/46
  …40/46
Concluído: 0 processos c/ itens nesta rodada | total 2275577 itens em 249370 processos
(node:53488) Warning: SECURITY WARNING: The SSL modes 'prefer', 'require', and 'verify-ca' are treated as aliases for 'verify-full'.
In the next major version (pg-connection-string v3.0.0 and pg v9.0.0), these modes will adopt standard libpq semantics, which have weaker security guarantees.

To prepare for this change:
- If you want the current behavior, explicitly use 'sslmode=verify-full'
- If you want libpq compatibility now, use 'uselibpqcompat=true&sslmode=require'

See https://www.postgresql.org/docs/current/libpq-ssl.html for libpq SSL mode definitions.
(Use `node --trace-warnings ...` to show where the warning was created)
Itens: 46 processos pendentes (de 249402 no PNCP/SC) · INGEST_VERSAO=4
  …20/46
  …40/46
Concluído: 0 processos c/ itens nesta rodada | total 2275577 itens em 249370 processos
(node:868) Warning: SECURITY WARNING: The SSL modes 'prefer', 'require', and 'verify-ca' are treated as aliases for 'verify-full'.
In the next major version (pg-connection-string v3.0.0 and pg v9.0.0), these modes will adopt standard libpq semantics, which have weaker security guarantees.

To prepare for this change:
- If you want the current behavior, explicitly use 'sslmode=verify-full'
- If you want libpq compatibility now, use 'uselibpqcompat=true&sslmode=require'

See https://www.postgresql.org/docs/current/libpq-ssl.html for libpq SSL mode definitions.
(Use `node --trace-warnings ...` to show where the warning was created)
Itens: 46 processos pendentes (de 249402 no PNCP/SC) · INGEST_VERSAO=4
  …20/46
  …40/46
Concluído: 0 processos c/ itens nesta rodada | total 2275577 itens em 249370 processos
(node:10752) Warning: SECURITY WARNING: The SSL modes 'prefer', 'require', and 'verify-ca' are treated as aliases for 'verify-full'.
In the next major version (pg-connection-string v3.0.0 and pg v9.0.0), these modes will adopt standard libpq semantics, which have weaker security guarantees.

To prepare for this change:
- If you want the current behavior, explicitly use 'sslmode=verify-full'
- If you want libpq compatibility now, use 'uselibpqcompat=true&sslmode=require'

See https://www.postgresql.org/docs/current/libpq-ssl.html for libpq SSL mode definitions.
(Use `node --trace-warnings ...` to show where the warning was created)
Itens: 46 processos pendentes (de 249402 no PNCP/SC) · INGEST_VERSAO=4
  …20/46
  …40/46
Concluído: 0 processos c/ itens nesta rodada | total 2275577 itens em 249370 processos
(node:26556) Warning: SECURITY WARNING: The SSL modes 'prefer', 'require', and 'verify-ca' are treated as aliases for 'verify-full'.
In the next major version (pg-connection-string v3.0.0 and pg v9.0.0), these modes will adopt standard libpq semantics, which have weaker security guarantees.

To prepare for this change:
- If you want the current behavior, explicitly use 'sslmode=verify-full'
- If you want libpq compatibility now, use 'uselibpqcompat=true&sslmode=require'

See https://www.postgresql.org/docs/current/libpq-ssl.html for libpq SSL mode definitions.
(Use `node --trace-warnings ...` to show where the warning was created)
Itens: 46 processos pendentes (de 249402 no PNCP/SC) · INGEST_VERSAO=4
  …20/46
  …40/46
Concluído: 0 processos c/ itens nesta rodada | total 2275577 itens em 249370 processos
(node:50984) Warning: SECURITY WARNING: The SSL modes 'prefer', 'require', and 'verify-ca' are treated as aliases for 'verify-full'.
In the next major version (pg-connection-string v3.0.0 and pg v9.0.0), these modes will adopt standard libpq semantics, which have weaker security guarantees.

To prepare for this change:
- If you want the current behavior, explicitly use 'sslmode=verify-full'
- If you want libpq compatibility now, use 'uselibpqcompat=true&sslmode=require'

See https://www.postgresql.org/docs/current/libpq-ssl.html for libpq SSL mode definitions.
(Use `node --trace-warnings ...` to show where the warning was created)
Itens: 46 processos pendentes (de 249402 no PNCP/SC) · INGEST_VERSAO=4
  …20/46
  …40/46
Concluído: 0 processos c/ itens nesta rodada | total 2275577 itens em 249370 processos
(node:21520) Warning: SECURITY WARNING: The SSL modes 'prefer', 'require', and 'verify-ca' are treated as aliases for 'verify-full'.
In the next major version (pg-connection-string v3.0.0 and pg v9.0.0), these modes will adopt standard libpq semantics, which have weaker security guarantees.

To prepare for this change:
- If you want the current behavior, explicitly use 'sslmode=verify-full'
- If you want libpq compatibility now, use 'uselibpqcompat=true&sslmode=require'

See https://www.postgresql.org/docs/current/libpq-ssl.html for libpq SSL mode definitions.
(Use `node --trace-warnings ...` to show where the warning was created)
Itens: 46 processos pendentes (de 249402 no PNCP/SC) · INGEST_VERSAO=4
  …20/46
  …40/46
Concluído: 0 processos c/ itens nesta rodada | total 2275577 itens em 249370 processos
(node:47520) Warning: SECURITY WARNING: The SSL modes 'prefer', 'require', and 'verify-ca' are treated as aliases for 'verify-full'.
In the next major version (pg-connection-string v3.0.0 and pg v9.0.0), these modes will adopt standard libpq semantics, which have weaker security guarantees.

To prepare for this change:
- If you want the current behavior, explicitly use 'sslmode=verify-full'
- If you want libpq compatibility now, use 'uselibpqcompat=true&sslmode=require'

See https://www.postgresql.org/docs/current/libpq-ssl.html for libpq SSL mode definitions.
(Use `node --trace-warnings ...` to show where the warning was created)
Itens: 46 processos pendentes (de 249402 no PNCP/SC) · INGEST_VERSAO=4
  …20/46
  …40/46
Concluído: 0 processos c/ itens nesta rodada | total 2275577 itens em 249370 processos
(node:49652) Warning: SECURITY WARNING: The SSL modes 'prefer', 'require', and 'verify-ca' are treated as aliases for 'verify-full'.
In the next major version (pg-connection-string v3.0.0 and pg v9.0.0), these modes will adopt standard libpq semantics, which have weaker security guarantees.

To prepare for this change:
- If you want the current behavior, explicitly use 'sslmode=verify-full'
- If you want libpq compatibility now, use 'uselibpqcompat=true&sslmode=require'

See https://www.postgresql.org/docs/current/libpq-ssl.html for libpq SSL mode definitions.
(Use `node --trace-warnings ...` to show where the warning was created)
Itens: 46 processos pendentes (de 249402 no PNCP/SC) · INGEST_VERSAO=4
  …20/46
  …40/46
Concluído: 0 processos c/ itens nesta rodada | total 2275577 itens em 249370 processos
(node:50432) Warning: SECURITY WARNING: The SSL modes 'prefer', 'require', and 'verify-ca' are treated as aliases for 'verify-full'.
In the next major version (pg-connection-string v3.0.0 and pg v9.0.0), these modes will adopt standard libpq semantics, which have weaker security guarantees.

To prepare for this change:
- If you want the current behavior, explicitly use 'sslmode=verify-full'
- If you want libpq compatibility now, use 'uselibpqcompat=true&sslmode=require'

See https://www.postgresql.org/docs/current/libpq-ssl.html for libpq SSL mode definitions.
(Use `node --trace-warnings ...` to show where the warning was created)
Itens: 46 processos pendentes (de 249402 no PNCP/SC) · INGEST_VERSAO=4
  …20/46
  …40/46
Concluído: 0 processos c/ itens nesta rodada | total 2275577 itens em 249370 processos
(node:26228) Warning: SECURITY WARNING: The SSL modes 'prefer', 'require', and 'verify-ca' are treated as aliases for 'verify-full'.
In the next major version (pg-connection-string v3.0.0 and pg v9.0.0), these modes will adopt standard libpq semantics, which have weaker security guarantees.

To prepare for this change:
- If you want the current behavior, explicitly use 'sslmode=verify-full'
- If you want libpq compatibility now, use 'uselibpqcompat=true&sslmode=require'

See https://www.postgresql.org/docs/current/libpq-ssl.html for libpq SSL mode definitions.
(Use `node --trace-warnings ...` to show where the warning was created)
Itens: 46 processos pendentes (de 249402 no PNCP/SC) · INGEST_VERSAO=4
  …20/46
  …40/46
Concluído: 0 processos c/ itens nesta rodada | total 2275577 itens em 249370 processos
(node:53536) Warning: SECURITY WARNING: The SSL modes 'prefer', 'require', and 'verify-ca' are treated as aliases for 'verify-full'.
In the next major version (pg-connection-string v3.0.0 and pg v9.0.0), these modes will adopt standard libpq semantics, which have weaker security guarantees.

To prepare for this change:
- If you want the current behavior, explicitly use 'sslmode=verify-full'
- If you want libpq compatibility now, use 'uselibpqcompat=true&sslmode=require'

See https://www.postgresql.org/docs/current/libpq-ssl.html for libpq SSL mode definitions.
(Use `node --trace-warnings ...` to show where the warning was created)
^C(node:2040) Warning: SECURITY WARNING: The SSL modes 'prefer', 'require', and 'verify-ca' are treated as aliases for 'verify-full'.
In the next major version (pg-connection-string v3.0.0 and pg v9.0.0), these modes will adopt standard libpq semantics, which have weaker security guarantees.

To prepare for this change:
- If you want the current behavior, explicitly use 'sslmode=verify-full'
- If you want libpq compatibility now, use 'uselibpqcompat=true&sslmode=require'

See https://www.postgresql.org/docs/current/libpq-ssl.html for libpq SSL mode definitions.
(Use `node --trace-warnings ...` to show where the warning was created)
Itens: 46 processos pendentes (de 249402 no PNCP/SC) · INGEST_VERSAO=4
  …20/46
  …40/46
Concluído: 0 processos c/ itens nesta rodada | total 2275577 itens em 249370 processos
(node:9620) Warning: SECURITY WARNING: The SSL modes 'prefer', 'require', and 'verify-ca' are treated as aliases for 'verify-full'.
In the next major version (pg-connection-string v3.0.0 and pg v9.0.0), these modes will adopt standard libpq semantics, which have weaker security guarantees.

To prepare for this change:
- If you want the current behavior, explicitly use 'sslmode=verify-full'
- If you want libpq compatibility now, use 'uselibpqcompat=true&sslmode=require'

See https://www.postgresql.org/docs/current/libpq-ssl.html for libpq SSL mode definitions.
(Use `node --trace-warnings ...` to show where the warning was created)
Itens: 46 processos pendentes (de 249402 no PNCP/SC) · INGEST_VERSAO=4
  …20/46
  …40/46
Concluído: 0 processos c/ itens nesta rodada | total 2275577 itens em 249370 processos
(node:57796) Warning: SECURITY WARNING: The SSL modes 'prefer', 'require', and 'verify-ca' are treated as aliases for 'verify-full'.
In the next major version (pg-connection-string v3.0.0 and pg v9.0.0), these modes will adopt standard libpq semantics, which have weaker security guarantees.

To prepare for this change:
- If you want the current behavior, explicitly use 'sslmode=verify-full'
- If you want libpq compatibility now, use 'uselibpqcompat=true&sslmode=require'

See https://www.postgresql.org/docs/current/libpq-ssl.html for libpq SSL mode definitions.
(Use `node --trace-warnings ...` to show where the warning was created)
Itens: 46 processos pendentes (de 249402 no PNCP/SC) · INGEST_VERSAO=4
  …20/46
  …40/46
Concluído: 0 processos c/ itens nesta rodada | total 2275577 itens em 249370 processos
(node:4536) Warning: SECURITY WARNING: The SSL modes 'prefer', 'require', and 'verify-ca' are treated as aliases for 'verify-full'.
In the next major version (pg-connection-string v3.0.0 and pg v9.0.0), these modes will adopt standard libpq semantics, which have weaker security guarantees.

To prepare for this change:
- If you want the current behavior, explicitly use 'sslmode=verify-full'
- If you want libpq compatibility now, use 'uselibpqcompat=true&sslmode=require'

See https://www.postgresql.org/docs/current/libpq-ssl.html for libpq SSL mode definitions.
(Use `node --trace-warnings ...` to show where the warning was created)
Itens: 46 processos pendentes (de 249402 no PNCP/SC) · INGEST_VERSAO=4
  …20/46
  …40/46
Concluído: 0 processos c/ itens nesta rodada | total 2275577 itens em 249370 processos
(node:33884) Warning: SECURITY WARNING: The SSL modes 'prefer', 'require', and 'verify-ca' are treated as aliases for 'verify-full'.
In the next major version (pg-connection-string v3.0.0 and pg v9.0.0), these modes will adopt standard libpq semantics, which have weaker security guarantees.

To prepare for this change:
- If you want the current behavior, explicitly use 'sslmode=verify-full'
- If you want libpq compatibility now, use 'uselibpqcompat=true&sslmode=require'

See https://www.postgresql.org/docs/current/libpq-ssl.html for libpq SSL mode definitions.
(Use `node --trace-warnings ...` to show where the warning was created)
Itens: 46 processos pendentes (de 249402 no PNCP/SC) · INGEST_VERSAO=4
  …20/46
  …40/46
Concluído: 0 processos c/ itens nesta rodada | total 2275577 itens em 249370 processos
(node:14080) Warning: SECURITY WARNING: The SSL modes 'prefer', 'require', and 'verify-ca' are treated as aliases for 'verify-full'.
In the next major version (pg-connection-string v3.0.0 and pg v9.0.0), these modes will adopt standard libpq semantics, which have weaker security guarantees.

To prepare for this change:
- If you want the current behavior, explicitly use 'sslmode=verify-full'
- If you want libpq compatibility now, use 'uselibpqcompat=true&sslmode=require'

See https://www.postgresql.org/docs/current/libpq-ssl.html for libpq SSL mode definitions.
(Use `node --trace-warnings ...` to show where the warning was created)
Itens: 46 processos pendentes (de 249402 no PNCP/SC) · INGEST_VERSAO=4
  …20/46
  …40/46
Concluído: 0 processos c/ itens nesta rodada | total 2275577 itens em 249370 processos
(node:53332) Warning: SECURITY WARNING: The SSL modes 'prefer', 'require', and 'verify-ca' are treated as aliases for 'verify-full'.
In the next major version (pg-connection-string v3.0.0 and pg v9.0.0), these modes will adopt standard libpq semantics, which have weaker security guarantees.

To prepare for this change:
- If you want the current behavior, explicitly use 'sslmode=verify-full'
- If you want libpq compatibility now, use 'uselibpqcompat=true&sslmode=require'

See https://www.postgresql.org/docs/current/libpq-ssl.html for libpq SSL mode definitions.
(Use `node --trace-warnings ...` to show where the warning was created)
Itens: 46 processos pendentes (de 249402 no PNCP/SC) · INGEST_VERSAO=4
  …20/46
  …40/46
Concluído: 0 processos c/ itens nesta rodada | total 2275577 itens em 249370 processos
(node:53900) Warning: SECURITY WARNING: The SSL modes 'prefer', 'require', and 'verify-ca' are treated as aliases for 'verify-full'.
In the next major version (pg-connection-string v3.0.0 and pg v9.0.0), these modes will adopt standard libpq semantics, which have weaker security guarantees.

To prepare for this change:
- If you want the current behavior, explicitly use 'sslmode=verify-full'
- If you want libpq compatibility now, use 'uselibpqcompat=true&sslmode=require'

See https://www.postgresql.org/docs/current/libpq-ssl.html for libpq SSL mode definitions.
(Use `node --trace-warnings ...` to show where the warning was created)
Itens: 46 processos pendentes (de 249402 no PNCP/SC) · INGEST_VERSAO=4
  …20/46
  …40/46
Concluído: 0 processos c/ itens nesta rodada | total 2275577 itens em 249370 processos
(node:27748) Warning: SECURITY WARNING: The SSL modes 'prefer', 'require', and 'verify-ca' are treated as aliases for 'verify-full'.
In the next major version (pg-connection-string v3.0.0 and pg v9.0.0), these modes will adopt standard libpq semantics, which have weaker security guarantees.

To prepare for this change:
- If you want the current behavior, explicitly use 'sslmode=verify-full'
- If you want libpq compatibility now, use 'uselibpqcompat=true&sslmode=require'

See https://www.postgresql.org/docs/current/libpq-ssl.html for libpq SSL mode definitions.
(Use `node --trace-warnings ...` to show where the warning was created)
Itens: 46 processos pendentes (de 249402 no PNCP/SC) · INGEST_VERSAO=4
  …20/46
  …40/46
Concluído: 0 processos c/ itens nesta rodada | total 2275577 itens em 249370 processos
(node:15392) Warning: SECURITY WARNING: The SSL modes 'prefer', 'require', and 'verify-ca' are treated as aliases for 'verify-full'.
In the next major version (pg-connection-string v3.0.0 and pg v9.0.0), these modes will adopt standard libpq semantics, which have weaker security guarantees.

To prepare for this change:
- If you want the current behavior, explicitly use 'sslmode=verify-full'
- If you want libpq compatibility now, use 'uselibpqcompat=true&sslmode=require'

See https://www.postgresql.org/docs/current/libpq-ssl.html for libpq SSL mode definitions.
(Use `node --trace-warnings ...` to show where the warning was created)
Itens: 46 processos pendentes (de 249402 no PNCP/SC) · INGEST_VERSAO=4
  …20/46
  …40/46
Concluído: 0 processos c/ itens nesta rodada | total 2275577 itens em 249370 processos
(node:42400) Warning: SECURITY WARNING: The SSL modes 'prefer', 'require', and 'verify-ca' are treated as aliases for 'verify-full'.
In the next major version (pg-connection-string v3.0.0 and pg v9.0.0), these modes will adopt standard libpq semantics, which have weaker security guarantees.

To prepare for this change:
- If you want the current behavior, explicitly use 'sslmode=verify-full'
- If you want libpq compatibility now, use 'uselibpqcompat=true&sslmode=require'

See https://www.postgresql.org/docs/current/libpq-ssl.html for libpq SSL mode definitions.
(Use `node --trace-warnings ...` to show where the warning was created)
Itens: 46 processos pendentes (de 249402 no PNCP/SC) · INGEST_VERSAO=4
  …20/46
  …40/46
Concluído: 0 processos c/ itens nesta rodada | total 2275577 itens em 249370 processos
(node:53596) Warning: SECURITY WARNING: The SSL modes 'prefer', 'require', and 'verify-ca' are treated as aliases for 'verify-full'.
In the next major version (pg-connection-string v3.0.0 and pg v9.0.0), these modes will adopt standard libpq semantics, which have weaker security guarantees.

To prepare for this change:
- If you want the current behavior, explicitly use 'sslmode=verify-full'
- If you want libpq compatibility now, use 'uselibpqcompat=true&sslmode=require'

See https://www.postgresql.org/docs/current/libpq-ssl.html for libpq SSL mode definitions.
(Use `node --trace-warnings ...` to show where the warning was created)
Itens: 46 processos pendentes (de 249402 no PNCP/SC) · INGEST_VERSAO=4
  …20/46
  …40/46
Concluído: 0 processos c/ itens nesta rodada | total 2275577 itens em 249370 processos
(node:32668) Warning: SECURITY WARNING: The SSL modes 'prefer', 'require', and 'verify-ca' are treated as aliases for 'verify-full'.
In the next major version (pg-connection-string v3.0.0 and pg v9.0.0), these modes will adopt standard libpq semantics, which have weaker security guarantees.

To prepare for this change:
- If you want the current behavior, explicitly use 'sslmode=verify-full'
- If you want libpq compatibility now, use 'uselibpqcompat=true&sslmode=require'

See https://www.postgresql.org/docs/current/libpq-ssl.html for libpq SSL mode definitions.
(Use `node --trace-warnings ...` to show where the warning was created)
Itens: 46 processos pendentes (de 249402 no PNCP/SC) · INGEST_VERSAO=4
  …20/46
  …40/46
Concluído: 0 processos c/ itens nesta rodada | total 2275577 itens em 249370 processos
(node:4448) Warning: SECURITY WARNING: The SSL modes 'prefer', 'require', and 'verify-ca' are treated as aliases for 'verify-full'.
In the next major version (pg-connection-string v3.0.0 and pg v9.0.0), these modes will adopt standard libpq semantics, which have weaker security guarantees.

To prepare for this change:
- If you want the current behavior, explicitly use 'sslmode=verify-full'
- If you want libpq compatibility now, use 'uselibpqcompat=true&sslmode=require'

See https://www.postgresql.org/docs/current/libpq-ssl.html for libpq SSL mode definitions.
(Use `node --trace-warnings ...` to show where the warning was created)
Itens: 46 processos pendentes (de 249402 no PNCP/SC) · INGEST_VERSAO=4
  …20/46
  …40/46
Concluído: 0 processos c/ itens nesta rodada | total 2275577 itens em 249370 processos
(node:13604) Warning: SECURITY WARNING: The SSL modes 'prefer', 'require', and 'verify-ca' are treated as aliases for 'verify-full'.
In the next major version (pg-connection-string v3.0.0 and pg v9.0.0), these modes will adopt standard libpq semantics, which have weaker security guarantees.

To prepare for this change:
- If you want the current behavior, explicitly use 'sslmode=verify-full'
- If you want libpq compatibility now, use 'uselibpqcompat=true&sslmode=require'

See https://www.postgresql.org/docs/current/libpq-ssl.html for libpq SSL mode definitions.
(Use `node --trace-warnings ...` to show where the warning was created)
Itens: 46 processos pendentes (de 249402 no PNCP/SC) · INGEST_VERSAO=4
  …20/46
  …40/46
Concluído: 0 processos c/ itens nesta rodada | total 2275577 itens em 249370 processos
(node:46644) Warning: SECURITY WARNING: The SSL modes 'prefer', 'require', and 'verify-ca' are treated as aliases for 'verify-full'.
In the next major version (pg-connection-string v3.0.0 and pg v9.0.0), these modes will adopt standard libpq semantics, which have weaker security guarantees.

To prepare for this change:
- If you want the current behavior, explicitly use 'sslmode=verify-full'
- If you want libpq compatibility now, use 'uselibpqcompat=true&sslmode=require'

See https://www.postgresql.org/docs/current/libpq-ssl.html for libpq SSL mode definitions.
(Use `node --trace-warnings ...` to show where the warning was created)
Itens: 46 processos pendentes (de 249402 no PNCP/SC) · INGEST_VERSAO=4
  …20/46
  …40/46
Concluído: 0 processos c/ itens nesta rodada | total 2275577 itens em 249370 processos
(node:43956) Warning: SECURITY WARNING: The SSL modes 'prefer', 'require', and 'verify-ca' are treated as aliases for 'verify-full'.
In the next major version (pg-connection-string v3.0.0 and pg v9.0.0), these modes will adopt standard libpq semantics, which have weaker security guarantees.

To prepare for this change:
- If you want the current behavior, explicitly use 'sslmode=verify-full'
- If you want libpq compatibility now, use 'uselibpqcompat=true&sslmode=require'

See https://www.postgresql.org/docs/current/libpq-ssl.html for libpq SSL mode definitions.
(Use `node --trace-warnings ...` to show where the warning was created)
^C(node:51072) Warning: SECURITY WARNING: The SSL modes 'prefer', 'require', and 'verify-ca' are treated as aliases for 'verify-full'.
In the next major version (pg-connection-string v3.0.0 and pg v9.0.0), these modes will adopt standard libpq semantics, which have weaker security guarantees.

To prepare for this change:
- If you want the current behavior, explicitly use 'sslmode=verify-full'
- If you want libpq compatibility now, use 'uselibpqcompat=true&sslmode=require'

See https://www.postgresql.org/docs/current/libpq-ssl.html for libpq SSL mode definitions.
(Use `node --trace-warnings ...` to show where the warning was created)
Itens: 46 processos pendentes (de 249402 no PNCP/SC) · INGEST_VERSAO=4
  …20/46
  …40/46
Concluído: 0 processos c/ itens nesta rodada | total 2275577 itens em 249370 processos
(node:44684) Warning: SECURITY WARNING: The SSL modes 'prefer', 'require', and 'verify-ca' are treated as aliases for 'verify-full'.
In the next major version (pg-connection-string v3.0.0 and pg v9.0.0), these modes will adopt standard libpq semantics, which have weaker security guarantees.

To prepare for this change:
- If you want the current behavior, explicitly use 'sslmode=verify-full'
- If you want libpq compatibility now, use 'uselibpqcompat=true&sslmode=require'

See https://www.postgresql.org/docs/current/libpq-ssl.html for libpq SSL mode definitions.
(Use `node --trace-warnings ...` to show where the warning was created)
Itens: 46 processos pendentes (de 249402 no PNCP/SC) · INGEST_VERSAO=4
  …20/46
  …40/46
Concluído: 0 processos c/ itens nesta rodada | total 2275577 itens em 249370 processos
(node:55680) Warning: SECURITY WARNING: The SSL modes 'prefer', 'require', and 'verify-ca' are treated as aliases for 'verify-full'.
In the next major version (pg-connection-string v3.0.0 and pg v9.0.0), these modes will adopt standard libpq semantics, which have weaker security guarantees.

To prepare for this change:
- If you want the current behavior, explicitly use 'sslmode=verify-full'
- If you want libpq compatibility now, use 'uselibpqcompat=true&sslmode=require'

See https://www.postgresql.org/docs/current/libpq-ssl.html for libpq SSL mode definitions.
(Use `node --trace-warnings ...` to show where the warning was created)
Itens: 46 processos pendentes (de 249402 no PNCP/SC) · INGEST_VERSAO=4
  …20/46
  …40/46
Concluído: 0 processos c/ itens nesta rodada | total 2275577 itens em 249370 processos
(node:26752) Warning: SECURITY WARNING: The SSL modes 'prefer', 'require', and 'verify-ca' are treated as aliases for 'verify-full'.
In the next major version (pg-connection-string v3.0.0 and pg v9.0.0), these modes will adopt standard libpq semantics, which have weaker security guarantees.

To prepare for this change:
- If you want the current behavior, explicitly use 'sslmode=verify-full'
- If you want libpq compatibility now, use 'uselibpqcompat=true&sslmode=require'

See https://www.postgresql.org/docs/current/libpq-ssl.html for libpq SSL mode definitions.
(Use `node --trace-warnings ...` to show where the warning was created)
Itens: 46 processos pendentes (de 249402 no PNCP/SC) · INGEST_VERSAO=4
  …20/46
  …40/46
Concluído: 0 processos c/ itens nesta rodada | total 2275577 itens em 249370 processos
(node:49732) Warning: SECURITY WARNING: The SSL modes 'prefer', 'require', and 'verify-ca' are treated as aliases for 'verify-full'.
In the next major version (pg-connection-string v3.0.0 and pg v9.0.0), these modes will adopt standard libpq semantics, which have weaker security guarantees.

To prepare for this change:
- If you want the current behavior, explicitly use 'sslmode=verify-full'
- If you want libpq compatibility now, use 'uselibpqcompat=true&sslmode=require'

See https://www.postgresql.org/docs/current/libpq-ssl.html for libpq SSL mode definitions.
(Use `node --trace-warnings ...` to show where the warning was created)
Itens: 46 processos pendentes (de 249402 no PNCP/SC) · INGEST_VERSAO=4
  …20/46
  …40/46
Concluído: 0 processos c/ itens nesta rodada | total 2275577 itens em 249370 processos
(node:37320) Warning: SECURITY WARNING: The SSL modes 'prefer', 'require', and 'verify-ca' are treated as aliases for 'verify-full'.
In the next major version (pg-connection-string v3.0.0 and pg v9.0.0), these modes will adopt standard libpq semantics, which have weaker security guarantees.

To prepare for this change:
- If you want the current behavior, explicitly use 'sslmode=verify-full'
- If you want libpq compatibility now, use 'uselibpqcompat=true&sslmode=require'

See https://www.postgresql.org/docs/current/libpq-ssl.html for libpq SSL mode definitions.
(Use `node --trace-warnings ...` to show where the warning was created)
Itens: 46 processos pendentes (de 249402 no PNCP/SC) · INGEST_VERSAO=4
  …20/46
  …40/46
Concluído: 0 processos c/ itens nesta rodada | total 2275577 itens em 249370 processos
(node:45860) Warning: SECURITY WARNING: The SSL modes 'prefer', 'require', and 'verify-ca' are treated as aliases for 'verify-full'.
In the next major version (pg-connection-string v3.0.0 and pg v9.0.0), these modes will adopt standard libpq semantics, which have weaker security guarantees.

To prepare for this change:
- If you want the current behavior, explicitly use 'sslmode=verify-full'
- If you want libpq compatibility now, use 'uselibpqcompat=true&sslmode=require'

See https://www.postgresql.org/docs/current/libpq-ssl.html for libpq SSL mode definitions.
(Use `node --trace-warnings ...` to show where the warning was created)
Itens: 46 processos pendentes (de 249402 no PNCP/SC) · INGEST_VERSAO=4
  …20/46
  …40/46
Concluído: 0 processos c/ itens nesta rodada | total 2275577 itens em 249370 processos
(node:51740) Warning: SECURITY WARNING: The SSL modes 'prefer', 'require', and 'verify-ca' are treated as aliases for 'verify-full'.
In the next major version (pg-connection-string v3.0.0 and pg v9.0.0), these modes will adopt standard libpq semantics, which have weaker security guarantees.

To prepare for this change:
- If you want the current behavior, explicitly use 'sslmode=verify-full'
- If you want libpq compatibility now, use 'uselibpqcompat=true&sslmode=require'

See https://www.postgresql.org/docs/current/libpq-ssl.html for libpq SSL mode definitions.
(Use `node --trace-warnings ...` to show where the warning was created)
Itens: 46 processos pendentes (de 249402 no PNCP/SC) · INGEST_VERSAO=4
  …20/46
  …40/46
Concluído: 0 processos c/ itens nesta rodada | total 2275577 itens em 249370 processos
(node:40328) Warning: SECURITY WARNING: The SSL modes 'prefer', 'require', and 'verify-ca' are treated as aliases for 'verify-full'.
In the next major version (pg-connection-string v3.0.0 and pg v9.0.0), these modes will adopt standard libpq semantics, which have weaker security guarantees.

To prepare for this change:
- If you want the current behavior, explicitly use 'sslmode=verify-full'
- If you want libpq compatibility now, use 'uselibpqcompat=true&sslmode=require'

See https://www.postgresql.org/docs/current/libpq-ssl.html for libpq SSL mode definitions.
(Use `node --trace-warnings ...` to show where the warning was created)
Itens: 46 processos pendentes (de 249402 no PNCP/SC) · INGEST_VERSAO=4
  …20/46
  …40/46
Concluído: 0 processos c/ itens nesta rodada | total 2275577 itens em 249370 processos
(node:37052) Warning: SECURITY WARNING: The SSL modes 'prefer', 'require', and 'verify-ca' are treated as aliases for 'verify-full'.
In the next major version (pg-connection-string v3.0.0 and pg v9.0.0), these modes will adopt standard libpq semantics, which have weaker security guarantees.

To prepare for this change:
- If you want the current behavior, explicitly use 'sslmode=verify-full'
- If you want libpq compatibility now, use 'uselibpqcompat=true&sslmode=require'

See https://www.postgresql.org/docs/current/libpq-ssl.html for libpq SSL mode definitions.
(Use `node --trace-warnings ...` to show where the warning was created)
Itens: 46 processos pendentes (de 249402 no PNCP/SC) · INGEST_VERSAO=4
  …20/46
  …40/46
Concluído: 0 processos c/ itens nesta rodada | total 2275577 itens em 249370 processos
(node:49464) Warning: SECURITY WARNING: The SSL modes 'prefer', 'require', and 'verify-ca' are treated as aliases for 'verify-full'.
In the next major version (pg-connection-string v3.0.0 and pg v9.0.0), these modes will adopt standard libpq semantics, which have weaker security guarantees.

To prepare for this change:
- If you want the current behavior, explicitly use 'sslmode=verify-full'
- If you want libpq compatibility now, use 'uselibpqcompat=true&sslmode=require'

See https://www.postgresql.org/docs/current/libpq-ssl.html for libpq SSL mode definitions.
(Use `node --trace-warnings ...` to show where the warning was created)
Itens: 46 processos pendentes (de 249402 no PNCP/SC) · INGEST_VERSAO=4
  …20/46
  …40/46
Concluído: 0 processos c/ itens nesta rodada | total 2275577 itens em 249370 processos
(node:54244) Warning: SECURITY WARNING: The SSL modes 'prefer', 'require', and 'verify-ca' are treated as aliases for 'verify-full'.
In the next major version (pg-connection-string v3.0.0 and pg v9.0.0), these modes will adopt standard libpq semantics, which have weaker security guarantees.

To prepare for this change:
- If you want the current behavior, explicitly use 'sslmode=verify-full'
- If you want libpq compatibility now, use 'uselibpqcompat=true&sslmode=require'

See https://www.postgresql.org/docs/current/libpq-ssl.html for libpq SSL mode definitions.
(Use `node --trace-warnings ...` to show where the warning was created)
node:events:487
      throw er; // Unhandled 'error' event
      ^

Error: B8E30000:error:0A000119:SSL routines:tls_get_more_records:decryption failed or bad record mac:openssl\ssl\record\methods\tls_common.c:874:

Emitted 'error' event on Client instance at:
    at Client._handleErrorEvent (C:\Users\PC\pnigp\node_modules\pg\lib\client.js:411:10)
    at Connection.emit (node:events:509:28)
    at TLSSocket.reportStreamError (C:\Users\PC\pnigp\node_modules\pg\lib\connection.js:56:12)
    at TLSSocket.emit (node:events:509:28)
    at TLSSocket._emitTLSError (node:internal/tls/wrap:1058:10)
    at TLSWrap.onerror (node:internal/tls/wrap:496:11) {
  library: 'SSL routines',
  reason: 'decryption failed or bad record mac',
  code: 'ERR_SSL_DECRYPTION_FAILED_OR_BAD_RECORD_MAC'
}

Node.js v24.16.0
(node:44308) Warning: SECURITY WARNING: The SSL modes 'prefer', 'require', and 'verify-ca' are treated as aliases for 'verify-full'.
In the next major version (pg-connection-string v3.0.0 and pg v9.0.0), these modes will adopt standard libpq semantics, which have weaker security guarantees.

To prepare for this change:
- If you want the current behavior, explicitly use 'sslmode=verify-full'
- If you want libpq compatibility now, use 'uselibpqcompat=true&sslmode=require'

See https://www.postgresql.org/docs/current/libpq-ssl.html for libpq SSL mode definitions.
(Use `node --trace-warnings ...` to show where the warning was created)
Itens: 46 processos pendentes (de 249402 no PNCP/SC) · INGEST_VERSAO=4
  …20/46
  …40/46
Concluído: 0 processos c/ itens nesta rodada | total 2275577 itens em 249370 processos
(node:56308) Warning: SECURITY WARNING: The SSL modes 'prefer', 'require', and 'verify-ca' are treated as aliases for 'verify-full'.
In the next major version (pg-connection-string v3.0.0 and pg v9.0.0), these modes will adopt standard libpq semantics, which have weaker security guarantees.

To prepare for this change:
- If you want the current behavior, explicitly use 'sslmode=verify-full'
- If you want libpq compatibility now, use 'uselibpqcompat=true&sslmode=require'

See https://www.postgresql.org/docs/current/libpq-ssl.html for libpq SSL mode definitions.
(Use `node --trace-warnings ...` to show where the warning was created)
Itens: 46 processos pendentes (de 249402 no PNCP/SC) · INGEST_VERSAO=4
  …20/46
  …40/46
Concluído: 0 processos c/ itens nesta rodada | total 2275577 itens em 249370 processos
(node:34084) Warning: SECURITY WARNING: The SSL modes 'prefer', 'require', and 'verify-ca' are treated as aliases for 'verify-full'.
In the next major version (pg-connection-string v3.0.0 and pg v9.0.0), these modes will adopt standard libpq semantics, which have weaker security guarantees.

To prepare for this change:
- If you want the current behavior, explicitly use 'sslmode=verify-full'
- If you want libpq compatibility now, use 'uselibpqcompat=true&sslmode=require'

See https://www.postgresql.org/docs/current/libpq-ssl.html for libpq SSL mode definitions.
(Use `node --trace-warnings ...` to show where the warning was created)
Itens: 46 processos pendentes (de 249402 no PNCP/SC) · INGEST_VERSAO=4
  …20/46
  …40/46
Concluído: 0 processos c/ itens nesta rodada | total 2275577 itens em 249370 processos
(node:15104) Warning: SECURITY WARNING: The SSL modes 'prefer', 'require', and 'verify-ca' are treated as aliases for 'verify-full'.
In the next major version (pg-connection-string v3.0.0 and pg v9.0.0), these modes will adopt standard libpq semantics, which have weaker security guarantees.

To prepare for this change:
- If you want the current behavior, explicitly use 'sslmode=verify-full'
- If you want libpq compatibility now, use 'uselibpqcompat=true&sslmode=require'

See https://www.postgresql.org/docs/current/libpq-ssl.html for libpq SSL mode definitions.
(Use `node --trace-warnings ...` to show where the warning was created)
Itens: 46 processos pendentes (de 249402 no PNCP/SC) · INGEST_VERSAO=4
  …20/46
  …40/46
Concluído: 0 processos c/ itens nesta rodada | total 2275577 itens em 249370 processos
(node:58160) Warning: SECURITY WARNING: The SSL modes 'prefer', 'require', and 'verify-ca' are treated as aliases for 'verify-full'.
In the next major version (pg-connection-string v3.0.0 and pg v9.0.0), these modes will adopt standard libpq semantics, which have weaker security guarantees.

To prepare for this change:
- If you want the current behavior, explicitly use 'sslmode=verify-full'
- If you want libpq compatibility now, use 'uselibpqcompat=true&sslmode=require'

See https://www.postgresql.org/docs/current/libpq-ssl.html for libpq SSL mode definitions.
(Use `node --trace-warnings ...` to show where the warning was created)
Itens: 46 processos pendentes (de 249402 no PNCP/SC) · INGEST_VERSAO=4
  …20/46
  …40/46
Concluído: 0 processos c/ itens nesta rodada | total 2275577 itens em 249370 processos
(node:58296) Warning: SECURITY WARNING: The SSL modes 'prefer', 'require', and 'verify-ca' are treated as aliases for 'verify-full'.
In the next major version (pg-connection-string v3.0.0 and pg v9.0.0), these modes will adopt standard libpq semantics, which have weaker security guarantees.

To prepare for this change:
- If you want the current behavior, explicitly use 'sslmode=verify-full'
- If you want libpq compatibility now, use 'uselibpqcompat=true&sslmode=require'

See https://www.postgresql.org/docs/current/libpq-ssl.html for libpq SSL mode definitions.
(Use `node --trace-warnings ...` to show where the warning was created)
Itens: 46 processos pendentes (de 249402 no PNCP/SC) · INGEST_VERSAO=4
  …20/46
  …40/46
Concluído: 0 processos c/ itens nesta rodada | total 2275577 itens em 249370 processos
(node:4188) Warning: SECURITY WARNING: The SSL modes 'prefer', 'require', and 'verify-ca' are treated as aliases for 'verify-full'.
In the next major version (pg-connection-string v3.0.0 and pg v9.0.0), these modes will adopt standard libpq semantics, which have weaker security guarantees.

To prepare for this change:
- If you want the current behavior, explicitly use 'sslmode=verify-full'
- If you want libpq compatibility now, use 'uselibpqcompat=true&sslmode=require'

See https://www.postgresql.org/docs/current/libpq-ssl.html for libpq SSL mode definitions.
(Use `node --trace-warnings ...` to show where the warning was created)
Itens: 46 processos pendentes (de 249402 no PNCP/SC) · INGEST_VERSAO=4
  …20/46
  …40/46
Concluído: 0 processos c/ itens nesta rodada | total 2275577 itens em 249370 processos
(node:54952) Warning: SECURITY WARNING: The SSL modes 'prefer', 'require', and 'verify-ca' are treated as aliases for 'verify-full'.
In the next major version (pg-connection-string v3.0.0 and pg v9.0.0), these modes will adopt standard libpq semantics, which have weaker security guarantees.

To prepare for this change:
- If you want the current behavior, explicitly use 'sslmode=verify-full'
- If you want libpq compatibility now, use 'uselibpqcompat=true&sslmode=require'

See https://www.postgresql.org/docs/current/libpq-ssl.html for libpq SSL mode definitions.
(Use `node --trace-warnings ...` to show where the warning was created)
Itens: 46 processos pendentes (de 249402 no PNCP/SC) · INGEST_VERSAO=4
  …20/46
  …40/46
Concluído: 0 processos c/ itens nesta rodada | total 2275577 itens em 249370 processos
(node:44580) Warning: SECURITY WARNING: The SSL modes 'prefer', 'require', and 'verify-ca' are treated as aliases for 'verify-full'.
In the next major version (pg-connection-string v3.0.0 and pg v9.0.0), these modes will adopt standard libpq semantics, which have weaker security guarantees.

To prepare for this change:
- If you want the current behavior, explicitly use 'sslmode=verify-full'
- If you want libpq compatibility now, use 'uselibpqcompat=true&sslmode=require'

See https://www.postgresql.org/docs/current/libpq-ssl.html for libpq SSL mode definitions.
(Use `node --trace-warnings ...` to show where the warning was created)
Itens: 46 processos pendentes (de 249402 no PNCP/SC) · INGEST_VERSAO=4
  …20/46
  …40/46
Concluído: 0 processos c/ itens nesta rodada | total 2275577 itens em 249370 processos
(node:44620) Warning: SECURITY WARNING: The SSL modes 'prefer', 'require', and 'verify-ca' are treated as aliases for 'verify-full'.
In the next major version (pg-connection-string v3.0.0 and pg v9.0.0), these modes will adopt standard libpq semantics, which have weaker security guarantees.

To prepare for this change:
- If you want the current behavior, explicitly use 'sslmode=verify-full'
- If you want libpq compatibility now, use 'uselibpqcompat=true&sslmode=require'

See https://www.postgresql.org/docs/current/libpq-ssl.html for libpq SSL mode definitions.
(Use `node --trace-warnings ...` to show where the warning was created)
Itens: 46 processos pendentes (de 249402 no PNCP/SC) · INGEST_VERSAO=4
  …20/46
  …40/46
(node:15104) Warning: SECURITY WARNING: The SSL modes 'prefer', 'require', and 'verify-ca' are treated as aliases for 'verify-full'.
In the next major version (pg-connection-string v3.0.0 and pg v9.0.0), these modes will adopt standard libpq semantics, which have weaker security guarantees.

To prepare for this change:
- If you want the current behavior, explicitly use 'sslmode=verify-full'
- If you want libpq compatibility now, use 'uselibpqcompat=true&sslmode=require'

See https://www.postgresql.org/docs/current/libpq-ssl.html for libpq SSL mode definitions.
(Use `node --trace-warnings ...` to show where the warning was created)
Itens: 46 processos pendentes (de 249402 no PNCP/SC) · INGEST_VERSAO=4
  …20/46
  …40/46
Concluído: 0 processos c/ itens nesta rodada | total 2275577 itens em 249370 processos
(node:25484) Warning: SECURITY WARNING: The SSL modes 'prefer', 'require', and 'verify-ca' are treated as aliases for 'verify-full'.
In the next major version (pg-connection-string v3.0.0 and pg v9.0.0), these modes will adopt standard libpq semantics, which have weaker security guarantees.

To prepare for this change:
- If you want the current behavior, explicitly use 'sslmode=verify-full'
- If you want libpq compatibility now, use 'uselibpqcompat=true&sslmode=require'

See https://www.postgresql.org/docs/current/libpq-ssl.html for libpq SSL mode definitions.
(Use `node --trace-warnings ...` to show where the warning was created)
Itens: 46 processos pendentes (de 249402 no PNCP/SC) · INGEST_VERSAO=4
  …20/46
  …40/46
Concluído: 0 processos c/ itens nesta rodada | total 2275577 itens em 249370 processos
(node:41428) Warning: SECURITY WARNING: The SSL modes 'prefer', 'require', and 'verify-ca' are treated as aliases for 'verify-full'.
In the next major version (pg-connection-string v3.0.0 and pg v9.0.0), these modes will adopt standard libpq semantics, which have weaker security guarantees.

To prepare for this change:
- If you want the current behavior, explicitly use 'sslmode=verify-full'
- If you want libpq compatibility now, use 'uselibpqcompat=true&sslmode=require'

See https://www.postgresql.org/docs/current/libpq-ssl.html for libpq SSL mode definitions.
(Use `node --trace-warnings ...` to show where the warning was created)
Itens: 46 processos pendentes (de 249402 no PNCP/SC) · INGEST_VERSAO=4
  …20/46
  …40/46
Concluído: 0 processos c/ itens nesta rodada | total 2275577 itens em 249370 processos
(node:25548) Warning: SECURITY WARNING: The SSL modes 'prefer', 'require', and 'verify-ca' are treated as aliases for 'verify-full'.
In the next major version (pg-connection-string v3.0.0 and pg v9.0.0), these modes will adopt standard libpq semantics, which have weaker security guarantees.

To prepare for this change:
- If you want the current behavior, explicitly use 'sslmode=verify-full'
- If you want libpq compatibility now, use 'uselibpqcompat=true&sslmode=require'

See https://www.postgresql.org/docs/current/libpq-ssl.html for libpq SSL mode definitions.
(Use `node --trace-warnings ...` to show where the warning was created)
Itens: 46 processos pendentes (de 249402 no PNCP/SC) · INGEST_VERSAO=4
  …20/46
  …40/46
Concluído: 0 processos c/ itens nesta rodada | total 2275577 itens em 249370 processos
(node:23628) Warning: SECURITY WARNING: The SSL modes 'prefer', 'require', and 'verify-ca' are treated as aliases for 'verify-full'.
In the next major version (pg-connection-string v3.0.0 and pg v9.0.0), these modes will adopt standard libpq semantics, which have weaker security guarantees.

To prepare for this change:
- If you want the current behavior, explicitly use 'sslmode=verify-full'
- If you want libpq compatibility now, use 'uselibpqcompat=true&sslmode=require'

See https://www.postgresql.org/docs/current/libpq-ssl.html for libpq SSL mode definitions.
(Use `node --trace-warnings ...` to show where the warning was created)
Itens: 46 processos pendentes (de 249402 no PNCP/SC) · INGEST_VERSAO=4
  …20/46
  …40/46
Concluído: 0 processos c/ itens nesta rodada | total 2275577 itens em 249370 processos
(node:52324) Warning: SECURITY WARNING: The SSL modes 'prefer', 'require', and 'verify-ca' are treated as aliases for 'verify-full'.
In the next major version (pg-connection-string v3.0.0 and pg v9.0.0), these modes will adopt standard libpq semantics, which have weaker security guarantees.

To prepare for this change:
- If you want the current behavior, explicitly use 'sslmode=verify-full'
- If you want libpq compatibility now, use 'uselibpqcompat=true&sslmode=require'

See https://www.postgresql.org/docs/current/libpq-ssl.html for libpq SSL mode definitions.
(Use `node --trace-warnings ...` to show where the warning was created)
Itens: 46 processos pendentes (de 249402 no PNCP/SC) · INGEST_VERSAO=4
  …20/46
  …40/46
Concluído: 0 processos c/ itens nesta rodada | total 2275577 itens em 249370 processos
(node:45028) Warning: SECURITY WARNING: The SSL modes 'prefer', 'require', and 'verify-ca' are treated as aliases for 'verify-full'.
In the next major version (pg-connection-string v3.0.0 and pg v9.0.0), these modes will adopt standard libpq semantics, which have weaker security guarantees.

To prepare for this change:
- If you want the current behavior, explicitly use 'sslmode=verify-full'
- If you want libpq compatibility now, use 'uselibpqcompat=true&sslmode=require'

See https://www.postgresql.org/docs/current/libpq-ssl.html for libpq SSL mode definitions.
(Use `node --trace-warnings ...` to show where the warning was created)
Itens: 46 processos pendentes (de 249402 no PNCP/SC) · INGEST_VERSAO=4
  …20/46
  …40/46
Concluído: 0 processos c/ itens nesta rodada | total 2275577 itens em 249370 processos
(node:41176) Warning: SECURITY WARNING: The SSL modes 'prefer', 'require', and 'verify-ca' are treated as aliases for 'verify-full'.
In the next major version (pg-connection-string v3.0.0 and pg v9.0.0), these modes will adopt standard libpq semantics, which have weaker security guarantees.

To prepare for this change:
- If you want the current behavior, explicitly use 'sslmode=verify-full'
- If you want libpq compatibility now, use 'uselibpqcompat=true&sslmode=require'

See https://www.postgresql.org/docs/current/libpq-ssl.html for libpq SSL mode definitions.
(Use `node --trace-warnings ...` to show where the warning was created)
Itens: 46 processos pendentes (de 249402 no PNCP/SC) · INGEST_VERSAO=4
  …20/46
  …40/46
Concluído: 0 processos c/ itens nesta rodada | total 2275577 itens em 249370 processos
(node:40728) Warning: SECURITY WARNING: The SSL modes 'prefer', 'require', and 'verify-ca' are treated as aliases for 'verify-full'.
In the next major version (pg-connection-string v3.0.0 and pg v9.0.0), these modes will adopt standard libpq semantics, which have weaker security guarantees.

To prepare for this change:
- If you want the current behavior, explicitly use 'sslmode=verify-full'
- If you want libpq compatibility now, use 'uselibpqcompat=true&sslmode=require'

See https://www.postgresql.org/docs/current/libpq-ssl.html for libpq SSL mode definitions.
(Use `node --trace-warnings ...` to show where the warning was created)
Itens: 46 processos pendentes (de 249402 no PNCP/SC) · INGEST_VERSAO=4
  …20/46
  …40/46
Concluído: 0 processos c/ itens nesta rodada | total 2275577 itens em 249370 processos
(node:25724) Warning: SECURITY WARNING: The SSL modes 'prefer', 'require', and 'verify-ca' are treated as aliases for 'verify-full'.
In the next major version (pg-connection-string v3.0.0 and pg v9.0.0), these modes will adopt standard libpq semantics, which have weaker security guarantees.

To prepare for this change:
- If you want the current behavior, explicitly use 'sslmode=verify-full'
- If you want libpq compatibility now, use 'uselibpqcompat=true&sslmode=require'

See https://www.postgresql.org/docs/current/libpq-ssl.html for libpq SSL mode definitions.
(Use `node --trace-warnings ...` to show where the warning was created)
Itens: 46 processos pendentes (de 249402 no PNCP/SC) · INGEST_VERSAO=4
  …20/46
  …40/46
Concluído: 0 processos c/ itens nesta rodada | total 2275577 itens em 249370 processos
(node:46268) Warning: SECURITY WARNING: The SSL modes 'prefer', 'require', and 'verify-ca' are treated as aliases for 'verify-full'.
In the next major version (pg-connection-string v3.0.0 and pg v9.0.0), these modes will adopt standard libpq semantics, which have weaker security guarantees.

To prepare for this change:
- If you want the current behavior, explicitly use 'sslmode=verify-full'
- If you want libpq compatibility now, use 'uselibpqcompat=true&sslmode=require'

See https://www.postgresql.org/docs/current/libpq-ssl.html for libpq SSL mode definitions.
(Use `node --trace-warnings ...` to show where the warning was created)
Itens: 46 processos pendentes (de 249402 no PNCP/SC) · INGEST_VERSAO=4
  …20/46
  …40/46
Concluído: 0 processos c/ itens nesta rodada | total 2275577 itens em 249370 processos
(node:13540) Warning: SECURITY WARNING: The SSL modes 'prefer', 'require', and 'verify-ca' are treated as aliases for 'verify-full'.
In the next major version (pg-connection-string v3.0.0 and pg v9.0.0), these modes will adopt standard libpq semantics, which have weaker security guarantees.

To prepare for this change:
- If you want the current behavior, explicitly use 'sslmode=verify-full'
- If you want libpq compatibility now, use 'uselibpqcompat=true&sslmode=require'

See https://www.postgresql.org/docs/current/libpq-ssl.html for libpq SSL mode definitions.
(Use `node --trace-warnings ...` to show where the warning was created)
Itens: 46 processos pendentes (de 249402 no PNCP/SC) · INGEST_VERSAO=4
  …20/46
  …40/46
Concluído: 0 processos c/ itens nesta rodada | total 2275577 itens em 249370 processos
(node:27748) Warning: SECURITY WARNING: The SSL modes 'prefer', 'require', and 'verify-ca' are treated as aliases for 'verify-full'.
In the next major version (pg-connection-string v3.0.0 and pg v9.0.0), these modes will adopt standard libpq semantics, which have weaker security guarantees.

To prepare for this change:
- If you want the current behavior, explicitly use 'sslmode=verify-full'
- If you want libpq compatibility now, use 'uselibpqcompat=true&sslmode=require'

See https://www.postgresql.org/docs/current/libpq-ssl.html for libpq SSL mode definitions.
(Use `node --trace-warnings ...` to show where the warning was created)
Itens: 46 processos pendentes (de 249402 no PNCP/SC) · INGEST_VERSAO=4
  …20/46
  …40/46
Concluído: 0 processos c/ itens nesta rodada | total 2275577 itens em 249370 processos
(node:37176) Warning: SECURITY WARNING: The SSL modes 'prefer', 'require', and 'verify-ca' are treated as aliases for 'verify-full'.
In the next major version (pg-connection-string v3.0.0 and pg v9.0.0), these modes will adopt standard libpq semantics, which have weaker security guarantees.

To prepare for this change:
- If you want the current behavior, explicitly use 'sslmode=verify-full'
- If you want libpq compatibility now, use 'uselibpqcompat=true&sslmode=require'

See https://www.postgresql.org/docs/current/libpq-ssl.html for libpq SSL mode definitions.
(Use `node --trace-warnings ...` to show where the warning was created)
Itens: 46 processos pendentes (de 249402 no PNCP/SC) · INGEST_VERSAO=4
  …20/46
  …40/46
Concluído: 0 processos c/ itens nesta rodada | total 2275577 itens em 249370 processos
